8.881000000000000000e+03 5.469209999999999937e-06
8.882000000000000000e+03 5.508689999999999599e-06
8.883000000000000000e+03 5.548230000000000071e-06
8.884000000000000000e+03 5.587809999999999953e-06
8.885000000000000000e+03 5.627439999999999945e-06
8.886000000000000000e+03 5.667120000000000046e-06
8.887000000000000000e+03 5.706850000000000257e-06
8.888000000000000000e+03 5.746619999999999878e-06
8.889000000000000000e+03 5.786439999999999608e-06
8.890000000000000000e+03 5.826310000000000295e-06
8.891000000000000000e+03 5.866220000000000393e-06
8.892000000000000000e+03 5.906189999999999605e-06
8.893000000000000000e+03 5.946199999999999922e-06
8.894000000000000000e+03 5.986260000000000348e-06
8.895000000000000000e+03 6.026370000000000037e-06
8.896000000000000000e+03 6.066519999999999983e-06
8.897000000000000000e+03 6.106729999999999891e-06
8.898000000000000000e+03 6.146980000000000056e-06
8.899000000000000000e+03 6.187280000000000331e-06
8.900000000000000000e+03 6.227620000000000016e-06
8.901000000000000000e+03 6.265549999999999668e-06
8.902000000000000000e+03 6.303499999999999872e-06
8.903000000000000000e+03 6.341459999999999929e-06
8.904000000000000000e+03 6.379439999999999690e-06
8.905000000000000000e+03 6.417440000000000004e-06
8.906000000000000000e+03 6.455450000000000171e-06
8.907000000000000000e+03 6.493489999999999894e-06
8.908000000000000000e+03 6.531540000000000318e-06
8.909000000000000000e+03 6.569609999999999599e-06
8.910000000000000000e+03 6.607700000000000280e-06
8.911000000000000000e+03 6.645799999999999966e-06
8.912000000000000000e+03 6.683920000000000204e-06
8.913000000000000000e+03 6.722060000000000147e-06
8.914000000000000000e+03 6.760219999999999795e-06
8.915000000000000000e+03 6.798390000000000143e-06
8.916000000000000000e+03 6.836590000000000048e-06
8.917000000000000000e+03 6.874799999999999806e-06
8.918000000000000000e+03 6.913030000000000116e-06
8.919000000000000000e+03 6.951270000000000279e-06
8.920000000000000000e+03 6.989539999999999999e-06
8.921000000000000000e+03 7.028400000000000335e-06
8.922000000000000000e+03 7.067290000000000228e-06
8.923000000000000000e+03 7.022380000000000179e-06
8.924000000000000000e+03 6.909060000000000220e-06
8.925000000000000000e+03 6.795669999999999600e-06
8.926000000000000000e+03 6.682210000000000012e-06
8.927000000000000000e+03 6.568660000000000057e-06
8.928000000000000000e+03 6.455050000000000140e-06
8.929000000000000000e+03 6.341349999999999857e-06
8.930000000000000000e+03 6.227589999999999611e-06
8.931000000000000000e+03 6.113239999999999596e-06
8.932000000000000000e+03 5.998840000000000319e-06
8.933000000000000000e+03 5.884380000000000232e-06
8.934000000000000000e+03 5.769870000000000036e-06
8.935000000000000000e+03 5.655299999999999878e-06
8.936000000000000000e+03 5.540679999999999610e-06
8.937000000000000000e+03 5.425990000000000374e-06
8.938000000000000000e+03 5.311260000000000034e-06
8.939000000000000000e+03 5.196459999999999880e-06
8.940000000000000000e+03 5.081609999999999616e-06
8.941000000000000000e+03 4.966710000000000089e-06
8.942000000000000000e+03 4.851749999999999753e-06
8.943000000000000000e+03 4.736730000000000302e-06
8.944000000000000000e+03 4.621650000000000042e-06
8.945000000000000000e+03 4.506519999999999672e-06
8.946000000000000000e+03 4.391340000000000040e-06
8.947000000000000000e+03 4.276099999999999598e-06
8.948000000000000000e+03 4.160800000000000041e-06
8.949000000000000000e+03 4.045439999999999675e-06
8.950000000000000000e+03 3.930030000000000047e-06
8.951000000000000000e+03 3.814889999999999824e-06
8.952000000000000000e+03 3.699660000000000082e-06
8.953000000000000000e+03 3.584360000000000102e-06
8.954000000000000000e+03 3.468980000000000031e-06
8.955000000000000000e+03 3.353530000000000145e-06
8.956000000000000000e+03 3.238010000000000022e-06
8.957000000000000000e+03 3.122409999999999807e-06
8.958000000000000000e+03 3.006740000000000201e-06
8.959000000000000000e+03 2.890979999999999805e-06
8.960000000000000000e+03 2.775159999999999871e-06
8.961000000000000000e+03 2.659040000000000125e-06
8.962000000000000000e+03 2.542859999999999994e-06
8.963000000000000000e+03 2.497179999999999866e-06
8.964000000000000000e+03 2.511580000000000100e-06
8.965000000000000000e+03 2.525979999999999912e-06
8.966000000000000000e+03 2.540389999999999999e-06
8.967000000000000000e+03 2.554809999999999939e-06
8.968000000000000000e+03 2.569229999999999879e-06
8.969000000000000000e+03 2.583660000000000095e-06
8.970000000000000000e+03 2.598100000000000163e-06
8.971000000000000000e+03 2.612759999999999952e-06
8.972000000000000000e+03 2.627430000000000016e-06
8.973000000000000000e+03 2.642109999999999933e-06
8.974000000000000000e+03 2.656800000000000126e-06
8.975000000000000000e+03 2.671489999999999896e-06
8.976000000000000000e+03 2.686199999999999794e-06
8.977000000000000000e+03 2.700919999999999968e-06
8.978000000000000000e+03 2.715640000000000142e-06
8.979000000000000000e+03 2.730380000000000021e-06
8.980000000000000000e+03 2.745119999999999901e-06
8.981000000000000000e+03 2.759649999999999912e-06
8.982000000000000000e+03 2.774179999999999924e-06
8.983000000000000000e+03 2.789689999999999882e-06
8.984000000000000000e+03 2.806029999999999882e-06
8.985000000000000000e+03 2.822390000000000010e-06
8.986000000000000000e+03 2.838750000000000138e-06
8.987000000000000000e+03 2.855120000000000118e-06
8.988000000000000000e+03 2.871490000000000099e-06
8.989000000000000000e+03 2.887880000000000208e-06
8.990000000000000000e+03 2.904269999999999893e-06
8.991000000000000000e+03 2.920669999999999855e-06
8.992000000000000000e+03 2.937080000000000092e-06
8.993000000000000000e+03 2.953489999999999906e-06
8.994000000000000000e+03 2.969919999999999849e-06
8.995000000000000000e+03 2.986349999999999792e-06
8.996000000000000000e+03 3.002790000000000010e-06
8.997000000000000000e+03 3.019229999999999805e-06
8.998000000000000000e+03 3.035690000000000153e-06
8.999000000000000000e+03 3.052150000000000076e-06
9.000000000000000000e+03 3.068619999999999853e-06
9.001000000000000000e+03 3.084630000000000060e-06
9.002000000000000000e+03 3.100650000000000120e-06
9.003000000000000000e+03 3.116680000000000033e-06
9.004000000000000000e+03 3.132700000000000093e-06
9.005000000000000000e+03 3.148730000000000006e-06
9.006000000000000000e+03 3.164759999999999918e-06
9.007000000000000000e+03 3.180800000000000107e-06
9.008000000000000000e+03 3.196830000000000019e-06
9.009000000000000000e+03 3.212870000000000208e-06
9.010000000000000000e+03 3.228919999999999826e-06
9.011000000000000000e+03 3.244700000000000037e-06
9.012000000000000000e+03 3.260479999999999825e-06
9.013000000000000000e+03 3.276260000000000036e-06
9.014000000000000000e+03 3.292050000000000100e-06
9.015000000000000000e+03 3.307829999999999888e-06
9.016000000000000000e+03 3.323619999999999952e-06
9.017000000000000000e+03 3.339400000000000164e-06
9.018000000000000000e+03 3.355189999999999804e-06
9.019000000000000000e+03 3.370970000000000016e-06
9.020000000000000000e+03 3.386760000000000080e-06
9.021000000000000000e+03 3.402829999999999826e-06
9.022000000000000000e+03 3.418909999999999848e-06
9.023000000000000000e+03 3.379870000000000049e-06
9.024000000000000000e+03 3.290640000000000143e-06
9.025000000000000000e+03 3.201399999999999960e-06
9.026000000000000000e+03 3.112129999999999797e-06
9.027000000000000000e+03 3.022860000000000057e-06
9.028000000000000000e+03 2.933559999999999913e-06
9.029000000000000000e+03 2.844240000000000063e-06
9.030000000000000000e+03 2.754909999999999937e-06
9.031000000000000000e+03 2.665569999999999959e-06
9.032000000000000000e+03 2.576220000000000129e-06
9.033000000000000000e+03 2.486839999999999893e-06
9.034000000000000000e+03 2.397449999999999806e-06
9.035000000000000000e+03 2.308040000000000013e-06
9.036000000000000000e+03 2.218610000000000092e-06
9.037000000000000000e+03 2.129169999999999894e-06
9.038000000000000000e+03 2.039700000000000139e-06
9.039000000000000000e+03 1.950220000000000108e-06
9.040000000000000000e+03 1.860719999999999949e-06
9.041000000000000000e+03 1.771209999999999937e-06
9.042000000000000000e+03 1.681680000000000008e-06
9.043000000000000000e+03 1.675439999999999920e-06
9.044000000000000000e+03 1.746550000000000032e-06
9.045000000000000000e+03 1.817680000000000061e-06
9.046000000000000000e+03 1.888830000000000007e-06
9.047000000000000000e+03 1.959980000000000164e-06
9.048000000000000000e+03 2.031150000000000026e-06
9.049000000000000000e+03 2.102340000000000017e-06
9.050000000000000000e+03 2.173539999999999861e-06
9.051000000000000000e+03 2.244940000000000143e-06
9.052000000000000000e+03 2.316369999999999982e-06
9.053000000000000000e+03 2.387819999999999950e-06
9.054000000000000000e+03 2.459299999999999900e-06
9.055000000000000000e+03 2.530809999999999830e-06
9.056000000000000000e+03 2.602350000000000165e-06
9.057000000000000000e+03 2.673910000000000205e-06
9.058000000000000000e+03 2.745489999999999950e-06
9.059000000000000000e+03 2.817100000000000099e-06
9.060000000000000000e+03 2.888739999999999806e-06
9.061000000000000000e+03 2.960170000000000069e-06
9.062000000000000000e+03 3.031599999999999909e-06
9.063000000000000000e+03 3.103049999999999877e-06
9.064000000000000000e+03 3.174519999999999974e-06
9.065000000000000000e+03 3.245999999999999923e-06
9.066000000000000000e+03 3.317500000000000001e-06
9.067000000000000000e+03 3.389009999999999931e-06
9.068000000000000000e+03 3.460530000000000137e-06
9.069000000000000000e+03 3.532070000000000049e-06
9.070000000000000000e+03 3.603619999999999813e-06
9.071000000000000000e+03 3.675499999999999792e-06
9.072000000000000000e+03 3.747410000000000176e-06
9.073000000000000000e+03 3.819269999999999603e-06
9.074000000000000000e+03 3.891300000000000335e-06
9.075000000000000000e+03 3.963289999999999962e-06
9.076000000000000000e+03 4.035300000000000142e-06
9.077000000000000000e+03 4.107339999999999879e-06
9.078000000000000000e+03 4.179469999999999983e-06
9.079000000000000000e+03 4.251499999999999867e-06
9.080000000000000000e+03 4.323610000000000266e-06
9.081000000000000000e+03 4.395400000000000302e-06
9.082000000000000000e+03 4.467200000000000191e-06
9.083000000000000000e+03 4.473539999999999863e-06
9.084000000000000000e+03 4.416409999999999615e-06
9.085000000000000000e+03 4.359270000000000362e-06
9.086000000000000000e+03 4.302120000000000409e-06
9.087000000000000000e+03 4.244959999999999757e-06
9.088000000000000000e+03 4.187790000000000100e-06
9.089000000000000000e+03 4.130599999999999890e-06
9.090000000000000000e+03 4.073399999999999828e-06
9.091000000000000000e+03 4.016199999999999766e-06
9.092000000000000000e+03 3.958979999999999998e-06
9.093000000000000000e+03 3.901750000000000379e-06
9.094000000000000000e+03 3.844510000000000059e-06
9.095000000000000000e+03 3.787309999999999997e-06
9.096000000000000000e+03 3.729930000000000048e-06
9.097000000000000000e+03 3.672709999999999858e-06
9.098000000000000000e+03 3.615419999999999852e-06
9.099000000000000000e+03 3.558110000000000142e-06
9.100000000000000000e+03 3.500800000000000008e-06
9.101000000000000000e+03 3.443760000000000127e-06
9.102000000000000000e+03 3.386700000000000117e-06
9.103000000000000000e+03 3.382289999999999934e-06
9.104000000000000000e+03 3.430099999999999990e-06
9.105000000000000000e+03 3.478020000000000117e-06
9.106000000000000000e+03 3.525920000000000116e-06
9.107000000000000000e+03 3.573829999999999967e-06
9.108000000000000000e+03 3.621759999999999947e-06
9.109000000000000000e+03 3.669700000000000203e-06
9.110000000000000000e+03 3.717670000000000017e-06
9.111000000000000000e+03 3.765340000000000019e-06
9.112000000000000000e+03 3.813030000000000151e-06
9.113000000000000000e+03 3.860719999999999858e-06
9.114000000000000000e+03 3.908430000000000118e-06
9.115000000000000000e+03 3.956140000000000378e-06
9.116000000000000000e+03 4.003870000000000343e-06
9.117000000000000000e+03 4.051600000000000308e-06
9.118000000000000000e+03 4.099349999999999977e-06
9.119000000000000000e+03 4.147110000000000347e-06
9.120000000000000000e+03 4.194869999999999869e-06
9.121000000000000000e+03 4.243009999999999717e-06
9.122000000000000000e+03 4.291160000000000264e-06
9.123000000000000000e+03 4.339329999999999669e-06
9.124000000000000000e+03 4.387519999999999626e-06
9.125000000000000000e+03 4.435730000000000135e-06
9.126000000000000000e+03 4.483949999999999649e-06
9.127000000000000000e+03 4.532200000000000416e-06
9.128000000000000000e+03 4.580460000000000187e-06
9.129000000000000000e+03 4.628739999999999664e-06
9.130000000000000000e+03 4.677039999999999693e-06
9.131000000000000000e+03 4.724970000000000096e-06
9.132000000000000000e+03 4.772910000000000352e-06
9.133000000000000000e+03 4.820859999999999614e-06
9.134000000000000000e+03 4.868820000000000422e-06
9.135000000000000000e+03 4.916790000000000235e-06
9.136000000000000000e+03 4.964769999999999901e-06
9.137000000000000000e+03 5.012810000000000376e-06
9.138000000000000000e+03 5.060759999999999638e-06
9.139000000000000000e+03 5.108769999999999708e-06
9.140000000000000000e+03 5.156800000000000331e-06
9.141000000000000000e+03 5.205270000000000394e-06
9.142000000000000000e+03 5.253760000000000161e-06
9.143000000000000000e+03 5.152680000000000106e-06
9.144000000000000000e+03 4.896599999999999840e-06
9.145000000000000000e+03 4.640410000000000350e-06
9.146000000000000000e+03 4.383870000000000093e-06
9.147000000000000000e+03 4.127739999999999717e-06
9.148000000000000000e+03 3.871250000000000416e-06
9.149000000000000000e+03 3.614660000000000049e-06
9.150000000000000000e+03 3.357980000000000162e-06
9.151000000000000000e+03 3.100940000000000079e-06
9.152000000000000000e+03 2.843840000000000033e-06
9.153000000000000000e+03 2.586680000000000025e-06
9.154000000000000000e+03 2.329720000000000032e-06
9.155000000000000000e+03 2.072199999999999828e-06
9.156000000000000000e+03 1.814869999999999998e-06
9.157000000000000000e+03 1.557479999999999994e-06
9.158000000000000000e+03 1.300040000000000092e-06
9.159000000000000000e+03 1.042290000000000104e-06
9.160000000000000000e+03 7.849829999999999558e-07
9.161000000000000000e+03 5.274120000000000378e-07
9.162000000000000000e+03 2.697410000000000064e-07
9.163000000000000000e+03 1.798970000000000127e-07
9.164000000000000000e+03 2.676850000000000044e-07
9.165000000000000000e+03 3.554210000000000166e-07
9.166000000000000000e+03 4.431919999999999891e-07
9.167000000000000000e+03 5.309980000000000277e-07
9.168000000000000000e+03 6.189230000000000160e-07
9.169000000000000000e+03 7.067119999999999559e-07
9.170000000000000000e+03 7.946200000000000043e-07
9.171000000000000000e+03 8.824899999999999567e-07
9.172000000000000000e+03 9.702940000000000989e-07
9.173000000000000000e+03 1.058290000000000035e-06
9.174000000000000000e+03 1.146220000000000056e-06
9.175000000000000000e+03 1.234169999999999993e-06
9.176000000000000000e+03 1.322140000000000059e-06
9.177000000000000000e+03 1.410209999999999920e-06
9.178000000000000000e+03 1.498139999999999941e-06
9.179000000000000000e+03 1.586159999999999904e-06
9.180000000000000000e+03 1.674210000000000061e-06
9.181000000000000000e+03 1.762430000000000039e-06
9.182000000000000000e+03 1.850679999999999999e-06
9.183000000000000000e+03 1.938970000000000004e-06
9.184000000000000000e+03 2.027290000000000202e-06
9.185000000000000000e+03 2.115559999999999867e-06
9.186000000000000000e+03 2.204119999999999914e-06
9.187000000000000000e+03 2.292459999999999816e-06
9.188000000000000000e+03 2.380920000000000067e-06
9.189000000000000000e+03 2.469420000000000152e-06
9.190000000000000000e+03 2.557949999999999794e-06
9.191000000000000000e+03 2.646299999999999973e-06
9.192000000000000000e+03 2.734660000000000004e-06
9.193000000000000000e+03 2.823050000000000017e-06
9.194000000000000000e+03 2.911369999999999791e-06
9.195000000000000000e+03 2.999880000000000152e-06
9.196000000000000000e+03 3.088330000000000126e-06
9.197000000000000000e+03 3.176799999999999806e-06
9.198000000000000000e+03 3.265290000000000038e-06
9.199000000000000000e+03 3.353790000000000123e-06
9.200000000000000000e+03 3.442320000000000188e-06
9.201000000000000000e+03 3.530929999999999921e-06
9.202000000000000000e+03 3.619560000000000205e-06
9.203000000000000000e+03 3.592759999999999886e-06
9.204000000000000000e+03 3.438650000000000103e-06
9.205000000000000000e+03 3.284500000000000063e-06
9.206000000000000000e+03 3.130310000000000189e-06
9.207000000000000000e+03 2.976070000000000205e-06
9.208000000000000000e+03 2.821799999999999817e-06
9.209000000000000000e+03 2.667490000000000019e-06
9.210000000000000000e+03 2.513130000000000111e-06
9.211000000000000000e+03 2.358540000000000207e-06
9.212000000000000000e+03 2.203930000000000175e-06
9.213000000000000000e+03 2.049309999999999866e-06
9.214000000000000000e+03 1.894679999999999917e-06
9.215000000000000000e+03 1.740019999999999986e-06
9.216000000000000000e+03 1.585360000000000056e-06
9.217000000000000000e+03 1.430679999999999997e-06
9.218000000000000000e+03 1.275980000000000021e-06
9.219000000000000000e+03 1.121269999999999981e-06
9.220000000000000000e+03 9.665480000000000335e-07
9.221000000000000000e+03 8.118770000000000112e-07
9.222000000000000000e+03 6.571650000000000218e-07
9.223000000000000000e+03 6.289460000000000257e-07
9.224000000000000000e+03 7.435819999999999942e-07
9.225000000000000000e+03 8.582489999999999714e-07
9.226000000000000000e+03 9.729460000000000356e-07
9.227000000000000000e+03 1.087669999999999998e-06
9.228000000000000000e+03 1.202429999999999895e-06
9.229000000000000000e+03 1.317219999999999986e-06
9.230000000000000000e+03 1.432040000000000057e-06
9.231000000000000000e+03 1.546899999999999962e-06
9.232000000000000000e+03 1.661779999999999995e-06
9.233000000000000000e+03 1.776700000000000074e-06
9.234000000000000000e+03 1.891649999999999922e-06
9.235000000000000000e+03 2.006629999999999963e-06
9.236000000000000000e+03 2.121759999999999909e-06
9.237000000000000000e+03 2.236689999999999841e-06
9.238000000000000000e+03 2.351770000000000101e-06
9.239000000000000000e+03 2.466870000000000066e-06
9.240000000000000000e+03 2.582009999999999865e-06
9.241000000000000000e+03 2.697410000000000064e-06
9.242000000000000000e+03 2.812859999999999950e-06
9.243000000000000000e+03 2.928359999999999945e-06
9.244000000000000000e+03 3.043799999999999979e-06
9.245000000000000000e+03 3.159509999999999841e-06
9.246000000000000000e+03 3.275170000000000018e-06
9.247000000000000000e+03 3.390870000000000028e-06
9.248000000000000000e+03 3.506630000000000001e-06
9.249000000000000000e+03 3.622539999999999879e-06
9.250000000000000000e+03 3.738289999999999999e-06
9.251000000000000000e+03 3.853870000000000085e-06
9.252000000000000000e+03 3.969490000000000004e-06
9.253000000000000000e+03 4.085140000000000329e-06
9.254000000000000000e+03 4.200830000000000063e-06
9.255000000000000000e+03 4.316540000000000349e-06
9.256000000000000000e+03 4.432290000000000046e-06
9.257000000000000000e+03 4.548060000000000294e-06
9.258000000000000000e+03 4.663869999999999953e-06
9.259000000000000000e+03 4.779710000000000016e-06
9.260000000000000000e+03 4.895590000000000336e-06
9.261000000000000000e+03 5.011910000000000097e-06
9.262000000000000000e+03 5.128179999999999748e-06
9.263000000000000000e+03 5.083079999999999959e-06
9.264000000000000000e+03 4.847269999999999755e-06
9.265000000000000000e+03 4.611350000000000327e-06
9.266000000000000000e+03 4.375329999999999832e-06
9.267000000000000000e+03 4.138970000000000116e-06
9.268000000000000000e+03 3.902970000000000174e-06
9.269000000000000000e+03 3.666640000000000016e-06
9.270000000000000000e+03 3.430189999999999933e-06
9.271000000000000000e+03 3.193380000000000078e-06
9.272000000000000000e+03 2.956499999999999984e-06
9.273000000000000000e+03 2.719559999999999929e-06
9.274000000000000000e+03 2.482540000000000206e-06
9.275000000000000000e+03 2.245699999999999946e-06
9.276000000000000000e+03 2.008329999999999879e-06
9.277000000000000000e+03 1.771119999999999993e-06
9.278000000000000000e+03 1.533840000000000082e-06
9.279000000000000000e+03 1.296499999999999996e-06
9.280000000000000000e+03 1.059099999999999948e-06
9.281000000000000000e+03 8.216979999999999507e-07
9.282000000000000000e+03 5.841910000000000197e-07
9.283000000000000000e+03 4.522570000000000243e-07
9.284000000000000000e+03 4.478409999999999932e-07
9.285000000000000000e+03 4.434139999999999761e-07
9.286000000000000000e+03 4.389899999999999889e-07
9.287000000000000000e+03 4.345639999999999994e-07
9.288000000000000000e+03 4.301349999999999801e-07
9.289000000000000000e+03 4.257049999999999861e-07
9.290000000000000000e+03 4.212729999999999898e-07
9.291000000000000000e+03 4.168039999999999781e-07
9.292000000000000000e+03 4.123339999999999916e-07
9.293000000000000000e+03 4.078620000000000029e-07
9.294000000000000000e+03 4.033889999999999866e-07
9.295000000000000000e+03 3.989149999999999957e-07
9.296000000000000000e+03 3.944399999999999771e-07
9.297000000000000000e+03 3.899630000000000092e-07
9.298000000000000000e+03 3.854850000000000137e-07
9.299000000000000000e+03 3.810059999999999906e-07
9.300000000000000000e+03 3.765250000000000182e-07
9.301000000000000000e+03 3.720750000000000015e-07
9.302000000000000000e+03 3.676229999999999826e-07
9.303000000000000000e+03 3.631690000000000143e-07
9.304000000000000000e+03 3.587120000000000161e-07
9.305000000000000000e+03 3.542539999999999904e-07
9.306000000000000000e+03 3.497940000000000153e-07
9.307000000000000000e+03 3.453310000000000103e-07
9.308000000000000000e+03 3.408669999999999778e-07
9.309000000000000000e+03 3.364000000000000212e-07
9.310000000000000000e+03 3.319319999999999841e-07
9.311000000000000000e+03 3.274340000000000189e-07
9.312000000000000000e+03 3.229350000000000260e-07
9.313000000000000000e+03 3.184350000000000056e-07
9.314000000000000000e+03 3.139329999999999829e-07
9.315000000000000000e+03 3.094299999999999855e-07
9.316000000000000000e+03 3.049260000000000135e-07
9.317000000000000000e+03 3.004210000000000138e-07
9.318000000000000000e+03 2.959140000000000119e-07
9.319000000000000000e+03 2.914059999999999824e-07
9.320000000000000000e+03 2.868969999999999782e-07
9.321000000000000000e+03 2.824099999999999990e-07
9.322000000000000000e+03 2.779210000000000175e-07
9.323000000000000000e+03 2.756739999999999842e-07
9.324000000000000000e+03 2.762549999999999813e-07
9.325000000000000000e+03 2.768359999999999783e-07
9.326000000000000000e+03 2.774180000000000030e-07
9.327000000000000000e+03 2.779990000000000001e-07
9.328000000000000000e+03 2.785810000000000247e-07
9.329000000000000000e+03 2.791620000000000218e-07
9.330000000000000000e+03 2.797450000000000211e-07
9.331000000000000000e+03 2.803030000000000186e-07
9.332000000000000000e+03 2.808630000000000183e-07
9.333000000000000000e+03 2.814219999999999904e-07
9.334000000000000000e+03 2.819810000000000155e-07
9.335000000000000000e+03 2.825410000000000152e-07
9.336000000000000000e+03 2.831010000000000149e-07
9.337000000000000000e+03 2.836599999999999870e-07
9.338000000000000000e+03 2.842199999999999867e-07
9.339000000000000000e+03 2.847799999999999865e-07
9.340000000000000000e+03 2.853399999999999862e-07
9.341000000000000000e+03 2.859249999999999878e-07
9.342000000000000000e+03 2.865099999999999894e-07
9.343000000000000000e+03 3.792460000000000066e-07
9.344000000000000000e+03 5.912110000000000389e-07
9.345000000000000000e+03 8.030630000000000224e-07
9.346000000000000000e+03 1.015010000000000087e-06
9.347000000000000000e+03 1.227049999999999966e-06
9.348000000000000000e+03 1.439399999999999932e-06
9.349000000000000000e+03 1.651419999999999894e-06
9.350000000000000000e+03 1.863749999999999943e-06
9.351000000000000000e+03 2.075989999999999838e-06
9.352000000000000000e+03 2.288089999999999891e-06
9.353000000000000000e+03 2.500870000000000079e-06
9.354000000000000000e+03 2.713090000000000057e-06
9.355000000000000000e+03 2.925570000000000011e-06
9.356000000000000000e+03 3.137900000000000060e-06
9.357000000000000000e+03 3.350920000000000098e-06
9.358000000000000000e+03 3.563370000000000071e-06
9.359000000000000000e+03 3.776089999999999874e-06
9.360000000000000000e+03 3.988869999999999639e-06
9.361000000000000000e+03 4.202070000000000410e-06
9.362000000000000000e+03 4.415560000000000292e-06
9.363000000000000000e+03 4.543889999999999960e-06
9.364000000000000000e+03 4.560739999999999637e-06
9.365000000000000000e+03 4.577580000000000310e-06
9.366000000000000000e+03 4.594470000000000245e-06
9.367000000000000000e+03 4.611329999999999775e-06
9.368000000000000000e+03 4.628200000000000005e-06
9.369000000000000000e+03 4.645070000000000234e-06
9.370000000000000000e+03 4.661979999999999874e-06
9.371000000000000000e+03 4.678500000000000184e-06
9.372000000000000000e+03 4.694990000000000089e-06
9.373000000000000000e+03 4.711499999999999698e-06
9.374000000000000000e+03 4.728000000000000303e-06
9.375000000000000000e+03 4.744540000000000317e-06
9.376000000000000000e+03 4.761059999999999780e-06
9.377000000000000000e+03 4.777589999999999941e-06
9.378000000000000000e+03 4.794110000000000251e-06
9.379000000000000000e+03 4.810660000000000118e-06
9.380000000000000000e+03 4.827219999999999837e-06
9.381000000000000000e+03 4.844159999999999882e-06
9.382000000000000000e+03 4.861119999999999631e-06
9.383000000000000000e+03 4.878099999999999933e-06
9.384000000000000000e+03 4.895080000000000234e-06
9.385000000000000000e+03 4.912059999999999689e-06
9.386000000000000000e+03 4.929059999999999696e-06
9.387000000000000000e+03 4.946039999999999997e-06
9.388000000000000000e+03 4.963059999999999709e-06
9.389000000000000000e+03 4.980070000000000415e-06
9.390000000000000000e+03 4.997099999999999979e-06
9.391000000000000000e+03 5.014130000000000391e-06
9.392000000000000000e+03 5.031159999999999955e-06
9.393000000000000000e+03 5.048210000000000071e-06
9.394000000000000000e+03 5.065260000000000187e-06
9.395000000000000000e+03 5.082320000000000156e-06
9.396000000000000000e+03 5.099370000000000272e-06
9.397000000000000000e+03 5.116459999999999799e-06
9.398000000000000000e+03 5.133540000000000320e-06
9.399000000000000000e+03 5.150629999999999846e-06
9.400000000000000000e+03 5.167730000000000072e-06
9.401000000000000000e+03 5.183910000000000313e-06
9.402000000000000000e+03 5.200089999999999708e-06
9.403000000000000000e+03 5.216269999999999949e-06
9.404000000000000000e+03 5.232450000000000191e-06
9.405000000000000000e+03 5.248629999999999585e-06
9.406000000000000000e+03 5.264819999999999679e-06
9.407000000000000000e+03 5.281009999999999773e-06
9.408000000000000000e+03 5.297199999999999867e-06
9.409000000000000000e+03 5.313370000000000256e-06
9.410000000000000000e+03 5.329580000000000055e-06
9.411000000000000000e+03 5.346220000000000289e-06
9.412000000000000000e+03 5.362870000000000375e-06
9.413000000000000000e+03 5.379519999999999615e-06
9.414000000000000000e+03 5.396169999999999701e-06
9.415000000000000000e+03 5.412829999999999640e-06
9.416000000000000000e+03 5.429500000000000278e-06
9.417000000000000000e+03 5.446170000000000069e-06
9.418000000000000000e+03 5.462820000000000155e-06
9.419000000000000000e+03 5.479509999999999652e-06
9.420000000000000000e+03 5.496190000000000142e-06
9.421000000000000000e+03 5.512419999999999647e-06
9.422000000000000000e+03 5.528640000000000145e-06
9.423000000000000000e+03 5.425650000000000306e-06
9.424000000000000000e+03 5.155299999999999583e-06
9.425000000000000000e+03 4.884930000000000001e-06
9.426000000000000000e+03 4.614530000000000015e-06
9.427000000000000000e+03 4.344110000000000324e-06
9.428000000000000000e+03 4.073670000000000081e-06
9.429000000000000000e+03 3.803199999999999857e-06
9.430000000000000000e+03 3.532700000000000075e-06
9.431000000000000000e+03 3.262640000000000157e-06
9.432000000000000000e+03 2.992480000000000019e-06
9.433000000000000000e+03 2.722220000000000086e-06
9.434000000000000000e+03 2.451859999999999934e-06
9.435000000000000000e+03 2.181399999999999985e-06
9.436000000000000000e+03 1.910839999999999818e-06
9.437000000000000000e+03 1.640180000000000066e-06
9.438000000000000000e+03 1.369410000000000031e-06
9.439000000000000000e+03 1.098550000000000053e-06
9.440000000000000000e+03 8.273270000000000073e-07
9.441000000000000000e+03 5.564830000000000471e-07
9.442000000000000000e+03 2.853209999999999911e-07
9.443000000000000000e+03 1.782570000000000060e-07
9.444000000000000000e+03 3.072620000000000153e-07
9.445000000000000000e+03 4.362940000000000024e-07
9.446000000000000000e+03 5.653519999999999659e-07
9.447000000000000000e+03 6.944349999999999843e-07
9.448000000000000000e+03 8.235439999999999793e-07
9.449000000000000000e+03 9.526789999999999508e-07
9.450000000000000000e+03 1.081840000000000005e-06
9.451000000000000000e+03 1.211129999999999914e-06
9.452000000000000000e+03 1.340460000000000080e-06
9.453000000000000000e+03 1.469849999999999996e-06
9.454000000000000000e+03 1.599279999999999958e-06
9.455000000000000000e+03 1.728760000000000030e-06
9.456000000000000000e+03 1.858279999999999935e-06
9.457000000000000000e+03 1.987859999999999802e-06
9.458000000000000000e+03 2.117479999999999926e-06
9.459000000000000000e+03 2.247150000000000161e-06
9.460000000000000000e+03 2.376870000000000081e-06
9.461000000000000000e+03 2.506629999999999834e-06
9.462000000000000000e+03 2.636569999999999898e-06
9.463000000000000000e+03 2.766300000000000094e-06
9.464000000000000000e+03 2.896210000000000177e-06
9.465000000000000000e+03 3.026160000000000093e-06
9.466000000000000000e+03 3.156160000000000119e-06
9.467000000000000000e+03 3.286209999999999831e-06
9.468000000000000000e+03 3.416310000000000076e-06
9.469000000000000000e+03 3.546460000000000008e-06
9.470000000000000000e+03 3.676650000000000196e-06
9.471000000000000000e+03 3.806690000000000055e-06
9.472000000000000000e+03 3.936510000000000195e-06
9.473000000000000000e+03 4.066480000000000240e-06
9.474000000000000000e+03 4.196479999999999842e-06
9.475000000000000000e+03 4.326499999999999996e-06
9.476000000000000000e+03 4.456549999999999708e-06
9.477000000000000000e+03 4.586619999999999972e-06
9.478000000000000000e+03 4.716719999999999794e-06
9.479000000000000000e+03 4.846840000000000168e-06
9.480000000000000000e+03 4.977119999999999876e-06
9.481000000000000000e+03 5.107590000000000170e-06
9.482000000000000000e+03 5.238240000000000351e-06
9.483000000000000000e+03 5.225459999999999941e-06
9.484000000000000000e+03 4.996659999999999692e-06
9.485000000000000000e+03 4.768220000000000063e-06
9.486000000000000000e+03 4.539469999999999924e-06
9.487000000000000000e+03 4.310640000000000118e-06
9.488000000000000000e+03 4.081719999999999945e-06
9.489000000000000000e+03 3.852720000000000104e-06
9.490000000000000000e+03 3.623640000000000173e-06
9.491000000000000000e+03 3.394469999999999875e-06
9.492000000000000000e+03 3.165219999999999910e-06
9.493000000000000000e+03 2.935659999999999859e-06
9.494000000000000000e+03 2.706460000000000003e-06
9.495000000000000000e+03 2.476950000000000061e-06
9.496000000000000000e+03 2.247369999999999881e-06
9.497000000000000000e+03 2.017689999999999904e-06
9.498000000000000000e+03 1.787939999999999902e-06
9.499000000000000000e+03 1.558099999999999956e-06
9.500000000000000000e+03 1.328170000000000067e-06
9.501000000000000000e+03 1.098050000000000015e-06
9.502000000000000000e+03 8.676699999999999868e-07
9.503000000000000000e+03 7.600030000000000061e-07
9.504000000000000000e+03 8.405709999999999901e-07
9.505000000000000000e+03 9.211530000000000429e-07
9.506000000000000000e+03 1.001830000000000071e-06
9.507000000000000000e+03 1.082359999999999959e-06
9.508000000000000000e+03 1.162980000000000002e-06
9.509000000000000000e+03 1.243530000000000019e-06
9.510000000000000000e+03 1.324259999999999922e-06
9.511000000000000000e+03 1.405120000000000025e-06
9.512000000000000000e+03 1.485840000000000075e-06
9.513000000000000000e+03 1.566680000000000050e-06
9.514000000000000000e+03 1.647460000000000063e-06
9.515000000000000000e+03 1.728500000000000053e-06
9.516000000000000000e+03 1.809329999999999963e-06
9.517000000000000000e+03 1.890269999999999945e-06
9.518000000000000000e+03 1.971160000000000030e-06
9.519000000000000000e+03 2.052230000000000001e-06
9.520000000000000000e+03 2.133329999999999953e-06
9.521000000000000000e+03 2.214109999999999965e-06
9.522000000000000000e+03 2.294979999999999921e-06
9.523000000000000000e+03 2.375789999999999915e-06
9.524000000000000000e+03 2.456850000000000033e-06
9.525000000000000000e+03 2.537680000000000155e-06
9.526000000000000000e+03 2.618599999999999797e-06
9.527000000000000000e+03 2.699459999999999901e-06
9.528000000000000000e+03 2.780570000000000129e-06
9.529000000000000000e+03 2.861449999999999937e-06
9.530000000000000000e+03 2.942429999999999965e-06
9.531000000000000000e+03 3.023669999999999970e-06
9.532000000000000000e+03 3.104859999999999865e-06
9.533000000000000000e+03 3.186320000000000013e-06
9.534000000000000000e+03 3.267560000000000018e-06
9.535000000000000000e+03 3.348919999999999947e-06
9.536000000000000000e+03 3.430210000000000062e-06
9.537000000000000000e+03 3.511779999999999858e-06
9.538000000000000000e+03 3.593129999999999935e-06
9.539000000000000000e+03 3.674590000000000083e-06
9.540000000000000000e+03 3.756069999999999937e-06
9.541000000000000000e+03 3.837500000000000104e-06
9.542000000000000000e+03 3.919199999999999678e-06
9.543000000000000000e+03 3.910440000000000121e-06
9.544000000000000000e+03 3.756249999999999823e-06
9.545000000000000000e+03 3.602149999999999893e-06
9.546000000000000000e+03 3.447559999999999989e-06
9.547000000000000000e+03 3.293359999999999839e-06
9.548000000000000000e+03 3.138960000000000097e-06
9.549000000000000000e+03 2.984670000000000004e-06
9.550000000000000000e+03 2.830020000000000138e-06
9.551000000000000000e+03 2.675090000000000166e-06
9.552000000000000000e+03 2.520439999999999877e-06
9.553000000000000000e+03 2.365610000000000124e-06
9.554000000000000000e+03 2.210910000000000148e-06
9.555000000000000000e+03 2.055879999999999957e-06
9.556000000000000000e+03 1.900979999999999966e-06
9.557000000000000000e+03 1.746060000000000059e-06
9.558000000000000000e+03 1.591260000000000076e-06
9.559000000000000000e+03 1.436130000000000089e-06
9.560000000000000000e+03 1.280979999999999973e-06
9.561000000000000000e+03 1.126209999999999971e-06
9.562000000000000000e+03 9.712270000000000186e-07
9.563000000000000000e+03 8.879010000000000307e-07
9.564000000000000000e+03 9.227119999999999842e-07
9.565000000000000000e+03 9.575009999999999657e-07
9.566000000000000000e+03 9.923010000000000391e-07
9.567000000000000000e+03 1.027079999999999956e-06
9.568000000000000000e+03 1.061939999999999992e-06
9.569000000000000000e+03 1.096770000000000046e-06
9.570000000000000000e+03 1.131620000000000018e-06
9.571000000000000000e+03 1.166469999999999989e-06
9.572000000000000000e+03 1.201340000000000089e-06
9.573000000000000000e+03 1.236220000000000041e-06
9.574000000000000000e+03 1.271110000000000058e-06
9.575000000000000000e+03 1.306009999999999927e-06
9.576000000000000000e+03 1.340890000000000091e-06
9.577000000000000000e+03 1.375849999999999922e-06
9.578000000000000000e+03 1.410779999999999984e-06
9.579000000000000000e+03 1.445729999999999963e-06
9.580000000000000000e+03 1.480690000000000006e-06
9.581000000000000000e+03 1.515529999999999913e-06
9.582000000000000000e+03 1.550370000000000032e-06
9.583000000000000000e+03 1.585220000000000003e-06
9.584000000000000000e+03 1.620080000000000039e-06
9.585000000000000000e+03 1.654940000000000074e-06
9.586000000000000000e+03 1.689809999999999962e-06
9.587000000000000000e+03 1.724680000000000062e-06
9.588000000000000000e+03 1.759560000000000014e-06
9.589000000000000000e+03 1.794399999999999921e-06
9.590000000000000000e+03 1.829329999999999983e-06
9.591000000000000000e+03 1.864379999999999970e-06
9.592000000000000000e+03 1.899440000000000020e-06
9.593000000000000000e+03 1.934510000000000135e-06
9.594000000000000000e+03 1.969589999999999891e-06
9.595000000000000000e+03 2.004690000000000198e-06
9.596000000000000000e+03 2.039790000000000082e-06
9.597000000000000000e+03 2.074910000000000095e-06
9.598000000000000000e+03 2.110009999999999979e-06
9.599000000000000000e+03 2.145180000000000102e-06
9.600000000000000000e+03 2.180330000000000096e-06
9.601000000000000000e+03 2.215409999999999851e-06
9.602000000000000000e+03 2.250499999999999883e-06
9.603000000000000000e+03 2.258100000000000030e-06
9.604000000000000000e+03 2.218300000000000005e-06
9.605000000000000000e+03 2.178499999999999979e-06
9.606000000000000000e+03 2.138690000000000101e-06
9.607000000000000000e+03 2.098869999999999947e-06
9.608000000000000000e+03 2.059039999999999941e-06
9.609000000000000000e+03 2.019189999999999805e-06
9.610000000000000000e+03 1.979340000000000094e-06
9.611000000000000000e+03 1.939310000000000072e-06
9.612000000000000000e+03 1.899280000000000051e-06
9.613000000000000000e+03 1.859250000000000029e-06
9.614000000000000000e+03 1.819209999999999943e-06
9.615000000000000000e+03 1.779170000000000069e-06
9.616000000000000000e+03 1.739129999999999983e-06
9.617000000000000000e+03 1.699080000000000045e-06
9.618000000000000000e+03 1.659039999999999959e-06
9.619000000000000000e+03 1.618979999999999956e-06
9.620000000000000000e+03 1.578889999999999972e-06
9.621000000000000000e+03 1.539000000000000003e-06
9.622000000000000000e+03 1.499059999999999925e-06
9.623000000000000000e+03 1.459109999999999994e-06
9.624000000000000000e+03 1.419149999999999999e-06
9.625000000000000000e+03 1.379190000000000004e-06
9.626000000000000000e+03 1.339210000000000092e-06
9.627000000000000000e+03 1.299219999999999904e-06
9.628000000000000000e+03 1.259220000000000075e-06
9.629000000000000000e+03 1.219220000000000034e-06
9.630000000000000000e+03 1.179200000000000077e-06
9.631000000000000000e+03 1.139219999999999953e-06
9.632000000000000000e+03 1.099219999999999913e-06
9.633000000000000000e+03 1.059220000000000084e-06
9.634000000000000000e+03 1.019199999999999915e-06
9.635000000000000000e+03 9.791629999999999118e-07
9.636000000000000000e+03 9.391159999999999503e-07
9.637000000000000000e+03 8.990569999999999752e-07
9.638000000000000000e+03 8.589849999999999589e-07
9.639000000000000000e+03 8.189000000000000073e-07
9.640000000000000000e+03 7.788020000000000145e-07
9.641000000000000000e+03 7.386270000000000137e-07
9.642000000000000000e+03 6.984079999999999631e-07
9.643000000000000000e+03 7.059459999999999873e-07
9.644000000000000000e+03 7.995500000000000359e-07
9.645000000000000000e+03 8.931680000000000474e-07
9.646000000000000000e+03 9.868000000000000218e-07
9.647000000000000000e+03 1.080449999999999964e-06
9.648000000000000000e+03 1.174109999999999970e-06
9.649000000000000000e+03 1.267780000000000040e-06
9.650000000000000000e+03 1.361470000000000028e-06
9.651000000000000000e+03 1.455379999999999947e-06
9.652000000000000000e+03 1.549150000000000025e-06
9.653000000000000000e+03 1.643029999999999963e-06
9.654000000000000000e+03 1.736940000000000094e-06
9.655000000000000000e+03 1.830890000000000058e-06
9.656000000000000000e+03 1.924860000000000151e-06
9.657000000000000000e+03 2.018860000000000014e-06
9.658000000000000000e+03 2.112900000000000133e-06
9.659000000000000000e+03 2.206959999999999957e-06
9.660000000000000000e+03 2.301140000000000130e-06
9.661000000000000000e+03 2.395169999999999973e-06
9.662000000000000000e+03 2.489320000000000164e-06
9.663000000000000000e+03 2.550939999999999839e-06
9.664000000000000000e+03 2.552270000000000129e-06
9.665000000000000000e+03 2.553590000000000144e-06
9.666000000000000000e+03 2.554910000000000158e-06
9.667000000000000000e+03 2.556230000000000173e-06
9.668000000000000000e+03 2.557560000000000040e-06
9.669000000000000000e+03 2.558880000000000054e-06
9.670000000000000000e+03 2.560200000000000069e-06
9.671000000000000000e+03 2.561309999999999792e-06
9.672000000000000000e+03 2.562410000000000086e-06
9.673000000000000000e+03 2.563519999999999810e-06
9.674000000000000000e+03 2.564620000000000104e-06
9.675000000000000000e+03 2.565729999999999828e-06
9.676000000000000000e+03 2.566830000000000122e-06
9.677000000000000000e+03 2.567929999999999993e-06
9.678000000000000000e+03 2.569040000000000140e-06
9.679000000000000000e+03 2.570140000000000011e-06
9.680000000000000000e+03 2.571250000000000158e-06
9.681000000000000000e+03 2.572570000000000172e-06
9.682000000000000000e+03 2.573890000000000187e-06
9.683000000000000000e+03 2.575210000000000201e-06
9.684000000000000000e+03 2.576540000000000068e-06
9.685000000000000000e+03 2.577860000000000082e-06
9.686000000000000000e+03 2.579180000000000097e-06
9.687000000000000000e+03 2.580509999999999964e-06
9.688000000000000000e+03 2.581829999999999978e-06
9.689000000000000000e+03 2.583149999999999993e-06
9.690000000000000000e+03 2.584479999999999860e-06
9.691000000000000000e+03 2.585799999999999874e-06
9.692000000000000000e+03 2.587119999999999889e-06
9.693000000000000000e+03 2.588439999999999903e-06
9.694000000000000000e+03 2.589770000000000194e-06
9.695000000000000000e+03 2.591090000000000208e-06
9.696000000000000000e+03 2.592420000000000075e-06
9.697000000000000000e+03 2.593740000000000090e-06
9.698000000000000000e+03 2.595060000000000104e-06
9.699000000000000000e+03 2.596389999999999971e-06
9.700000000000000000e+03 2.597709999999999986e-06
9.701000000000000000e+03 2.598809999999999856e-06
9.702000000000000000e+03 2.599920000000000003e-06
9.703000000000000000e+03 2.583600000000000133e-06
9.704000000000000000e+03 2.533210000000000010e-06
9.705000000000000000e+03 2.482950000000000088e-06
9.706000000000000000e+03 2.432640000000000057e-06
9.707000000000000000e+03 2.382369999999999859e-06
9.708000000000000000e+03 2.331950000000000179e-06
9.709000000000000000e+03 2.281670000000000128e-06
9.710000000000000000e+03 2.231330000000000115e-06
9.711000000000000000e+03 2.181169999999999989e-06
9.712000000000000000e+03 2.131039999999999844e-06
9.713000000000000000e+03 2.080749999999999941e-06
9.714000000000000000e+03 2.030589999999999815e-06
9.715000000000000000e+03 1.980359999999999874e-06
9.716000000000000000e+03 1.930180000000000043e-06
9.717000000000000000e+03 1.879819999999999901e-06
9.718000000000000000e+03 1.829600000000000025e-06
9.719000000000000000e+03 1.779319999999999974e-06
9.720000000000000000e+03 1.729020000000000007e-06
9.721000000000000000e+03 1.678750000000000021e-06
9.722000000000000000e+03 1.628320000000000065e-06
9.723000000000000000e+03 1.578020000000000097e-06
9.724000000000000000e+03 1.527659999999999956e-06
9.725000000000000000e+03 1.477330000000000008e-06
9.726000000000000000e+03 1.426830000000000025e-06
9.727000000000000000e+03 1.376479999999999948e-06
9.728000000000000000e+03 1.326049999999999992e-06
9.729000000000000000e+03 1.275660000000000082e-06
9.730000000000000000e+03 1.225150000000000035e-06
9.731000000000000000e+03 1.174529999999999917e-06
9.732000000000000000e+03 1.124010000000000018e-06
9.733000000000000000e+03 1.073420000000000092e-06
9.734000000000000000e+03 1.022880000000000064e-06
9.735000000000000000e+03 9.721829999999999380e-07
9.736000000000000000e+03 9.216280000000000256e-07
9.737000000000000000e+03 8.710170000000000497e-07
9.738000000000000000e+03 8.204489999999999903e-07
9.739000000000000000e+03 7.697759999999999970e-07
9.740000000000000000e+03 7.190960000000000223e-07
9.741000000000000000e+03 6.685640000000000037e-07
9.742000000000000000e+03 6.179680000000000183e-07
9.743000000000000000e+03 6.226900000000000258e-07
9.744000000000000000e+03 7.406959999999999510e-07
9.745000000000000000e+03 8.586209999999999697e-07
9.746000000000000000e+03 9.765820000000000292e-07
9.747000000000000000e+03 1.094460000000000021e-06
9.748000000000000000e+03 1.212609999999999898e-06
9.749000000000000000e+03 1.330670000000000043e-06
9.750000000000000000e+03 1.448770000000000022e-06
9.751000000000000000e+03 1.566910000000000046e-06
9.752000000000000000e+03 1.685080000000000052e-06
9.753000000000000000e+03 1.803280000000000038e-06
9.754000000000000000e+03 1.921519999999999858e-06
9.755000000000000000e+03 2.039790000000000082e-06
9.756000000000000000e+03 2.157979999999999793e-06
9.757000000000000000e+03 2.276440000000000180e-06
9.758000000000000000e+03 2.394820000000000053e-06
9.759000000000000000e+03 2.513229999999999907e-06
9.760000000000000000e+03 2.631670000000000165e-06
9.761000000000000000e+03 2.750149999999999834e-06
9.762000000000000000e+03 2.868659999999999907e-06
9.763000000000000000e+03 2.953270000000000186e-06
9.764000000000000000e+03 2.966839999999999956e-06
9.765000000000000000e+03 2.980399999999999874e-06
9.766000000000000000e+03 2.993979999999999920e-06
9.767000000000000000e+03 3.007559999999999966e-06
9.768000000000000000e+03 3.021149999999999865e-06
9.769000000000000000e+03 3.034720000000000059e-06
9.770000000000000000e+03 3.048319999999999810e-06
9.771000000000000000e+03 3.061650000000000155e-06
9.772000000000000000e+03 3.074980000000000076e-06
9.773000000000000000e+03 3.088319999999999850e-06
9.774000000000000000e+03 3.101650000000000195e-06
9.775000000000000000e+03 3.114989999999999969e-06
9.776000000000000000e+03 3.128319999999999891e-06
9.777000000000000000e+03 3.141660000000000089e-06
9.778000000000000000e+03 3.154990000000000010e-06
9.779000000000000000e+03 3.168340000000000060e-06
9.780000000000000000e+03 3.181690000000000110e-06
9.781000000000000000e+03 3.195300000000000137e-06
9.782000000000000000e+03 3.208910000000000165e-06
9.783000000000000000e+03 3.222530000000000044e-06
9.784000000000000000e+03 3.236160000000000200e-06
9.785000000000000000e+03 3.249789999999999932e-06
9.786000000000000000e+03 3.263420000000000088e-06
9.787000000000000000e+03 3.277039999999999968e-06
9.788000000000000000e+03 3.290689999999999829e-06
9.789000000000000000e+03 3.304340000000000113e-06
9.790000000000000000e+03 3.317980000000000122e-06
9.791000000000000000e+03 3.331629999999999982e-06
9.792000000000000000e+03 3.345279999999999843e-06
9.793000000000000000e+03 3.358939999999999980e-06
9.794000000000000000e+03 3.372600000000000117e-06
9.795000000000000000e+03 3.386259999999999830e-06
9.796000000000000000e+03 3.399919999999999967e-06
9.797000000000000000e+03 3.413589999999999957e-06
9.798000000000000000e+03 3.427259999999999946e-06
9.799000000000000000e+03 3.440940000000000211e-06
9.800000000000000000e+03 3.454620000000000053e-06
9.801000000000000000e+03 3.468120000000000009e-06
9.802000000000000000e+03 3.481619999999999964e-06
9.803000000000000000e+03 3.495119999999999920e-06
9.804000000000000000e+03 3.508630000000000151e-06
9.805000000000000000e+03 3.522139999999999959e-06
9.806000000000000000e+03 3.535639999999999915e-06
9.807000000000000000e+03 3.549159999999999999e-06
9.808000000000000000e+03 3.562669999999999807e-06
9.809000000000000000e+03 3.576189999999999891e-06
9.810000000000000000e+03 3.589709999999999975e-06
9.811000000000000000e+03 3.602919999999999972e-06
9.812000000000000000e+03 3.616129999999999969e-06
9.813000000000000000e+03 3.629339999999999966e-06
9.814000000000000000e+03 3.642549999999999963e-06
9.815000000000000000e+03 3.655759999999999961e-06
9.816000000000000000e+03 3.668960000000000105e-06
9.817000000000000000e+03 3.682170000000000102e-06
9.818000000000000000e+03 3.695380000000000100e-06
9.819000000000000000e+03 3.708590000000000097e-06
9.820000000000000000e+03 3.721800000000000094e-06
9.821000000000000000e+03 3.735320000000000178e-06
9.822000000000000000e+03 3.748850000000000114e-06
9.823000000000000000e+03 3.763260000000000202e-06
9.824000000000000000e+03 3.779679999999999868e-06
9.825000000000000000e+03 3.796090000000000106e-06
9.826000000000000000e+03 3.812520000000000049e-06
9.827000000000000000e+03 3.828940000000000139e-06
9.828000000000000000e+03 3.845360000000000229e-06
9.829000000000000000e+03 3.861790000000000172e-06
9.830000000000000000e+03 3.878220000000000114e-06
9.831000000000000000e+03 3.894870000000000200e-06
9.832000000000000000e+03 3.911489999999999882e-06
9.833000000000000000e+03 3.928120000000000263e-06
9.834000000000000000e+03 3.944759999999999650e-06
9.835000000000000000e+03 3.961409999999999736e-06
9.836000000000000000e+03 3.978059999999999822e-06
9.837000000000000000e+03 3.994719999999999761e-06
9.838000000000000000e+03 4.011369999999999847e-06
9.839000000000000000e+03 4.028039999999999639e-06
9.840000000000000000e+03 4.044720000000000129e-06
9.841000000000000000e+03 4.061370000000000216e-06
9.842000000000000000e+03 4.078040000000000007e-06
9.843000000000000000e+03 4.094719999999999651e-06
9.844000000000000000e+03 4.111400000000000142e-06
9.845000000000000000e+03 4.128079999999999785e-06
9.846000000000000000e+03 4.144770000000000129e-06
9.847000000000000000e+03 4.161459999999999625e-06
9.848000000000000000e+03 4.178159999999999821e-06
9.849000000000000000e+03 4.194860000000000017e-06
9.850000000000000000e+03 4.211560000000000213e-06
9.851000000000000000e+03 4.227909999999999641e-06
9.852000000000000000e+03 4.244250000000000064e-06
9.853000000000000000e+03 4.260610000000000192e-06
9.854000000000000000e+03 4.276939999999999915e-06
9.855000000000000000e+03 4.293280000000000338e-06
9.856000000000000000e+03 4.309629999999999767e-06
9.857000000000000000e+03 4.325980000000000042e-06
9.858000000000000000e+03 4.342330000000000317e-06
9.859000000000000000e+03 4.358689999999999598e-06
9.860000000000000000e+03 4.375039999999999874e-06
9.861000000000000000e+03 4.391769999999999627e-06
9.862000000000000000e+03 4.408510000000000080e-06
9.863000000000000000e+03 4.425229999999999981e-06
9.864000000000000000e+03 4.441959999999999735e-06
9.865000000000000000e+03 4.458710000000000040e-06
9.866000000000000000e+03 4.475470000000000198e-06
9.867000000000000000e+03 4.492199999999999952e-06
9.868000000000000000e+03 4.508960000000000110e-06
9.869000000000000000e+03 4.525699999999999715e-06
9.870000000000000000e+03 4.542479999999999579e-06
9.871000000000000000e+03 4.559249999999999589e-06
9.872000000000000000e+03 4.575999999999999895e-06
9.873000000000000000e+03 4.592769999999999905e-06
9.874000000000000000e+03 4.609539999999999916e-06
9.875000000000000000e+03 4.626329999999999631e-06
9.876000000000000000e+03 4.643099999999999642e-06
9.877000000000000000e+03 4.659880000000000352e-06
9.878000000000000000e+03 4.676650000000000362e-06
9.879000000000000000e+03 4.693459999999999783e-06
9.880000000000000000e+03 4.710279999999999903e-06
9.881000000000000000e+03 4.727049999999999914e-06
9.882000000000000000e+03 4.743850000000000329e-06
9.883000000000000000e+03 4.722109999999999924e-06
9.884000000000000000e+03 4.605850000000000125e-06
9.885000000000000000e+03 4.489899999999999990e-06
9.886000000000000000e+03 4.373810000000000226e-06
9.887000000000000000e+03 4.257800000000000129e-06
9.888000000000000000e+03 4.141430000000000259e-06
9.889000000000000000e+03 4.025360000000000200e-06
9.890000000000000000e+03 3.909149999999999664e-06
9.891000000000000000e+03 3.792580000000000202e-06
9.892000000000000000e+03 3.676119999999999965e-06
9.893000000000000000e+03 3.559299999999999956e-06
9.894000000000000000e+03 3.442820000000000014e-06
9.895000000000000000e+03 3.326209999999999872e-06
9.896000000000000000e+03 3.209709999999999801e-06
9.897000000000000000e+03 3.092859999999999810e-06
9.898000000000000000e+03 2.976340000000000035e-06
9.899000000000000000e+03 2.859699999999999912e-06
9.900000000000000000e+03 2.743049999999999936e-06
9.901000000000000000e+03 2.626719999999999899e-06
9.902000000000000000e+03 2.510019999999999814e-06
9.903000000000000000e+03 2.393640000000000091e-06
9.904000000000000000e+03 2.277110000000000040e-06
9.905000000000000000e+03 2.160669999999999931e-06
9.906000000000000000e+03 2.043860000000000198e-06
9.907000000000000000e+03 1.927360000000000127e-06
9.908000000000000000e+03 1.810720000000000004e-06
9.909000000000000000e+03 1.694170000000000036e-06
9.910000000000000000e+03 1.577350000000000026e-06
9.911000000000000000e+03 1.460510000000000099e-06
9.912000000000000000e+03 1.343869999999999976e-06
9.913000000000000000e+03 1.227079999999999947e-06
9.914000000000000000e+03 1.110380000000000074e-06
9.915000000000000000e+03 9.933070000000000681e-07
9.916000000000000000e+03 8.765499999999999974e-07
9.917000000000000000e+03 7.596500000000000028e-07
9.918000000000000000e+03 6.428369999999999745e-07
9.919000000000000000e+03 5.257660000000000243e-07
9.920000000000000000e+03 4.086680000000000169e-07
9.921000000000000000e+03 2.917689999999999970e-07
9.922000000000000000e+03 1.747270000000000002e-07
9.923000000000000000e+03 1.416340000000000095e-07
9.924000000000000000e+03 3.250199999999999815e-07
9.925000000000000000e+03 5.082710000000000122e-07
9.926000000000000000e+03 6.915649999999999593e-07
9.927000000000000000e+03 8.747239999999999915e-07
9.928000000000000000e+03 1.058279999999999971e-06
9.929000000000000000e+03 1.241709999999999966e-06
9.930000000000000000e+03 1.425180000000000007e-06
9.931000000000000000e+03 1.608690000000000093e-06
9.932000000000000000e+03 1.792240000000000013e-06
9.933000000000000000e+03 1.975840000000000043e-06
9.934000000000000000e+03 2.159469999999999841e-06
9.935000000000000000e+03 2.343160000000000026e-06
9.936000000000000000e+03 2.526699999999999881e-06
9.937000000000000000e+03 2.710650000000000043e-06
9.938000000000000000e+03 2.894460000000000151e-06
9.939000000000000000e+03 3.078310000000000094e-06
9.940000000000000000e+03 3.262210000000000146e-06
9.941000000000000000e+03 3.445849999999999797e-06
9.942000000000000000e+03 3.629500000000000148e-06
9.943000000000000000e+03 3.744140000000000121e-06
9.944000000000000000e+03 3.676280000000000147e-06
9.945000000000000000e+03 3.608480000000000135e-06
9.946000000000000000e+03 3.540549999999999923e-06
9.947000000000000000e+03 3.472680000000000097e-06
9.948000000000000000e+03 3.404799999999999995e-06
9.949000000000000000e+03 3.336990000000000131e-06
9.950000000000000000e+03 3.269039999999999790e-06
9.951000000000000000e+03 3.201420000000000089e-06
9.952000000000000000e+03 3.133790000000000111e-06
9.953000000000000000e+03 3.066140000000000005e-06
9.954000000000000000e+03 2.998470000000000194e-06
9.955000000000000000e+03 2.930790000000000107e-06
9.956000000000000000e+03 2.863089999999999891e-06
9.957000000000000000e+03 2.795379999999999823e-06
9.958000000000000000e+03 2.727719999999999864e-06
9.959000000000000000e+03 2.659910000000000000e-06
9.960000000000000000e+03 2.592149999999999822e-06
9.961000000000000000e+03 2.524369999999999939e-06
9.962000000000000000e+03 2.456580000000000203e-06
9.963000000000000000e+03 2.388769999999999916e-06
9.964000000000000000e+03 2.320950000000000199e-06
9.965000000000000000e+03 2.253109999999999931e-06
9.966000000000000000e+03 2.185249999999999957e-06
9.967000000000000000e+03 2.117449999999999945e-06
9.968000000000000000e+03 2.049500000000000028e-06
9.969000000000000000e+03 1.981599999999999798e-06
9.970000000000000000e+03 1.913690000000000138e-06
9.971000000000000000e+03 1.845750000000000073e-06
9.972000000000000000e+03 1.777810000000000009e-06
9.973000000000000000e+03 1.709839999999999964e-06
9.974000000000000000e+03 1.641860000000000066e-06
9.975000000000000000e+03 1.573870000000000103e-06
9.976000000000000000e+03 1.505860000000000012e-06
9.977000000000000000e+03 1.437840000000000069e-06
9.978000000000000000e+03 1.369799999999999997e-06
9.979000000000000000e+03 1.301750000000000073e-06
9.980000000000000000e+03 1.233690000000000084e-06
9.981000000000000000e+03 1.165599999999999902e-06
9.982000000000000000e+03 1.097500000000000080e-06
9.983000000000000000e+03 1.073239999999999994e-06
9.984000000000000000e+03 1.171450000000000024e-06
9.985000000000000000e+03 1.269690000000000036e-06
9.986000000000000000e+03 1.367949999999999964e-06
9.987000000000000000e+03 1.466219999999999957e-06
9.988000000000000000e+03 1.564519999999999930e-06
9.989000000000000000e+03 1.662740000000000025e-06
9.990000000000000000e+03 1.761169999999999987e-06
9.991000000000000000e+03 1.859369999999999953e-06
9.992000000000000000e+03 1.957570000000000131e-06
9.993000000000000000e+03 2.055780000000000161e-06
9.994000000000000000e+03 2.153990000000000192e-06
9.995000000000000000e+03 2.252199999999999799e-06
9.996000000000000000e+03 2.350420000000000105e-06
9.997000000000000000e+03 2.448639999999999988e-06
9.998000000000000000e+03 2.546859999999999871e-06
9.999000000000000000e+03 2.645090000000000030e-06
1.000000000000000000e+04 2.743320000000000189e-06
1.000100000000000000e+04 2.841949999999999954e-06
1.000200000000000000e+04 2.940619999999999977e-06
1.000300000000000000e+04 3.011329999999999847e-06
1.000400000000000000e+04 3.001939999999999841e-06
1.000500000000000000e+04 2.992530000000000129e-06
1.000600000000000000e+04 2.983129999999999846e-06
1.000700000000000000e+04 2.973720000000000134e-06
1.000800000000000000e+04 2.964309999999999999e-06
1.000900000000000000e+04 2.954899999999999864e-06
1.001000000000000000e+04 2.945479999999999876e-06
1.001100000000000000e+04 2.936050000000000036e-06
1.001200000000000000e+04 2.926630000000000048e-06
1.001300000000000000e+04 2.917200000000000208e-06
1.001400000000000000e+04 2.907769999999999944e-06
1.001500000000000000e+04 2.898329999999999828e-06
1.001600000000000000e+04 2.888890000000000135e-06
1.001700000000000000e+04 2.879450000000000019e-06
1.001800000000000000e+04 2.870000000000000050e-06
1.001900000000000000e+04 2.860550000000000081e-06
1.002000000000000000e+04 2.851089999999999836e-06
1.002100000000000000e+04 2.841639999999999868e-06
1.002200000000000000e+04 2.832170000000000194e-06
1.002300000000000000e+04 2.822709999999999949e-06
1.002400000000000000e+04 2.813239999999999852e-06
1.002500000000000000e+04 2.803770000000000178e-06
1.002600000000000000e+04 2.794289999999999804e-06
1.002700000000000000e+04 2.784809999999999854e-06
1.002800000000000000e+04 2.775329999999999905e-06
1.002900000000000000e+04 2.765849999999999955e-06
1.003000000000000000e+04 2.756360000000000152e-06
1.003100000000000000e+04 2.746860000000000074e-06
1.003200000000000000e+04 2.737369999999999848e-06
1.003300000000000000e+04 2.727859999999999917e-06
1.003400000000000000e+04 2.718359999999999838e-06
1.003500000000000000e+04 2.708849999999999907e-06
1.003600000000000000e+04 2.699339999999999976e-06
1.003700000000000000e+04 2.689830000000000045e-06
1.003800000000000000e+04 2.680320000000000115e-06
1.003900000000000000e+04 2.670799999999999908e-06
1.004000000000000000e+04 2.661269999999999848e-06
1.004100000000000000e+04 2.651520000000000068e-06
1.004200000000000000e+04 2.641750000000000160e-06
1.004300000000000000e+04 2.615040000000000208e-06
1.004400000000000000e+04 2.536910000000000076e-06
1.004500000000000000e+04 2.458770000000000093e-06
1.004600000000000000e+04 2.380619999999999833e-06
1.004700000000000000e+04 2.302449999999999868e-06
1.004800000000000000e+04 2.224279999999999903e-06
1.004900000000000000e+04 2.146169999999999901e-06
1.005000000000000000e+04 2.067900000000000140e-06
1.005100000000000000e+04 1.989790000000000138e-06
1.005200000000000000e+04 1.911809999999999912e-06
1.005300000000000000e+04 1.833720000000000038e-06
1.005400000000000000e+04 1.755610000000000035e-06
1.005500000000000000e+04 1.677410000000000089e-06
1.005600000000000000e+04 1.599330000000000068e-06
1.005700000000000000e+04 1.521150000000000039e-06
1.005800000000000000e+04 1.443019999999999908e-06
1.005900000000000000e+04 1.364719999999999954e-06
1.006000000000000000e+04 1.286390000000000020e-06
1.006100000000000000e+04 1.208199999999999926e-06
1.006200000000000000e+04 1.129899999999999973e-06
1.006300000000000000e+04 1.082020000000000103e-06
1.006400000000000000e+04 1.129690000000000106e-06
1.006500000000000000e+04 1.177229999999999908e-06
1.006600000000000000e+04 1.224839999999999948e-06
1.006700000000000000e+04 1.272409999999999944e-06
1.006800000000000000e+04 1.320090000000000011e-06
1.006900000000000000e+04 1.367730000000000032e-06
1.007000000000000000e+04 1.415389999999999971e-06
1.007100000000000000e+04 1.463059999999999973e-06
1.007200000000000000e+04 1.510699999999999995e-06
1.007300000000000000e+04 1.558499999999999986e-06
1.007400000000000000e+04 1.606169999999999989e-06
1.007500000000000000e+04 1.653890000000000101e-06
1.007600000000000000e+04 1.701590000000000085e-06
1.007700000000000000e+04 1.749439999999999974e-06
1.007800000000000000e+04 1.797160000000000086e-06
1.007900000000000000e+04 1.844950000000000013e-06
1.008000000000000000e+04 1.892750000000000005e-06
1.008100000000000000e+04 1.940510000000000162e-06
1.008200000000000000e+04 1.988429999999999866e-06
1.008300000000000000e+04 2.045609999999999800e-06
1.008400000000000000e+04 2.133039999999999994e-06
1.008500000000000000e+04 2.220399999999999951e-06
1.008600000000000000e+04 2.308049999999999865e-06
1.008700000000000000e+04 2.395470000000000208e-06
1.008800000000000000e+04 2.483000000000000198e-06
1.008900000000000000e+04 2.570469999999999803e-06
1.009000000000000000e+04 2.658129999999999993e-06
1.009100000000000000e+04 2.745820000000000165e-06
1.009200000000000000e+04 2.833360000000000008e-06
1.009300000000000000e+04 2.921009999999999923e-06
1.009400000000000000e+04 3.008599999999999875e-06
1.009500000000000000e+04 3.096480000000000209e-06
1.009600000000000000e+04 3.184119999999999848e-06
1.009700000000000000e+04 3.271869999999999982e-06
1.009800000000000000e+04 3.359560000000000154e-06
1.009900000000000000e+04 3.447449999999999917e-06
1.010000000000000000e+04 3.535370000000000085e-06
1.010100000000000000e+04 3.623130000000000071e-06
1.010200000000000000e+04 3.711000000000000130e-06
1.010300000000000000e+04 3.758569999999999913e-06
1.010400000000000000e+04 3.671770000000000168e-06
1.010500000000000000e+04 3.585029999999999962e-06
1.010600000000000000e+04 3.498270000000000050e-06
1.010700000000000000e+04 3.411559999999999825e-06
1.010800000000000000e+04 3.324659999999999861e-06
1.010900000000000000e+04 3.237819999999999859e-06
1.011000000000000000e+04 3.150949999999999876e-06
1.011100000000000000e+04 3.063800000000000211e-06
1.011200000000000000e+04 2.976629999999999993e-06
1.011300000000000000e+04 2.889449999999999923e-06
1.011400000000000000e+04 2.802269999999999853e-06
1.011500000000000000e+04 2.715070000000000078e-06
1.011600000000000000e+04 2.627949999999999970e-06
1.011700000000000000e+04 2.540649999999999976e-06
1.011800000000000000e+04 2.453430000000000073e-06
1.011900000000000000e+04 2.366190000000000041e-06
1.012000000000000000e+04 2.278940000000000156e-06
1.012100000000000000e+04 2.191870000000000158e-06
1.012200000000000000e+04 2.104780000000000031e-06
1.012300000000000000e+04 2.027969999999999914e-06
1.012400000000000000e+04 1.986509999999999807e-06
1.012500000000000000e+04 1.945089999999999956e-06
1.012600000000000000e+04 1.903570000000000098e-06
1.012700000000000000e+04 1.862080000000000009e-06
1.012800000000000000e+04 1.820580000000000067e-06
1.012900000000000000e+04 1.779070000000000061e-06
1.013000000000000000e+04 1.737549999999999991e-06
1.013100000000000000e+04 1.696010000000000004e-06
1.013200000000000000e+04 1.654459999999999953e-06
1.013300000000000000e+04 1.612900000000000050e-06
1.013400000000000000e+04 1.571330000000000082e-06
1.013500000000000000e+04 1.529750000000000050e-06
1.013600000000000000e+04 1.488150000000000101e-06
1.013700000000000000e+04 1.446549999999999940e-06
1.013800000000000000e+04 1.404969999999999908e-06
1.013900000000000000e+04 1.363299999999999932e-06
1.014000000000000000e+04 1.321659999999999938e-06
1.014100000000000000e+04 1.280000000000000027e-06
1.014200000000000000e+04 1.238339999999999904e-06
1.014300000000000000e+04 1.246359999999999998e-06
1.014400000000000000e+04 1.429909999999999918e-06
1.014500000000000000e+04 1.613500000000000095e-06
1.014600000000000000e+04 1.797150000000000022e-06
1.014700000000000000e+04 1.980660000000000108e-06
1.014800000000000000e+04 2.164590000000000141e-06
1.014900000000000000e+04 2.348389999999999974e-06
1.015000000000000000e+04 2.532230000000000064e-06
1.015100000000000000e+04 2.716130000000000116e-06
1.015200000000000000e+04 2.900070000000000001e-06
1.015300000000000000e+04 3.084059999999999996e-06
1.015400000000000000e+04 3.268109999999999954e-06
1.015500000000000000e+04 3.452200000000000168e-06
1.015600000000000000e+04 3.636340000000000069e-06
1.015700000000000000e+04 3.820529999999999655e-06
1.015800000000000000e+04 4.004779999999999628e-06
1.015900000000000000e+04 4.189069999999999857e-06
1.016000000000000000e+04 4.373410000000000196e-06
1.016100000000000000e+04 4.557799999999999798e-06
1.016200000000000000e+04 4.742240000000000356e-06
1.016300000000000000e+04 4.856070000000000417e-06
1.016400000000000000e+04 4.711679999999999585e-06
1.016500000000000000e+04 4.567250000000000190e-06
1.016600000000000000e+04 4.422790000000000391e-06
1.016700000000000000e+04 4.278279999999999635e-06
1.016800000000000000e+04 4.133740000000000168e-06
1.016900000000000000e+04 3.989010000000000116e-06
1.017000000000000000e+04 3.844529999999999764e-06
1.017100000000000000e+04 3.699869999999999950e-06
1.017200000000000000e+04 3.555160000000000026e-06
1.017300000000000000e+04 3.410420000000000121e-06
1.017400000000000000e+04 3.265639999999999959e-06
1.017500000000000000e+04 3.120819999999999963e-06
1.017600000000000000e+04 2.975960000000000133e-06
1.017700000000000000e+04 2.831060000000000047e-06
1.017800000000000000e+04 2.686129999999999979e-06
1.017900000000000000e+04 2.541149999999999802e-06
1.018000000000000000e+04 2.396140000000000067e-06
1.018100000000000000e+04 2.250890000000000060e-06
1.018200000000000000e+04 2.105630000000000201e-06
1.018300000000000000e+04 1.987049999999999889e-06
1.018400000000000000e+04 1.968910000000000178e-06
1.018500000000000000e+04 1.950770000000000044e-06
1.018600000000000000e+04 1.932620000000000057e-06
1.018700000000000000e+04 1.914479999999999922e-06
1.018800000000000000e+04 1.896329999999999935e-06
1.018900000000000000e+04 1.878179999999999948e-06
1.019000000000000000e+04 1.860029999999999960e-06
1.019100000000000000e+04 1.842020000000000026e-06
1.019200000000000000e+04 1.824030000000000009e-06
1.019300000000000000e+04 1.806020000000000074e-06
1.019400000000000000e+04 1.788019999999999993e-06
1.019500000000000000e+04 1.769999999999999994e-06
1.019600000000000000e+04 1.751979999999999995e-06
1.019700000000000000e+04 1.733949999999999933e-06
1.019800000000000000e+04 1.715920000000000082e-06
1.019900000000000000e+04 1.697890000000000019e-06
1.020000000000000000e+04 1.679829999999999975e-06
1.020100000000000000e+04 1.661809999999999976e-06
1.020200000000000000e+04 1.643770000000000061e-06
1.020300000000000000e+04 1.675070000000000083e-06
1.020400000000000000e+04 1.898799999999999930e-06
1.020500000000000000e+04 2.122580000000000098e-06
1.020600000000000000e+04 2.346430000000000081e-06
1.020700000000000000e+04 2.570340000000000026e-06
1.020800000000000000e+04 2.794309999999999933e-06
1.020900000000000000e+04 3.018559999999999946e-06
1.021000000000000000e+04 3.242439999999999910e-06
1.021100000000000000e+04 3.466590000000000127e-06
1.021200000000000000e+04 3.690799999999999883e-06
1.021300000000000000e+04 3.915289999999999744e-06
1.021400000000000000e+04 4.139399999999999704e-06
1.021500000000000000e+04 4.363789999999999770e-06
1.021600000000000000e+04 4.588249999999999650e-06
1.021700000000000000e+04 4.812759999999999640e-06
1.021800000000000000e+04 5.037329999999999593e-06
1.021900000000000000e+04 5.261960000000000354e-06
1.022000000000000000e+04 5.486660000000000083e-06
1.022100000000000000e+04 5.711409999999999922e-06
1.022200000000000000e+04 5.936430000000000014e-06
1.022300000000000000e+04 6.079329999999999950e-06
1.022400000000000000e+04 5.893829999999999778e-06
1.022500000000000000e+04 5.708280000000000343e-06
1.022600000000000000e+04 5.522679999999999952e-06
1.022700000000000000e+04 5.337030000000000298e-06
1.022800000000000000e+04 5.151329999999999687e-06
1.022900000000000000e+04 4.965579999999999814e-06
1.023000000000000000e+04 4.779779999999999831e-06
1.023100000000000000e+04 4.593739999999999999e-06
1.023200000000000000e+04 4.408019999999999683e-06
1.023300000000000000e+04 4.222070000000000219e-06
1.023400000000000000e+04 4.036069999999999797e-06
1.023500000000000000e+04 3.849830000000000374e-06
1.023600000000000000e+04 3.663910000000000043e-06
1.023700000000000000e+04 3.477760000000000140e-06
1.023800000000000000e+04 3.291740000000000014e-06
1.023900000000000000e+04 3.105310000000000005e-06
1.024000000000000000e+04 2.918829999999999886e-06
1.024100000000000000e+04 2.732670000000000130e-06
1.024200000000000000e+04 2.546270000000000102e-06
1.024300000000000000e+04 2.395839999999999833e-06
1.024400000000000000e+04 2.395659999999999947e-06
1.024500000000000000e+04 2.395489999999999913e-06
1.024600000000000000e+04 2.395319999999999879e-06
1.024700000000000000e+04 2.395139999999999992e-06
1.024800000000000000e+04 2.394969999999999958e-06
1.024900000000000000e+04 2.394799999999999924e-06
1.025000000000000000e+04 2.394620000000000038e-06
1.025100000000000000e+04 2.394450000000000004e-06
1.025200000000000000e+04 2.394270000000000117e-06
1.025300000000000000e+04 2.394089999999999807e-06
1.025400000000000000e+04 2.393920000000000197e-06
1.025500000000000000e+04 2.393739999999999887e-06
1.025600000000000000e+04 2.393560000000000000e-06
1.025700000000000000e+04 2.393389999999999967e-06
1.025800000000000000e+04 2.393210000000000080e-06
1.025900000000000000e+04 2.393030000000000194e-06
1.026000000000000000e+04 2.392849999999999884e-06
1.026100000000000000e+04 2.392679999999999850e-06
1.026200000000000000e+04 2.392499999999999963e-06
1.026300000000000000e+04 2.427619999999999976e-06
1.026400000000000000e+04 2.614749999999999826e-06
1.026500000000000000e+04 2.801749999999999899e-06
1.026600000000000000e+04 2.989350000000000017e-06
1.026700000000000000e+04 3.176449999999999886e-06
1.026800000000000000e+04 3.363780000000000174e-06
1.026900000000000000e+04 3.551160000000000149e-06
1.027000000000000000e+04 3.738409999999999923e-06
1.027100000000000000e+04 3.926240000000000037e-06
1.027200000000000000e+04 4.113580000000000178e-06
1.027300000000000000e+04 4.301150000000000315e-06
1.027400000000000000e+04 4.488579999999999976e-06
1.027500000000000000e+04 4.676610000000000105e-06
1.027600000000000000e+04 4.864139999999999985e-06
1.027700000000000000e+04 5.051899999999999861e-06
1.027800000000000000e+04 5.239520000000000108e-06
1.027900000000000000e+04 5.427560000000000090e-06
1.028000000000000000e+04 5.615640000000000329e-06
1.028100000000000000e+04 5.802909999999999808e-06
1.028200000000000000e+04 5.990369999999999873e-06
1.028300000000000000e+04 6.113380000000000073e-06
1.028400000000000000e+04 5.946829999999999948e-06
1.028500000000000000e+04 5.780430000000000152e-06
1.028600000000000000e+04 5.614009999999999804e-06
1.028700000000000000e+04 5.447739999999999785e-06
1.028800000000000000e+04 5.281129999999999698e-06
1.028900000000000000e+04 5.114509999999999758e-06
1.029000000000000000e+04 4.948200000000000329e-06
1.029100000000000000e+04 4.782120000000000049e-06
1.029200000000000000e+04 4.616159999999999693e-06
1.029300000000000000e+04 4.449829999999999712e-06
1.029400000000000000e+04 4.283630000000000354e-06
1.029500000000000000e+04 4.117380000000000040e-06
1.029600000000000000e+04 3.951249999999999650e-06
1.029700000000000000e+04 3.784759999999999911e-06
1.029800000000000000e+04 3.618379999999999820e-06
1.029900000000000000e+04 3.451970000000000172e-06
1.030000000000000000e+04 3.285509999999999990e-06
1.030100000000000000e+04 3.119009999999999975e-06
1.030200000000000000e+04 2.952459999999999850e-06
1.030300000000000000e+04 2.827659999999999791e-06
1.030400000000000000e+04 2.897469999999999806e-06
1.030500000000000000e+04 2.967230000000000134e-06
1.030600000000000000e+04 3.037149999999999797e-06
1.030700000000000000e+04 3.107009999999999921e-06
1.030800000000000000e+04 3.176890000000000173e-06
1.030900000000000000e+04 3.246790000000000131e-06
1.031000000000000000e+04 3.316699999999999941e-06
1.031100000000000000e+04 3.386629999999999879e-06
1.031200000000000000e+04 3.456579999999999946e-06
1.031300000000000000e+04 3.526539999999999866e-06
1.031400000000000000e+04 3.596519999999999914e-06
1.031500000000000000e+04 3.666520000000000091e-06
1.031600000000000000e+04 3.736530000000000121e-06
1.031700000000000000e+04 3.806570000000000131e-06
1.031800000000000000e+04 3.876550000000000179e-06
1.031900000000000000e+04 3.946680000000000133e-06
1.032000000000000000e+04 4.016769999999999830e-06
1.032100000000000000e+04 4.086860000000000373e-06
1.032200000000000000e+04 4.156979999999999627e-06
1.032300000000000000e+04 4.230850000000000328e-06
1.032400000000000000e+04 4.322760000000000097e-06
1.032500000000000000e+04 4.414700000000000270e-06
1.032600000000000000e+04 4.506660000000000148e-06
1.032700000000000000e+04 4.598560000000000065e-06
1.032800000000000000e+04 4.690649999999999720e-06
1.032900000000000000e+04 4.782680000000000260e-06
1.033000000000000000e+04 4.874729999999999659e-06
1.033100000000000000e+04 4.966799999999999609e-06
1.033200000000000000e+04 5.058890000000000111e-06
1.033300000000000000e+04 5.151010000000000171e-06
1.033400000000000000e+04 5.243140000000000083e-06
1.033500000000000000e+04 5.335300000000000401e-06
1.033600000000000000e+04 5.427480000000000423e-06
1.033700000000000000e+04 5.519690000000000002e-06
1.033800000000000000e+04 5.611910000000000281e-06
1.033900000000000000e+04 5.704160000000000118e-06
1.034000000000000000e+04 5.796429999999999660e-06
1.034100000000000000e+04 5.888719999999999754e-06
1.034200000000000000e+04 5.981040000000000252e-06
1.034300000000000000e+04 6.042610000000000240e-06
1.034400000000000000e+04 5.949659999999999716e-06
1.034500000000000000e+04 5.856679999999999634e-06
1.034600000000000000e+04 5.763679999999999846e-06
1.034700000000000000e+04 5.670660000000000354e-06
1.034800000000000000e+04 5.577620000000000310e-06
1.034900000000000000e+04 5.484460000000000341e-06
1.035000000000000000e+04 5.391459999999999707e-06
1.035100000000000000e+04 5.298349999999999848e-06
1.035200000000000000e+04 5.205209999999999584e-06
1.035300000000000000e+04 5.112049999999999616e-06
1.035400000000000000e+04 5.018860000000000090e-06
1.035500000000000000e+04 4.925659999999999864e-06
1.035600000000000000e+04 4.832430000000000080e-06
1.035700000000000000e+04 4.739179999999999745e-06
1.035800000000000000e+04 4.645909999999999705e-06
1.035900000000000000e+04 4.552610000000000107e-06
1.036000000000000000e+04 4.459289999999999957e-06
1.036100000000000000e+04 4.365940000000000249e-06
1.036200000000000000e+04 4.272579999999999842e-06
1.036300000000000000e+04 4.212780000000000008e-06
1.036400000000000000e+04 4.327860000000000268e-06
1.036500000000000000e+04 4.442960000000000233e-06
1.036600000000000000e+04 4.558089999999999756e-06
1.036700000000000000e+04 4.673249999999999683e-06
1.036800000000000000e+04 4.788440000000000015e-06
1.036900000000000000e+04 4.903650000000000052e-06
1.037000000000000000e+04 5.018889999999999647e-06
1.037100000000000000e+04 5.134269999999999718e-06
1.037200000000000000e+04 5.249450000000000198e-06
1.037300000000000000e+04 5.364770000000000306e-06
1.037400000000000000e+04 5.480110000000000120e-06
1.037500000000000000e+04 5.595490000000000191e-06
1.037600000000000000e+04 5.710889999999999967e-06
1.037700000000000000e+04 5.826320000000000148e-06
1.037800000000000000e+04 5.941770000000000034e-06
1.037900000000000000e+04 6.057260000000000176e-06
1.038000000000000000e+04 6.172880000000000096e-06
1.038100000000000000e+04 6.288299999999999577e-06
1.038200000000000000e+04 6.403860000000000382e-06
1.038300000000000000e+04 6.497540000000000305e-06
1.038400000000000000e+04 6.472939999999999727e-06
1.038500000000000000e+04 6.448330000000000144e-06
1.038600000000000000e+04 6.423719999999999714e-06
1.038700000000000000e+04 6.399089999999999578e-06
1.038800000000000000e+04 6.374460000000000290e-06
1.038900000000000000e+04 6.349809999999999603e-06
1.039000000000000000e+04 6.325190000000000167e-06
1.039100000000000000e+04 6.300540000000000327e-06
1.039200000000000000e+04 6.275879999999999787e-06
1.039300000000000000e+04 6.251189999999999690e-06
1.039400000000000000e+04 6.226549999999999702e-06
1.039500000000000000e+04 6.201870000000000305e-06
1.039600000000000000e+04 6.177199999999999912e-06
1.039700000000000000e+04 6.152509999999999815e-06
1.039800000000000000e+04 6.127809999999999865e-06
1.039900000000000000e+04 6.103119999999999768e-06
1.040000000000000000e+04 6.078409999999999965e-06
1.040100000000000000e+04 6.053719999999999868e-06
1.040200000000000000e+04 6.029000000000000213e-06
1.040300000000000000e+04 6.015079999999999676e-06
1.040400000000000000e+04 6.061929999999999913e-06
1.040500000000000000e+04 6.108780000000000151e-06
1.040600000000000000e+04 6.155650000000000093e-06
1.040700000000000000e+04 6.202529999999999888e-06
1.040800000000000000e+04 6.249420000000000383e-06
1.040900000000000000e+04 6.296329999999999736e-06
1.041000000000000000e+04 6.343239999999999935e-06
1.041100000000000000e+04 6.390200000000000245e-06
1.041200000000000000e+04 6.437089999999999892e-06
1.041300000000000000e+04 6.484029999999999650e-06
1.041400000000000000e+04 6.530989999999999959e-06
1.041500000000000000e+04 6.578000000000000378e-06
1.041600000000000000e+04 6.624930000000000283e-06
1.041700000000000000e+04 6.671920000000000149e-06
1.041800000000000000e+04 6.718869999999999759e-06
1.041900000000000000e+04 6.765919999999999588e-06
1.042000000000000000e+04 6.812989999999999969e-06
1.042100000000000000e+04 6.859969999999999984e-06
1.042200000000000000e+04 6.907009999999999960e-06
1.042300000000000000e+04 6.979319999999999951e-06
1.042400000000000000e+04 7.203130000000000100e-06
1.042500000000000000e+04 7.426339999999999781e-06
1.042600000000000000e+04 7.649809999999999862e-06
1.042700000000000000e+04 7.873120000000000609e-06
1.042800000000000000e+04 8.096930000000000758e-06
1.042900000000000000e+04 8.320780000000000317e-06
1.043000000000000000e+04 8.544250000000000399e-06
1.043100000000000000e+04 8.767990000000000733e-06
1.043200000000000000e+04 8.991550000000000334e-06
1.043300000000000000e+04 9.215829999999999481e-06
1.043400000000000000e+04 9.439510000000000701e-06
1.043500000000000000e+04 9.663460000000000479e-06
1.043600000000000000e+04 9.887240000000000224e-06
1.043700000000000000e+04 1.011170000000000010e-05
1.043800000000000000e+04 1.033559999999999977e-05
1.043900000000000000e+04 1.055980000000000010e-05
1.044000000000000000e+04 1.078400000000000043e-05
1.044100000000000000e+04 1.100800000000000032e-05
1.044200000000000000e+04 1.123280000000000026e-05
1.044300000000000000e+04 1.140440000000000045e-05
1.044400000000000000e+04 1.125029999999999967e-05
1.044500000000000000e+04 1.109639999999999933e-05
1.044600000000000000e+04 1.094189999999999937e-05
1.044700000000000000e+04 1.078780000000000029e-05
1.044800000000000000e+04 1.063359999999999929e-05
1.044900000000000000e+04 1.047929999999999977e-05
1.045000000000000000e+04 1.032520000000000069e-05
1.045100000000000000e+04 1.016960000000000001e-05
1.045200000000000000e+04 1.001450000000000043e-05
1.045300000000000000e+04 9.859300000000000624e-06
1.045400000000000000e+04 9.704190000000000342e-06
1.045500000000000000e+04 9.548609999999999368e-06
1.045600000000000000e+04 9.393490000000000081e-06
1.045700000000000000e+04 9.238200000000000760e-06
1.045800000000000000e+04 9.083049999999999374e-06
1.045900000000000000e+04 8.927600000000000718e-06
1.046000000000000000e+04 8.772130000000000663e-06
1.046100000000000000e+04 8.617689999999999818e-06
1.046200000000000000e+04 8.463059999999999233e-06
1.046300000000000000e+04 8.356049999999999388e-06
1.046400000000000000e+04 8.559369999999999332e-06
1.046500000000000000e+04 8.762139999999999764e-06
1.046600000000000000e+04 8.965169999999999750e-06
1.046700000000000000e+04 9.168040000000000401e-06
1.046800000000000000e+04 9.371349999999999646e-06
1.046900000000000000e+04 9.574710000000000694e-06
1.047000000000000000e+04 9.777729999999999980e-06
1.047100000000000000e+04 9.980980000000000109e-06
1.047200000000000000e+04 1.018409999999999961e-05
1.047300000000000000e+04 1.038760000000000029e-05
1.047400000000000000e+04 1.059100000000000075e-05
1.047500000000000000e+04 1.079449999999999973e-05
1.047600000000000000e+04 1.099769999999999975e-05
1.047700000000000000e+04 1.120149999999999939e-05
1.047800000000000000e+04 1.140510000000000029e-05
1.047900000000000000e+04 1.160869999999999949e-05
1.048000000000000000e+04 1.181240000000000061e-05
1.048100000000000000e+04 1.201610000000000003e-05
1.048200000000000000e+04 1.221979999999999945e-05
1.048300000000000000e+04 1.244500000000000028e-05
1.048400000000000000e+04 1.281569999999999997e-05
1.048500000000000000e+04 1.318610000000000069e-05
1.048600000000000000e+04 1.355729999999999978e-05
1.048700000000000000e+04 1.392830000000000012e-05
1.048800000000000000e+04 1.429930000000000046e-05
1.048900000000000000e+04 1.467039999999999933e-05
1.049000000000000000e+04 1.504160000000000012e-05
1.049100000000000000e+04 1.541289999999999943e-05
1.049200000000000000e+04 1.578430000000000065e-05
1.049300000000000000e+04 1.615569999999999848e-05
1.049400000000000000e+04 1.652689999999999926e-05
1.049500000000000000e+04 1.689889999999999841e-05
1.049600000000000000e+04 1.727060000000000029e-05
1.049700000000000000e+04 1.764239999999999900e-05
1.049800000000000000e+04 1.801390000000000044e-05
1.049900000000000000e+04 1.838620000000000025e-05
1.050000000000000000e+04 1.875829999999999962e-05
1.050100000000000000e+04 1.912879999999999886e-05
1.050200000000000000e+04 1.949939999999999833e-05
1.050300000000000000e+04 1.982470000000000011e-05
1.050400000000000000e+04 1.982650000000000067e-05
1.050500000000000000e+04 1.982840000000000145e-05
1.050600000000000000e+04 1.983019999999999862e-05
1.050700000000000000e+04 1.983209999999999940e-05
1.050800000000000000e+04 1.983389999999999996e-05
1.050900000000000000e+04 1.983570000000000052e-05
1.051000000000000000e+04 1.983760000000000129e-05
1.051100000000000000e+04 1.983939999999999846e-05
1.051200000000000000e+04 1.984129999999999924e-05
1.051300000000000000e+04 1.984309999999999980e-05
1.051400000000000000e+04 1.984490000000000036e-05
1.051500000000000000e+04 1.984680000000000114e-05
1.051600000000000000e+04 1.984859999999999831e-05
1.051700000000000000e+04 1.985039999999999887e-05
1.051800000000000000e+04 1.985229999999999965e-05
1.051900000000000000e+04 1.985410000000000020e-05
1.052000000000000000e+04 1.985600000000000098e-05
1.052100000000000000e+04 1.985780000000000154e-05
1.052200000000000000e+04 1.985959999999999871e-05
1.052300000000000000e+04 1.990510000000000022e-05
1.052400000000000000e+04 2.027610000000000057e-05
1.052500000000000000e+04 2.064710000000000091e-05
1.052600000000000000e+04 2.101820000000000148e-05
1.052700000000000000e+04 2.138919999999999843e-05
1.052800000000000000e+04 2.176029999999999900e-05
1.052900000000000000e+04 2.213149999999999978e-05
1.053000000000000000e+04 2.250260000000000034e-05
1.053100000000000000e+04 2.287380000000000112e-05
1.053200000000000000e+04 2.324499999999999852e-05
1.053300000000000000e+04 2.361619999999999930e-05
1.053400000000000000e+04 2.398750000000000030e-05
1.053500000000000000e+04 2.435870000000000109e-05
1.053600000000000000e+04 2.472999999999999870e-05
1.053700000000000000e+04 2.510129999999999970e-05
1.053800000000000000e+04 2.547270000000000092e-05
1.053900000000000000e+04 2.584399999999999854e-05
1.054000000000000000e+04 2.621539999999999976e-05
1.054100000000000000e+04 2.658680000000000098e-05
1.054200000000000000e+04 2.695819999999999881e-05
1.054300000000000000e+04 2.737040000000000141e-05
1.054400000000000000e+04 2.810400000000000062e-05
1.054500000000000000e+04 2.883759999999999983e-05
1.054600000000000000e+04 2.957129999999999926e-05
1.054700000000000000e+04 3.030509999999999891e-05
1.054800000000000000e+04 3.103889999999999856e-05
1.054900000000000000e+04 3.177270000000000159e-05
1.055000000000000000e+04 3.250659999999999807e-05
1.055100000000000000e+04 3.324050000000000133e-05
1.055200000000000000e+04 3.397449999999999803e-05
1.055300000000000000e+04 3.470850000000000150e-05
1.055400000000000000e+04 3.544259999999999842e-05
1.055500000000000000e+04 3.617670000000000212e-05
1.055600000000000000e+04 3.691089999999999925e-05
1.055700000000000000e+04 3.764500000000000295e-05
1.055800000000000000e+04 3.837930000000000031e-05
1.055900000000000000e+04 3.911359999999999766e-05
1.056000000000000000e+04 3.984869999999999678e-05
1.056100000000000000e+04 4.058239999999999959e-05
1.056200000000000000e+04 4.131679999999999717e-05
1.056300000000000000e+04 4.202390000000000265e-05
1.056400000000000000e+04 4.250359999999999739e-05
1.056500000000000000e+04 4.298319999999999870e-05
1.056600000000000000e+04 4.346300000000000044e-05
1.056700000000000000e+04 4.394270000000000196e-05
1.056800000000000000e+04 4.442249999999999693e-05
1.056900000000000000e+04 4.490279999999999977e-05
1.057000000000000000e+04 4.538220000000000063e-05
1.057100000000000000e+04 4.586200000000000237e-05
1.057200000000000000e+04 4.634189999999999756e-05
1.057300000000000000e+04 4.682230000000000062e-05
1.057400000000000000e+04 4.730180000000000170e-05
1.057500000000000000e+04 4.778169999999999689e-05
1.057600000000000000e+04 4.826169999999999907e-05
1.057700000000000000e+04 4.874180000000000147e-05
1.057800000000000000e+04 4.922179999999999687e-05
1.057900000000000000e+04 4.970189999999999927e-05
1.058000000000000000e+04 5.018200000000000167e-05
1.058100000000000000e+04 5.066219999999999751e-05
1.058200000000000000e+04 5.114280000000000101e-05
1.058300000000000000e+04 5.167919999999999811e-05
1.058400000000000000e+04 5.272200000000000107e-05
1.058500000000000000e+04 5.376489999999999747e-05
1.058600000000000000e+04 5.480780000000000065e-05
1.058700000000000000e+04 5.585079999999999727e-05
1.058800000000000000e+04 5.689380000000000067e-05
1.058900000000000000e+04 5.793699999999999772e-05
1.059000000000000000e+04 5.898020000000000156e-05
1.059100000000000000e+04 6.002440000000000081e-05
1.059200000000000000e+04 6.106669999999999590e-05
1.059300000000000000e+04 6.211009999999999340e-05
1.059400000000000000e+04 6.315359999999999789e-05
1.059500000000000000e+04 6.419810000000000458e-05
1.059600000000000000e+04 6.524070000000000032e-05
1.059700000000000000e+04 6.628429999999999826e-05
1.059800000000000000e+04 6.732700000000000099e-05
1.059900000000000000e+04 6.837180000000000156e-05
1.060000000000000000e+04 6.941660000000000213e-05
1.060100000000000000e+04 7.045899999999999744e-05
1.060200000000000000e+04 7.150239999999999493e-05
1.060300000000000000e+04 7.255890000000000083e-05
1.060400000000000000e+04 7.375290000000000329e-05
1.060500000000000000e+04 7.494349999999999829e-05
1.060600000000000000e+04 7.613529999999999593e-05
1.060700000000000000e+04 7.732599999999999793e-05
1.060800000000000000e+04 7.851910000000000519e-05
1.060900000000000000e+04 7.971219999999999890e-05
1.061000000000000000e+04 8.090310000000000134e-05
1.061100000000000000e+04 8.209509999999999941e-05
1.061200000000000000e+04 8.328609999999999529e-05
1.061300000000000000e+04 8.448060000000000562e-05
1.061400000000000000e+04 8.567169999999999495e-05
1.061500000000000000e+04 8.686400000000000046e-05
1.061600000000000000e+04 8.805510000000000333e-05
1.061700000000000000e+04 8.924989999999999399e-05
1.061800000000000000e+04 9.044119999999999731e-05
1.061900000000000000e+04 9.163370000000000326e-05
1.062000000000000000e+04 9.282630000000000265e-05
1.062100000000000000e+04 9.401769999999999941e-05
1.062200000000000000e+04 9.521270000000000406e-05
1.062300000000000000e+04 9.640430000000000125e-05
1.062400000000000000e+04 9.759699999999999409e-05
1.062500000000000000e+04 9.878869999999999828e-05
1.062600000000000000e+04 9.998390000000000337e-05
1.062700000000000000e+04 1.011759999999999949e-04
1.062800000000000000e+04 1.023689999999999952e-04
1.062900000000000000e+04 1.035619999999999954e-04
1.063000000000000000e+04 1.047539999999999935e-04
1.063100000000000000e+04 1.059489999999999981e-04
1.063200000000000000e+04 1.071409999999999962e-04
1.063300000000000000e+04 1.083349999999999987e-04
1.063400000000000000e+04 1.095269999999999968e-04
1.063500000000000000e+04 1.107220000000000014e-04
1.063600000000000000e+04 1.119150000000000017e-04
1.063700000000000000e+04 1.131080000000000019e-04
1.063800000000000000e+04 1.143000000000000000e-04
1.063900000000000000e+04 1.154950000000000047e-04
1.064000000000000000e+04 1.166899999999999958e-04
1.064100000000000000e+04 1.178829999999999960e-04
1.064200000000000000e+04 1.190759999999999963e-04
1.064300000000000000e+04 1.202689999999999966e-04
1.064400000000000000e+04 1.214650000000000034e-04
1.064500000000000000e+04 1.226579999999999901e-04
1.064600000000000000e+04 1.238520000000000061e-04
1.064700000000000000e+04 1.250450000000000064e-04
1.064800000000000000e+04 1.262400000000000111e-04
1.064900000000000000e+04 1.274349999999999886e-04
1.065000000000000000e+04 1.286279999999999889e-04
1.065100000000000000e+04 1.298229999999999935e-04
1.065200000000000000e+04 1.310159999999999938e-04
1.065300000000000000e+04 1.322109999999999984e-04
1.065400000000000000e+04 1.334060000000000031e-04
1.065500000000000000e+04 1.345999999999999920e-04
1.065600000000000000e+04 1.357929999999999923e-04
1.065700000000000000e+04 1.369890000000000127e-04
1.065800000000000000e+04 1.381839999999999902e-04
1.065900000000000000e+04 1.393780000000000062e-04
1.066000000000000000e+04 1.405730000000000109e-04
1.066100000000000000e+04 1.417679999999999884e-04
1.066200000000000000e+04 1.429629999999999931e-04
1.066300000000000000e+04 1.441579999999999977e-04
1.066400000000000000e+04 1.453530000000000024e-04
1.066500000000000000e+04 1.465469999999999913e-04
1.066600000000000000e+04 1.477430000000000117e-04
1.066700000000000000e+04 1.489379999999999892e-04
1.066800000000000000e+04 1.501329999999999939e-04
1.066900000000000000e+04 1.513279999999999985e-04
1.067000000000000000e+04 1.525239999999999918e-04
1.067100000000000000e+04 1.537189999999999965e-04
1.067200000000000000e+04 1.549140000000000011e-04
1.067300000000000000e+04 1.558519999999999979e-04
1.067400000000000000e+04 1.537040000000000043e-04
1.067500000000000000e+04 1.515520000000000018e-04
1.067600000000000000e+04 1.494029999999999924e-04
1.067700000000000000e+04 1.472529999999999944e-04
1.067800000000000000e+04 1.456859999999999872e-04
1.067900000000000000e+04 1.512759999999999929e-04
1.068000000000000000e+04 1.568600000000000127e-04
1.068100000000000000e+04 1.624580000000000089e-04
1.068200000000000000e+04 1.680569999999999937e-04
1.068300000000000000e+04 1.732620000000000091e-04
1.068400000000000000e+04 1.735320000000000048e-04
1.068500000000000000e+04 1.738010000000000119e-04
1.068600000000000000e+04 1.740710000000000076e-04
1.068700000000000000e+04 1.743399999999999876e-04
1.068800000000000000e+04 1.749350000000000048e-04
1.068900000000000000e+04 1.796389999999999923e-04
1.069000000000000000e+04 1.843439999999999955e-04
1.069100000000000000e+04 1.890329999999999908e-04
1.069200000000000000e+04 1.937230000000000018e-04
1.069300000000000000e+04 1.978620000000000107e-04
1.069400000000000000e+04 1.948150000000000109e-04
1.069500000000000000e+04 1.917669999999999954e-04
1.069600000000000000e+04 1.887229999999999886e-04
1.069700000000000000e+04 1.856720000000000072e-04
1.069800000000000000e+04 1.830970000000000123e-04
1.069900000000000000e+04 1.867759999999999885e-04
1.070000000000000000e+04 1.904540000000000031e-04
1.070100000000000000e+04 1.941319999999999906e-04
1.070200000000000000e+04 1.978109999999999938e-04
1.070300000000000000e+04 2.009000000000000044e-04
1.070400000000000000e+04 1.960739999999999933e-04
1.070500000000000000e+04 1.912480000000000094e-04
1.070600000000000000e+04 1.864210000000000097e-04
1.070700000000000000e+04 1.815940000000000100e-04
1.070800000000000000e+04 1.762880000000000035e-04
1.070900000000000000e+04 1.643550000000000078e-04
1.071000000000000000e+04 1.524220000000000121e-04
1.071100000000000000e+04 1.404889999999999893e-04
1.071200000000000000e+04 1.285539999999999892e-04
1.071300000000000000e+04 1.187260000000000013e-04
1.071400000000000000e+04 1.385170000000000021e-04
1.071500000000000000e+04 1.583079999999999893e-04
1.071600000000000000e+04 1.781010000000000080e-04
1.071700000000000000e+04 1.978939999999999996e-04
1.071800000000000000e+04 2.193680000000000044e-04
1.071900000000000000e+04 2.655679999999999890e-04
1.072000000000000000e+04 3.117260000000000170e-04
1.072100000000000000e+04 3.578850000000000065e-04
1.072200000000000000e+04 4.040459999999999733e-04
1.072300000000000000e+04 4.487510000000000002e-04
1.072400000000000000e+04 4.719360000000000026e-04
1.072500000000000000e+04 4.951229999999999824e-04
1.072600000000000000e+04 5.183110000000000321e-04
1.072700000000000000e+04 5.414989999999999734e-04
1.072800000000000000e+04 5.623660000000000160e-04
1.072900000000000000e+04 5.477999999999999797e-04
1.073000000000000000e+04 5.332330000000000359e-04
1.073100000000000000e+04 5.186649999999999681e-04
1.073200000000000000e+04 5.040970000000000086e-04
1.073300000000000000e+04 4.899060000000000220e-04
1.073400000000000000e+04 4.815689999999999966e-04
1.073500000000000000e+04 4.732320000000000255e-04
1.073600000000000000e+04 4.648950000000000001e-04
1.073700000000000000e+04 4.565570000000000132e-04
1.073800000000000000e+04 4.496139999999999816e-04
1.073900000000000000e+04 4.650969999999999822e-04
1.074000000000000000e+04 4.805960000000000180e-04
1.074100000000000000e+04 4.960649999999999608e-04
1.074200000000000000e+04 5.115500000000000472e-04
1.074300000000000000e+04 5.264440000000000439e-04
1.074400000000000000e+04 5.316579999999999570e-04
1.074500000000000000e+04 5.368709999999999628e-04
1.074600000000000000e+04 5.420849999999999844e-04
1.074700000000000000e+04 5.472990000000000060e-04
1.074800000000000000e+04 5.531229999999999827e-04
1.074900000000000000e+04 5.691239999999999537e-04
1.075000000000000000e+04 5.850939999999999787e-04
1.075100000000000000e+04 6.010800000000000387e-04
1.075200000000000000e+04 6.170670000000000061e-04
1.075300000000000000e+04 6.325770000000000524e-04
1.075400000000000000e+04 6.398260000000000232e-04
1.075500000000000000e+04 6.470749999999999939e-04
1.075600000000000000e+04 6.543239999999999647e-04
1.075700000000000000e+04 6.615739999999999512e-04
1.075800000000000000e+04 6.697909999999999845e-04
1.075900000000000000e+04 6.950360000000000045e-04
1.076000000000000000e+04 7.202829999999999476e-04
1.076100000000000000e+04 7.455320000000000306e-04
1.076200000000000000e+04 7.708059999999999651e-04
1.076300000000000000e+04 7.951009999999999892e-04
1.076400000000000000e+04 8.023719999999999811e-04
1.076500000000000000e+04 8.096419999999999572e-04
1.076600000000000000e+04 8.169139999999999648e-04
1.076700000000000000e+04 8.241849999999999567e-04
1.076800000000000000e+04 8.321459999999999708e-04
1.076900000000000000e+04 8.529940000000000395e-04
1.077000000000000000e+04 8.738430000000000156e-04
1.077100000000000000e+04 8.947129999999999970e-04
1.077200000000000000e+04 9.155440000000000149e-04
1.077300000000000000e+04 9.354479999999999653e-04
1.077400000000000000e+04 9.372669999999999830e-04
1.077500000000000000e+04 9.390860000000000006e-04
1.077600000000000000e+04 9.409060000000000340e-04
1.077700000000000000e+04 9.427259999999999590e-04
1.077800000000000000e+04 9.451620000000000420e-04
1.077900000000000000e+04 9.602049999999999995e-04
1.078000000000000000e+04 9.752489999999999727e-04
1.078100000000000000e+04 9.902649999999999387e-04
1.078200000000000000e+04 1.005299999999999987e-03
1.078300000000000000e+04 1.023159999999999955e-03
1.078400000000000000e+04 1.098760000000000058e-03
1.078500000000000000e+04 1.174200000000000027e-03
1.078600000000000000e+04 1.249729999999999895e-03
1.078700000000000000e+04 1.325189999999999962e-03
1.078800000000000000e+04 1.398790000000000016e-03
1.078900000000000000e+04 1.430779999999999986e-03
1.079000000000000000e+04 1.462699999999999938e-03
1.079100000000000000e+04 1.494649999999999928e-03
1.079200000000000000e+04 1.526580000000000038e-03
1.079300000000000000e+04 1.560200000000000085e-03
1.079400000000000000e+04 1.627769999999999955e-03
1.079500000000000000e+04 1.695420000000000000e-03
1.079600000000000000e+04 1.762990000000000087e-03
1.079700000000000000e+04 1.830770000000000010e-03
1.079800000000000000e+04 1.897009999999999972e-03
1.079900000000000000e+04 1.933180000000000055e-03
1.080000000000000000e+04 1.969359999999999861e-03
1.080100000000000000e+04 2.005509999999999845e-03
1.080200000000000000e+04 2.041770000000000043e-03
1.080300000000000000e+04 2.077219999999999848e-03
1.080400000000000000e+04 2.096400000000000000e-03
1.080500000000000000e+04 2.115559999999999836e-03
1.080600000000000000e+04 2.134790000000000125e-03
1.080700000000000000e+04 2.153959999999999902e-03
1.080800000000000000e+04 2.174689999999999956e-03
1.080900000000000000e+04 2.232449999999999973e-03
1.081000000000000000e+04 2.290149999999999911e-03
1.081100000000000000e+04 2.348030000000000082e-03
1.081200000000000000e+04 2.405739999999999962e-03
1.081300000000000000e+04 2.463860000000000008e-03
1.081400000000000000e+04 2.530450000000000060e-03
1.081500000000000000e+04 2.597239999999999792e-03
1.081600000000000000e+04 2.663839999999999784e-03
1.081700000000000000e+04 2.730509999999999795e-03
1.081800000000000000e+04 2.797299999999999960e-03
1.081900000000000000e+04 2.869149999999999999e-03
1.082000000000000000e+04 2.941009999999999978e-03
1.082100000000000000e+04 3.012729999999999922e-03
1.082200000000000000e+04 3.084519999999999883e-03
1.082300000000000000e+04 3.156659999999999935e-03
1.082400000000000000e+04 3.240230000000000193e-03
1.082500000000000000e+04 3.323560000000000143e-03
1.082600000000000000e+04 3.406979999999999991e-03
1.082700000000000000e+04 3.490319999999999881e-03
1.082800000000000000e+04 3.574459999999999790e-03
1.082900000000000000e+04 3.675729999999999883e-03
1.083000000000000000e+04 3.776809999999999803e-03
1.083100000000000000e+04 3.877999999999999937e-03
1.083200000000000000e+04 3.979100000000000172e-03
1.083300000000000000e+04 4.080689999999999665e-03
1.083400000000000000e+04 4.190750000000000031e-03
1.083500000000000000e+04 4.300810000000000397e-03
1.083600000000000000e+04 4.410769999999999622e-03
1.083700000000000000e+04 4.520950000000000142e-03
1.083800000000000000e+04 4.631599999999999606e-03
1.083900000000000000e+04 4.759130000000000305e-03
1.084000000000000000e+04 4.886670000000000076e-03
1.084100000000000000e+04 5.014229999999999729e-03
1.084200000000000000e+04 5.141790000000000249e-03
1.084300000000000000e+04 5.269600000000000152e-03
1.084400000000000000e+04 5.404810000000000343e-03
1.084500000000000000e+04 5.539900000000000380e-03
1.084600000000000000e+04 5.675259999999999680e-03
1.084700000000000000e+04 5.810489999999999752e-03
1.084800000000000000e+04 5.946019999999999778e-03
1.084900000000000000e+04 6.091039999999999822e-03
1.085000000000000000e+04 6.236069999999999808e-03
1.085100000000000000e+04 6.381109999999999734e-03
1.085200000000000000e+04 6.526159999999999600e-03
1.085300000000000000e+04 6.674109999999999591e-03
1.085400000000000000e+04 6.921049999999999772e-03
1.085500000000000000e+04 7.168479999999999644e-03
1.085600000000000000e+04 7.415699999999999896e-03
1.085700000000000000e+04 7.662920000000000148e-03
1.085800000000000000e+04 7.909229999999999733e-03
1.085900000000000000e+04 8.130500000000000574e-03
1.086000000000000000e+04 8.351569999999999133e-03
1.086100000000000000e+04 8.573390000000000177e-03
1.086200000000000000e+04 8.795270000000000865e-03
1.086300000000000000e+04 9.019259999999999430e-03
1.086400000000000000e+04 9.322469999999999368e-03
1.086500000000000000e+04 9.625750000000000625e-03
1.086600000000000000e+04 9.929109999999999672e-03
1.086700000000000000e+04 1.023220000000000032e-02
1.086800000000000000e+04 1.053639999999999959e-02
1.086900000000000000e+04 1.085400000000000080e-02
1.087000000000000000e+04 1.117169999999999969e-02
1.087100000000000000e+04 1.148850000000000045e-02
1.087200000000000000e+04 1.180529999999999947e-02
1.087300000000000000e+04 1.212249999999999960e-02
1.087400000000000000e+04 1.245719999999999987e-02
1.087500000000000000e+04 1.279190000000000015e-02
1.087600000000000000e+04 1.312619999999999933e-02
1.087700000000000000e+04 1.346130000000000070e-02
1.087800000000000000e+04 1.379790000000000010e-02
1.087900000000000000e+04 1.421970000000000005e-02
1.088000000000000000e+04 1.464150000000000000e-02
1.088100000000000000e+04 1.506329999999999995e-02
1.088200000000000000e+04 1.548509999999999991e-02
1.088300000000000000e+04 1.590859999999999844e-02
1.088400000000000000e+04 1.641019999999999979e-02
1.088500000000000000e+04 1.691180000000000114e-02
1.088600000000000000e+04 1.741349999999999842e-02
1.088700000000000000e+04 1.791519999999999918e-02
1.088800000000000000e+04 1.841809999999999975e-02
1.088900000000000000e+04 1.898129999999999956e-02
1.089000000000000000e+04 1.954449999999999937e-02
1.089100000000000000e+04 2.010779999999999859e-02
1.089200000000000000e+04 2.067110000000000128e-02
1.089300000000000000e+04 2.123620000000000022e-02
1.089400000000000000e+04 2.190260000000000123e-02
1.089500000000000000e+04 2.256910000000000166e-02
1.089600000000000000e+04 2.323559999999999862e-02
1.089700000000000000e+04 2.390209999999999904e-02
1.089800000000000000e+04 2.457149999999999959e-02
1.089900000000000000e+04 2.536269999999999844e-02
1.090000000000000000e+04 2.615479999999999888e-02
1.090100000000000000e+04 2.694689999999999933e-02
1.090200000000000000e+04 2.773909999999999917e-02
1.090300000000000000e+04 2.853299999999999934e-02
1.090400000000000000e+04 2.944679999999999867e-02
1.090500000000000000e+04 3.036070000000000088e-02
1.090600000000000000e+04 3.127459999999999962e-02
1.090700000000000000e+04 3.218859999999999777e-02
1.090800000000000000e+04 3.310430000000000317e-02
1.090900000000000000e+04 3.414760000000000018e-02
1.091000000000000000e+04 3.519089999999999718e-02
1.091100000000000000e+04 3.623439999999999994e-02
1.091200000000000000e+04 3.727790000000000270e-02
1.091300000000000000e+04 3.832340000000000052e-02
1.091400000000000000e+04 3.952900000000000164e-02
1.091500000000000000e+04 4.073469999999999869e-02
1.091600000000000000e+04 4.194049999999999861e-02
1.091700000000000000e+04 4.314640000000000142e-02
1.091800000000000000e+04 4.435429999999999928e-02
1.091900000000000000e+04 4.575300000000000200e-02
1.092000000000000000e+04 4.715319999999999928e-02
1.092100000000000000e+04 4.855079999999999812e-02
1.092200000000000000e+04 4.994989999999999847e-02
1.092300000000000000e+04 5.135119999999999962e-02
1.092400000000000000e+04 5.299410000000000232e-02
1.092500000000000000e+04 5.463699999999999807e-02
1.092600000000000000e+04 5.628009999999999957e-02
1.092700000000000000e+04 5.792329999999999701e-02
1.092800000000000000e+04 5.956829999999999764e-02
1.092900000000000000e+04 6.142149999999999693e-02
1.093000000000000000e+04 6.327109999999999679e-02
1.093100000000000000e+04 6.512279999999999458e-02
1.093200000000000000e+04 6.697459999999999525e-02
1.093300000000000000e+04 6.882810000000000317e-02
1.093400000000000000e+04 7.094079999999999830e-02
1.093500000000000000e+04 7.305359999999999632e-02
1.093600000000000000e+04 7.516660000000000008e-02
1.093700000000000000e+04 7.727970000000000672e-02
1.093800000000000000e+04 7.939620000000000011e-02
1.093900000000000000e+04 8.170289999999999497e-02
1.094000000000000000e+04 8.401200000000000334e-02
1.094100000000000000e+04 8.632130000000000358e-02
1.094200000000000000e+04 8.863310000000000632e-02
1.094300000000000000e+04 9.094180000000000319e-02
1.094400000000000000e+04 9.358089999999999464e-02
1.094500000000000000e+04 9.622029999999999472e-02
1.094600000000000000e+04 9.885979999999999768e-02
1.094700000000000000e+04 1.015000000000000069e-01
1.094800000000000000e+04 1.041399999999999965e-01
1.094900000000000000e+04 1.070730000000000015e-01
1.095000000000000000e+04 1.100069999999999937e-01
1.095100000000000000e+04 1.129430000000000017e-01
1.095200000000000000e+04 1.158740000000000048e-01
1.095300000000000000e+04 1.188089999999999979e-01
1.095400000000000000e+04 1.219950000000000062e-01
1.095500000000000000e+04 1.251819999999999877e-01
1.095600000000000000e+04 1.283690000000000109e-01
1.095700000000000000e+04 1.315560000000000063e-01
1.095800000000000000e+04 1.347430000000000017e-01
1.095900000000000000e+04 1.381870000000000043e-01
1.096000000000000000e+04 1.416350000000000109e-01
1.096100000000000000e+04 1.450770000000000115e-01
1.096200000000000000e+04 1.485219999999999874e-01
1.096300000000000000e+04 1.519669999999999910e-01
1.096400000000000000e+04 1.555090000000000083e-01
1.096500000000000000e+04 1.590449999999999919e-01
1.096600000000000000e+04 1.625850000000000073e-01
1.096700000000000000e+04 1.661219999999999919e-01
1.096800000000000000e+04 1.696650000000000102e-01
1.096900000000000000e+04 1.735800000000000121e-01
1.097000000000000000e+04 1.774890000000000079e-01
1.097100000000000000e+04 1.814179999999999959e-01
1.097200000000000000e+04 1.853430000000000077e-01
1.097300000000000000e+04 1.892810000000000048e-01
1.097400000000000000e+04 1.934379999999999988e-01
1.097500000000000000e+04 1.976009999999999989e-01
1.097600000000000000e+04 2.017609999999999959e-01
1.097700000000000000e+04 2.059300000000000019e-01
1.097800000000000000e+04 2.101000000000000090e-01
1.097900000000000000e+04 2.143180000000000085e-01
1.098000000000000000e+04 2.185410000000000130e-01
1.098100000000000000e+04 2.227429999999999966e-01
1.098200000000000000e+04 2.269569999999999921e-01
1.098300000000000000e+04 2.311600000000000044e-01
1.098400000000000000e+04 2.354459999999999886e-01
1.098500000000000000e+04 2.397299999999999986e-01
1.098600000000000000e+04 2.440259999999999929e-01
1.098700000000000000e+04 2.483100000000000029e-01
1.098800000000000000e+04 2.525990000000000180e-01
1.098900000000000000e+04 2.568239999999999967e-01
1.099000000000000000e+04 2.610450000000000270e-01
1.099100000000000000e+04 2.652729999999999810e-01
1.099200000000000000e+04 2.694889999999999786e-01
1.099300000000000000e+04 2.737089999999999801e-01
1.099400000000000000e+04 2.779889999999999861e-01
1.099500000000000000e+04 2.822810000000000041e-01
1.099600000000000000e+04 2.865610000000000102e-01
1.099700000000000000e+04 2.908459999999999934e-01
1.099800000000000000e+04 2.951300000000000034e-01
1.099900000000000000e+04 2.992670000000000052e-01
1.100000000000000000e+04 3.034149999999999903e-01
1.100100000000000000e+04 3.075550000000000228e-01
1.100200000000000000e+04 3.116979999999999751e-01
1.100300000000000000e+04 3.158389999999999809e-01
1.100400000000000000e+04 3.198039999999999772e-01
1.100500000000000000e+04 3.237550000000000150e-01
1.100600000000000000e+04 3.277100000000000013e-01
1.100700000000000000e+04 3.316609999999999836e-01
1.100800000000000000e+04 3.356210000000000027e-01
1.100900000000000000e+04 3.393729999999999802e-01
1.101000000000000000e+04 3.431150000000000033e-01
1.101100000000000000e+04 3.468609999999999749e-01
1.101200000000000000e+04 3.506040000000000267e-01
1.101300000000000000e+04 3.543540000000000023e-01
1.101400000000000000e+04 3.577819999999999889e-01
1.101500000000000000e+04 3.612049999999999983e-01
1.101600000000000000e+04 3.646249999999999769e-01
1.101700000000000000e+04 3.680519999999999903e-01
1.101800000000000000e+04 3.714790000000000036e-01
1.101900000000000000e+04 3.746760000000000090e-01
1.102000000000000000e+04 3.778730000000000144e-01
1.102100000000000000e+04 3.810700000000000198e-01
1.102200000000000000e+04 3.842670000000000252e-01
1.102300000000000000e+04 3.874650000000000039e-01
1.102400000000000000e+04 3.903260000000000063e-01
1.102500000000000000e+04 3.931780000000000275e-01
1.102600000000000000e+04 3.960359999999999991e-01
1.102700000000000000e+04 3.988909999999999956e-01
1.102800000000000000e+04 4.017470000000000208e-01
1.102900000000000000e+04 4.042950000000000155e-01
1.103000000000000000e+04 4.068379999999999774e-01
1.103100000000000000e+04 4.093809999999999949e-01
1.103200000000000000e+04 4.119249999999999856e-01
1.103300000000000000e+04 4.144680000000000031e-01
1.103400000000000000e+04 4.166699999999999848e-01
1.103500000000000000e+04 4.188700000000000201e-01
1.103600000000000000e+04 4.210670000000000246e-01
1.103700000000000000e+04 4.232650000000000023e-01
1.103800000000000000e+04 4.254629999999999801e-01
1.103900000000000000e+04 4.273830000000000129e-01
1.104000000000000000e+04 4.292980000000000129e-01
1.104100000000000000e+04 4.312119999999999842e-01
1.104200000000000000e+04 4.331269999999999842e-01
1.104300000000000000e+04 4.350419999999999843e-01
1.104400000000000000e+04 4.366880000000000206e-01
1.104500000000000000e+04 4.383290000000000242e-01
1.104600000000000000e+04 4.399689999999999990e-01
1.104700000000000000e+04 4.416070000000000273e-01
1.104800000000000000e+04 4.432490000000000041e-01
1.104900000000000000e+04 4.446149999999999824e-01
1.105000000000000000e+04 4.459739999999999815e-01
1.105100000000000000e+04 4.473329999999999806e-01
1.105200000000000000e+04 4.486919999999999797e-01
1.105300000000000000e+04 4.500509999999999788e-01
1.105400000000000000e+04 4.512100000000000000e-01
1.105500000000000000e+04 4.523630000000000151e-01
1.105600000000000000e+04 4.535150000000000015e-01
1.105700000000000000e+04 4.546689999999999898e-01
1.105800000000000000e+04 4.558229999999999782e-01
1.105900000000000000e+04 4.567789999999999906e-01
1.106000000000000000e+04 4.577289999999999970e-01
1.106100000000000000e+04 4.587189999999999879e-01
1.106200000000000000e+04 4.597089999999999788e-01
1.106300000000000000e+04 4.606990000000000252e-01
1.106400000000000000e+04 4.615319999999999978e-01
1.106500000000000000e+04 4.623590000000000200e-01
1.106600000000000000e+04 4.631870000000000154e-01
1.106700000000000000e+04 4.640150000000000108e-01
1.106800000000000000e+04 4.648430000000000062e-01
1.106900000000000000e+04 4.655610000000000026e-01
1.107000000000000000e+04 4.662769999999999970e-01
1.107100000000000000e+04 4.669519999999999782e-01
1.107200000000000000e+04 4.676279999999999881e-01
1.107300000000000000e+04 4.683030000000000248e-01
1.107400000000000000e+04 4.688240000000000185e-01
1.107500000000000000e+04 4.693399999999999794e-01
1.107600000000000000e+04 4.698559999999999959e-01
1.107700000000000000e+04 4.703720000000000123e-01
1.107800000000000000e+04 4.708879999999999733e-01
1.107900000000000000e+04 4.713249999999999940e-01
1.108000000000000000e+04 4.717589999999999839e-01
1.108100000000000000e+04 4.721929999999999739e-01
1.108200000000000000e+04 4.726270000000000193e-01
1.108300000000000000e+04 4.730610000000000093e-01
1.108400000000000000e+04 4.734180000000000055e-01
1.108500000000000000e+04 4.737709999999999977e-01
1.108600000000000000e+04 4.741239999999999899e-01
1.108700000000000000e+04 4.744780000000000109e-01
1.108800000000000000e+04 4.748310000000000031e-01
1.108900000000000000e+04 4.751420000000000088e-01
1.109000000000000000e+04 4.754519999999999857e-01
1.109100000000000000e+04 4.757620000000000182e-01
1.109200000000000000e+04 4.760710000000000219e-01
1.109300000000000000e+04 4.763809999999999989e-01
1.109400000000000000e+04 4.766340000000000021e-01
1.109500000000000000e+04 4.768850000000000033e-01
1.109600000000000000e+04 4.771369999999999778e-01
1.109700000000000000e+04 4.773879999999999790e-01
1.109800000000000000e+04 4.776389999999999803e-01
1.109900000000000000e+04 4.778649999999999842e-01
1.110000000000000000e+04 4.780909999999999882e-01
1.110100000000000000e+04 4.783160000000000189e-01
1.110200000000000000e+04 4.785420000000000229e-01
1.110300000000000000e+04 4.787669999999999981e-01
1.110400000000000000e+04 4.789530000000000176e-01
1.110500000000000000e+04 4.791380000000000083e-01
1.110600000000000000e+04 4.793220000000000258e-01
1.110700000000000000e+04 4.795070000000000165e-01
1.110800000000000000e+04 4.796909999999999785e-01
1.110900000000000000e+04 4.798569999999999780e-01
1.111000000000000000e+04 4.800209999999999755e-01
1.111100000000000000e+04 4.801860000000000017e-01
1.111200000000000000e+04 4.803499999999999992e-01
1.111300000000000000e+04 4.805150000000000254e-01
1.111400000000000000e+04 4.806779999999999942e-01
1.111500000000000000e+04 4.808399999999999896e-01
1.111600000000000000e+04 4.810030000000000139e-01
1.111700000000000000e+04 4.811659999999999826e-01
1.111800000000000000e+04 4.813290000000000068e-01
1.111900000000000000e+04 4.814800000000000191e-01
1.112000000000000000e+04 4.816309999999999758e-01
1.112100000000000000e+04 4.817810000000000148e-01
1.112200000000000000e+04 4.819320000000000270e-01
1.112300000000000000e+04 4.820820000000000105e-01
1.112400000000000000e+04 4.822069999999999967e-01
1.112500000000000000e+04 4.823310000000000097e-01
1.112600000000000000e+04 4.824550000000000227e-01
1.112700000000000000e+04 4.825800000000000090e-01
1.112800000000000000e+04 4.827040000000000219e-01
1.112900000000000000e+04 4.828200000000000269e-01
1.113000000000000000e+04 4.829370000000000052e-01
1.113100000000000000e+04 4.830539999999999834e-01
1.113200000000000000e+04 4.831699999999999884e-01
1.113300000000000000e+04 4.832870000000000221e-01
1.113400000000000000e+04 4.834060000000000024e-01
1.113500000000000000e+04 4.835260000000000113e-01
1.113600000000000000e+04 4.836460000000000203e-01
1.113700000000000000e+04 4.837659999999999738e-01
1.113800000000000000e+04 4.838850000000000096e-01
1.113900000000000000e+04 4.839820000000000233e-01
1.114000000000000000e+04 4.840780000000000083e-01
1.114100000000000000e+04 4.842150000000000065e-01
1.114200000000000000e+04 4.843520000000000048e-01
1.114300000000000000e+04 4.844890000000000030e-01
1.114400000000000000e+04 4.846110000000000140e-01
1.114500000000000000e+04 4.847319999999999962e-01
1.114600000000000000e+04 4.848529999999999784e-01
1.114700000000000000e+04 4.849749999999999894e-01
1.114800000000000000e+04 4.850960000000000272e-01
1.114900000000000000e+04 4.852170000000000094e-01
1.115000000000000000e+04 4.853379999999999916e-01
1.115100000000000000e+04 4.854169999999999874e-01
1.115200000000000000e+04 4.854970000000000119e-01
1.115300000000000000e+04 4.855760000000000076e-01
1.115400000000000000e+04 4.856469999999999954e-01
1.115500000000000000e+04 4.857170000000000099e-01
1.115600000000000000e+04 4.857870000000000243e-01
1.115700000000000000e+04 4.858569999999999833e-01
1.115800000000000000e+04 4.859280000000000266e-01
1.115900000000000000e+04 4.859800000000000231e-01
1.116000000000000000e+04 4.860300000000000176e-01
1.116100000000000000e+04 4.860809999999999853e-01
1.116200000000000000e+04 4.861320000000000086e-01
1.116300000000000000e+04 4.861829999999999763e-01
1.116400000000000000e+04 4.862210000000000143e-01
1.116500000000000000e+04 4.862569999999999948e-01
1.116600000000000000e+04 4.862940000000000040e-01
1.116700000000000000e+04 4.863310000000000133e-01
1.116800000000000000e+04 4.863680000000000225e-01
1.116900000000000000e+04 4.863799999999999790e-01
1.117000000000000000e+04 4.863910000000000178e-01
1.117100000000000000e+04 4.864029999999999743e-01
1.117200000000000000e+04 4.864129999999999843e-01
1.117300000000000000e+04 4.864240000000000230e-01
1.117400000000000000e+04 4.864550000000000263e-01
1.117500000000000000e+04 4.864879999999999760e-01
1.117600000000000000e+04 4.865200000000000080e-01
1.117700000000000000e+04 4.865519999999999845e-01
1.117800000000000000e+04 4.865840000000000165e-01
1.117900000000000000e+04 4.866139999999999910e-01
1.118000000000000000e+04 4.866440000000000210e-01
1.118100000000000000e+04 4.866730000000000222e-01
1.118200000000000000e+04 4.867029999999999967e-01
1.118300000000000000e+04 4.867319999999999980e-01
1.118400000000000000e+04 4.867619999999999725e-01
1.118500000000000000e+04 4.867909999999999737e-01
1.118600000000000000e+04 4.868210000000000037e-01
1.118700000000000000e+04 4.868509999999999782e-01
1.118800000000000000e+04 4.868799999999999795e-01
1.118900000000000000e+04 4.869089999999999807e-01
1.119000000000000000e+04 4.869379999999999820e-01
1.119100000000000000e+04 4.869669999999999832e-01
1.119200000000000000e+04 4.869950000000000112e-01
1.119300000000000000e+04 4.870240000000000125e-01
1.119400000000000000e+04 4.870459999999999789e-01
1.119500000000000000e+04 4.870670000000000277e-01
1.119600000000000000e+04 4.870889999999999942e-01
1.119700000000000000e+04 4.871099999999999874e-01
1.119800000000000000e+04 4.871309999999999807e-01
1.119900000000000000e+04 4.871610000000000107e-01
1.120000000000000000e+04 4.871909999999999852e-01
1.120100000000000000e+04 4.872659999999999769e-01
1.120200000000000000e+04 4.873399999999999954e-01
1.120300000000000000e+04 4.874149999999999872e-01
1.120400000000000000e+04 4.874930000000000097e-01
1.120500000000000000e+04 4.875720000000000054e-01
1.120600000000000000e+04 4.876499999999999724e-01
1.120700000000000000e+04 4.877290000000000236e-01
1.120800000000000000e+04 4.878080000000000194e-01
1.120900000000000000e+04 4.878910000000000191e-01
1.121000000000000000e+04 4.879729999999999901e-01
1.121100000000000000e+04 4.880149999999999766e-01
1.121200000000000000e+04 4.880559999999999898e-01
1.121300000000000000e+04 4.880970000000000031e-01
1.121400000000000000e+04 4.881519999999999748e-01
1.121500000000000000e+04 4.882070000000000021e-01
1.121600000000000000e+04 4.882630000000000026e-01
1.121700000000000000e+04 4.883179999999999743e-01
1.121800000000000000e+04 4.883739999999999748e-01
1.121900000000000000e+04 4.884390000000000120e-01
1.122000000000000000e+04 4.885050000000000225e-01
1.122100000000000000e+04 4.885709999999999775e-01
1.122200000000000000e+04 4.886369999999999880e-01
1.122300000000000000e+04 4.887020000000000253e-01
1.122400000000000000e+04 4.887429999999999830e-01
1.122500000000000000e+04 4.887810000000000210e-01
1.122600000000000000e+04 4.888190000000000035e-01
1.122700000000000000e+04 4.888569999999999860e-01
1.122800000000000000e+04 4.888950000000000240e-01
1.122900000000000000e+04 4.889270000000000005e-01
1.123000000000000000e+04 4.889580000000000037e-01
1.123100000000000000e+04 4.889890000000000070e-01
1.123200000000000000e+04 4.890200000000000102e-01
1.123300000000000000e+04 4.890510000000000135e-01
1.123400000000000000e+04 4.890939999999999732e-01
1.123500000000000000e+04 4.891380000000000172e-01
1.123600000000000000e+04 4.891809999999999770e-01
1.123700000000000000e+04 4.892250000000000210e-01
1.123800000000000000e+04 4.892690000000000095e-01
1.123900000000000000e+04 4.893069999999999919e-01
1.124000000000000000e+04 4.893449999999999744e-01
1.124100000000000000e+04 4.893830000000000124e-01
1.124200000000000000e+04 4.894200000000000217e-01
1.124300000000000000e+04 4.894580000000000042e-01
1.124400000000000000e+04 4.894890000000000074e-01
1.124500000000000000e+04 4.895200000000000107e-01
1.124600000000000000e+04 4.895510000000000139e-01
1.124700000000000000e+04 4.895820000000000172e-01
1.124800000000000000e+04 4.896119999999999917e-01
1.124900000000000000e+04 4.896340000000000137e-01
1.125000000000000000e+04 4.896559999999999802e-01
1.125100000000000000e+04 4.896780000000000022e-01
1.125200000000000000e+04 4.896989999999999954e-01
1.125300000000000000e+04 4.897210000000000174e-01
1.125400000000000000e+04 4.897290000000000254e-01
1.125500000000000000e+04 4.897349999999999759e-01
1.125600000000000000e+04 4.897409999999999819e-01
1.125700000000000000e+04 4.897469999999999879e-01
1.125800000000000000e+04 4.897529999999999939e-01
1.125900000000000000e+04 4.897389999999999799e-01
1.126000000000000000e+04 4.897230000000000194e-01
1.126100000000000000e+04 4.897070000000000034e-01
1.126200000000000000e+04 4.896909999999999874e-01
1.126300000000000000e+04 4.896750000000000269e-01
1.126400000000000000e+04 4.896670000000000189e-01
1.126500000000000000e+04 4.896599999999999842e-01
1.126600000000000000e+04 4.896519999999999762e-01
1.126700000000000000e+04 4.896449999999999969e-01
1.126800000000000000e+04 4.896369999999999889e-01
1.126900000000000000e+04 4.896440000000000237e-01
1.127000000000000000e+04 4.896530000000000049e-01
1.127100000000000000e+04 4.897029999999999994e-01
1.127200000000000000e+04 4.897540000000000227e-01
1.127300000000000000e+04 4.898040000000000171e-01
1.127400000000000000e+04 4.898330000000000184e-01
1.127500000000000000e+04 4.898609999999999909e-01
1.127600000000000000e+04 4.898879999999999901e-01
1.127700000000000000e+04 4.899160000000000181e-01
1.127800000000000000e+04 4.899430000000000174e-01
1.127900000000000000e+04 4.899499999999999966e-01
1.128000000000000000e+04 4.899540000000000006e-01
1.128100000000000000e+04 4.899180000000000201e-01
1.128200000000000000e+04 4.898799999999999821e-01
1.128300000000000000e+04 4.898429999999999729e-01
1.128400000000000000e+04 4.898100000000000231e-01
1.128500000000000000e+04 4.897779999999999911e-01
1.128600000000000000e+04 4.897460000000000147e-01
1.128700000000000000e+04 4.897139999999999826e-01
1.128800000000000000e+04 4.896820000000000062e-01
1.128900000000000000e+04 4.896389999999999909e-01
1.129000000000000000e+04 4.895959999999999757e-01
1.129100000000000000e+04 4.895530000000000159e-01
1.129200000000000000e+04 4.895090000000000274e-01
1.129300000000000000e+04 4.894660000000000122e-01
1.129400000000000000e+04 4.894100000000000117e-01
1.129500000000000000e+04 4.893540000000000112e-01
1.129600000000000000e+04 4.892969999999999819e-01
1.129700000000000000e+04 4.892409999999999815e-01
1.129800000000000000e+04 4.891840000000000077e-01
1.129900000000000000e+04 4.891229999999999745e-01
1.130000000000000000e+04 4.890619999999999967e-01
1.130100000000000000e+04 4.889999999999999902e-01
1.130200000000000000e+04 4.889379999999999837e-01
1.130300000000000000e+04 4.888770000000000060e-01
1.130400000000000000e+04 4.887900000000000023e-01
1.130500000000000000e+04 4.887009999999999965e-01
1.130600000000000000e+04 4.886119999999999908e-01
1.130700000000000000e+04 4.885220000000000118e-01
1.130800000000000000e+04 4.884330000000000060e-01
1.130900000000000000e+04 4.883580000000000143e-01
1.131000000000000000e+04 4.882830000000000226e-01
1.131100000000000000e+04 4.882090000000000041e-01
1.131200000000000000e+04 4.881349999999999856e-01
1.131300000000000000e+04 4.880610000000000226e-01
1.131400000000000000e+04 4.879760000000000209e-01
1.131500000000000000e+04 4.878899999999999904e-01
1.131600000000000000e+04 4.878049999999999886e-01
1.131700000000000000e+04 4.877190000000000136e-01
1.131800000000000000e+04 4.876329999999999831e-01
1.131900000000000000e+04 4.875499999999999834e-01
1.132000000000000000e+04 4.874680000000000124e-01
1.132100000000000000e+04 4.873859999999999859e-01
1.132200000000000000e+04 4.873040000000000149e-01
1.132300000000000000e+04 4.872219999999999884e-01
1.132400000000000000e+04 4.871429999999999927e-01
1.132500000000000000e+04 4.870650000000000257e-01
1.132600000000000000e+04 4.869870000000000032e-01
1.132700000000000000e+04 4.869080000000000075e-01
1.132800000000000000e+04 4.868299999999999850e-01
1.132900000000000000e+04 4.867500000000000160e-01
1.133000000000000000e+04 4.866710000000000202e-01
1.133100000000000000e+04 4.866329999999999822e-01
1.133200000000000000e+04 4.865949999999999998e-01
1.133300000000000000e+04 4.865570000000000173e-01
1.133400000000000000e+04 4.865209999999999813e-01
1.133500000000000000e+04 4.864840000000000275e-01
1.133600000000000000e+04 4.864490000000000203e-01
1.133700000000000000e+04 4.864120000000000110e-01
1.133800000000000000e+04 4.863759999999999750e-01
1.133900000000000000e+04 4.863500000000000045e-01
1.134000000000000000e+04 4.863239999999999785e-01
1.134100000000000000e+04 4.862569999999999948e-01
1.134200000000000000e+04 4.861900000000000110e-01
1.134300000000000000e+04 4.861230000000000273e-01
1.134400000000000000e+04 4.860720000000000041e-01
1.134500000000000000e+04 4.860220000000000096e-01
1.134600000000000000e+04 4.859729999999999883e-01
1.134700000000000000e+04 4.859229999999999938e-01
1.134800000000000000e+04 4.858739999999999726e-01
1.134900000000000000e+04 4.858540000000000081e-01
1.135000000000000000e+04 4.858379999999999921e-01
1.135100000000000000e+04 4.858219999999999761e-01
1.135200000000000000e+04 4.858069999999999888e-01
1.135300000000000000e+04 4.857909999999999728e-01
1.135400000000000000e+04 4.857850000000000223e-01
1.135500000000000000e+04 4.857799999999999896e-01
1.135600000000000000e+04 4.857759999999999856e-01
1.135700000000000000e+04 4.857710000000000083e-01
1.135800000000000000e+04 4.857670000000000043e-01
1.135900000000000000e+04 4.857630000000000003e-01
1.136000000000000000e+04 4.857600000000000251e-01
1.136100000000000000e+04 4.857569999999999943e-01
1.136200000000000000e+04 4.857529999999999903e-01
1.136300000000000000e+04 4.857500000000000151e-01
1.136400000000000000e+04 4.857440000000000091e-01
1.136500000000000000e+04 4.857389999999999763e-01
1.136600000000000000e+04 4.857330000000000259e-01
1.136700000000000000e+04 4.857279999999999931e-01
1.136800000000000000e+04 4.857219999999999871e-01
1.136900000000000000e+04 4.856940000000000146e-01
1.137000000000000000e+04 4.856639999999999846e-01
1.137100000000000000e+04 4.856340000000000101e-01
1.137200000000000000e+04 4.856039999999999801e-01
1.137300000000000000e+04 4.855729999999999769e-01
1.137400000000000000e+04 4.855860000000000176e-01
1.137500000000000000e+04 4.856050000000000089e-01
1.137600000000000000e+04 4.856240000000000001e-01
1.137700000000000000e+04 4.856420000000000181e-01
1.137800000000000000e+04 4.856610000000000094e-01
1.137900000000000000e+04 4.857090000000000019e-01
1.138000000000000000e+04 4.857600000000000251e-01
1.138100000000000000e+04 4.858529999999999793e-01
1.138200000000000000e+04 4.859470000000000178e-01
1.138300000000000000e+04 4.860400000000000276e-01
1.138400000000000000e+04 4.861509999999999998e-01
1.138500000000000000e+04 4.862650000000000028e-01
1.138600000000000000e+04 4.863779999999999770e-01
1.138700000000000000e+04 4.864919999999999800e-01
1.138800000000000000e+04 4.866059999999999830e-01
1.138900000000000000e+04 4.867250000000000187e-01
1.139000000000000000e+04 4.868439999999999990e-01
1.139100000000000000e+04 4.869220000000000215e-01
1.139200000000000000e+04 4.869990000000000152e-01
1.139300000000000000e+04 4.870769999999999822e-01
1.139400000000000000e+04 4.871679999999999899e-01
1.139500000000000000e+04 4.872600000000000264e-01
1.139600000000000000e+04 4.873529999999999807e-01
1.139700000000000000e+04 4.874450000000000172e-01
1.139800000000000000e+04 4.875369999999999981e-01
1.139900000000000000e+04 4.876320000000000099e-01
1.140000000000000000e+04 4.877270000000000216e-01
1.140100000000000000e+04 4.878259999999999819e-01
1.140200000000000000e+04 4.879240000000000244e-01
1.140300000000000000e+04 4.880229999999999846e-01
1.140400000000000000e+04 4.881159999999999943e-01
1.140500000000000000e+04 4.882090000000000041e-01
1.140600000000000000e+04 4.883020000000000138e-01
1.140700000000000000e+04 4.883950000000000236e-01
1.140800000000000000e+04 4.884879999999999778e-01
1.140900000000000000e+04 4.885990000000000055e-01
1.141000000000000000e+04 4.887130000000000085e-01
1.141100000000000000e+04 4.888270000000000115e-01
1.141200000000000000e+04 4.889399999999999857e-01
1.141300000000000000e+04 4.890539999999999887e-01
1.141400000000000000e+04 4.891559999999999797e-01
1.141500000000000000e+04 4.892560000000000242e-01
1.141600000000000000e+04 4.893549999999999844e-01
1.141700000000000000e+04 4.894549999999999734e-01
1.141800000000000000e+04 4.895550000000000179e-01
1.141900000000000000e+04 4.896610000000000129e-01
1.142000000000000000e+04 4.897679999999999811e-01
1.142100000000000000e+04 4.898750000000000049e-01
1.142200000000000000e+04 4.899819999999999731e-01
1.142300000000000000e+04 4.900889999999999969e-01
1.142400000000000000e+04 4.901769999999999738e-01
1.142500000000000000e+04 4.902630000000000043e-01
1.142600000000000000e+04 4.903489999999999793e-01
1.142700000000000000e+04 4.904339999999999811e-01
1.142800000000000000e+04 4.905200000000000116e-01
1.142900000000000000e+04 4.906079999999999885e-01
1.143000000000000000e+04 4.906960000000000210e-01
1.143100000000000000e+04 4.907850000000000268e-01
1.143200000000000000e+04 4.908730000000000038e-01
1.143300000000000000e+04 4.909609999999999808e-01
1.143400000000000000e+04 4.910419999999999785e-01
1.143500000000000000e+04 4.911209999999999742e-01
1.143600000000000000e+04 4.912000000000000255e-01
1.143700000000000000e+04 4.912790000000000212e-01
1.143800000000000000e+04 4.913580000000000170e-01
1.143900000000000000e+04 4.914109999999999867e-01
1.144000000000000000e+04 4.914609999999999812e-01
1.144100000000000000e+04 4.915530000000000177e-01
1.144200000000000000e+04 4.916449999999999987e-01
1.144300000000000000e+04 4.917369999999999797e-01
1.144400000000000000e+04 4.918159999999999754e-01
1.144500000000000000e+04 4.918930000000000247e-01
1.144600000000000000e+04 4.919700000000000184e-01
1.144700000000000000e+04 4.920470000000000121e-01
1.144800000000000000e+04 4.921229999999999771e-01
1.144900000000000000e+04 4.921920000000000184e-01
1.145000000000000000e+04 4.922599999999999754e-01
1.145100000000000000e+04 4.922849999999999726e-01
1.145200000000000000e+04 4.923100000000000254e-01
1.145300000000000000e+04 4.923359999999999959e-01
1.145400000000000000e+04 4.923429999999999751e-01
1.145500000000000000e+04 4.923469999999999791e-01
1.145600000000000000e+04 4.923509999999999831e-01
1.145700000000000000e+04 4.923549999999999871e-01
1.145800000000000000e+04 4.923589999999999911e-01
1.145900000000000000e+04 4.923549999999999871e-01
1.146000000000000000e+04 4.923509999999999831e-01
1.146100000000000000e+04 4.923460000000000059e-01
1.146200000000000000e+04 4.923409999999999731e-01
1.146300000000000000e+04 4.923370000000000246e-01
1.146400000000000000e+04 4.923270000000000146e-01
1.146500000000000000e+04 4.923179999999999779e-01
1.146600000000000000e+04 4.923080000000000234e-01
1.146700000000000000e+04 4.922980000000000134e-01
1.146800000000000000e+04 4.922889999999999766e-01
1.146900000000000000e+04 4.922869999999999746e-01
1.147000000000000000e+04 4.922869999999999746e-01
1.147100000000000000e+04 4.922869999999999746e-01
1.147200000000000000e+04 4.922860000000000014e-01
1.147300000000000000e+04 4.922860000000000014e-01
1.147400000000000000e+04 4.922409999999999841e-01
1.147500000000000000e+04 4.921880000000000144e-01
1.147600000000000000e+04 4.921349999999999891e-01
1.147700000000000000e+04 4.920820000000000194e-01
1.147800000000000000e+04 4.920289999999999941e-01
1.147900000000000000e+04 4.919700000000000184e-01
1.148000000000000000e+04 4.919100000000000139e-01
1.148100000000000000e+04 4.918509999999999827e-01
1.148200000000000000e+04 4.917909999999999782e-01
1.148300000000000000e+04 4.917309999999999737e-01
1.148400000000000000e+04 4.916630000000000167e-01
1.148500000000000000e+04 4.915939999999999754e-01
1.148600000000000000e+04 4.915249999999999897e-01
1.148700000000000000e+04 4.914560000000000040e-01
1.148800000000000000e+04 4.913870000000000182e-01
1.148900000000000000e+04 4.913230000000000097e-01
1.149000000000000000e+04 4.912599999999999745e-01
1.149100000000000000e+04 4.912389999999999812e-01
1.149200000000000000e+04 4.912179999999999880e-01
1.149300000000000000e+04 4.911969999999999947e-01
1.149400000000000000e+04 4.911780000000000035e-01
1.149500000000000000e+04 4.911599999999999855e-01
1.149600000000000000e+04 4.911409999999999942e-01
1.149700000000000000e+04 4.911229999999999762e-01
1.149800000000000000e+04 4.911039999999999850e-01
1.149900000000000000e+04 4.910919999999999730e-01
1.150000000000000000e+04 4.910800000000000165e-01
1.150100000000000000e+04 4.910240000000000160e-01
1.150200000000000000e+04 4.909680000000000155e-01
1.150300000000000000e+04 4.909129999999999883e-01
1.150400000000000000e+04 4.908469999999999778e-01
1.150500000000000000e+04 4.907790000000000208e-01
1.150600000000000000e+04 4.907110000000000083e-01
1.150700000000000000e+04 4.906429999999999958e-01
1.150800000000000000e+04 4.905749999999999833e-01
1.150900000000000000e+04 4.905169999999999808e-01
1.151000000000000000e+04 4.904609999999999803e-01
1.151100000000000000e+04 4.904060000000000086e-01
1.151200000000000000e+04 4.903500000000000081e-01
1.151300000000000000e+04 4.902940000000000076e-01
1.151400000000000000e+04 4.902630000000000043e-01
1.151500000000000000e+04 4.902360000000000051e-01
1.151600000000000000e+04 4.902090000000000058e-01
1.151700000000000000e+04 4.901820000000000066e-01
1.151800000000000000e+04 4.901539999999999786e-01
1.151900000000000000e+04 4.901240000000000041e-01
1.152000000000000000e+04 4.900930000000000009e-01
1.152100000000000000e+04 4.900619999999999976e-01
1.152200000000000000e+04 4.900309999999999944e-01
1.152300000000000000e+04 4.899990000000000179e-01
1.152400000000000000e+04 4.899890000000000079e-01
1.152500000000000000e+04 4.899830000000000019e-01
1.152600000000000000e+04 4.899769999999999959e-01
1.152700000000000000e+04 4.899700000000000166e-01
1.152800000000000000e+04 4.899640000000000106e-01
1.152900000000000000e+04 4.899419999999999886e-01
1.153000000000000000e+04 4.899180000000000201e-01
1.153100000000000000e+04 4.898939999999999961e-01
1.153200000000000000e+04 4.898689999999999989e-01
1.153300000000000000e+04 4.898449999999999749e-01
1.153400000000000000e+04 4.898839999999999861e-01
1.153500000000000000e+04 4.899339999999999806e-01
1.153600000000000000e+04 4.899850000000000039e-01
1.153700000000000000e+04 4.900349999999999984e-01
1.153800000000000000e+04 4.900860000000000216e-01
1.153900000000000000e+04 4.901619999999999866e-01
1.154000000000000000e+04 4.902420000000000111e-01
1.154100000000000000e+04 4.903649999999999953e-01
1.154200000000000000e+04 4.904879999999999796e-01
1.154300000000000000e+04 4.906099999999999905e-01
1.154400000000000000e+04 4.907549999999999968e-01
1.154500000000000000e+04 4.909049999999999803e-01
1.154600000000000000e+04 4.910539999999999905e-01
1.154700000000000000e+04 4.912039999999999740e-01
1.154800000000000000e+04 4.913529999999999842e-01
1.154900000000000000e+04 4.915280000000000205e-01
1.155000000000000000e+04 4.917059999999999764e-01
1.155100000000000000e+04 4.918429999999999747e-01
1.155200000000000000e+04 4.919799999999999729e-01
1.155300000000000000e+04 4.921179999999999999e-01
1.155400000000000000e+04 4.922730000000000161e-01
1.155500000000000000e+04 4.924330000000000096e-01
1.155600000000000000e+04 4.925919999999999743e-01
1.155700000000000000e+04 4.927520000000000233e-01
1.155800000000000000e+04 4.929120000000000168e-01
1.155900000000000000e+04 4.930880000000000263e-01
1.156000000000000000e+04 4.932679999999999843e-01
1.156100000000000000e+04 4.934479999999999977e-01
1.156200000000000000e+04 4.936280000000000112e-01
1.156300000000000000e+04 4.938080000000000247e-01
1.156400000000000000e+04 4.940069999999999739e-01
1.156500000000000000e+04 4.942099999999999826e-01
1.156600000000000000e+04 4.944140000000000201e-01
1.156700000000000000e+04 4.946169999999999733e-01
1.156800000000000000e+04 4.948199999999999821e-01
1.156900000000000000e+04 4.950370000000000048e-01
1.157000000000000000e+04 4.952570000000000028e-01
1.157100000000000000e+04 4.954770000000000008e-01
1.157200000000000000e+04 4.956969999999999987e-01
1.157300000000000000e+04 4.959169999999999967e-01
1.157400000000000000e+04 4.961690000000000267e-01
1.157500000000000000e+04 4.964290000000000092e-01
1.157600000000000000e+04 4.966889999999999916e-01
1.157700000000000000e+04 4.969480000000000008e-01
1.157800000000000000e+04 4.972079999999999833e-01
1.157900000000000000e+04 4.974660000000000193e-01
1.158000000000000000e+04 4.977239999999999998e-01
1.158100000000000000e+04 4.979819999999999802e-01
1.158200000000000000e+04 4.982400000000000162e-01
1.158300000000000000e+04 4.984979999999999967e-01
1.158400000000000000e+04 4.987559999999999771e-01
1.158500000000000000e+04 4.990129999999999844e-01
1.158600000000000000e+04 4.992710000000000203e-01
1.158700000000000000e+04 4.995280000000000276e-01
1.158800000000000000e+04 4.997849999999999793e-01
1.158900000000000000e+04 5.000280000000000280e-01
1.159000000000000000e+04 5.002689999999999637e-01
1.159100000000000000e+04 5.005519999999999969e-01
1.159200000000000000e+04 5.008350000000000302e-01
1.159300000000000000e+04 5.011170000000000346e-01
1.159400000000000000e+04 5.014110000000000511e-01
1.159500000000000000e+04 5.017070000000000141e-01
1.159600000000000000e+04 5.020029999999999770e-01
1.159700000000000000e+04 5.022999999999999687e-01
1.159800000000000000e+04 5.025960000000000427e-01
1.159900000000000000e+04 5.028799999999999937e-01
1.160000000000000000e+04 5.031619999999999981e-01
1.160100000000000000e+04 5.034009999999999874e-01
1.160200000000000000e+04 5.036399999999999766e-01
1.160300000000000000e+04 5.038789999999999658e-01
1.160400000000000000e+04 5.041080000000000005e-01
1.160500000000000000e+04 5.043360000000000065e-01
1.160600000000000000e+04 5.045640000000000125e-01
1.160700000000000000e+04 5.047920000000000185e-01
1.160800000000000000e+04 5.050200000000000244e-01
1.160900000000000000e+04 5.052400000000000224e-01
1.161000000000000000e+04 5.054579999999999629e-01
1.161100000000000000e+04 5.056760000000000144e-01
1.161200000000000000e+04 5.058939999999999548e-01
1.161300000000000000e+04 5.061130000000000351e-01
1.161400000000000000e+04 5.063149999999999595e-01
1.161500000000000000e+04 5.065140000000000198e-01
1.161600000000000000e+04 5.067129999999999690e-01
1.161700000000000000e+04 5.069129999999999470e-01
1.161800000000000000e+04 5.071120000000000072e-01
1.161900000000000000e+04 5.072790000000000354e-01
1.162000000000000000e+04 5.074389999999999734e-01
1.162100000000000000e+04 5.075979999999999936e-01
1.162200000000000000e+04 5.077580000000000426e-01
1.162300000000000000e+04 5.079179999999999806e-01
1.162400000000000000e+04 5.080789999999999473e-01
1.162500000000000000e+04 5.082410000000000538e-01
1.162600000000000000e+04 5.084020000000000206e-01
1.162700000000000000e+04 5.085640000000000160e-01
1.162800000000000000e+04 5.087249999999999828e-01
1.162900000000000000e+04 5.088409999999999878e-01
1.163000000000000000e+04 5.089470000000000383e-01
1.163100000000000000e+04 5.090959999999999930e-01
1.163200000000000000e+04 5.092459999999999765e-01
1.163300000000000000e+04 5.093950000000000422e-01
1.163400000000000000e+04 5.095340000000000424e-01
1.163500000000000000e+04 5.096709999999999852e-01
1.163600000000000000e+04 5.098080000000000389e-01
1.163700000000000000e+04 5.099460000000000104e-01
1.163800000000000000e+04 5.100829999999999531e-01
1.163900000000000000e+04 5.101919999999999789e-01
1.164000000000000000e+04 5.102950000000000541e-01
1.164100000000000000e+04 5.103550000000000031e-01
1.164200000000000000e+04 5.104149999999999521e-01
1.164300000000000000e+04 5.104739999999999833e-01
1.164400000000000000e+04 5.105110000000000481e-01
1.164500000000000000e+04 5.105429999999999691e-01
1.164600000000000000e+04 5.105750000000000011e-01
1.164700000000000000e+04 5.106070000000000331e-01
1.164800000000000000e+04 5.106380000000000363e-01
1.164900000000000000e+04 5.106330000000000036e-01
1.165000000000000000e+04 5.106199999999999628e-01
1.165100000000000000e+04 5.106060000000000043e-01
1.165200000000000000e+04 5.105929999999999636e-01
1.165300000000000000e+04 5.105790000000000051e-01
1.165400000000000000e+04 5.105439999999999978e-01
1.165500000000000000e+04 5.105030000000000401e-01
1.165600000000000000e+04 5.104630000000000001e-01
1.165700000000000000e+04 5.104229999999999601e-01
1.165800000000000000e+04 5.103830000000000311e-01
1.165900000000000000e+04 5.103170000000000206e-01
1.166000000000000000e+04 5.102440000000000309e-01
1.166100000000000000e+04 5.101719999999999589e-01
1.166200000000000000e+04 5.100999999999999979e-01
1.166300000000000000e+04 5.100280000000000369e-01
1.166400000000000000e+04 5.099280000000000479e-01
1.166500000000000000e+04 5.098219999999999974e-01
1.166600000000000000e+04 5.097150000000000292e-01
1.166700000000000000e+04 5.096089999999999787e-01
1.166800000000000000e+04 5.095020000000000104e-01
1.166900000000000000e+04 5.094030000000000502e-01
1.167000000000000000e+04 5.093060000000000365e-01
1.167100000000000000e+04 5.092079999999999940e-01
1.167200000000000000e+04 5.091109999999999802e-01
1.167300000000000000e+04 5.090139999999999665e-01
1.167400000000000000e+04 5.088989999999999903e-01
1.167500000000000000e+04 5.087800000000000100e-01
1.167600000000000000e+04 5.086600000000000010e-01
1.167700000000000000e+04 5.085410000000000208e-01
1.167800000000000000e+04 5.084220000000000406e-01
1.167900000000000000e+04 5.082980000000000276e-01
1.168000000000000000e+04 5.081729999999999858e-01
1.168100000000000000e+04 5.080900000000000416e-01
1.168200000000000000e+04 5.080080000000000151e-01
1.168300000000000000e+04 5.079259999999999886e-01
1.168400000000000000e+04 5.078359999999999541e-01
1.168500000000000000e+04 5.077439999999999731e-01
1.168600000000000000e+04 5.076509999999999634e-01
1.168700000000000000e+04 5.075589999999999824e-01
1.168800000000000000e+04 5.074659999999999727e-01
1.168900000000000000e+04 5.073640000000000372e-01
1.169000000000000000e+04 5.072579999999999867e-01
1.169100000000000000e+04 5.071099999999999497e-01
1.169200000000000000e+04 5.069609999999999950e-01
1.169300000000000000e+04 5.068120000000000402e-01
1.169400000000000000e+04 5.066800000000000193e-01
1.169500000000000000e+04 5.065520000000000023e-01
1.169600000000000000e+04 5.064239999999999853e-01
1.169700000000000000e+04 5.062950000000000506e-01
1.169800000000000000e+04 5.061670000000000336e-01
1.169900000000000000e+04 5.060369999999999591e-01
1.170000000000000000e+04 5.059059999999999668e-01
1.170100000000000000e+04 5.057739999999999458e-01
1.170200000000000000e+04 5.056429999999999536e-01
1.170300000000000000e+04 5.055119999999999614e-01
1.170400000000000000e+04 5.053980000000000139e-01
1.170500000000000000e+04 5.052889999999999882e-01
1.170600000000000000e+04 5.051790000000000447e-01
1.170700000000000000e+04 5.050689999999999902e-01
1.170800000000000000e+04 5.049599999999999644e-01
1.170900000000000000e+04 5.048519999999999675e-01
1.171000000000000000e+04 5.047460000000000280e-01
1.171100000000000000e+04 5.046389999999999487e-01
1.171200000000000000e+04 5.045319999999999805e-01
1.171300000000000000e+04 5.044250000000000123e-01
1.171400000000000000e+04 5.043149999999999578e-01
1.171500000000000000e+04 5.042029999999999568e-01
1.171600000000000000e+04 5.040909999999999558e-01
1.171700000000000000e+04 5.039799999999999836e-01
1.171800000000000000e+04 5.038679999999999826e-01
1.171900000000000000e+04 5.037810000000000343e-01
1.172000000000000000e+04 5.037000000000000366e-01
1.172100000000000000e+04 5.036610000000000253e-01
1.172200000000000000e+04 5.036230000000000429e-01
1.172300000000000000e+04 5.035849999999999493e-01
1.172400000000000000e+04 5.035579999999999501e-01
1.172500000000000000e+04 5.035340000000000371e-01
1.172600000000000000e+04 5.035110000000000419e-01
1.172700000000000000e+04 5.034870000000000179e-01
1.172800000000000000e+04 5.034629999999999939e-01
1.172900000000000000e+04 5.034729999999999484e-01
1.173000000000000000e+04 5.034899999999999931e-01
1.173100000000000000e+04 5.034659999999999691e-01
1.173200000000000000e+04 5.034410000000000274e-01
1.173300000000000000e+04 5.034170000000000034e-01
1.173400000000000000e+04 5.033849999999999714e-01
1.173500000000000000e+04 5.033520000000000216e-01
1.173600000000000000e+04 5.033189999999999609e-01
1.173700000000000000e+04 5.032849999999999824e-01
1.173800000000000000e+04 5.032520000000000326e-01
1.173900000000000000e+04 5.032569999999999544e-01
1.174000000000000000e+04 5.032720000000000526e-01
1.174100000000000000e+04 5.032870000000000399e-01
1.174200000000000000e+04 5.033020000000000271e-01
1.174300000000000000e+04 5.033170000000000144e-01
1.174400000000000000e+04 5.033400000000000096e-01
1.174500000000000000e+04 5.033640000000000336e-01
1.174600000000000000e+04 5.033889999999999754e-01
1.174700000000000000e+04 5.034140000000000281e-01
1.174800000000000000e+04 5.034380000000000521e-01
1.174900000000000000e+04 5.034729999999999484e-01
1.175000000000000000e+04 5.035100000000000131e-01
1.175100000000000000e+04 5.035479999999999956e-01
1.175200000000000000e+04 5.035859999999999781e-01
1.175300000000000000e+04 5.036230000000000429e-01
1.175400000000000000e+04 5.036690000000000333e-01
1.175500000000000000e+04 5.037169999999999703e-01
1.175600000000000000e+04 5.037650000000000183e-01
1.175700000000000000e+04 5.038139999999999841e-01
1.175800000000000000e+04 5.038620000000000321e-01
1.175900000000000000e+04 5.039409999999999723e-01
1.176000000000000000e+04 5.040289999999999493e-01
1.176100000000000000e+04 5.041160000000000085e-01
1.176200000000000000e+04 5.042039999999999855e-01
1.176300000000000000e+04 5.042910000000000448e-01
1.176400000000000000e+04 5.043750000000000178e-01
1.176500000000000000e+04 5.044589999999999907e-01
1.176600000000000000e+04 5.045420000000000460e-01
1.176700000000000000e+04 5.046249999999999902e-01
1.176800000000000000e+04 5.047089999999999632e-01
1.176900000000000000e+04 5.047979999999999690e-01
1.177000000000000000e+04 5.048880000000000035e-01
1.177100000000000000e+04 5.050219999999999709e-01
1.177200000000000000e+04 5.051550000000000207e-01
1.177300000000000000e+04 5.052889999999999882e-01
1.177400000000000000e+04 5.054290000000000171e-01
1.177500000000000000e+04 5.055709999999999926e-01
1.177600000000000000e+04 5.057139999999999969e-01
1.177700000000000000e+04 5.058570000000000011e-01
1.177800000000000000e+04 5.059989999999999766e-01
1.177900000000000000e+04 5.061409999999999521e-01
1.178000000000000000e+04 5.062830000000000386e-01
1.178100000000000000e+04 5.063819999999999988e-01
1.178200000000000000e+04 5.064809999999999590e-01
1.178300000000000000e+04 5.065800000000000303e-01
1.178400000000000000e+04 5.066869999999999985e-01
1.178500000000000000e+04 5.067949999999999955e-01
1.178600000000000000e+04 5.069029999999999925e-01
1.178700000000000000e+04 5.070120000000000182e-01
1.178800000000000000e+04 5.071200000000000152e-01
1.178900000000000000e+04 5.072250000000000369e-01
1.179000000000000000e+04 5.073290000000000299e-01
1.179100000000000000e+04 5.074330000000000229e-01
1.179200000000000000e+04 5.075370000000000159e-01
1.179300000000000000e+04 5.076410000000000089e-01
1.179400000000000000e+04 5.077270000000000394e-01
1.179500000000000000e+04 5.078080000000000371e-01
1.179600000000000000e+04 5.078890000000000349e-01
1.179700000000000000e+04 5.079700000000000326e-01
1.179800000000000000e+04 5.080500000000000016e-01
1.179900000000000000e+04 5.081250000000000488e-01
1.180000000000000000e+04 5.081980000000000386e-01
1.180100000000000000e+04 5.082640000000000491e-01
1.180200000000000000e+04 5.083299999999999486e-01
1.180300000000000000e+04 5.083959999999999591e-01
1.180400000000000000e+04 5.084560000000000191e-01
1.180500000000000000e+04 5.085159999999999680e-01
1.180600000000000000e+04 5.085749999999999993e-01
1.180700000000000000e+04 5.086340000000000305e-01
1.180800000000000000e+04 5.086929999999999508e-01
1.180900000000000000e+04 5.087509999999999533e-01
1.181000000000000000e+04 5.088080000000000380e-01
1.181100000000000000e+04 5.089089999999999447e-01
1.181200000000000000e+04 5.090099999999999625e-01
1.181300000000000000e+04 5.091109999999999802e-01
1.181400000000000000e+04 5.091980000000000395e-01
1.181500000000000000e+04 5.092799999999999550e-01
1.181600000000000000e+04 5.093640000000000390e-01
1.181700000000000000e+04 5.094469999999999832e-01
1.181800000000000000e+04 5.095300000000000384e-01
1.181900000000000000e+04 5.095880000000000409e-01
1.182000000000000000e+04 5.096389999999999532e-01
1.182100000000000000e+04 5.096469999999999612e-01
1.182200000000000000e+04 5.096549999999999692e-01
1.182300000000000000e+04 5.096629999999999772e-01
1.182400000000000000e+04 5.096650000000000347e-01
1.182500000000000000e+04 5.096659999999999524e-01
1.182600000000000000e+04 5.096669999999999812e-01
1.182700000000000000e+04 5.096680000000000099e-01
1.182800000000000000e+04 5.096680000000000099e-01
1.182900000000000000e+04 5.096570000000000267e-01
1.183000000000000000e+04 5.096420000000000394e-01
1.183100000000000000e+04 5.096270000000000522e-01
1.183200000000000000e+04 5.096119999999999539e-01
1.183300000000000000e+04 5.095969999999999667e-01
1.183400000000000000e+04 5.095610000000000417e-01
1.183500000000000000e+04 5.095199999999999729e-01
1.183600000000000000e+04 5.094779999999999864e-01
1.183700000000000000e+04 5.094370000000000287e-01
1.183800000000000000e+04 5.093950000000000422e-01
1.183900000000000000e+04 5.093579999999999774e-01
1.184000000000000000e+04 5.093210000000000237e-01
1.184100000000000000e+04 5.092849999999999877e-01
1.184200000000000000e+04 5.092489999999999517e-01
1.184300000000000000e+04 5.092119999999999980e-01
1.184400000000000000e+04 5.091620000000000035e-01
1.184500000000000000e+04 5.091059999999999475e-01
1.184600000000000000e+04 5.090510000000000312e-01
1.184700000000000000e+04 5.089960000000000040e-01
1.184800000000000000e+04 5.089399999999999480e-01
1.184900000000000000e+04 5.088650000000000118e-01
1.185000000000000000e+04 5.087840000000000140e-01
1.185100000000000000e+04 5.087460000000000315e-01
1.185200000000000000e+04 5.087070000000000203e-01
1.185300000000000000e+04 5.086690000000000378e-01
1.185400000000000000e+04 5.086389999999999523e-01
1.185500000000000000e+04 5.086100000000000065e-01
1.185600000000000000e+04 5.085819999999999785e-01
1.185700000000000000e+04 5.085530000000000328e-01
1.185800000000000000e+04 5.085250000000000048e-01
1.185900000000000000e+04 5.084849999999999648e-01
1.186000000000000000e+04 5.084419999999999495e-01
1.186100000000000000e+04 5.083560000000000301e-01
1.186200000000000000e+04 5.082689999999999708e-01
1.186300000000000000e+04 5.081830000000000513e-01
1.186400000000000000e+04 5.081029999999999713e-01
1.186500000000000000e+04 5.080249999999999488e-01
1.186600000000000000e+04 5.079460000000000086e-01
1.186700000000000000e+04 5.078679999999999861e-01
1.186800000000000000e+04 5.077899999999999636e-01
1.186900000000000000e+04 5.076990000000000114e-01
1.187000000000000000e+04 5.076040000000000552e-01
1.187100000000000000e+04 5.075089999999999879e-01
1.187200000000000000e+04 5.074140000000000317e-01
1.187300000000000000e+04 5.073189999999999644e-01
1.187400000000000000e+04 5.072240000000000082e-01
1.187500000000000000e+04 5.071280000000000232e-01
1.187600000000000000e+04 5.070320000000000382e-01
1.187700000000000000e+04 5.069360000000000532e-01
1.187800000000000000e+04 5.068399999999999572e-01
1.187900000000000000e+04 5.067549999999999555e-01
1.188000000000000000e+04 5.066739999999999577e-01
1.188100000000000000e+04 5.065929999999999600e-01
1.188200000000000000e+04 5.065119999999999623e-01
1.188300000000000000e+04 5.064309999999999645e-01
1.188400000000000000e+04 5.063600000000000323e-01
1.188500000000000000e+04 5.062919999999999643e-01
1.188600000000000000e+04 5.062240000000000073e-01
1.188700000000000000e+04 5.061560000000000503e-01
1.188800000000000000e+04 5.060879999999999823e-01
1.188900000000000000e+04 5.060270000000000046e-01
1.189000000000000000e+04 5.059679999999999733e-01
1.189100000000000000e+04 5.059519999999999573e-01
1.189200000000000000e+04 5.059350000000000236e-01
1.189300000000000000e+04 5.059190000000000076e-01
1.189400000000000000e+04 5.059019999999999628e-01
1.189500000000000000e+04 5.058829999999999716e-01
1.189600000000000000e+04 5.058650000000000091e-01
1.189700000000000000e+04 5.058470000000000466e-01
1.189800000000000000e+04 5.058289999999999731e-01
1.189900000000000000e+04 5.058580000000000298e-01
1.190000000000000000e+04 5.059040000000000203e-01
1.190100000000000000e+04 5.059069999999999956e-01
1.190200000000000000e+04 5.059099999999999708e-01
1.190300000000000000e+04 5.059120000000000283e-01
1.190400000000000000e+04 5.059150000000000036e-01
1.190500000000000000e+04 5.059169999999999501e-01
1.190600000000000000e+04 5.059190000000000076e-01
1.190700000000000000e+04 5.059219999999999828e-01
1.190800000000000000e+04 5.059240000000000403e-01
1.190900000000000000e+04 5.059310000000000196e-01
1.191000000000000000e+04 5.059399999999999453e-01
1.191100000000000000e+04 5.059479999999999533e-01
1.191200000000000000e+04 5.059569999999999901e-01
1.191300000000000000e+04 5.059649999999999981e-01
1.191400000000000000e+04 5.059700000000000308e-01
1.191500000000000000e+04 5.059730000000000061e-01
1.191600000000000000e+04 5.059770000000000101e-01
1.191700000000000000e+04 5.059810000000000141e-01
1.191800000000000000e+04 5.059839999999999893e-01
1.191900000000000000e+04 5.059989999999999766e-01
1.192000000000000000e+04 5.060179999999999678e-01
1.192100000000000000e+04 5.060369999999999591e-01
1.192200000000000000e+04 5.060569999999999791e-01
1.192300000000000000e+04 5.060759999999999703e-01
1.192400000000000000e+04 5.061139999999999528e-01
1.192500000000000000e+04 5.061590000000000256e-01
1.192600000000000000e+04 5.062039999999999873e-01
1.192700000000000000e+04 5.062489999999999490e-01
1.192800000000000000e+04 5.062940000000000218e-01
1.192900000000000000e+04 5.063490000000000490e-01
1.193000000000000000e+04 5.064070000000000515e-01
1.193100000000000000e+04 5.064659999999999718e-01
1.193200000000000000e+04 5.065239999999999743e-01
1.193300000000000000e+04 5.065830000000000055e-01
1.193400000000000000e+04 5.066469999999999585e-01
1.193500000000000000e+04 5.067139999999999977e-01
1.193600000000000000e+04 5.067800000000000082e-01
1.193700000000000000e+04 5.068460000000000187e-01
1.193800000000000000e+04 5.069120000000000292e-01
1.193900000000000000e+04 5.069719999999999782e-01
1.194000000000000000e+04 5.070310000000000095e-01
1.194100000000000000e+04 5.071320000000000272e-01
1.194200000000000000e+04 5.072339999999999627e-01
1.194300000000000000e+04 5.073349999999999804e-01
1.194400000000000000e+04 5.074220000000000397e-01
1.194500000000000000e+04 5.075030000000000374e-01
1.194600000000000000e+04 5.075840000000000352e-01
1.194700000000000000e+04 5.076650000000000329e-01
1.194800000000000000e+04 5.077460000000000306e-01
1.194900000000000000e+04 5.078780000000000516e-01
1.195000000000000000e+04 5.080299999999999816e-01
1.195100000000000000e+04 5.081379999999999786e-01
1.195200000000000000e+04 5.082459999999999756e-01
1.195300000000000000e+04 5.083550000000000013e-01
1.195400000000000000e+04 5.084670000000000023e-01
1.195500000000000000e+04 5.085809999999999498e-01
1.195600000000000000e+04 5.086950000000000083e-01
1.195700000000000000e+04 5.088089999999999558e-01
1.195800000000000000e+04 5.089230000000000143e-01
1.195900000000000000e+04 5.090369999999999617e-01
1.196000000000000000e+04 5.091499999999999915e-01
1.196100000000000000e+04 5.092640000000000500e-01
1.196200000000000000e+04 5.093769999999999687e-01
1.196300000000000000e+04 5.094910000000000272e-01
1.196400000000000000e+04 5.096000000000000529e-01
1.196500000000000000e+04 5.097080000000000499e-01
1.196600000000000000e+04 5.098150000000000182e-01
1.196700000000000000e+04 5.099219999999999864e-01
1.196800000000000000e+04 5.100299999999999834e-01
1.196900000000000000e+04 5.101499999999999924e-01
1.197000000000000000e+04 5.102750000000000341e-01
1.197100000000000000e+04 5.103999999999999648e-01
1.197200000000000000e+04 5.105250000000000066e-01
1.197300000000000000e+04 5.106500000000000483e-01
1.197400000000000000e+04 5.107899999999999663e-01
1.197500000000000000e+04 5.109359999999999458e-01
1.197600000000000000e+04 5.110810000000000075e-01
1.197700000000000000e+04 5.112269999999999870e-01
1.197800000000000000e+04 5.113729999999999665e-01
1.197900000000000000e+04 5.114840000000000497e-01
1.198000000000000000e+04 5.115830000000000100e-01
1.198100000000000000e+04 5.117239999999999567e-01
1.198200000000000000e+04 5.118660000000000432e-01
1.198300000000000000e+04 5.120069999999999899e-01
1.198400000000000000e+04 5.121360000000000356e-01
1.198500000000000000e+04 5.122609999999999664e-01
1.198600000000000000e+04 5.123860000000000081e-01
1.198700000000000000e+04 5.125100000000000211e-01
1.198800000000000000e+04 5.126340000000000341e-01
1.198900000000000000e+04 5.127500000000000391e-01
1.199000000000000000e+04 5.128629999999999578e-01
1.199100000000000000e+04 5.129320000000000546e-01
1.199200000000000000e+04 5.130010000000000403e-01
1.199300000000000000e+04 5.130700000000000260e-01
1.199400000000000000e+04 5.131240000000000245e-01
1.199500000000000000e+04 5.131719999999999615e-01
1.199600000000000000e+04 5.132200000000000095e-01
1.199700000000000000e+04 5.132679999999999465e-01
1.199800000000000000e+04 5.133159999999999945e-01
1.199900000000000000e+04 5.133630000000000138e-01
1.200000000000000000e+04 5.134079999999999755e-01
1.200100000000000000e+04 5.134600000000000275e-01
1.200200000000000000e+04 5.135129999999999972e-01
1.200300000000000000e+04 5.135650000000000492e-01
1.200400000000000000e+04 5.136150000000000437e-01
1.200500000000000000e+04 5.136640000000000095e-01
1.200600000000000000e+04 5.137140000000000040e-01
1.200700000000000000e+04 5.137639999999999985e-01
1.200800000000000000e+04 5.138139999999999930e-01
1.200900000000000000e+04 5.138690000000000202e-01
1.201000000000000000e+04 5.139259999999999939e-01
1.201100000000000000e+04 5.139829999999999677e-01
1.201200000000000000e+04 5.140409999999999702e-01
1.201300000000000000e+04 5.140980000000000549e-01
1.201400000000000000e+04 5.141520000000000534e-01
1.201500000000000000e+04 5.142050000000000232e-01
1.201600000000000000e+04 5.142579999999999929e-01
1.201700000000000000e+04 5.143109999999999626e-01
1.201800000000000000e+04 5.143640000000000434e-01
1.201900000000000000e+04 5.144170000000000131e-01
1.202000000000000000e+04 5.144710000000000116e-01
1.202100000000000000e+04 5.145690000000000541e-01
1.202200000000000000e+04 5.146659999999999568e-01
1.202300000000000000e+04 5.147639999999999993e-01
1.202400000000000000e+04 5.148409999999999931e-01
1.202500000000000000e+04 5.149110000000000076e-01
1.202600000000000000e+04 5.149810000000000221e-01
1.202700000000000000e+04 5.150500000000000078e-01
1.202800000000000000e+04 5.151200000000000223e-01
1.202900000000000000e+04 5.151769999999999960e-01
1.203000000000000000e+04 5.152280000000000193e-01
1.203100000000000000e+04 5.152360000000000273e-01
1.203200000000000000e+04 5.152440000000000353e-01
1.203300000000000000e+04 5.152520000000000433e-01
1.203400000000000000e+04 5.152499999999999858e-01
1.203500000000000000e+04 5.152419999999999778e-01
1.203600000000000000e+04 5.152349999999999985e-01
1.203700000000000000e+04 5.152280000000000193e-01
1.203800000000000000e+04 5.152200000000000113e-01
1.203900000000000000e+04 5.152099999999999458e-01
1.204000000000000000e+04 5.151980000000000448e-01
1.204100000000000000e+04 5.151869999999999505e-01
1.204200000000000000e+04 5.151750000000000496e-01
1.204300000000000000e+04 5.151639999999999553e-01
1.204400000000000000e+04 5.151280000000000303e-01
1.204500000000000000e+04 5.150820000000000398e-01
1.204600000000000000e+04 5.150369999999999671e-01
1.204700000000000000e+04 5.149909999999999766e-01
1.204800000000000000e+04 5.149449999999999861e-01
1.204900000000000000e+04 5.149150000000000116e-01
1.205000000000000000e+04 5.148909999999999876e-01
1.205100000000000000e+04 5.148669999999999636e-01
1.205200000000000000e+04 5.148430000000000506e-01
1.205300000000000000e+04 5.148200000000000554e-01
1.205400000000000000e+04 5.148009999999999531e-01
1.205500000000000000e+04 5.147840000000000193e-01
1.205600000000000000e+04 5.147680000000000033e-01
1.205700000000000000e+04 5.147509999999999586e-01
1.205800000000000000e+04 5.147340000000000249e-01
1.205900000000000000e+04 5.147319999999999673e-01
1.206000000000000000e+04 5.147359999999999713e-01
1.206100000000000000e+04 5.147829999999999906e-01
1.206200000000000000e+04 5.148310000000000386e-01
1.206300000000000000e+04 5.148779999999999468e-01
1.206400000000000000e+04 5.149150000000000116e-01
1.206500000000000000e+04 5.149470000000000436e-01
1.206600000000000000e+04 5.149789999999999646e-01
1.206700000000000000e+04 5.150109999999999966e-01
1.206800000000000000e+04 5.150430000000000286e-01
1.206900000000000000e+04 5.150799999999999823e-01
1.207000000000000000e+04 5.151189999999999936e-01
1.207100000000000000e+04 5.151149999999999896e-01
1.207200000000000000e+04 5.151109999999999856e-01
1.207300000000000000e+04 5.151069999999999816e-01
1.207400000000000000e+04 5.151149999999999896e-01
1.207500000000000000e+04 5.151299999999999768e-01
1.207600000000000000e+04 5.151430000000000176e-01
1.207700000000000000e+04 5.151569999999999760e-01
1.207800000000000000e+04 5.151710000000000456e-01
1.207900000000000000e+04 5.152020000000000488e-01
1.208000000000000000e+04 5.152390000000000025e-01
1.208100000000000000e+04 5.152759999999999563e-01
1.208200000000000000e+04 5.153140000000000498e-01
1.208300000000000000e+04 5.153510000000000035e-01
1.208400000000000000e+04 5.153919999999999613e-01
1.208500000000000000e+04 5.154339999999999478e-01
1.208600000000000000e+04 5.154760000000000453e-01
1.208700000000000000e+04 5.155180000000000318e-01
1.208800000000000000e+04 5.155600000000000183e-01
1.208900000000000000e+04 5.156070000000000375e-01
1.209000000000000000e+04 5.156570000000000320e-01
1.209100000000000000e+04 5.157070000000000265e-01
1.209200000000000000e+04 5.157570000000000210e-01
1.209300000000000000e+04 5.158070000000000155e-01
1.209400000000000000e+04 5.158490000000000020e-01
1.209500000000000000e+04 5.158869999999999845e-01
1.209600000000000000e+04 5.159259999999999957e-01
1.209700000000000000e+04 5.159639999999999782e-01
1.209800000000000000e+04 5.160029999999999895e-01
1.209900000000000000e+04 5.160510000000000375e-01
1.210000000000000000e+04 5.161040000000000072e-01
1.210100000000000000e+04 5.161999999999999922e-01
1.210200000000000000e+04 5.162959999999999772e-01
1.210300000000000000e+04 5.163919999999999622e-01
1.210400000000000000e+04 5.164900000000000047e-01
1.210500000000000000e+04 5.165880000000000472e-01
1.210600000000000000e+04 5.166870000000000074e-01
1.210700000000000000e+04 5.167850000000000499e-01
1.210800000000000000e+04 5.168840000000000101e-01
1.210900000000000000e+04 5.169799999999999951e-01
1.211000000000000000e+04 5.170759999999999801e-01
1.211100000000000000e+04 5.171280000000000321e-01
1.211200000000000000e+04 5.171810000000000018e-01
1.211300000000000000e+04 5.172330000000000538e-01
1.211400000000000000e+04 5.172970000000000068e-01
1.211500000000000000e+04 5.173670000000000213e-01
1.211600000000000000e+04 5.174370000000000358e-01
1.211700000000000000e+04 5.175070000000000503e-01
1.211800000000000000e+04 5.175769999999999538e-01
1.211900000000000000e+04 5.176450000000000218e-01
1.212000000000000000e+04 5.177129999999999788e-01
1.212100000000000000e+04 5.177800000000000180e-01
1.212200000000000000e+04 5.178469999999999462e-01
1.212300000000000000e+04 5.179150000000000142e-01
1.212400000000000000e+04 5.179770000000000207e-01
1.212500000000000000e+04 5.180369999999999697e-01
1.212600000000000000e+04 5.180970000000000297e-01
1.212700000000000000e+04 5.181569999999999787e-01
1.212800000000000000e+04 5.182160000000000100e-01
1.212900000000000000e+04 5.182839999999999669e-01
1.213000000000000000e+04 5.183560000000000390e-01
1.213100000000000000e+04 5.184269999999999712e-01
1.213200000000000000e+04 5.184980000000000144e-01
1.213300000000000000e+04 5.185699999999999754e-01
1.213400000000000000e+04 5.186309999999999532e-01
1.213500000000000000e+04 5.186880000000000379e-01
1.213600000000000000e+04 5.187439999999999829e-01
1.213700000000000000e+04 5.188009999999999566e-01
1.213800000000000000e+04 5.188570000000000126e-01
1.213900000000000000e+04 5.189179999999999904e-01
1.214000000000000000e+04 5.189799999999999969e-01
1.214100000000000000e+04 5.190860000000000474e-01
1.214200000000000000e+04 5.191909999999999581e-01
1.214300000000000000e+04 5.192970000000000086e-01
1.214400000000000000e+04 5.194010000000000016e-01
1.214500000000000000e+04 5.195039999999999658e-01
1.214600000000000000e+04 5.196070000000000411e-01
1.214700000000000000e+04 5.197100000000000053e-01
1.214800000000000000e+04 5.198129999999999695e-01
1.214900000000000000e+04 5.198990000000000000e-01
1.215000000000000000e+04 5.199780000000000513e-01
1.215100000000000000e+04 5.200129999999999475e-01
1.215200000000000000e+04 5.200479999999999547e-01
1.215300000000000000e+04 5.200829999999999620e-01
1.215400000000000000e+04 5.201149999999999940e-01
1.215500000000000000e+04 5.201449999999999685e-01
1.215600000000000000e+04 5.201759999999999717e-01
1.215700000000000000e+04 5.202059999999999462e-01
1.215800000000000000e+04 5.202360000000000317e-01
1.215900000000000000e+04 5.202259999999999662e-01
1.216000000000000000e+04 5.201949999999999630e-01
1.216100000000000000e+04 5.201649999999999885e-01
1.216200000000000000e+04 5.201350000000000140e-01
1.216300000000000000e+04 5.201040000000000108e-01
1.216400000000000000e+04 5.201059999999999572e-01
1.216500000000000000e+04 5.201230000000000020e-01
1.216600000000000000e+04 5.201400000000000468e-01
1.216700000000000000e+04 5.201569999999999805e-01
1.216800000000000000e+04 5.201740000000000252e-01
1.216900000000000000e+04 5.201729999999999965e-01
1.217000000000000000e+04 5.201609999999999845e-01
1.217100000000000000e+04 5.201500000000000012e-01
1.217200000000000000e+04 5.201400000000000468e-01
1.217300000000000000e+04 5.201289999999999525e-01
1.217400000000000000e+04 5.201109999999999900e-01
1.217500000000000000e+04 5.200890000000000235e-01
1.217600000000000000e+04 5.200679999999999747e-01
1.217700000000000000e+04 5.200460000000000083e-01
1.217800000000000000e+04 5.200249999999999595e-01
1.217900000000000000e+04 5.200069999999999970e-01
1.218000000000000000e+04 5.199899999999999523e-01
1.218100000000000000e+04 5.200179999999999803e-01
1.218200000000000000e+04 5.200449999999999795e-01
1.218300000000000000e+04 5.200730000000000075e-01
1.218400000000000000e+04 5.200919999999999987e-01
1.218500000000000000e+04 5.201069999999999860e-01
1.218600000000000000e+04 5.201210000000000555e-01
1.218700000000000000e+04 5.201360000000000428e-01
1.218800000000000000e+04 5.201510000000000300e-01
1.218900000000000000e+04 5.201519999999999477e-01
1.219000000000000000e+04 5.201449999999999685e-01
1.219100000000000000e+04 5.200949999999999740e-01
1.219200000000000000e+04 5.200449999999999795e-01
1.219300000000000000e+04 5.199960000000000138e-01
1.219400000000000000e+04 5.199510000000000520e-01
1.219500000000000000e+04 5.199089999999999545e-01
1.219600000000000000e+04 5.198669999999999680e-01
1.219700000000000000e+04 5.198260000000000103e-01
1.219800000000000000e+04 5.197829999999999950e-01
1.219900000000000000e+04 5.197380000000000333e-01
1.220000000000000000e+04 5.196899999999999853e-01
1.220100000000000000e+04 5.196380000000000443e-01
1.220200000000000000e+04 5.195849999999999635e-01
1.220300000000000000e+04 5.195330000000000226e-01
1.220400000000000000e+04 5.194590000000000041e-01
1.220500000000000000e+04 5.193759999999999488e-01
1.220600000000000000e+04 5.192919999999999758e-01
1.220700000000000000e+04 5.192080000000000028e-01
1.220800000000000000e+04 5.191240000000000299e-01
1.220900000000000000e+04 5.190339999999999954e-01
1.221000000000000000e+04 5.189409999999999856e-01
1.221100000000000000e+04 5.188920000000000199e-01
1.221200000000000000e+04 5.188439999999999719e-01
1.221300000000000000e+04 5.187950000000000061e-01
1.221400000000000000e+04 5.187439999999999829e-01
1.221500000000000000e+04 5.186920000000000419e-01
1.221600000000000000e+04 5.186399999999999899e-01
1.221700000000000000e+04 5.185889999999999667e-01
1.221800000000000000e+04 5.185370000000000257e-01
1.221900000000000000e+04 5.184839999999999449e-01
1.222000000000000000e+04 5.184309999999999752e-01
1.222100000000000000e+04 5.183339999999999614e-01
1.222200000000000000e+04 5.182369999999999477e-01
1.222300000000000000e+04 5.181400000000000450e-01
1.222400000000000000e+04 5.180399999999999450e-01
1.222500000000000000e+04 5.179380000000000095e-01
1.222600000000000000e+04 5.178359999999999630e-01
1.222700000000000000e+04 5.177340000000000275e-01
1.222800000000000000e+04 5.176319999999999810e-01
1.222900000000000000e+04 5.175140000000000295e-01
1.223000000000000000e+04 5.173870000000000413e-01
1.223100000000000000e+04 5.172600000000000531e-01
1.223200000000000000e+04 5.171320000000000361e-01
1.223300000000000000e+04 5.170050000000000479e-01
1.223400000000000000e+04 5.169000000000000261e-01
1.223500000000000000e+04 5.168070000000000164e-01
1.223600000000000000e+04 5.167140000000000066e-01
1.223700000000000000e+04 5.166209999999999969e-01
1.223800000000000000e+04 5.165279999999999871e-01
1.223900000000000000e+04 5.164499999999999647e-01
1.224000000000000000e+04 5.163799999999999502e-01
1.224100000000000000e+04 5.163100000000000467e-01
1.224200000000000000e+04 5.162400000000000322e-01
1.224300000000000000e+04 5.161700000000000177e-01
1.224400000000000000e+04 5.161029999999999784e-01
1.224500000000000000e+04 5.160379999999999967e-01
1.224600000000000000e+04 5.159730000000000150e-01
1.224700000000000000e+04 5.159070000000000045e-01
1.224800000000000000e+04 5.158420000000000227e-01
1.224900000000000000e+04 5.157869999999999955e-01
1.225000000000000000e+04 5.157370000000000010e-01
1.225100000000000000e+04 5.157310000000000505e-01
1.225200000000000000e+04 5.157239999999999602e-01
1.225300000000000000e+04 5.157180000000000097e-01
1.225400000000000000e+04 5.157350000000000545e-01
1.225500000000000000e+04 5.157650000000000290e-01
1.225600000000000000e+04 5.157950000000000035e-01
1.225700000000000000e+04 5.158260000000000067e-01
1.225800000000000000e+04 5.158559999999999812e-01
1.225900000000000000e+04 5.158899999999999597e-01
1.226000000000000000e+04 5.159259999999999957e-01
1.226100000000000000e+04 5.159190000000000165e-01
1.226200000000000000e+04 5.159120000000000372e-01
1.226300000000000000e+04 5.159049999999999470e-01
1.226400000000000000e+04 5.159340000000000037e-01
1.226500000000000000e+04 5.159839999999999982e-01
1.226600000000000000e+04 5.160329999999999639e-01
1.226700000000000000e+04 5.160820000000000407e-01
1.226800000000000000e+04 5.161310000000000064e-01
1.226900000000000000e+04 5.161559999999999482e-01
1.227000000000000000e+04 5.161679999999999602e-01
1.227100000000000000e+04 5.161790000000000544e-01
1.227200000000000000e+04 5.161900000000000377e-01
1.227300000000000000e+04 5.162010000000000209e-01
1.227400000000000000e+04 5.162349999999999994e-01
1.227500000000000000e+04 5.162799999999999612e-01
1.227600000000000000e+04 5.163250000000000339e-01
1.227700000000000000e+04 5.163710000000000244e-01
1.227800000000000000e+04 5.164159999999999862e-01
1.227900000000000000e+04 5.164739999999999887e-01
1.228000000000000000e+04 5.165380000000000527e-01
1.228100000000000000e+04 5.166030000000000344e-01
1.228200000000000000e+04 5.166680000000000161e-01
1.228300000000000000e+04 5.167319999999999691e-01
1.228400000000000000e+04 5.167960000000000331e-01
1.228500000000000000e+04 5.168599999999999861e-01
1.228600000000000000e+04 5.169240000000000501e-01
1.228700000000000000e+04 5.169880000000000031e-01
1.228800000000000000e+04 5.170519999999999561e-01
1.228900000000000000e+04 5.171339999999999826e-01
1.229000000000000000e+04 5.172250000000000458e-01
1.229100000000000000e+04 5.173609999999999598e-01
1.229200000000000000e+04 5.174959999999999560e-01
1.229300000000000000e+04 5.176309999999999523e-01
1.229400000000000000e+04 5.177770000000000428e-01
1.229500000000000000e+04 5.179289999999999727e-01
1.229600000000000000e+04 5.180799999999999850e-01
1.229700000000000000e+04 5.182320000000000260e-01
1.229800000000000000e+04 5.183839999999999559e-01
1.229900000000000000e+04 5.185410000000000297e-01
1.230000000000000000e+04 5.187019999999999964e-01
1.230100000000000000e+04 5.188190000000000301e-01
1.230200000000000000e+04 5.189350000000000351e-01
1.230300000000000000e+04 5.190519999999999579e-01
1.230400000000000000e+04 5.191769999999999996e-01
1.230500000000000000e+04 5.193069999999999631e-01
1.230600000000000000e+04 5.194370000000000376e-01
1.230700000000000000e+04 5.195670000000000011e-01
1.230800000000000000e+04 5.196960000000000468e-01
1.230900000000000000e+04 5.198340000000000183e-01
1.231000000000000000e+04 5.199770000000000225e-01
1.231100000000000000e+04 5.201200000000000268e-01
1.231200000000000000e+04 5.202630000000000310e-01
1.231300000000000000e+04 5.204060000000000352e-01
1.231400000000000000e+04 5.205549999999999899e-01
1.231500000000000000e+04 5.207070000000000309e-01
1.231600000000000000e+04 5.208589999999999609e-01
1.231700000000000000e+04 5.210110000000000019e-01
1.231800000000000000e+04 5.211630000000000429e-01
1.231900000000000000e+04 5.213140000000000551e-01
1.232000000000000000e+04 5.214649999999999563e-01
1.232100000000000000e+04 5.216159999999999686e-01
1.232200000000000000e+04 5.217669999999999808e-01
1.232300000000000000e+04 5.219169999999999643e-01
1.232400000000000000e+04 5.220660000000000300e-01
1.232500000000000000e+04 5.222139999999999560e-01
1.232600000000000000e+04 5.223619999999999930e-01
1.232700000000000000e+04 5.225090000000000012e-01
1.232800000000000000e+04 5.226570000000000382e-01
1.232900000000000000e+04 5.228080000000000505e-01
1.233000000000000000e+04 5.229599999999999804e-01
1.233100000000000000e+04 5.231569999999999832e-01
1.233200000000000000e+04 5.233529999999999571e-01
1.233300000000000000e+04 5.235499999999999599e-01
1.233400000000000000e+04 5.237450000000000161e-01
1.233500000000000000e+04 5.239399999999999613e-01
1.233600000000000000e+04 5.241350000000000176e-01
1.233700000000000000e+04 5.243290000000000450e-01
1.233800000000000000e+04 5.245239999999999903e-01
1.233900000000000000e+04 5.247119999999999562e-01
1.234000000000000000e+04 5.248950000000000005e-01
1.234100000000000000e+04 5.250350000000000295e-01
1.234200000000000000e+04 5.251740000000000297e-01
1.234300000000000000e+04 5.253130000000000299e-01
1.234400000000000000e+04 5.254499999999999726e-01
1.234500000000000000e+04 5.255849999999999689e-01
1.234600000000000000e+04 5.257199999999999651e-01
1.234700000000000000e+04 5.258549999999999613e-01
1.234800000000000000e+04 5.259909999999999863e-01
1.234900000000000000e+04 5.261190000000000033e-01
1.235000000000000000e+04 5.262449999999999628e-01
1.235100000000000000e+04 5.263700000000000045e-01
1.235200000000000000e+04 5.264950000000000463e-01
1.235300000000000000e+04 5.266210000000000058e-01
1.235400000000000000e+04 5.267330000000000068e-01
1.235500000000000000e+04 5.268359999999999710e-01
1.235600000000000000e+04 5.269390000000000462e-01
1.235700000000000000e+04 5.270430000000000392e-01
1.235800000000000000e+04 5.271470000000000322e-01
1.235900000000000000e+04 5.272440000000000460e-01
1.236000000000000000e+04 5.273369999999999447e-01
1.236100000000000000e+04 5.274299999999999544e-01
1.236200000000000000e+04 5.275229999999999642e-01
1.236300000000000000e+04 5.276159999999999739e-01
1.236400000000000000e+04 5.276999999999999469e-01
1.236500000000000000e+04 5.277779999999999694e-01
1.236600000000000000e+04 5.278549999999999631e-01
1.236700000000000000e+04 5.279329999999999856e-01
1.236800000000000000e+04 5.280110000000000081e-01
1.236900000000000000e+04 5.280780000000000474e-01
1.237000000000000000e+04 5.281400000000000539e-01
1.237100000000000000e+04 5.282449999999999646e-01
1.237200000000000000e+04 5.283510000000000151e-01
1.237300000000000000e+04 5.284560000000000368e-01
1.237400000000000000e+04 5.285469999999999891e-01
1.237500000000000000e+04 5.286290000000000155e-01
1.237600000000000000e+04 5.287110000000000420e-01
1.237700000000000000e+04 5.287920000000000398e-01
1.237800000000000000e+04 5.288749999999999840e-01
1.237900000000000000e+04 5.289559999999999818e-01
1.238000000000000000e+04 5.290369999999999795e-01
1.238100000000000000e+04 5.290740000000000443e-01
1.238200000000000000e+04 5.291109999999999980e-01
1.238300000000000000e+04 5.291479999999999517e-01
1.238400000000000000e+04 5.291660000000000252e-01
1.238500000000000000e+04 5.291709999999999470e-01
1.238600000000000000e+04 5.291759999999999797e-01
1.238700000000000000e+04 5.291810000000000125e-01
1.238800000000000000e+04 5.291860000000000452e-01
1.238900000000000000e+04 5.291890000000000205e-01
1.239000000000000000e+04 5.291909999999999670e-01
1.239100000000000000e+04 5.291919999999999957e-01
1.239200000000000000e+04 5.291930000000000245e-01
1.239300000000000000e+04 5.291949999999999710e-01
1.239400000000000000e+04 5.291900000000000492e-01
1.239500000000000000e+04 5.291810000000000125e-01
1.239600000000000000e+04 5.291719999999999757e-01
1.239700000000000000e+04 5.291630000000000500e-01
1.239800000000000000e+04 5.291540000000000132e-01
1.239900000000000000e+04 5.291259999999999852e-01
1.240000000000000000e+04 5.290859999999999452e-01
1.240100000000000000e+04 5.290519999999999667e-01
1.240200000000000000e+04 5.290169999999999595e-01
1.240300000000000000e+04 5.289829999999999810e-01
1.240400000000000000e+04 5.289519999999999778e-01
1.240500000000000000e+04 5.289220000000000033e-01
1.240600000000000000e+04 5.288920000000000288e-01
1.240700000000000000e+04 5.288620000000000543e-01
1.240800000000000000e+04 5.288319999999999688e-01
1.240900000000000000e+04 5.287950000000000150e-01
1.241000000000000000e+04 5.287519999999999998e-01
1.241100000000000000e+04 5.287539999999999463e-01
1.241200000000000000e+04 5.287549999999999750e-01
1.241300000000000000e+04 5.287570000000000325e-01
1.241400000000000000e+04 5.287530000000000285e-01
1.241500000000000000e+04 5.287450000000000205e-01
1.241600000000000000e+04 5.287380000000000413e-01
1.241700000000000000e+04 5.287300000000000333e-01
1.241800000000000000e+04 5.287230000000000540e-01
1.241900000000000000e+04 5.287140000000000173e-01
1.242000000000000000e+04 5.287060000000000093e-01
1.242100000000000000e+04 5.286520000000000108e-01
1.242200000000000000e+04 5.285990000000000411e-01
1.242300000000000000e+04 5.285459999999999603e-01
1.242400000000000000e+04 5.284879999999999578e-01
1.242500000000000000e+04 5.284280000000000088e-01
1.242600000000000000e+04 5.283679999999999488e-01
1.242700000000000000e+04 5.283069999999999711e-01
1.242800000000000000e+04 5.282470000000000221e-01
1.242900000000000000e+04 5.281719999999999748e-01
1.243000000000000000e+04 5.280880000000000019e-01
1.243100000000000000e+04 5.280040000000000289e-01
1.243200000000000000e+04 5.279199999999999449e-01
1.243300000000000000e+04 5.278359999999999719e-01
1.243400000000000000e+04 5.277570000000000316e-01
1.243500000000000000e+04 5.276809999999999556e-01
1.243600000000000000e+04 5.276049999999999907e-01
1.243700000000000000e+04 5.275290000000000257e-01
1.243800000000000000e+04 5.274529999999999497e-01
1.243900000000000000e+04 5.273949999999999472e-01
1.244000000000000000e+04 5.273489999999999567e-01
1.244100000000000000e+04 5.273039999999999949e-01
1.244200000000000000e+04 5.272580000000000044e-01
1.244300000000000000e+04 5.272120000000000140e-01
1.244400000000000000e+04 5.271749999999999492e-01
1.244500000000000000e+04 5.271430000000000282e-01
1.244600000000000000e+04 5.271120000000000250e-01
1.244700000000000000e+04 5.270799999999999930e-01
1.244800000000000000e+04 5.270489999999999897e-01
1.244900000000000000e+04 5.270200000000000440e-01
1.245000000000000000e+04 5.269930000000000447e-01
1.245100000000000000e+04 5.270099999999999785e-01
1.245200000000000000e+04 5.270270000000000232e-01
1.245300000000000000e+04 5.270439999999999570e-01
1.245400000000000000e+04 5.270749999999999602e-01
1.245500000000000000e+04 5.271150000000000002e-01
1.245600000000000000e+04 5.271550000000000402e-01
1.245700000000000000e+04 5.271949999999999692e-01
1.245800000000000000e+04 5.272350000000000092e-01
1.245900000000000000e+04 5.272790000000000532e-01
1.246000000000000000e+04 5.273280000000000189e-01
1.246100000000000000e+04 5.273320000000000229e-01
1.246200000000000000e+04 5.273360000000000269e-01
1.246300000000000000e+04 5.273400000000000309e-01
1.246400000000000000e+04 5.273489999999999567e-01
1.246500000000000000e+04 5.273619999999999974e-01
1.246600000000000000e+04 5.273740000000000094e-01
1.246700000000000000e+04 5.273860000000000214e-01
1.246800000000000000e+04 5.273980000000000334e-01
1.246900000000000000e+04 5.274320000000000119e-01
1.247000000000000000e+04 5.274799999999999489e-01
1.247100000000000000e+04 5.275290000000000257e-01
1.247200000000000000e+04 5.275769999999999627e-01
1.247300000000000000e+04 5.276250000000000107e-01
1.247400000000000000e+04 5.276859999999999884e-01
1.247500000000000000e+04 5.277539999999999454e-01
1.247600000000000000e+04 5.278230000000000421e-01
1.247700000000000000e+04 5.278909999999999991e-01
1.247800000000000000e+04 5.279599999999999849e-01
1.247900000000000000e+04 5.280209999999999626e-01
1.248000000000000000e+04 5.280770000000000186e-01
1.248100000000000000e+04 5.281339999999999923e-01
1.248200000000000000e+04 5.281900000000000484e-01
1.248300000000000000e+04 5.282459999999999933e-01
1.248400000000000000e+04 5.283010000000000206e-01
1.248500000000000000e+04 5.283539999999999903e-01
1.248600000000000000e+04 5.284069999999999601e-01
1.248700000000000000e+04 5.284600000000000408e-01
1.248800000000000000e+04 5.285140000000000393e-01
1.248900000000000000e+04 5.285739999999999883e-01
1.249000000000000000e+04 5.286410000000000275e-01
1.249100000000000000e+04 5.287519999999999998e-01
1.249200000000000000e+04 5.288620000000000543e-01
1.249300000000000000e+04 5.289730000000000265e-01
1.249400000000000000e+04 5.290909999999999780e-01
1.249500000000000000e+04 5.292120000000000157e-01
1.249600000000000000e+04 5.293339999999999712e-01
1.249700000000000000e+04 5.294560000000000377e-01
1.249800000000000000e+04 5.295779999999999932e-01
1.249900000000000000e+04 5.297030000000000349e-01
1.250000000000000000e+04 5.298310000000000519e-01
1.250100000000000000e+04 5.299030000000000129e-01
1.250200000000000000e+04 5.299739999999999451e-01
1.250300000000000000e+04 5.300460000000000171e-01
1.250400000000000000e+04 5.301179999999999781e-01
1.250500000000000000e+04 5.301909999999999679e-01
1.250600000000000000e+04 5.302639999999999576e-01
1.250700000000000000e+04 5.303360000000000296e-01
1.250800000000000000e+04 5.304090000000000193e-01
1.250900000000000000e+04 5.304780000000000051e-01
1.251000000000000000e+04 5.305440000000000156e-01
1.251100000000000000e+04 5.306110000000000548e-01
1.251200000000000000e+04 5.306760000000000366e-01
1.251300000000000000e+04 5.307429999999999648e-01
1.251400000000000000e+04 5.308140000000000081e-01
1.251500000000000000e+04 5.308899999999999730e-01
1.251600000000000000e+04 5.309650000000000203e-01
1.251700000000000000e+04 5.310409999999999853e-01
1.251800000000000000e+04 5.311160000000000325e-01
1.251900000000000000e+04 5.311949999999999728e-01
1.252000000000000000e+04 5.312750000000000528e-01
1.252100000000000000e+04 5.313550000000000217e-01
1.252200000000000000e+04 5.314360000000000195e-01
1.252300000000000000e+04 5.315159999999999885e-01
1.252400000000000000e+04 5.315849999999999742e-01
1.252500000000000000e+04 5.316459999999999519e-01
1.252600000000000000e+04 5.317060000000000120e-01
1.252700000000000000e+04 5.317669999999999897e-01
1.252800000000000000e+04 5.318270000000000497e-01
1.252900000000000000e+04 5.318850000000000522e-01
1.253000000000000000e+04 5.319409999999999972e-01
1.253100000000000000e+04 5.320409999999999862e-01
1.253200000000000000e+04 5.321409999999999751e-01
1.253300000000000000e+04 5.322409999999999641e-01
1.253400000000000000e+04 5.323409999999999531e-01
1.253500000000000000e+04 5.324400000000000244e-01
1.253600000000000000e+04 5.325389999999999846e-01
1.253700000000000000e+04 5.326379999999999448e-01
1.253800000000000000e+04 5.327370000000000161e-01
1.253900000000000000e+04 5.328199999999999603e-01
1.254000000000000000e+04 5.328910000000000036e-01
1.254100000000000000e+04 5.329169999999999741e-01
1.254200000000000000e+04 5.329429999999999445e-01
1.254300000000000000e+04 5.329700000000000548e-01
1.254400000000000000e+04 5.329909999999999926e-01
1.254500000000000000e+04 5.330070000000000086e-01
1.254600000000000000e+04 5.330240000000000533e-01
1.254700000000000000e+04 5.330399999999999583e-01
1.254800000000000000e+04 5.330570000000000030e-01
1.254900000000000000e+04 5.330700000000000438e-01
1.255000000000000000e+04 5.330799999999999983e-01
1.255100000000000000e+04 5.330899999999999528e-01
1.255200000000000000e+04 5.331000000000000183e-01
1.255300000000000000e+04 5.331110000000000015e-01
1.255400000000000000e+04 5.331029999999999935e-01
1.255500000000000000e+04 5.330810000000000271e-01
1.255600000000000000e+04 5.330589999999999495e-01
1.255700000000000000e+04 5.330380000000000118e-01
1.255800000000000000e+04 5.330160000000000453e-01
1.255900000000000000e+04 5.329909999999999926e-01
1.256000000000000000e+04 5.329650000000000221e-01
1.256100000000000000e+04 5.329819999999999558e-01
1.256200000000000000e+04 5.330000000000000293e-01
1.256300000000000000e+04 5.330179999999999918e-01
1.256400000000000000e+04 5.330230000000000246e-01
1.256500000000000000e+04 5.330179999999999918e-01
1.256600000000000000e+04 5.330139999999999878e-01
1.256700000000000000e+04 5.330089999999999550e-01
1.256800000000000000e+04 5.330040000000000333e-01
1.256900000000000000e+04 5.329899999999999638e-01
1.257000000000000000e+04 5.329679999999999973e-01
1.257100000000000000e+04 5.329019999999999868e-01
1.257200000000000000e+04 5.328370000000000051e-01
1.257300000000000000e+04 5.327709999999999946e-01
1.257400000000000000e+04 5.326880000000000503e-01
1.257500000000000000e+04 5.325929999999999831e-01
1.257600000000000000e+04 5.324980000000000269e-01
1.257700000000000000e+04 5.324039999999999884e-01
1.257800000000000000e+04 5.323090000000000321e-01
1.257900000000000000e+04 5.322099999999999609e-01
1.258000000000000000e+04 5.321069999999999967e-01
1.258100000000000000e+04 5.320059999999999789e-01
1.258200000000000000e+04 5.319030000000000147e-01
1.258300000000000000e+04 5.318019999999999969e-01
1.258400000000000000e+04 5.316929999999999712e-01
1.258500000000000000e+04 5.315790000000000237e-01
1.258600000000000000e+04 5.314649999999999652e-01
1.258700000000000000e+04 5.313510000000000177e-01
1.258800000000000000e+04 5.312369999999999592e-01
1.258900000000000000e+04 5.311160000000000325e-01
1.259000000000000000e+04 5.309899999999999620e-01
1.259100000000000000e+04 5.308640000000000025e-01
1.259200000000000000e+04 5.307380000000000431e-01
1.259300000000000000e+04 5.306119999999999726e-01
1.259400000000000000e+04 5.304759999999999476e-01
1.259500000000000000e+04 5.303330000000000544e-01
1.259600000000000000e+04 5.301909999999999679e-01
1.259700000000000000e+04 5.300470000000000459e-01
1.259800000000000000e+04 5.299040000000000417e-01
1.259900000000000000e+04 5.297560000000000047e-01
1.260000000000000000e+04 5.296020000000000172e-01
1.260100000000000000e+04 5.294910000000000450e-01
1.260200000000000000e+04 5.293790000000000440e-01
1.260300000000000000e+04 5.292679999999999607e-01
1.260400000000000000e+04 5.291559999999999597e-01
1.260500000000000000e+04 5.290439999999999587e-01
1.260600000000000000e+04 5.289329999999999865e-01
1.260700000000000000e+04 5.288209999999999855e-01
1.260800000000000000e+04 5.287089999999999845e-01
1.260900000000000000e+04 5.285959999999999548e-01
1.261000000000000000e+04 5.284820000000000073e-01
1.261100000000000000e+04 5.283250000000000446e-01
1.261200000000000000e+04 5.281679999999999708e-01
1.261300000000000000e+04 5.280099999999999794e-01
1.261400000000000000e+04 5.278549999999999631e-01
1.261500000000000000e+04 5.276999999999999469e-01
1.261600000000000000e+04 5.275459999999999594e-01
1.261700000000000000e+04 5.273930000000000007e-01
1.261800000000000000e+04 5.272390000000000132e-01
1.261900000000000000e+04 5.270770000000000177e-01
1.262000000000000000e+04 5.269089999999999607e-01
1.262100000000000000e+04 5.267410000000000148e-01
1.262200000000000000e+04 5.265729999999999578e-01
1.262300000000000000e+04 5.264050000000000118e-01
1.262400000000000000e+04 5.262379999999999836e-01
1.262500000000000000e+04 5.260700000000000376e-01
1.262600000000000000e+04 5.259019999999999806e-01
1.262700000000000000e+04 5.257349999999999524e-01
1.262800000000000000e+04 5.255670000000000064e-01
1.262900000000000000e+04 5.254109999999999614e-01
1.263000000000000000e+04 5.252639999999999532e-01
1.263100000000000000e+04 5.251169999999999449e-01
1.263200000000000000e+04 5.249709999999999654e-01
1.263300000000000000e+04 5.248239999999999572e-01
1.263400000000000000e+04 5.246849999999999570e-01
1.263500000000000000e+04 5.245539999999999647e-01
1.263600000000000000e+04 5.244229999999999725e-01
1.263700000000000000e+04 5.242919999999999803e-01
1.263800000000000000e+04 5.241599999999999593e-01
1.263900000000000000e+04 5.240160000000000373e-01
1.264000000000000000e+04 5.238620000000000498e-01
1.264100000000000000e+04 5.237519999999999953e-01
1.264200000000000000e+04 5.236410000000000231e-01
1.264300000000000000e+04 5.235309999999999686e-01
1.264400000000000000e+04 5.234379999999999589e-01
1.264500000000000000e+04 5.233590000000000186e-01
1.264600000000000000e+04 5.232799999999999674e-01
1.264700000000000000e+04 5.231999999999999984e-01
1.264800000000000000e+04 5.231209999999999471e-01
1.264900000000000000e+04 5.230669999999999487e-01
1.265000000000000000e+04 5.230329999999999702e-01
1.265100000000000000e+04 5.229559999999999764e-01
1.265200000000000000e+04 5.228789999999999827e-01
1.265300000000000000e+04 5.228019999999999889e-01
1.265400000000000000e+04 5.227209999999999912e-01
1.265500000000000000e+04 5.226380000000000470e-01
1.265600000000000000e+04 5.225539999999999630e-01
1.265700000000000000e+04 5.224699999999999900e-01
1.265800000000000000e+04 5.223870000000000458e-01
1.265900000000000000e+04 5.223210000000000353e-01
1.266000000000000000e+04 5.222700000000000120e-01
1.266100000000000000e+04 5.222189999999999888e-01
1.266200000000000000e+04 5.221670000000000478e-01
1.266300000000000000e+04 5.221160000000000245e-01
1.266400000000000000e+04 5.220850000000000213e-01
1.266500000000000000e+04 5.220700000000000340e-01
1.266600000000000000e+04 5.220559999999999645e-01
1.266700000000000000e+04 5.220420000000000060e-01
1.266800000000000000e+04 5.220280000000000475e-01
1.266900000000000000e+04 5.220209999999999573e-01
1.267000000000000000e+04 5.220219999999999860e-01
1.267100000000000000e+04 5.220230000000000148e-01
1.267200000000000000e+04 5.220240000000000435e-01
1.267300000000000000e+04 5.220249999999999613e-01
1.267400000000000000e+04 5.220529999999999893e-01
1.267500000000000000e+04 5.221040000000000125e-01
1.267600000000000000e+04 5.221559999999999535e-01
1.267700000000000000e+04 5.222069999999999768e-01
1.267800000000000000e+04 5.222590000000000288e-01
1.267900000000000000e+04 5.223090000000000233e-01
1.268000000000000000e+04 5.223590000000000177e-01
1.268100000000000000e+04 5.224520000000000275e-01
1.268200000000000000e+04 5.225459999999999550e-01
1.268300000000000000e+04 5.226389999999999647e-01
1.268400000000000000e+04 5.227330000000000032e-01
1.268500000000000000e+04 5.228270000000000417e-01
1.268600000000000000e+04 5.229209999999999692e-01
1.268700000000000000e+04 5.230150000000000077e-01
1.268800000000000000e+04 5.231090000000000462e-01
1.268900000000000000e+04 5.232160000000000144e-01
1.269000000000000000e+04 5.233330000000000481e-01
1.269100000000000000e+04 5.234069999999999556e-01
1.269200000000000000e+04 5.234809999999999741e-01
1.269300000000000000e+04 5.235549999999999926e-01
1.269400000000000000e+04 5.236340000000000439e-01
1.269500000000000000e+04 5.237199999999999633e-01
1.269600000000000000e+04 5.238049999999999651e-01
1.269700000000000000e+04 5.238899999999999668e-01
1.269800000000000000e+04 5.239749999999999686e-01
1.269900000000000000e+04 5.240580000000000238e-01
1.270000000000000000e+04 5.241400000000000503e-01
1.270100000000000000e+04 5.242219999999999658e-01
1.270200000000000000e+04 5.243039999999999923e-01
1.270300000000000000e+04 5.243860000000000188e-01
1.270400000000000000e+04 5.244729999999999670e-01
1.270500000000000000e+04 5.245640000000000303e-01
1.270600000000000000e+04 5.246560000000000112e-01
1.270700000000000000e+04 5.247479999999999922e-01
1.270800000000000000e+04 5.248399999999999732e-01
1.270900000000000000e+04 5.249530000000000030e-01
1.271000000000000000e+04 5.250869999999999704e-01
1.271100000000000000e+04 5.252210000000000489e-01
1.271200000000000000e+04 5.253550000000000164e-01
1.271300000000000000e+04 5.254879999999999551e-01
1.271400000000000000e+04 5.256389999999999674e-01
1.271500000000000000e+04 5.258040000000000491e-01
1.271600000000000000e+04 5.259690000000000198e-01
1.271700000000000000e+04 5.261339999999999906e-01
1.271800000000000000e+04 5.262989999999999613e-01
1.271900000000000000e+04 5.264590000000000103e-01
1.272000000000000000e+04 5.266150000000000553e-01
1.272100000000000000e+04 5.268140000000000045e-01
1.272200000000000000e+04 5.270129999999999537e-01
1.272300000000000000e+04 5.272120000000000140e-01
1.272400000000000000e+04 5.274189999999999712e-01
1.272500000000000000e+04 5.276330000000000187e-01
1.272600000000000000e+04 5.278479999999999839e-01
1.272700000000000000e+04 5.280620000000000314e-01
1.272800000000000000e+04 5.282769999999999966e-01
1.272900000000000000e+04 5.285109999999999530e-01
1.273000000000000000e+04 5.287640000000000118e-01
1.273100000000000000e+04 5.289730000000000265e-01
1.273200000000000000e+04 5.291820000000000412e-01
1.273300000000000000e+04 5.293909999999999449e-01
1.273400000000000000e+04 5.295929999999999804e-01
1.273500000000000000e+04 5.297889999999999544e-01
1.273600000000000000e+04 5.299850000000000394e-01
1.273700000000000000e+04 5.301810000000000134e-01
1.273800000000000000e+04 5.303780000000000161e-01
1.273900000000000000e+04 5.305680000000000396e-01
1.274000000000000000e+04 5.307520000000000016e-01
1.274100000000000000e+04 5.309359999999999635e-01
1.274200000000000000e+04 5.311209999999999543e-01
1.274300000000000000e+04 5.313050000000000272e-01
1.274400000000000000e+04 5.314839999999999565e-01
1.274500000000000000e+04 5.316589999999999927e-01
1.274600000000000000e+04 5.318330000000000002e-01
1.274700000000000000e+04 5.320070000000000077e-01
1.274800000000000000e+04 5.321810000000000151e-01
1.274900000000000000e+04 5.323440000000000394e-01
1.275000000000000000e+04 5.324969999999999981e-01
1.275100000000000000e+04 5.326499999999999568e-01
1.275200000000000000e+04 5.328019999999999978e-01
1.275300000000000000e+04 5.329549999999999566e-01
1.275400000000000000e+04 5.331080000000000263e-01
1.275500000000000000e+04 5.332630000000000425e-01
1.275600000000000000e+04 5.334179999999999477e-01
1.275700000000000000e+04 5.335729999999999640e-01
1.275800000000000000e+04 5.337279999999999802e-01
1.275900000000000000e+04 5.338819999999999677e-01
1.276000000000000000e+04 5.340359999999999552e-01
1.276100000000000000e+04 5.341890000000000249e-01
1.276200000000000000e+04 5.343430000000000124e-01
1.276300000000000000e+04 5.344969999999999999e-01
1.276400000000000000e+04 5.346290000000000209e-01
1.276500000000000000e+04 5.347410000000000219e-01
1.276600000000000000e+04 5.348519999999999941e-01
1.276700000000000000e+04 5.349629999999999663e-01
1.276800000000000000e+04 5.350749999999999673e-01
1.276900000000000000e+04 5.351960000000000051e-01
1.277000000000000000e+04 5.353250000000000508e-01
1.277100000000000000e+04 5.354999999999999760e-01
1.277200000000000000e+04 5.356739999999999835e-01
1.277300000000000000e+04 5.358490000000000197e-01
1.277400000000000000e+04 5.360289999999999777e-01
1.277500000000000000e+04 5.362139999999999684e-01
1.277600000000000000e+04 5.363980000000000414e-01
1.277700000000000000e+04 5.365830000000000322e-01
1.277800000000000000e+04 5.367680000000000229e-01
1.277900000000000000e+04 5.369350000000000511e-01
1.278000000000000000e+04 5.370850000000000346e-01
1.278100000000000000e+04 5.371909999999999741e-01
1.278200000000000000e+04 5.372970000000000246e-01
1.278300000000000000e+04 5.374020000000000463e-01
1.278400000000000000e+04 5.375100000000000433e-01
1.278500000000000000e+04 5.376199999999999868e-01
1.278600000000000000e+04 5.377300000000000413e-01
1.278700000000000000e+04 5.378399999999999848e-01
1.278800000000000000e+04 5.379490000000000105e-01
1.278900000000000000e+04 5.380610000000000115e-01
1.279000000000000000e+04 5.381749999999999590e-01
1.279100000000000000e+04 5.382890000000000175e-01
1.279200000000000000e+04 5.384029999999999649e-01
1.279300000000000000e+04 5.385159999999999947e-01
1.279400000000000000e+04 5.386119999999999797e-01
1.279500000000000000e+04 5.386889999999999734e-01
1.279600000000000000e+04 5.387659999999999672e-01
1.279700000000000000e+04 5.388429999999999609e-01
1.279800000000000000e+04 5.389190000000000369e-01
1.279900000000000000e+04 5.390009999999999524e-01
1.280000000000000000e+04 5.390869999999999829e-01
1.280100000000000000e+04 5.391629999999999479e-01
1.280200000000000000e+04 5.392400000000000526e-01
1.280300000000000000e+04 5.393170000000000464e-01
1.280400000000000000e+04 5.394130000000000313e-01
1.280500000000000000e+04 5.395259999999999501e-01
1.280600000000000000e+04 5.396400000000000086e-01
1.280700000000000000e+04 5.397539999999999560e-01
1.280800000000000000e+04 5.398669999999999858e-01
1.280900000000000000e+04 5.399429999999999508e-01
1.281000000000000000e+04 5.399810000000000443e-01
1.281100000000000000e+04 5.400629999999999598e-01
1.281200000000000000e+04 5.401460000000000150e-01
1.281300000000000000e+04 5.402280000000000415e-01
1.281400000000000000e+04 5.403019999999999490e-01
1.281500000000000000e+04 5.403679999999999595e-01
1.281600000000000000e+04 5.404339999999999700e-01
1.281700000000000000e+04 5.404999999999999805e-01
1.281800000000000000e+04 5.405659999999999910e-01
1.281900000000000000e+04 5.406360000000000054e-01
1.282000000000000000e+04 5.407110000000000527e-01
1.282100000000000000e+04 5.407410000000000272e-01
1.282200000000000000e+04 5.407710000000000017e-01
1.282300000000000000e+04 5.408009999999999762e-01
1.282400000000000000e+04 5.408209999999999962e-01
1.282500000000000000e+04 5.408309999999999507e-01
1.282600000000000000e+04 5.408410000000000162e-01
1.282700000000000000e+04 5.408509999999999707e-01
1.282800000000000000e+04 5.408610000000000362e-01
1.282900000000000000e+04 5.408619999999999539e-01
1.283000000000000000e+04 5.408539999999999459e-01
1.283100000000000000e+04 5.408450000000000202e-01
1.283200000000000000e+04 5.408370000000000122e-01
1.283300000000000000e+04 5.408290000000000042e-01
1.283400000000000000e+04 5.408239999999999714e-01
1.283500000000000000e+04 5.408230000000000537e-01
1.283600000000000000e+04 5.408220000000000249e-01
1.283700000000000000e+04 5.408209999999999962e-01
1.283800000000000000e+04 5.408199999999999674e-01
1.283900000000000000e+04 5.408129999999999882e-01
1.284000000000000000e+04 5.408020000000000049e-01
1.284100000000000000e+04 5.407899999999999929e-01
1.284200000000000000e+04 5.407779999999999809e-01
1.284300000000000000e+04 5.407669999999999977e-01
1.284400000000000000e+04 5.407480000000000064e-01
1.284500000000000000e+04 5.407239999999999824e-01
1.284600000000000000e+04 5.406990000000000407e-01
1.284700000000000000e+04 5.406750000000000167e-01
1.284800000000000000e+04 5.406499999999999639e-01
1.284900000000000000e+04 5.406250000000000222e-01
1.285000000000000000e+04 5.405999999999999694e-01
1.285100000000000000e+04 5.406199999999999894e-01
1.285200000000000000e+04 5.406400000000000095e-01
1.285300000000000000e+04 5.406590000000000007e-01
1.285400000000000000e+04 5.406710000000000127e-01
1.285500000000000000e+04 5.406729999999999592e-01
1.285600000000000000e+04 5.406750000000000167e-01
1.285700000000000000e+04 5.406779999999999919e-01
1.285800000000000000e+04 5.406800000000000495e-01
1.285900000000000000e+04 5.406840000000000535e-01
1.286000000000000000e+04 5.406889999999999752e-01
1.286100000000000000e+04 5.406490000000000462e-01
1.286200000000000000e+04 5.406100000000000350e-01
1.286300000000000000e+04 5.405699999999999950e-01
1.286400000000000000e+04 5.405299999999999550e-01
1.286500000000000000e+04 5.404900000000000260e-01
1.286600000000000000e+04 5.404489999999999572e-01
1.286700000000000000e+04 5.404090000000000282e-01
1.286800000000000000e+04 5.403689999999999882e-01
1.286900000000000000e+04 5.403210000000000512e-01
1.287000000000000000e+04 5.402649999999999952e-01
1.287100000000000000e+04 5.402099999999999680e-01
1.287200000000000000e+04 5.401540000000000230e-01
1.287300000000000000e+04 5.400989999999999958e-01
1.287400000000000000e+04 5.400380000000000180e-01
1.287500000000000000e+04 5.399720000000000075e-01
1.287600000000000000e+04 5.399049999999999683e-01
1.287700000000000000e+04 5.398380000000000400e-01
1.287800000000000000e+04 5.397720000000000296e-01
1.287900000000000000e+04 5.397060000000000191e-01
1.288000000000000000e+04 5.396429999999999838e-01
1.288100000000000000e+04 5.395790000000000308e-01
1.288200000000000000e+04 5.395149999999999668e-01
1.288300000000000000e+04 5.394510000000000138e-01
1.288400000000000000e+04 5.393700000000000161e-01
1.288500000000000000e+04 5.392709999999999448e-01
1.288600000000000000e+04 5.391730000000000134e-01
1.288700000000000000e+04 5.390740000000000531e-01
1.288800000000000000e+04 5.389749999999999819e-01
1.288900000000000000e+04 5.388819999999999721e-01
1.289000000000000000e+04 5.387960000000000527e-01
1.289100000000000000e+04 5.387549999999999839e-01
1.289200000000000000e+04 5.387140000000000262e-01
1.289300000000000000e+04 5.386720000000000397e-01
1.289400000000000000e+04 5.386260000000000492e-01
1.289500000000000000e+04 5.385729999999999684e-01
1.289600000000000000e+04 5.385199999999999987e-01
1.289700000000000000e+04 5.384679999999999467e-01
1.289800000000000000e+04 5.384149999999999769e-01
1.289900000000000000e+04 5.383489999999999664e-01
1.290000000000000000e+04 5.382670000000000510e-01
1.290100000000000000e+04 5.381409999999999805e-01
1.290200000000000000e+04 5.380139999999999922e-01
1.290300000000000000e+04 5.378880000000000328e-01
1.290400000000000000e+04 5.377429999999999710e-01
1.290500000000000000e+04 5.375760000000000538e-01
1.290600000000000000e+04 5.374100000000000543e-01
1.290700000000000000e+04 5.372430000000000261e-01
1.290800000000000000e+04 5.370770000000000266e-01
1.290900000000000000e+04 5.369289999999999896e-01
1.291000000000000000e+04 5.368030000000000301e-01
1.291100000000000000e+04 5.366769999999999596e-01
1.291200000000000000e+04 5.365510000000000002e-01
1.291300000000000000e+04 5.364240000000000119e-01
1.291400000000000000e+04 5.362799999999999789e-01
1.291500000000000000e+04 5.361160000000000370e-01
1.291600000000000000e+04 5.359519999999999840e-01
1.291700000000000000e+04 5.357880000000000420e-01
1.291800000000000000e+04 5.356239999999999890e-01
1.291900000000000000e+04 5.354670000000000263e-01
1.292000000000000000e+04 5.353179999999999605e-01
1.292100000000000000e+04 5.351690000000000058e-01
1.292200000000000000e+04 5.350200000000000511e-01
1.292300000000000000e+04 5.348709999999999853e-01
1.292400000000000000e+04 5.347229999999999484e-01
1.292500000000000000e+04 5.345750000000000224e-01
1.292600000000000000e+04 5.344280000000000141e-01
1.292700000000000000e+04 5.342799999999999772e-01
1.292800000000000000e+04 5.341320000000000512e-01
1.292900000000000000e+04 5.339610000000000190e-01
1.293000000000000000e+04 5.337629999999999875e-01
1.293100000000000000e+04 5.336100000000000287e-01
1.293200000000000000e+04 5.334560000000000413e-01
1.293300000000000000e+04 5.333029999999999715e-01
1.293400000000000000e+04 5.331529999999999880e-01
1.293500000000000000e+04 5.330080000000000373e-01
1.293600000000000000e+04 5.328629999999999756e-01
1.293700000000000000e+04 5.327180000000000248e-01
1.293800000000000000e+04 5.325729999999999631e-01
1.293900000000000000e+04 5.324299999999999589e-01
1.294000000000000000e+04 5.322890000000000121e-01
1.294100000000000000e+04 5.321050000000000502e-01
1.294200000000000000e+04 5.319199999999999484e-01
1.294300000000000000e+04 5.317349999999999577e-01
1.294400000000000000e+04 5.315410000000000412e-01
1.294500000000000000e+04 5.313369999999999482e-01
1.294600000000000000e+04 5.311339999999999950e-01
1.294700000000000000e+04 5.309289999999999843e-01
1.294800000000000000e+04 5.307250000000000023e-01
1.294900000000000000e+04 5.305130000000000123e-01
1.295000000000000000e+04 5.302930000000000144e-01
1.295100000000000000e+04 5.300719999999999876e-01
1.295200000000000000e+04 5.298519999999999897e-01
1.295300000000000000e+04 5.296309999999999629e-01
1.295400000000000000e+04 5.294060000000000432e-01
1.295500000000000000e+04 5.291759999999999797e-01
1.295600000000000000e+04 5.289469999999999450e-01
1.295700000000000000e+04 5.287169999999999925e-01
1.295800000000000000e+04 5.284870000000000401e-01
1.295900000000000000e+04 5.282609999999999806e-01
1.296000000000000000e+04 5.280390000000000361e-01
1.296100000000000000e+04 5.278169999999999806e-01
1.296200000000000000e+04 5.275950000000000362e-01
1.296300000000000000e+04 5.273729999999999807e-01
1.296400000000000000e+04 5.271540000000000115e-01
1.296500000000000000e+04 5.269380000000000175e-01
1.296600000000000000e+04 5.267220000000000235e-01
1.296700000000000000e+04 5.265060000000000295e-01
1.296800000000000000e+04 5.262900000000000356e-01
1.296900000000000000e+04 5.260770000000000168e-01
1.297000000000000000e+04 5.258650000000000269e-01
1.297100000000000000e+04 5.256530000000000369e-01
1.297200000000000000e+04 5.254419999999999646e-01
1.297300000000000000e+04 5.252299999999999747e-01
1.297400000000000000e+04 5.250249999999999639e-01
1.297500000000000000e+04 5.248270000000000435e-01
1.297600000000000000e+04 5.246279999999999832e-01
1.297700000000000000e+04 5.244299999999999518e-01
1.297800000000000000e+04 5.242320000000000313e-01
1.297900000000000000e+04 5.240270000000000206e-01
1.298000000000000000e+04 5.238140000000000018e-01
1.298100000000000000e+04 5.236439999999999984e-01
1.298200000000000000e+04 5.234739999999999949e-01
1.298300000000000000e+04 5.233039999999999914e-01
1.298400000000000000e+04 5.231299999999999839e-01
1.298500000000000000e+04 5.229489999999999972e-01
1.298600000000000000e+04 5.227690000000000392e-01
1.298700000000000000e+04 5.225880000000000525e-01
1.298800000000000000e+04 5.224069999999999547e-01
1.298900000000000000e+04 5.222350000000000048e-01
1.299000000000000000e+04 5.220740000000000380e-01
1.299100000000000000e+04 5.218690000000000273e-01
1.299200000000000000e+04 5.216640000000000166e-01
1.299300000000000000e+04 5.214590000000000058e-01
1.299400000000000000e+04 5.212679999999999536e-01
1.299500000000000000e+04 5.210930000000000284e-01
1.299600000000000000e+04 5.209179999999999922e-01
1.299700000000000000e+04 5.207429999999999559e-01
1.299800000000000000e+04 5.205680000000000307e-01
1.299900000000000000e+04 5.203849999999999865e-01
1.300000000000000000e+04 5.201919999999999877e-01
1.300100000000000000e+04 5.200169999999999515e-01
1.300200000000000000e+04 5.198409999999999975e-01
1.300300000000000000e+04 5.196659999999999613e-01
1.300400000000000000e+04 5.194999999999999618e-01
1.300500000000000000e+04 5.193459999999999743e-01
1.300600000000000000e+04 5.191919999999999868e-01
1.300700000000000000e+04 5.190379999999999994e-01
1.300800000000000000e+04 5.188840000000000119e-01
1.300900000000000000e+04 5.187389999999999501e-01
1.301000000000000000e+04 5.186049999999999827e-01
1.301100000000000000e+04 5.184710000000000152e-01
1.301200000000000000e+04 5.183370000000000477e-01
1.301300000000000000e+04 5.182029999999999692e-01
1.301400000000000000e+04 5.180810000000000137e-01
1.301500000000000000e+04 5.179759999999999920e-01
1.301600000000000000e+04 5.178700000000000525e-01
1.301700000000000000e+04 5.177650000000000308e-01
1.301800000000000000e+04 5.176600000000000090e-01
1.301900000000000000e+04 5.175539999999999585e-01
1.302000000000000000e+04 5.174459999999999615e-01
1.302100000000000000e+04 5.173820000000000086e-01
1.302200000000000000e+04 5.173179999999999445e-01
1.302300000000000000e+04 5.172539999999999916e-01
1.302400000000000000e+04 5.172160000000000091e-01
1.302500000000000000e+04 5.172120000000000051e-01
1.302600000000000000e+04 5.172090000000000298e-01
1.302700000000000000e+04 5.172050000000000258e-01
1.302800000000000000e+04 5.171999999999999931e-01
1.302900000000000000e+04 5.171980000000000466e-01
1.303000000000000000e+04 5.171959999999999891e-01
1.303100000000000000e+04 5.171529999999999738e-01
1.303200000000000000e+04 5.171090000000000408e-01
1.303300000000000000e+04 5.170649999999999968e-01
1.303400000000000000e+04 5.170270000000000143e-01
1.303500000000000000e+04 5.169970000000000399e-01
1.303600000000000000e+04 5.169679999999999831e-01
1.303700000000000000e+04 5.169380000000000086e-01
1.303800000000000000e+04 5.169089999999999518e-01
1.303900000000000000e+04 5.169030000000000014e-01
1.304000000000000000e+04 5.169289999999999718e-01
1.304100000000000000e+04 5.169550000000000534e-01
1.304200000000000000e+04 5.169810000000000239e-01
1.304300000000000000e+04 5.170069999999999943e-01
1.304400000000000000e+04 5.170329999999999648e-01
1.304500000000000000e+04 5.170609999999999928e-01
1.304600000000000000e+04 5.170890000000000208e-01
1.304700000000000000e+04 5.171179999999999666e-01
1.304800000000000000e+04 5.171459999999999946e-01
1.304900000000000000e+04 5.171890000000000098e-01
1.305000000000000000e+04 5.172520000000000451e-01
1.305100000000000000e+04 5.173159999999999981e-01
1.305200000000000000e+04 5.173790000000000333e-01
1.305300000000000000e+04 5.174419999999999575e-01
1.305400000000000000e+04 5.175159999999999760e-01
1.305500000000000000e+04 5.176039999999999530e-01
1.305600000000000000e+04 5.176920000000000410e-01
1.305700000000000000e+04 5.177789999999999893e-01
1.305800000000000000e+04 5.178669999999999662e-01
1.305900000000000000e+04 5.179620000000000335e-01
1.306000000000000000e+04 5.180660000000000265e-01
1.306100000000000000e+04 5.181700000000000195e-01
1.306200000000000000e+04 5.182740000000000125e-01
1.306300000000000000e+04 5.183780000000000054e-01
1.306400000000000000e+04 5.184990000000000432e-01
1.306500000000000000e+04 5.186450000000000227e-01
1.306600000000000000e+04 5.187899999999999734e-01
1.306700000000000000e+04 5.189350000000000351e-01
1.306800000000000000e+04 5.190799999999999859e-01
1.306900000000000000e+04 5.192299999999999693e-01
1.307000000000000000e+04 5.193870000000000431e-01
1.307100000000000000e+04 5.195870000000000211e-01
1.307200000000000000e+04 5.197869999999999990e-01
1.307300000000000000e+04 5.199869999999999770e-01
1.307400000000000000e+04 5.201949999999999630e-01
1.307500000000000000e+04 5.204149999999999610e-01
1.307600000000000000e+04 5.206349999999999589e-01
1.307700000000000000e+04 5.208549999999999569e-01
1.307800000000000000e+04 5.210749999999999549e-01
1.307900000000000000e+04 5.213060000000000471e-01
1.308000000000000000e+04 5.215499999999999581e-01
1.308100000000000000e+04 5.217519999999999936e-01
1.308200000000000000e+04 5.219540000000000290e-01
1.308300000000000000e+04 5.221550000000000358e-01
1.308400000000000000e+04 5.223619999999999930e-01
1.308500000000000000e+04 5.225750000000000117e-01
1.308600000000000000e+04 5.227889999999999482e-01
1.308700000000000000e+04 5.230029999999999957e-01
1.308800000000000000e+04 5.232160000000000144e-01
1.308900000000000000e+04 5.234349999999999836e-01
1.309000000000000000e+04 5.236610000000000431e-01
1.309100000000000000e+04 5.238869999999999916e-01
1.309200000000000000e+04 5.241120000000000223e-01
1.309300000000000000e+04 5.243379999999999708e-01
1.309400000000000000e+04 5.245739999999999847e-01
1.309500000000000000e+04 5.248230000000000395e-01
1.309600000000000000e+04 5.250730000000000119e-01
1.309700000000000000e+04 5.253229999999999844e-01
1.309800000000000000e+04 5.255720000000000391e-01
1.309900000000000000e+04 5.258270000000000444e-01
1.310000000000000000e+04 5.260890000000000288e-01
1.310100000000000000e+04 5.263510000000000133e-01
1.310200000000000000e+04 5.266140000000000265e-01
1.310300000000000000e+04 5.268760000000000110e-01
1.310400000000000000e+04 5.271419999999999995e-01
1.310500000000000000e+04 5.274119999999999919e-01
1.310600000000000000e+04 5.276819999999999844e-01
1.310700000000000000e+04 5.279530000000000056e-01
1.310800000000000000e+04 5.282229999999999981e-01
1.310900000000000000e+04 5.284950000000000481e-01
1.311000000000000000e+04 5.287720000000000198e-01
1.311100000000000000e+04 5.290479999999999627e-01
1.311200000000000000e+04 5.293240000000000167e-01
1.311300000000000000e+04 5.296009999999999884e-01
1.311400000000000000e+04 5.298709999999999809e-01
1.311500000000000000e+04 5.301329999999999654e-01
1.311600000000000000e+04 5.303949999999999498e-01
1.311700000000000000e+04 5.306560000000000166e-01
1.311800000000000000e+04 5.309180000000000010e-01
1.311900000000000000e+04 5.311839999999999895e-01
1.312000000000000000e+04 5.314569999999999572e-01
1.312100000000000000e+04 5.317739999999999689e-01
1.312200000000000000e+04 5.320899999999999519e-01
1.312300000000000000e+04 5.324069999999999636e-01
1.312400000000000000e+04 5.327190000000000536e-01
1.312500000000000000e+04 5.330240000000000533e-01
1.312600000000000000e+04 5.333290000000000530e-01
1.312700000000000000e+04 5.336340000000000527e-01
1.312800000000000000e+04 5.339399999999999702e-01
1.312900000000000000e+04 5.342390000000000194e-01
1.313000000000000000e+04 5.345309999999999784e-01
1.313100000000000000e+04 5.347779999999999756e-01
1.313200000000000000e+04 5.350249999999999728e-01
1.313300000000000000e+04 5.352729999999999988e-01
1.313400000000000000e+04 5.355229999999999713e-01
1.313500000000000000e+04 5.357760000000000300e-01
1.313600000000000000e+04 5.360289999999999777e-01
1.313700000000000000e+04 5.362820000000000364e-01
1.313800000000000000e+04 5.365349999999999842e-01
1.313900000000000000e+04 5.367809999999999526e-01
1.314000000000000000e+04 5.370160000000000489e-01
1.314100000000000000e+04 5.372510000000000341e-01
1.314200000000000000e+04 5.374860000000000193e-01
1.314300000000000000e+04 5.377210000000000045e-01
1.314400000000000000e+04 5.379509999999999570e-01
1.314500000000000000e+04 5.381730000000000125e-01
1.314600000000000000e+04 5.383959999999999857e-01
1.314700000000000000e+04 5.386189999999999589e-01
1.314800000000000000e+04 5.388410000000000144e-01
1.314900000000000000e+04 5.390519999999999756e-01
1.315000000000000000e+04 5.392439999999999456e-01
1.315100000000000000e+04 5.394360000000000266e-01
1.315200000000000000e+04 5.396279999999999966e-01
1.315300000000000000e+04 5.398209999999999953e-01
1.315400000000000000e+04 5.400160000000000515e-01
1.315500000000000000e+04 5.402150000000000007e-01
1.315600000000000000e+04 5.404149999999999787e-01
1.315700000000000000e+04 5.406149999999999567e-01
1.315800000000000000e+04 5.408150000000000457e-01
1.315900000000000000e+04 5.410080000000000444e-01
1.316000000000000000e+04 5.411930000000000351e-01
1.316100000000000000e+04 5.414219999999999589e-01
1.316200000000000000e+04 5.416509999999999936e-01
1.316300000000000000e+04 5.418800000000000283e-01
1.316400000000000000e+04 5.421080000000000343e-01
1.316500000000000000e+04 5.423339999999999828e-01
1.316600000000000000e+04 5.425590000000000135e-01
1.316700000000000000e+04 5.427849999999999620e-01
1.316800000000000000e+04 5.430099999999999927e-01
1.316900000000000000e+04 5.432310000000000194e-01
1.317000000000000000e+04 5.434409999999999519e-01
1.317100000000000000e+04 5.436060000000000336e-01
1.317200000000000000e+04 5.437720000000000331e-01
1.317300000000000000e+04 5.439380000000000326e-01
1.317400000000000000e+04 5.440949999999999953e-01
1.317500000000000000e+04 5.442409999999999748e-01
1.317600000000000000e+04 5.443869999999999543e-01
1.317700000000000000e+04 5.445330000000000448e-01
1.317800000000000000e+04 5.446790000000000243e-01
1.317900000000000000e+04 5.448159999999999670e-01
1.318000000000000000e+04 5.449399999999999800e-01
1.318100000000000000e+04 5.450639999999999930e-01
1.318200000000000000e+04 5.451880000000000059e-01
1.318300000000000000e+04 5.453130000000000477e-01
1.318400000000000000e+04 5.454419999999999824e-01
1.318500000000000000e+04 5.455780000000000074e-01
1.318600000000000000e+04 5.457149999999999501e-01
1.318700000000000000e+04 5.458520000000000039e-01
1.318800000000000000e+04 5.459880000000000289e-01
1.318900000000000000e+04 5.461160000000000458e-01
1.319000000000000000e+04 5.462299999999999933e-01
1.319100000000000000e+04 5.463449999999999696e-01
1.319200000000000000e+04 5.464579999999999993e-01
1.319300000000000000e+04 5.465719999999999468e-01
1.319400000000000000e+04 5.466750000000000220e-01
1.319500000000000000e+04 5.467579999999999663e-01
1.319600000000000000e+04 5.468420000000000503e-01
1.319700000000000000e+04 5.469249999999999945e-01
1.319800000000000000e+04 5.470089999999999675e-01
1.319900000000000000e+04 5.470890000000000475e-01
1.320000000000000000e+04 5.471629999999999550e-01
1.320100000000000000e+04 5.472249999999999615e-01
1.320200000000000000e+04 5.472879999999999967e-01
1.320300000000000000e+04 5.473500000000000032e-01
1.320400000000000000e+04 5.474029999999999729e-01
1.320500000000000000e+04 5.474409999999999554e-01
1.320600000000000000e+04 5.474790000000000489e-01
1.320700000000000000e+04 5.475170000000000314e-01
1.320800000000000000e+04 5.475550000000000139e-01
1.320900000000000000e+04 5.475830000000000419e-01
1.321000000000000000e+04 5.475980000000000292e-01
1.321100000000000000e+04 5.476569999999999494e-01
1.321200000000000000e+04 5.477170000000000094e-01
1.321300000000000000e+04 5.477760000000000407e-01
1.321400000000000000e+04 5.478399999999999936e-01
1.321500000000000000e+04 5.479100000000000081e-01
1.321600000000000000e+04 5.479810000000000514e-01
1.321700000000000000e+04 5.480509999999999549e-01
1.321800000000000000e+04 5.481219999999999981e-01
1.321900000000000000e+04 5.481740000000000501e-01
1.322000000000000000e+04 5.481989999999999919e-01
1.322100000000000000e+04 5.481800000000000006e-01
1.322200000000000000e+04 5.481589999999999518e-01
1.322300000000000000e+04 5.481390000000000429e-01
1.322400000000000000e+04 5.481300000000000061e-01
1.322500000000000000e+04 5.481369999999999854e-01
1.322600000000000000e+04 5.481430000000000469e-01
1.322700000000000000e+04 5.481500000000000261e-01
1.322800000000000000e+04 5.481570000000000054e-01
1.322900000000000000e+04 5.481629999999999558e-01
1.323000000000000000e+04 5.481650000000000134e-01
1.323100000000000000e+04 5.481669999999999598e-01
1.323200000000000000e+04 5.481690000000000174e-01
1.323300000000000000e+04 5.481709999999999638e-01
1.323400000000000000e+04 5.481709999999999638e-01
1.323500000000000000e+04 5.481679999999999886e-01
1.323600000000000000e+04 5.481650000000000134e-01
1.323700000000000000e+04 5.481620000000000381e-01
1.323800000000000000e+04 5.481599999999999806e-01
1.323900000000000000e+04 5.481620000000000381e-01
1.324000000000000000e+04 5.481740000000000501e-01
1.324100000000000000e+04 5.481850000000000334e-01
1.324200000000000000e+04 5.481970000000000454e-01
1.324300000000000000e+04 5.482089999999999463e-01
1.324400000000000000e+04 5.482240000000000446e-01
1.324500000000000000e+04 5.482420000000000071e-01
1.324600000000000000e+04 5.482609999999999983e-01
1.324700000000000000e+04 5.482799999999999896e-01
1.324800000000000000e+04 5.482989999999999808e-01
1.324900000000000000e+04 5.483179999999999721e-01
1.325000000000000000e+04 5.483369999999999633e-01
1.325100000000000000e+04 5.483559999999999546e-01
1.325200000000000000e+04 5.483759999999999746e-01
1.325300000000000000e+04 5.483949999999999658e-01
1.325400000000000000e+04 5.484010000000000273e-01
1.325500000000000000e+04 5.483860000000000401e-01
1.325600000000000000e+04 5.483700000000000241e-01
1.325700000000000000e+04 5.483550000000000368e-01
1.325800000000000000e+04 5.483390000000000208e-01
1.325900000000000000e+04 5.483249999999999513e-01
1.326000000000000000e+04 5.483109999999999928e-01
1.326100000000000000e+04 5.482970000000000343e-01
1.326200000000000000e+04 5.482829999999999648e-01
1.326300000000000000e+04 5.482700000000000351e-01
1.326400000000000000e+04 5.482500000000000151e-01
1.326500000000000000e+04 5.482209999999999583e-01
1.326600000000000000e+04 5.481920000000000126e-01
1.326700000000000000e+04 5.481629999999999558e-01
1.326800000000000000e+04 5.481340000000000101e-01
1.326900000000000000e+04 5.481030000000000069e-01
1.327000000000000000e+04 5.480699999999999461e-01
1.327100000000000000e+04 5.480819999999999581e-01
1.327200000000000000e+04 5.480939999999999701e-01
1.327300000000000000e+04 5.481059999999999821e-01
1.327400000000000000e+04 5.481059999999999821e-01
1.327500000000000000e+04 5.480880000000000196e-01
1.327600000000000000e+04 5.480709999999999749e-01
1.327700000000000000e+04 5.480519999999999836e-01
1.327800000000000000e+04 5.480340000000000211e-01
1.327900000000000000e+04 5.480159999999999476e-01
1.328000000000000000e+04 5.479990000000000139e-01
1.328100000000000000e+04 5.479370000000000074e-01
1.328200000000000000e+04 5.478750000000000009e-01
1.328300000000000000e+04 5.478129999999999944e-01
1.328400000000000000e+04 5.477579999999999671e-01
1.328500000000000000e+04 5.477159999999999807e-01
1.328600000000000000e+04 5.476739999999999942e-01
1.328700000000000000e+04 5.476330000000000364e-01
1.328800000000000000e+04 5.475910000000000499e-01
1.328900000000000000e+04 5.475419999999999732e-01
1.329000000000000000e+04 5.474809999999999954e-01
1.329100000000000000e+04 5.474210000000000464e-01
1.329200000000000000e+04 5.473599999999999577e-01
1.329300000000000000e+04 5.472989999999999799e-01
1.329400000000000000e+04 5.472420000000000062e-01
1.329500000000000000e+04 5.471930000000000405e-01
1.329600000000000000e+04 5.471439999999999637e-01
1.329700000000000000e+04 5.470939999999999692e-01
1.329800000000000000e+04 5.470450000000000035e-01
1.329900000000000000e+04 5.469910000000000050e-01
1.330000000000000000e+04 5.469279999999999697e-01
1.330100000000000000e+04 5.468659999999999632e-01
1.330200000000000000e+04 5.468039999999999567e-01
1.330300000000000000e+04 5.467419999999999503e-01
1.330400000000000000e+04 5.466860000000000053e-01
1.330500000000000000e+04 5.466419999999999613e-01
1.330600000000000000e+04 5.465989999999999460e-01
1.330700000000000000e+04 5.465550000000000130e-01
1.330800000000000000e+04 5.465109999999999690e-01
1.330900000000000000e+04 5.464510000000000201e-01
1.331000000000000000e+04 5.463609999999999856e-01
1.331100000000000000e+04 5.462700000000000333e-01
1.331200000000000000e+04 5.461799999999999988e-01
1.331300000000000000e+04 5.460899999999999643e-01
1.331400000000000000e+04 5.459889999999999466e-01
1.331500000000000000e+04 5.458680000000000199e-01
1.331600000000000000e+04 5.457480000000000109e-01
1.331700000000000000e+04 5.456269999999999731e-01
1.331800000000000000e+04 5.455060000000000464e-01
1.331900000000000000e+04 5.453860000000000374e-01
1.332000000000000000e+04 5.452669999999999462e-01
1.332100000000000000e+04 5.451939999999999564e-01
1.332200000000000000e+04 5.451200000000000490e-01
1.332300000000000000e+04 5.450460000000000305e-01
1.332400000000000000e+04 5.449680000000000080e-01
1.332500000000000000e+04 5.448840000000000350e-01
1.332600000000000000e+04 5.447990000000000332e-01
1.332700000000000000e+04 5.447140000000000315e-01
1.332800000000000000e+04 5.446290000000000298e-01
1.332900000000000000e+04 5.445259999999999545e-01
1.333000000000000000e+04 5.443919999999999870e-01
1.333100000000000000e+04 5.442129999999999468e-01
1.333200000000000000e+04 5.440340000000000176e-01
1.333300000000000000e+04 5.438549999999999773e-01
1.333400000000000000e+04 5.436819999999999986e-01
1.333500000000000000e+04 5.435210000000000319e-01
1.333600000000000000e+04 5.433590000000000364e-01
1.333700000000000000e+04 5.431979999999999587e-01
1.333800000000000000e+04 5.430359999999999632e-01
1.333900000000000000e+04 5.428629999999999844e-01
1.334000000000000000e+04 5.426680000000000392e-01
1.334100000000000000e+04 5.424729999999999830e-01
1.334200000000000000e+04 5.422780000000000378e-01
1.334300000000000000e+04 5.420829999999999815e-01
1.334400000000000000e+04 5.418739999999999668e-01
1.334500000000000000e+04 5.416370000000000351e-01
1.334600000000000000e+04 5.414010000000000211e-01
1.334700000000000000e+04 5.411650000000000071e-01
1.334800000000000000e+04 5.409279999999999644e-01
1.334900000000000000e+04 5.406999999999999584e-01
1.335000000000000000e+04 5.404889999999999972e-01
1.335100000000000000e+04 5.402770000000000072e-01
1.335200000000000000e+04 5.400650000000000173e-01
1.335300000000000000e+04 5.398530000000000273e-01
1.335400000000000000e+04 5.396370000000000333e-01
1.335500000000000000e+04 5.394120000000000026e-01
1.335600000000000000e+04 5.391869999999999719e-01
1.335700000000000000e+04 5.389610000000000234e-01
1.335800000000000000e+04 5.387359999999999927e-01
1.335900000000000000e+04 5.385079999999999867e-01
1.336000000000000000e+04 5.382749999999999480e-01
1.336100000000000000e+04 5.380409999999999915e-01
1.336200000000000000e+04 5.378079999999999528e-01
1.336300000000000000e+04 5.375739999999999963e-01
1.336400000000000000e+04 5.373419999999999863e-01
1.336500000000000000e+04 5.371099999999999763e-01
1.336600000000000000e+04 5.368779999999999664e-01
1.336700000000000000e+04 5.366450000000000387e-01
1.336800000000000000e+04 5.364139999999999464e-01
1.336900000000000000e+04 5.361759999999999859e-01
1.337000000000000000e+04 5.359279999999999600e-01
1.337100000000000000e+04 5.356790000000000163e-01
1.337200000000000000e+04 5.354309999999999903e-01
1.337300000000000000e+04 5.351829999999999643e-01
1.337400000000000000e+04 5.349390000000000533e-01
1.337500000000000000e+04 5.347039999999999571e-01
1.337600000000000000e+04 5.344680000000000542e-01
1.337700000000000000e+04 5.342329999999999579e-01
1.337800000000000000e+04 5.339970000000000550e-01
1.337900000000000000e+04 5.337579999999999547e-01
1.338000000000000000e+04 5.335090000000000110e-01
1.338100000000000000e+04 5.333040000000000003e-01
1.338200000000000000e+04 5.331000000000000183e-01
1.338300000000000000e+04 5.328950000000000076e-01
1.338400000000000000e+04 5.326920000000000543e-01
1.338500000000000000e+04 5.324910000000000476e-01
1.338600000000000000e+04 5.322900000000000409e-01
1.338700000000000000e+04 5.320880000000000054e-01
1.338800000000000000e+04 5.318869999999999987e-01
1.338900000000000000e+04 5.316910000000000247e-01
1.339000000000000000e+04 5.315039999999999765e-01
1.339100000000000000e+04 5.312719999999999665e-01
1.339200000000000000e+04 5.310420000000000140e-01
1.339300000000000000e+04 5.308100000000000041e-01
1.339400000000000000e+04 5.305879999999999486e-01
1.339500000000000000e+04 5.303820000000000201e-01
1.339600000000000000e+04 5.301759999999999806e-01
1.339700000000000000e+04 5.299700000000000522e-01
1.339800000000000000e+04 5.297640000000000127e-01
1.339900000000000000e+04 5.295570000000000555e-01
1.340000000000000000e+04 5.293459999999999832e-01
1.340100000000000000e+04 5.291059999999999652e-01
1.340200000000000000e+04 5.288669999999999760e-01
1.340300000000000000e+04 5.286269999999999580e-01
1.340400000000000000e+04 5.283820000000000183e-01
1.340500000000000000e+04 5.281270000000000131e-01
1.340600000000000000e+04 5.278730000000000366e-01
1.340700000000000000e+04 5.276180000000000314e-01
1.340800000000000000e+04 5.273630000000000262e-01
1.340900000000000000e+04 5.271130000000000537e-01
1.341000000000000000e+04 5.268730000000000357e-01
1.341100000000000000e+04 5.266319999999999890e-01
1.341200000000000000e+04 5.263919999999999710e-01
1.341300000000000000e+04 5.261510000000000353e-01
1.341400000000000000e+04 5.259169999999999678e-01
1.341500000000000000e+04 5.256910000000000194e-01
1.341600000000000000e+04 5.254659999999999886e-01
1.341700000000000000e+04 5.252409999999999579e-01
1.341800000000000000e+04 5.250160000000000382e-01
1.341900000000000000e+04 5.247939999999999827e-01
1.342000000000000000e+04 5.245800000000000463e-01
1.342100000000000000e+04 5.243649999999999700e-01
1.342200000000000000e+04 5.241510000000000336e-01
1.342300000000000000e+04 5.239369999999999861e-01
1.342400000000000000e+04 5.237209999999999921e-01
1.342500000000000000e+04 5.235020000000000229e-01
1.342600000000000000e+04 5.232839999999999714e-01
1.342700000000000000e+04 5.230650000000000022e-01
1.342800000000000000e+04 5.228469999999999507e-01
1.342900000000000000e+04 5.226410000000000222e-01
1.343000000000000000e+04 5.224600000000000355e-01
1.343100000000000000e+04 5.222780000000000200e-01
1.343200000000000000e+04 5.220970000000000333e-01
1.343300000000000000e+04 5.219160000000000466e-01
1.343400000000000000e+04 5.217460000000000431e-01
1.343500000000000000e+04 5.215999999999999526e-01
1.343600000000000000e+04 5.214550000000000018e-01
1.343700000000000000e+04 5.213090000000000224e-01
1.343800000000000000e+04 5.211639999999999606e-01
1.343900000000000000e+04 5.210360000000000547e-01
1.344000000000000000e+04 5.209460000000000202e-01
1.344100000000000000e+04 5.208990000000000009e-01
1.344200000000000000e+04 5.208530000000000104e-01
1.344300000000000000e+04 5.208059999999999912e-01
1.344400000000000000e+04 5.207629999999999759e-01
1.344500000000000000e+04 5.207270000000000509e-01
1.344600000000000000e+04 5.206910000000000149e-01
1.344700000000000000e+04 5.206549999999999789e-01
1.344800000000000000e+04 5.206199999999999717e-01
1.344900000000000000e+04 5.205859999999999932e-01
1.345000000000000000e+04 5.205579999999999652e-01
1.345100000000000000e+04 5.204870000000000330e-01
1.345200000000000000e+04 5.204159999999999897e-01
1.345300000000000000e+04 5.203449999999999465e-01
1.345400000000000000e+04 5.202729999999999855e-01
1.345500000000000000e+04 5.202020000000000532e-01
1.345600000000000000e+04 5.201310000000000100e-01
1.345700000000000000e+04 5.200599999999999667e-01
1.345800000000000000e+04 5.199890000000000345e-01
1.345900000000000000e+04 5.199150000000000160e-01
1.346000000000000000e+04 5.198380000000000223e-01
1.346100000000000000e+04 5.197599999999999998e-01
1.346200000000000000e+04 5.196819999999999773e-01
1.346300000000000000e+04 5.196039999999999548e-01
1.346400000000000000e+04 5.195480000000000098e-01
1.346500000000000000e+04 5.195370000000000266e-01
1.346600000000000000e+04 5.195260000000000433e-01
1.346700000000000000e+04 5.195159999999999778e-01
1.346800000000000000e+04 5.195049999999999946e-01
1.346900000000000000e+04 5.195079999999999698e-01
1.347000000000000000e+04 5.195389999999999731e-01
1.347100000000000000e+04 5.195699999999999763e-01
1.347200000000000000e+04 5.196020000000000083e-01
1.347300000000000000e+04 5.196330000000000116e-01
1.347400000000000000e+04 5.196769999999999445e-01
1.347500000000000000e+04 5.197500000000000453e-01
1.347600000000000000e+04 5.198230000000000350e-01
1.347700000000000000e+04 5.198960000000000248e-01
1.347800000000000000e+04 5.199679999999999858e-01
1.347900000000000000e+04 5.200289999999999635e-01
1.348000000000000000e+04 5.200620000000000243e-01
1.348100000000000000e+04 5.200949999999999740e-01
1.348200000000000000e+04 5.201270000000000060e-01
1.348300000000000000e+04 5.201599999999999557e-01
1.348400000000000000e+04 5.201940000000000452e-01
1.348500000000000000e+04 5.202309999999999990e-01
1.348600000000000000e+04 5.202670000000000350e-01
1.348700000000000000e+04 5.203029999999999600e-01
1.348800000000000000e+04 5.203389999999999960e-01
1.348900000000000000e+04 5.203839999999999577e-01
1.349000000000000000e+04 5.204480000000000217e-01
1.349100000000000000e+04 5.205119999999999747e-01
1.349200000000000000e+04 5.205750000000000099e-01
1.349300000000000000e+04 5.206399999999999917e-01
1.349400000000000000e+04 5.207190000000000429e-01
1.349500000000000000e+04 5.208329999999999904e-01
1.349600000000000000e+04 5.209470000000000489e-01
1.349700000000000000e+04 5.210609999999999964e-01
1.349800000000000000e+04 5.211750000000000549e-01
1.349900000000000000e+04 5.212900000000000311e-01
1.350000000000000000e+04 5.214079999999999826e-01
1.350100000000000000e+04 5.215610000000000523e-01
1.350200000000000000e+04 5.217150000000000398e-01
1.350300000000000000e+04 5.218679999999999986e-01
1.350400000000000000e+04 5.220190000000000108e-01
1.350500000000000000e+04 5.221630000000000438e-01
1.350600000000000000e+04 5.223079999999999945e-01
1.350700000000000000e+04 5.224520000000000275e-01
1.350800000000000000e+04 5.225969999999999782e-01
1.350900000000000000e+04 5.227530000000000232e-01
1.351000000000000000e+04 5.229350000000000387e-01
1.351100000000000000e+04 5.230749999999999567e-01
1.351200000000000000e+04 5.232149999999999856e-01
1.351300000000000000e+04 5.233539999999999859e-01
1.351400000000000000e+04 5.234900000000000109e-01
1.351500000000000000e+04 5.236180000000000279e-01
1.351600000000000000e+04 5.237460000000000448e-01
1.351700000000000000e+04 5.238730000000000331e-01
1.351800000000000000e+04 5.240010000000000501e-01
1.351900000000000000e+04 5.241219999999999768e-01
1.352000000000000000e+04 5.242269999999999985e-01
1.352100000000000000e+04 5.243320000000000203e-01
1.352200000000000000e+04 5.244379999999999598e-01
1.352300000000000000e+04 5.245429999999999815e-01
1.352400000000000000e+04 5.246539999999999537e-01
1.352500000000000000e+04 5.247800000000000242e-01
1.352600000000000000e+04 5.249049999999999550e-01
1.352700000000000000e+04 5.250310000000000255e-01
1.352800000000000000e+04 5.251559999999999562e-01
1.352900000000000000e+04 5.252909999999999524e-01
1.353000000000000000e+04 5.254469999999999974e-01
1.353100000000000000e+04 5.256039999999999601e-01
1.353200000000000000e+04 5.257610000000000339e-01
1.353300000000000000e+04 5.259169999999999678e-01
1.353400000000000000e+04 5.260850000000000248e-01
1.353500000000000000e+04 5.262799999999999701e-01
1.353600000000000000e+04 5.264750000000000263e-01
1.353700000000000000e+04 5.266699999999999715e-01
1.353800000000000000e+04 5.268650000000000277e-01
1.353900000000000000e+04 5.270399999999999530e-01
1.354000000000000000e+04 5.271679999999999700e-01
1.354100000000000000e+04 5.272959999999999869e-01
1.354200000000000000e+04 5.274250000000000327e-01
1.354300000000000000e+04 5.275539999999999674e-01
1.354400000000000000e+04 5.276699999999999724e-01
1.354500000000000000e+04 5.277560000000000029e-01
1.354600000000000000e+04 5.278429999999999511e-01
1.354700000000000000e+04 5.279300000000000104e-01
1.354800000000000000e+04 5.280169999999999586e-01
1.354900000000000000e+04 5.281280000000000419e-01
1.355000000000000000e+04 5.282959999999999878e-01
1.355100000000000000e+04 5.284640000000000448e-01
1.355200000000000000e+04 5.286319999999999908e-01
1.355300000000000000e+04 5.288000000000000478e-01
1.355400000000000000e+04 5.289589999999999570e-01
1.355500000000000000e+04 5.290989999999999860e-01
1.355600000000000000e+04 5.292379999999999862e-01
1.355700000000000000e+04 5.293769999999999865e-01
1.355800000000000000e+04 5.295170000000000154e-01
1.355900000000000000e+04 5.296659999999999702e-01
1.356000000000000000e+04 5.298399999999999777e-01
1.356100000000000000e+04 5.300120000000000386e-01
1.356200000000000000e+04 5.301850000000000174e-01
1.356300000000000000e+04 5.303579999999999961e-01
1.356400000000000000e+04 5.305100000000000371e-01
1.356500000000000000e+04 5.306110000000000548e-01
1.356600000000000000e+04 5.307110000000000438e-01
1.356700000000000000e+04 5.308110000000000328e-01
1.356800000000000000e+04 5.309110000000000218e-01
1.356900000000000000e+04 5.310169999999999613e-01
1.357000000000000000e+04 5.311339999999999950e-01
1.357100000000000000e+04 5.312949999999999617e-01
1.357200000000000000e+04 5.314550000000000107e-01
1.357300000000000000e+04 5.316159999999999775e-01
1.357400000000000000e+04 5.317819999999999769e-01
1.357500000000000000e+04 5.319620000000000459e-01
1.357600000000000000e+04 5.321409999999999751e-01
1.357700000000000000e+04 5.323200000000000154e-01
1.357800000000000000e+04 5.324999999999999734e-01
1.357900000000000000e+04 5.326650000000000551e-01
1.358000000000000000e+04 5.327979999999999938e-01
1.358100000000000000e+04 5.328859999999999708e-01
1.358200000000000000e+04 5.329749999999999766e-01
1.358300000000000000e+04 5.330639999999999823e-01
1.358400000000000000e+04 5.331660000000000288e-01
1.358500000000000000e+04 5.333010000000000250e-01
1.358600000000000000e+04 5.334370000000000500e-01
1.358700000000000000e+04 5.335720000000000462e-01
1.358800000000000000e+04 5.337070000000000425e-01
1.358900000000000000e+04 5.338370000000000060e-01
1.359000000000000000e+04 5.339530000000000109e-01
1.359100000000000000e+04 5.340700000000000447e-01
1.359200000000000000e+04 5.341869999999999674e-01
1.359300000000000000e+04 5.343029999999999724e-01
1.359400000000000000e+04 5.344109999999999694e-01
1.359500000000000000e+04 5.344950000000000534e-01
1.359600000000000000e+04 5.345790000000000264e-01
1.359700000000000000e+04 5.346629999999999994e-01
1.359800000000000000e+04 5.347480000000000011e-01
1.359900000000000000e+04 5.348450000000000149e-01
1.360000000000000000e+04 5.349760000000000071e-01
1.360100000000000000e+04 5.350059999999999816e-01
1.360200000000000000e+04 5.350359999999999561e-01
1.360300000000000000e+04 5.350660000000000416e-01
1.360400000000000000e+04 5.350920000000000121e-01
1.360500000000000000e+04 5.351089999999999458e-01
1.360600000000000000e+04 5.351259999999999906e-01
1.360700000000000000e+04 5.351430000000000353e-01
1.360800000000000000e+04 5.351599999999999691e-01
1.360900000000000000e+04 5.351669999999999483e-01
1.361000000000000000e+04 5.351489999999999858e-01
1.361100000000000000e+04 5.351310000000000233e-01
1.361200000000000000e+04 5.351129999999999498e-01
1.361300000000000000e+04 5.350949999999999873e-01
1.361400000000000000e+04 5.350700000000000456e-01
1.361500000000000000e+04 5.350270000000000303e-01
1.361600000000000000e+04 5.349850000000000438e-01
1.361700000000000000e+04 5.349420000000000286e-01
1.361800000000000000e+04 5.348990000000000133e-01
1.361900000000000000e+04 5.348640000000000061e-01
1.362000000000000000e+04 5.348490000000000189e-01
1.362100000000000000e+04 5.348349999999999493e-01
1.362200000000000000e+04 5.348199999999999621e-01
1.362300000000000000e+04 5.348049999999999748e-01
1.362400000000000000e+04 5.347929999999999628e-01
1.362500000000000000e+04 5.347899999999999876e-01
1.362600000000000000e+04 5.347870000000000124e-01
1.362700000000000000e+04 5.347830000000000084e-01
1.362800000000000000e+04 5.347800000000000331e-01
1.362900000000000000e+04 5.347730000000000539e-01
1.363000000000000000e+04 5.347600000000000131e-01
1.363100000000000000e+04 5.347469999999999724e-01
1.363200000000000000e+04 5.347340000000000426e-01
1.363300000000000000e+04 5.347210000000000019e-01
1.363400000000000000e+04 5.347100000000000186e-01
1.363500000000000000e+04 5.347039999999999571e-01
1.363600000000000000e+04 5.346990000000000354e-01
1.363700000000000000e+04 5.346940000000000026e-01
1.363800000000000000e+04 5.346880000000000521e-01
1.363900000000000000e+04 5.346800000000000441e-01
1.364000000000000000e+04 5.346610000000000529e-01
1.364100000000000000e+04 5.346429999999999794e-01
1.364200000000000000e+04 5.346250000000000169e-01
1.364300000000000000e+04 5.346060000000000256e-01
1.364400000000000000e+04 5.345800000000000551e-01
1.364500000000000000e+04 5.345290000000000319e-01
1.364600000000000000e+04 5.344790000000000374e-01
1.364700000000000000e+04 5.344290000000000429e-01
1.364800000000000000e+04 5.343790000000000484e-01
1.364900000000000000e+04 5.343369999999999509e-01
1.365000000000000000e+04 5.343189999999999884e-01
1.365100000000000000e+04 5.343449999999999589e-01
1.365200000000000000e+04 5.343700000000000117e-01
1.365300000000000000e+04 5.343959999999999821e-01
1.365400000000000000e+04 5.344160000000000021e-01
1.365500000000000000e+04 5.344189999999999774e-01
1.365600000000000000e+04 5.344229999999999814e-01
1.365700000000000000e+04 5.344259999999999566e-01
1.365800000000000000e+04 5.344299999999999606e-01
1.365900000000000000e+04 5.344419999999999726e-01
1.366000000000000000e+04 5.344790000000000374e-01
1.366100000000000000e+04 5.344719999999999471e-01
1.366200000000000000e+04 5.344640000000000502e-01
1.366300000000000000e+04 5.344569999999999599e-01
1.366400000000000000e+04 5.344379999999999686e-01
1.366500000000000000e+04 5.343879999999999741e-01
1.366600000000000000e+04 5.343369999999999509e-01
1.366700000000000000e+04 5.342860000000000387e-01
1.366800000000000000e+04 5.342350000000000154e-01
1.366900000000000000e+04 5.341850000000000209e-01
1.367000000000000000e+04 5.341390000000000304e-01
1.367100000000000000e+04 5.340930000000000399e-01
1.367200000000000000e+04 5.340470000000000494e-01
1.367300000000000000e+04 5.340000000000000302e-01
1.367400000000000000e+04 5.339469999999999494e-01
1.367500000000000000e+04 5.338739999999999597e-01
1.367600000000000000e+04 5.338009999999999700e-01
1.367700000000000000e+04 5.337290000000000090e-01
1.367800000000000000e+04 5.336560000000000192e-01
1.367900000000000000e+04 5.335830000000000295e-01
1.368000000000000000e+04 5.335090000000000110e-01
1.368100000000000000e+04 5.334349999999999925e-01
1.368200000000000000e+04 5.333609999999999740e-01
1.368300000000000000e+04 5.332869999999999555e-01
1.368400000000000000e+04 5.332200000000000273e-01
1.368500000000000000e+04 5.331740000000000368e-01
1.368600000000000000e+04 5.331289999999999640e-01
1.368700000000000000e+04 5.330829999999999735e-01
1.368800000000000000e+04 5.330380000000000118e-01
1.368900000000000000e+04 5.329890000000000461e-01
1.369000000000000000e+04 5.329329999999999901e-01
1.369100000000000000e+04 5.328770000000000451e-01
1.369200000000000000e+04 5.328209999999999891e-01
1.369300000000000000e+04 5.327640000000000153e-01
1.369400000000000000e+04 5.327020000000000088e-01
1.369500000000000000e+04 5.326220000000000399e-01
1.369600000000000000e+04 5.325429999999999886e-01
1.369700000000000000e+04 5.324630000000000196e-01
1.369800000000000000e+04 5.323830000000000506e-01
1.369900000000000000e+04 5.322999999999999954e-01
1.370000000000000000e+04 5.322029999999999816e-01
1.370100000000000000e+04 5.321069999999999967e-01
1.370200000000000000e+04 5.320110000000000117e-01
1.370300000000000000e+04 5.319150000000000267e-01
1.370400000000000000e+04 5.318129999999999802e-01
1.370500000000000000e+04 5.316920000000000535e-01
1.370600000000000000e+04 5.315720000000000445e-01
1.370700000000000000e+04 5.314510000000000067e-01
1.370800000000000000e+04 5.313309999999999977e-01
1.370900000000000000e+04 5.312109999999999888e-01
1.371000000000000000e+04 5.310960000000000125e-01
1.371100000000000000e+04 5.309800000000000075e-01
1.371200000000000000e+04 5.308650000000000313e-01
1.371300000000000000e+04 5.307490000000000263e-01
1.371400000000000000e+04 5.306389999999999718e-01
1.371500000000000000e+04 5.305450000000000443e-01
1.371600000000000000e+04 5.304520000000000346e-01
1.371700000000000000e+04 5.303579999999999961e-01
1.371800000000000000e+04 5.302639999999999576e-01
1.371900000000000000e+04 5.301730000000000054e-01
1.372000000000000000e+04 5.300859999999999461e-01
1.372100000000000000e+04 5.299989999999999979e-01
1.372200000000000000e+04 5.299120000000000497e-01
1.372300000000000000e+04 5.298260000000000192e-01
1.372400000000000000e+04 5.297309999999999519e-01
1.372500000000000000e+04 5.296119999999999717e-01
1.372600000000000000e+04 5.294929999999999914e-01
1.372700000000000000e+04 5.293740000000000112e-01
1.372800000000000000e+04 5.292550000000000310e-01
1.372900000000000000e+04 5.291329999999999645e-01
1.373000000000000000e+04 5.290049999999999475e-01
1.373100000000000000e+04 5.288760000000000128e-01
1.373200000000000000e+04 5.287479999999999958e-01
1.373300000000000000e+04 5.286189999999999500e-01
1.373400000000000000e+04 5.284879999999999578e-01
1.373500000000000000e+04 5.283480000000000398e-01
1.373600000000000000e+04 5.282090000000000396e-01
1.373700000000000000e+04 5.280690000000000106e-01
1.373800000000000000e+04 5.279300000000000104e-01
1.373900000000000000e+04 5.277870000000000061e-01
1.374000000000000000e+04 5.276330000000000187e-01
1.374100000000000000e+04 5.275239999999999929e-01
1.374200000000000000e+04 5.274140000000000494e-01
1.374300000000000000e+04 5.273039999999999949e-01
1.374400000000000000e+04 5.271879999999999900e-01
1.374500000000000000e+04 5.270559999999999690e-01
1.374600000000000000e+04 5.269230000000000302e-01
1.374700000000000000e+04 5.267910000000000093e-01
1.374800000000000000e+04 5.266589999999999883e-01
1.374900000000000000e+04 5.265239999999999920e-01
1.375000000000000000e+04 5.263839999999999630e-01
1.375100000000000000e+04 5.262000000000000011e-01
1.375200000000000000e+04 5.260169999999999568e-01
1.375300000000000000e+04 5.258340000000000236e-01
1.375400000000000000e+04 5.256450000000000289e-01
1.375500000000000000e+04 5.254410000000000469e-01
1.375600000000000000e+04 5.252369999999999539e-01
1.375700000000000000e+04 5.250329999999999719e-01
1.375800000000000000e+04 5.248279999999999612e-01
1.375900000000000000e+04 5.246239999999999792e-01
1.376000000000000000e+04 5.244170000000000220e-01
1.376100000000000000e+04 5.242099999999999538e-01
1.376200000000000000e+04 5.240029999999999966e-01
1.376300000000000000e+04 5.237969999999999571e-01
1.376400000000000000e+04 5.236009999999999831e-01
1.376500000000000000e+04 5.234389999999999876e-01
1.376600000000000000e+04 5.232769999999999921e-01
1.376700000000000000e+04 5.231139999999999679e-01
1.376800000000000000e+04 5.229530000000000012e-01
1.376900000000000000e+04 5.227650000000000352e-01
1.377000000000000000e+04 5.224940000000000140e-01
1.377100000000000000e+04 5.222229999999999928e-01
1.377200000000000000e+04 5.219519999999999715e-01
1.377300000000000000e+04 5.216809999999999503e-01
1.377400000000000000e+04 5.214250000000000274e-01
1.377500000000000000e+04 5.212130000000000374e-01
1.377600000000000000e+04 5.210010000000000474e-01
1.377700000000000000e+04 5.207899999999999752e-01
1.377800000000000000e+04 5.205790000000000139e-01
1.377900000000000000e+04 5.203520000000000367e-01
1.378000000000000000e+04 5.200759999999999827e-01
1.378100000000000000e+04 5.198000000000000398e-01
1.378200000000000000e+04 5.195239999999999858e-01
1.378300000000000000e+04 5.192489999999999606e-01
1.378400000000000000e+04 5.189749999999999641e-01
1.378500000000000000e+04 5.187079999999999469e-01
1.378600000000000000e+04 5.184410000000000407e-01
1.378700000000000000e+04 5.181740000000000235e-01
1.378800000000000000e+04 5.179070000000000062e-01
1.378900000000000000e+04 5.176330000000000098e-01
1.379000000000000000e+04 5.173330000000000428e-01
1.379100000000000000e+04 5.170339999999999936e-01
1.379200000000000000e+04 5.167350000000000554e-01
1.379300000000000000e+04 5.164349999999999774e-01
1.379400000000000000e+04 5.161249999999999449e-01
1.379500000000000000e+04 5.157749999999999835e-01
1.379600000000000000e+04 5.154250000000000220e-01
1.379700000000000000e+04 5.150759999999999783e-01
1.379800000000000000e+04 5.147260000000000169e-01
1.379900000000000000e+04 5.143710000000000226e-01
1.380000000000000000e+04 5.139970000000000372e-01
1.380100000000000000e+04 5.136530000000000262e-01
1.380200000000000000e+04 5.133090000000000153e-01
1.380300000000000000e+04 5.129650000000000043e-01
1.380400000000000000e+04 5.126100000000000101e-01
1.380500000000000000e+04 5.122160000000000046e-01
1.380600000000000000e+04 5.118219999999999992e-01
1.380700000000000000e+04 5.114279999999999937e-01
1.380800000000000000e+04 5.110339999999999883e-01
1.380900000000000000e+04 5.106429999999999580e-01
1.381000000000000000e+04 5.102600000000000469e-01
1.381100000000000000e+04 5.098770000000000246e-01
1.381200000000000000e+04 5.094940000000000024e-01
1.381300000000000000e+04 5.091109999999999802e-01
1.381400000000000000e+04 5.087190000000000323e-01
1.381500000000000000e+04 5.082969999999999988e-01
1.381600000000000000e+04 5.078740000000000476e-01
1.381700000000000000e+04 5.074520000000000142e-01
1.381800000000000000e+04 5.070299999999999807e-01
1.381900000000000000e+04 5.066079999999999472e-01
1.382000000000000000e+04 5.061870000000000536e-01
1.382100000000000000e+04 5.057669999999999666e-01
1.382200000000000000e+04 5.053469999999999906e-01
1.382300000000000000e+04 5.049259999999999859e-01
1.382400000000000000e+04 5.045039999999999525e-01
1.382500000000000000e+04 5.040750000000000508e-01
1.382600000000000000e+04 5.036460000000000381e-01
1.382700000000000000e+04 5.032170000000000254e-01
1.382800000000000000e+04 5.027890000000000414e-01
1.382900000000000000e+04 5.023619999999999752e-01
1.383000000000000000e+04 5.019430000000000280e-01
1.383100000000000000e+04 5.017230000000000301e-01
1.383200000000000000e+04 5.015030000000000321e-01
1.383300000000000000e+04 5.012820000000000054e-01
1.383400000000000000e+04 5.010620000000000074e-01
1.383500000000000000e+04 5.008420000000000094e-01
1.383600000000000000e+04 5.006209999999999827e-01
1.383700000000000000e+04 5.004009999999999847e-01
1.383800000000000000e+04 5.001799999999999580e-01
1.383900000000000000e+04 4.999569999999999848e-01
1.384000000000000000e+04 4.997280000000000055e-01
1.384100000000000000e+04 4.994999999999999996e-01
1.384200000000000000e+04 4.992699999999999916e-01
1.384300000000000000e+04 4.990410000000000124e-01
1.384400000000000000e+04 4.988079999999999736e-01
1.384500000000000000e+04 4.985600000000000032e-01
1.384600000000000000e+04 4.983130000000000059e-01
1.384700000000000000e+04 4.980649999999999800e-01
1.384800000000000000e+04 4.978170000000000095e-01
1.384900000000000000e+04 4.975789999999999935e-01
1.385000000000000000e+04 4.973750000000000115e-01
1.385100000000000000e+04 4.972119999999999873e-01
1.385200000000000000e+04 4.970490000000000186e-01
1.385300000000000000e+04 4.968850000000000211e-01
1.385400000000000000e+04 4.967340000000000089e-01
1.385500000000000000e+04 4.966309999999999891e-01
1.385600000000000000e+04 4.965269999999999961e-01
1.385700000000000000e+04 4.964230000000000032e-01
1.385800000000000000e+04 4.963199999999999834e-01
1.385900000000000000e+04 4.962269999999999737e-01
1.386000000000000000e+04 4.961789999999999812e-01
1.386100000000000000e+04 4.960899999999999754e-01
1.386200000000000000e+04 4.959999999999999964e-01
1.386300000000000000e+04 4.959109999999999907e-01
1.386400000000000000e+04 4.958350000000000257e-01
1.386500000000000000e+04 4.958119999999999750e-01
1.386600000000000000e+04 4.957889999999999797e-01
1.386700000000000000e+04 4.957659999999999845e-01
1.386800000000000000e+04 4.957420000000000160e-01
1.386900000000000000e+04 4.957250000000000267e-01
1.387000000000000000e+04 4.957300000000000040e-01
1.387100000000000000e+04 4.957349999999999812e-01
1.387200000000000000e+04 4.957409999999999872e-01
1.387300000000000000e+04 4.957460000000000200e-01
1.387400000000000000e+04 4.957539999999999725e-01
1.387500000000000000e+04 4.957730000000000192e-01
1.387600000000000000e+04 4.957920000000000105e-01
1.387700000000000000e+04 4.958110000000000017e-01
1.387800000000000000e+04 4.958290000000000197e-01
1.387900000000000000e+04 4.958779999999999855e-01
1.388000000000000000e+04 4.960390000000000077e-01
1.388100000000000000e+04 4.961999999999999744e-01
1.388200000000000000e+04 4.963620000000000254e-01
1.388300000000000000e+04 4.965229999999999921e-01
1.388400000000000000e+04 4.966949999999999976e-01
1.388500000000000000e+04 4.969089999999999896e-01
1.388600000000000000e+04 4.971220000000000083e-01
1.388700000000000000e+04 4.973360000000000003e-01
1.388800000000000000e+04 4.975490000000000190e-01
1.388900000000000000e+04 4.977779999999999982e-01
1.389000000000000000e+04 4.980640000000000067e-01
1.389100000000000000e+04 4.983500000000000152e-01
1.389200000000000000e+04 4.986360000000000237e-01
1.389300000000000000e+04 4.989219999999999766e-01
1.389400000000000000e+04 4.992249999999999743e-01
1.389500000000000000e+04 4.995899999999999785e-01
1.389600000000000000e+04 4.999549999999999828e-01
1.389700000000000000e+04 5.003199999999999870e-01
1.389800000000000000e+04 5.006859999999999644e-01
1.389900000000000000e+04 5.010550000000000281e-01
1.390000000000000000e+04 5.014399999999999968e-01
1.390100000000000000e+04 5.018240000000000478e-01
1.390200000000000000e+04 5.022090000000000165e-01
1.390300000000000000e+04 5.025939999999999852e-01
1.390400000000000000e+04 5.029810000000000114e-01
1.390500000000000000e+04 5.033790000000000209e-01
1.390600000000000000e+04 5.037770000000000303e-01
1.390700000000000000e+04 5.041759999999999575e-01
1.390800000000000000e+04 5.045749999999999957e-01
1.390900000000000000e+04 5.049609999999999932e-01
1.391000000000000000e+04 5.052990000000000537e-01
1.391100000000000000e+04 5.056370000000000031e-01
1.391200000000000000e+04 5.059749999999999526e-01
1.391300000000000000e+04 5.063130000000000130e-01
1.391400000000000000e+04 5.066389999999999505e-01
1.391500000000000000e+04 5.069190000000000085e-01
1.391600000000000000e+04 5.071980000000000377e-01
1.391700000000000000e+04 5.074769999999999559e-01
1.391800000000000000e+04 5.077559999999999851e-01
1.391900000000000000e+04 5.080029999999999824e-01
1.392000000000000000e+04 5.081139999999999546e-01
1.392100000000000000e+04 5.082250000000000378e-01
1.392200000000000000e+04 5.083360000000000101e-01
1.392300000000000000e+04 5.084469999999999823e-01
1.392400000000000000e+04 5.085119999999999640e-01
1.392500000000000000e+04 5.083830000000000293e-01
1.392600000000000000e+04 5.082550000000000123e-01
1.392700000000000000e+04 5.081259999999999666e-01
1.392800000000000000e+04 5.079979999999999496e-01
1.392900000000000000e+04 5.078049999999999509e-01
1.393000000000000000e+04 5.073469999999999924e-01
1.393100000000000000e+04 5.068880000000000052e-01
1.393200000000000000e+04 5.064290000000000180e-01
1.393300000000000000e+04 5.059700000000000308e-01
1.393400000000000000e+04 5.054279999999999884e-01
1.393500000000000000e+04 5.045420000000000460e-01
1.393600000000000000e+04 5.036559999999999926e-01
1.393700000000000000e+04 5.027690000000000214e-01
1.393800000000000000e+04 5.018799999999999928e-01
1.393900000000000000e+04 5.009169999999999456e-01
1.394000000000000000e+04 4.996280000000000165e-01
1.394100000000000000e+04 4.983400000000000052e-01
1.394200000000000000e+04 4.970479999999999898e-01
1.394300000000000000e+04 4.957570000000000032e-01
1.394400000000000000e+04 4.943779999999999841e-01
1.394500000000000000e+04 4.926229999999999776e-01
1.394600000000000000e+04 4.908680000000000265e-01
1.394700000000000000e+04 4.891090000000000160e-01
1.394800000000000000e+04 4.873540000000000094e-01
1.394900000000000000e+04 4.855180000000000051e-01
1.395000000000000000e+04 4.833439999999999959e-01
1.395100000000000000e+04 4.811639999999999806e-01
1.395200000000000000e+04 4.789869999999999961e-01
1.395300000000000000e+04 4.768080000000000096e-01
1.395400000000000000e+04 4.745219999999999994e-01
1.395500000000000000e+04 4.717700000000000227e-01
1.395600000000000000e+04 4.690170000000000172e-01
1.395700000000000000e+04 4.662629999999999830e-01
1.395800000000000000e+04 4.635079999999999756e-01
1.395900000000000000e+04 4.606600000000000139e-01
1.396000000000000000e+04 4.574059999999999793e-01
1.396100000000000000e+04 4.541510000000000269e-01
1.396200000000000000e+04 4.508949999999999902e-01
1.396300000000000000e+04 4.476410000000000111e-01
1.396400000000000000e+04 4.442889999999999895e-01
1.396500000000000000e+04 4.405339999999999812e-01
1.396600000000000000e+04 4.367770000000000263e-01
1.396700000000000000e+04 4.330189999999999872e-01
1.396800000000000000e+04 4.292599999999999749e-01
1.396900000000000000e+04 4.254029999999999756e-01
1.397000000000000000e+04 4.211159999999999903e-01
1.397100000000000000e+04 4.168259999999999743e-01
1.397200000000000000e+04 4.125400000000000178e-01
1.397300000000000000e+04 4.082430000000000225e-01
1.397400000000000000e+04 4.039019999999999833e-01
1.397500000000000000e+04 3.993430000000000035e-01
1.397600000000000000e+04 3.947829999999999950e-01
1.397700000000000000e+04 3.902200000000000113e-01
1.397800000000000000e+04 3.856559999999999988e-01
1.397900000000000000e+04 3.809500000000000108e-01
1.398000000000000000e+04 3.755950000000000122e-01
1.398100000000000000e+04 3.702389999999999848e-01
1.398200000000000000e+04 3.648799999999999821e-01
1.398300000000000000e+04 3.595189999999999775e-01
1.398400000000000000e+04 3.541309999999999736e-01
1.398500000000000000e+04 3.486239999999999895e-01
1.398600000000000000e+04 3.431150000000000033e-01
1.398700000000000000e+04 3.376040000000000152e-01
1.398800000000000000e+04 3.320910000000000251e-01
1.398900000000000000e+04 3.265460000000000029e-01
1.399000000000000000e+04 3.208619999999999806e-01
1.399100000000000000e+04 3.151749999999999829e-01
1.399200000000000000e+04 3.094859999999999833e-01
1.399300000000000000e+04 3.037949999999999817e-01
1.399400000000000000e+04 2.981230000000000269e-01
1.399500000000000000e+04 2.925829999999999820e-01
1.399600000000000000e+04 2.870360000000000134e-01
1.399700000000000000e+04 2.814860000000000140e-01
1.399800000000000000e+04 2.759349999999999858e-01
1.399900000000000000e+04 2.704199999999999937e-01
1.400000000000000000e+04 2.650879999999999903e-01
1.400100000000000000e+04 2.597280000000000144e-01
1.400200000000000000e+04 2.543679999999999830e-01
1.400300000000000000e+04 2.490060000000000051e-01
1.400400000000000000e+04 2.436290000000000122e-01
1.400500000000000000e+04 2.381810000000000038e-01
1.400600000000000000e+04 2.327319999999999944e-01
1.400700000000000000e+04 2.272820000000000118e-01
1.400800000000000000e+04 2.218310000000000004e-01
1.400900000000000000e+04 2.164260000000000073e-01
1.401000000000000000e+04 2.112549999999999983e-01
1.401100000000000000e+04 2.060819999999999874e-01
1.401200000000000000e+04 2.009080000000000032e-01
1.401300000000000000e+04 1.957329999999999903e-01
1.401400000000000000e+04 1.905930000000000124e-01
1.401500000000000000e+04 1.856289999999999885e-01
1.401600000000000000e+04 1.806589999999999863e-01
1.401700000000000000e+04 1.756979999999999931e-01
1.401800000000000000e+04 1.707309999999999939e-01
1.401900000000000000e+04 1.658290000000000042e-01
1.402000000000000000e+04 1.612510000000000054e-01
1.402100000000000000e+04 1.566730000000000067e-01
1.402200000000000000e+04 1.520930000000000060e-01
1.402300000000000000e+04 1.475130000000000052e-01
1.402400000000000000e+04 1.430299999999999905e-01
1.402500000000000000e+04 1.390309999999999879e-01
1.402600000000000000e+04 1.350379999999999914e-01
1.402700000000000000e+04 1.310409999999999908e-01
1.402800000000000000e+04 1.270429999999999893e-01
1.402900000000000000e+04 1.231160000000000032e-01
1.403000000000000000e+04 1.195480000000000015e-01
1.403100000000000000e+04 1.159789999999999988e-01
1.403200000000000000e+04 1.124089999999999950e-01
1.403300000000000000e+04 1.088380000000000042e-01
1.403400000000000000e+04 1.053589999999999943e-01
1.403500000000000000e+04 1.023669999999999997e-01
1.403600000000000000e+04 9.937210000000000487e-02
1.403700000000000000e+04 9.637629999999999808e-02
1.403800000000000000e+04 9.337700000000000167e-02
1.403900000000000000e+04 9.045469999999999899e-02
1.404000000000000000e+04 8.789760000000000628e-02
1.404100000000000000e+04 8.534250000000000169e-02
1.404200000000000000e+04 8.278190000000000548e-02
1.404300000000000000e+04 8.022329999999999739e-02
1.404400000000000000e+04 7.773149999999999504e-02
1.404500000000000000e+04 7.558739999999999903e-02
1.404600000000000000e+04 7.344280000000000252e-02
1.404700000000000000e+04 7.129580000000000639e-02
1.404800000000000000e+04 6.915240000000000276e-02
1.404900000000000000e+04 6.705049999999999899e-02
1.405000000000000000e+04 6.518050000000000233e-02
1.405100000000000000e+04 6.330639999999999878e-02
1.405200000000000000e+04 6.143370000000000081e-02
1.405300000000000000e+04 5.956070000000000114e-02
1.405400000000000000e+04 5.772970000000000185e-02
1.405500000000000000e+04 5.612240000000000284e-02
1.405600000000000000e+04 5.451319999999999777e-02
1.405700000000000000e+04 5.290679999999999689e-02
1.405800000000000000e+04 5.129849999999999688e-02
1.405900000000000000e+04 4.972469999999999668e-02
1.406000000000000000e+04 4.832489999999999702e-02
1.406100000000000000e+04 4.692890000000000256e-02
1.406200000000000000e+04 4.553120000000000084e-02
1.406300000000000000e+04 4.413460000000000300e-02
1.406400000000000000e+04 4.276010000000000227e-02
1.406500000000000000e+04 4.152079999999999660e-02
1.406600000000000000e+04 4.028360000000000274e-02
1.406700000000000000e+04 3.904500000000000332e-02
1.406800000000000000e+04 3.780739999999999795e-02
1.406900000000000000e+04 3.659470000000000084e-02
1.407000000000000000e+04 3.554140000000000077e-02
1.407100000000000000e+04 3.448960000000000220e-02
1.407200000000000000e+04 3.343850000000000294e-02
1.407300000000000000e+04 3.238499999999999712e-02
1.407400000000000000e+04 3.135090000000000099e-02
1.407500000000000000e+04 3.042620000000000047e-02
1.407600000000000000e+04 2.950030000000000013e-02
1.407700000000000000e+04 2.857490000000000030e-02
1.407800000000000000e+04 2.764650000000000094e-02
1.407900000000000000e+04 2.674440000000000150e-02
1.408000000000000000e+04 2.597409999999999997e-02
1.408100000000000000e+04 2.520220000000000099e-02
1.408200000000000000e+04 2.442779999999999951e-02
1.408300000000000000e+04 2.365559999999999885e-02
1.408400000000000000e+04 2.291270000000000112e-02
1.408500000000000000e+04 2.233910000000000062e-02
1.408600000000000000e+04 2.176590000000000122e-02
1.408700000000000000e+04 2.119089999999999863e-02
1.408800000000000000e+04 2.061750000000000041e-02
1.408900000000000000e+04 2.004339999999999941e-02
1.409000000000000000e+04 1.947020000000000001e-02
1.409100000000000000e+04 1.889520000000000088e-02
1.409200000000000000e+04 1.832169999999999979e-02
1.409300000000000000e+04 1.774759999999999879e-02
1.409400000000000000e+04 1.719429999999999917e-02
1.409500000000000000e+04 1.676170000000000090e-02
1.409600000000000000e+04 1.632770000000000055e-02
1.409700000000000000e+04 1.589490000000000000e-02
1.409800000000000000e+04 1.546160000000000069e-02
1.409900000000000000e+04 1.503799999999999928e-02
1.410000000000000000e+04 1.466789999999999934e-02
1.410100000000000000e+04 1.429880000000000040e-02
1.410200000000000000e+04 1.392919999999999922e-02
1.410300000000000000e+04 1.355989999999999973e-02
1.410400000000000000e+04 1.320250000000000069e-02
1.410500000000000000e+04 1.291959999999999983e-02
1.410600000000000000e+04 1.263730000000000062e-02
1.410700000000000000e+04 1.235460000000000030e-02
1.410800000000000000e+04 1.207210000000000054e-02
1.410900000000000000e+04 1.178159999999999971e-02
1.411000000000000000e+04 1.144990000000000070e-02
1.411100000000000000e+04 1.111790000000000000e-02
1.411200000000000000e+04 1.078600000000000045e-02
1.411300000000000000e+04 1.045349999999999925e-02
1.411400000000000000e+04 1.013460000000000055e-02
1.411500000000000000e+04 9.898240000000000857e-03
1.411600000000000000e+04 9.661579999999999474e-03
1.411700000000000000e+04 9.425100000000000491e-03
1.411800000000000000e+04 9.187890000000000640e-03
1.411900000000000000e+04 8.956189999999999291e-03
1.412000000000000000e+04 8.753979999999999748e-03
1.412100000000000000e+04 8.551929999999999255e-03
1.412200000000000000e+04 8.349449999999999580e-03
1.412300000000000000e+04 8.147120000000000750e-03
1.412400000000000000e+04 7.947459999999999941e-03
1.412500000000000000e+04 7.764380000000000413e-03
1.412600000000000000e+04 7.581260000000000256e-03
1.412700000000000000e+04 7.397929999999999610e-03
1.412800000000000000e+04 7.214919999999999667e-03
1.412900000000000000e+04 7.034799999999999907e-03
1.413000000000000000e+04 6.874120000000000057e-03
1.413100000000000000e+04 6.713089999999999682e-03
1.413200000000000000e+04 6.552190000000000271e-03
1.413300000000000000e+04 6.391260000000000170e-03
1.413400000000000000e+04 6.232610000000000407e-03
1.413500000000000000e+04 6.088569999999999746e-03
1.413600000000000000e+04 5.944490000000000191e-03
1.413700000000000000e+04 5.800379999999999946e-03
1.413800000000000000e+04 5.656249999999999820e-03
1.413900000000000000e+04 5.514259999999999995e-03
1.414000000000000000e+04 5.386110000000000377e-03
1.414100000000000000e+04 5.257930000000000069e-03
1.414200000000000000e+04 5.129729999999999880e-03
1.414300000000000000e+04 5.001629999999999965e-03
1.414400000000000000e+04 4.872930000000000143e-03
1.414500000000000000e+04 4.742279999999999759e-03
1.414600000000000000e+04 4.611589999999999613e-03
1.414700000000000000e+04 4.480890000000000394e-03
1.414800000000000000e+04 4.350149999999999677e-03
1.414900000000000000e+04 4.226559999999999866e-03
1.415000000000000000e+04 4.149729999999999912e-03
1.415100000000000000e+04 4.072880000000000077e-03
1.415200000000000000e+04 3.996099999999999826e-03
1.415300000000000000e+04 3.919139999999999777e-03
1.415400000000000000e+04 3.845369999999999865e-03
1.415500000000000000e+04 3.792110000000000012e-03
1.415600000000000000e+04 3.738829999999999845e-03
1.415700000000000000e+04 3.685550000000000111e-03
1.415800000000000000e+04 3.632260000000000003e-03
1.415900000000000000e+04 3.580079999999999808e-03
1.416000000000000000e+04 3.535429999999999996e-03
1.416100000000000000e+04 3.490759999999999870e-03
1.416200000000000000e+04 3.446090000000000177e-03
1.416300000000000000e+04 3.401410000000000110e-03
1.416400000000000000e+04 3.349729999999999982e-03
1.416500000000000000e+04 3.250719999999999912e-03
1.416600000000000000e+04 3.151689999999999960e-03
1.416700000000000000e+04 3.052640000000000128e-03
1.416800000000000000e+04 2.953569999999999980e-03
1.416900000000000000e+04 2.858079999999999822e-03
1.417000000000000000e+04 2.787050000000000118e-03
1.417100000000000000e+04 2.716010000000000039e-03
1.417200000000000000e+04 2.644950000000000079e-03
1.417300000000000000e+04 2.573880000000000178e-03
1.417400000000000000e+04 2.505260000000000039e-03
1.417500000000000000e+04 2.454140000000000054e-03
1.417600000000000000e+04 2.402959999999999992e-03
1.417700000000000000e+04 2.351769999999999989e-03
1.417800000000000000e+04 2.300570000000000045e-03
1.417900000000000000e+04 2.250069999999999848e-03
1.418000000000000000e+04 2.204520000000000177e-03
1.418100000000000000e+04 2.158970000000000073e-03
1.418200000000000000e+04 2.113400000000000088e-03
1.418300000000000000e+04 2.067820000000000161e-03
1.418400000000000000e+04 2.022790000000000005e-03
1.418500000000000000e+04 1.981709999999999808e-03
1.418600000000000000e+04 1.940609999999999948e-03
1.418700000000000000e+04 1.899510000000000087e-03
1.418800000000000000e+04 1.858410000000000010e-03
1.418900000000000000e+04 1.817899999999999898e-03
1.419000000000000000e+04 1.781749999999999914e-03
1.419100000000000000e+04 1.745459999999999894e-03
1.419200000000000000e+04 1.709170000000000090e-03
1.419300000000000000e+04 1.672869999999999913e-03
1.419400000000000000e+04 1.636850000000000024e-03
1.419500000000000000e+04 1.602780000000000047e-03
1.419600000000000000e+04 1.568680000000000031e-03
1.419700000000000000e+04 1.534650000000000033e-03
1.419800000000000000e+04 1.500580000000000056e-03
1.419900000000000000e+04 1.466029999999999894e-03
1.420000000000000000e+04 1.427960000000000037e-03
1.420100000000000000e+04 1.389870000000000081e-03
1.420200000000000000e+04 1.351779999999999909e-03
1.420300000000000000e+04 1.313689999999999953e-03
1.420400000000000000e+04 1.274450000000000105e-03
1.420500000000000000e+04 1.226520000000000041e-03
1.420600000000000000e+04 1.178699999999999973e-03
1.420700000000000000e+04 1.130820000000000046e-03
1.420800000000000000e+04 1.082939999999999901e-03
1.420900000000000000e+04 1.036129999999999907e-03
1.421000000000000000e+04 9.973359999999999257e-04
1.421100000000000000e+04 9.585449999999999917e-04
1.421200000000000000e+04 9.197539999999999492e-04
1.421300000000000000e+04 8.809630000000000152e-04
1.421400000000000000e+04 8.500270000000000525e-04
1.421500000000000000e+04 8.785699999999999586e-04
1.421600000000000000e+04 9.071419999999999961e-04
1.421700000000000000e+04 9.357140000000000336e-04
1.421800000000000000e+04 9.643149999999999855e-04
1.421900000000000000e+04 9.890409999999999653e-04
1.422000000000000000e+04 9.841920000000000529e-04
1.422100000000000000e+04 9.793490000000000181e-04
1.422200000000000000e+04 9.744950000000000270e-04
1.422300000000000000e+04 9.696460000000000062e-04
1.422400000000000000e+04 9.652159999999999690e-04
1.422500000000000000e+04 9.640599999999999821e-04
1.422600000000000000e+04 9.629039999999999952e-04
1.422700000000000000e+04 9.617480000000000083e-04
1.422800000000000000e+04 9.605930000000000371e-04
1.422900000000000000e+04 9.587009999999999543e-04
1.423000000000000000e+04 9.509429999999999923e-04
1.423100000000000000e+04 9.431679999999999795e-04
1.423200000000000000e+04 9.354020000000000000e-04
1.423300000000000000e+04 9.276350000000000047e-04
1.423400000000000000e+04 9.150189999999999886e-04
1.423500000000000000e+04 8.633100000000000539e-04
1.423600000000000000e+04 8.115499999999999667e-04
1.423700000000000000e+04 7.598900000000000446e-04
1.423800000000000000e+04 7.081789999999999700e-04
1.423900000000000000e+04 6.604819999999999962e-04
1.424000000000000000e+04 6.453099999999999592e-04
1.424100000000000000e+04 6.301829999999999802e-04
1.424200000000000000e+04 6.150409999999999818e-04
1.424300000000000000e+04 5.999129999999999871e-04
1.424400000000000000e+04 5.854690000000000285e-04
1.424500000000000000e+04 5.769640000000000142e-04
1.424600000000000000e+04 5.684760000000000507e-04
1.424700000000000000e+04 5.599799999999999613e-04
1.424800000000000000e+04 5.514909999999999821e-04
1.424900000000000000e+04 5.427200000000000080e-04
1.425000000000000000e+04 5.318340000000000177e-04
1.425100000000000000e+04 5.209369999999999626e-04
1.425200000000000000e+04 5.100499999999999565e-04
1.425300000000000000e+04 4.991429999999999608e-04
1.425400000000000000e+04 4.883549999999999957e-04
1.425500000000000000e+04 4.786039999999999869e-04
1.425600000000000000e+04 4.688420000000000218e-04
1.425700000000000000e+04 4.590899999999999972e-04
1.425800000000000000e+04 4.493090000000000040e-04
1.425900000000000000e+04 4.398180000000000232e-04
1.426000000000000000e+04 4.326050000000000229e-04
1.426100000000000000e+04 4.253999999999999860e-04
1.426200000000000000e+04 4.181729999999999822e-04
1.426300000000000000e+04 4.109669999999999838e-04
1.426400000000000000e+04 4.038979999999999741e-04
1.426500000000000000e+04 3.980969999999999800e-04
1.426600000000000000e+04 3.923020000000000261e-04
1.426700000000000000e+04 3.864890000000000057e-04
1.426800000000000000e+04 3.806929999999999819e-04
1.426900000000000000e+04 3.748070000000000047e-04
1.427000000000000000e+04 3.681709999999999822e-04
1.427100000000000000e+04 3.615140000000000085e-04
1.427200000000000000e+04 3.548770000000000245e-04
1.427300000000000000e+04 3.482340000000000001e-04
1.427400000000000000e+04 3.420489999999999772e-04
1.427500000000000000e+04 3.400589999999999776e-04
1.427600000000000000e+04 3.380640000000000077e-04
1.427700000000000000e+04 3.360740000000000081e-04
1.427800000000000000e+04 3.340829999999999928e-04
1.427900000000000000e+04 3.320929999999999932e-04
1.428000000000000000e+04 3.300970000000000076e-04
1.428100000000000000e+04 3.281080000000000238e-04
1.428200000000000000e+04 3.261159999999999927e-04
1.428300000000000000e+04 3.241259999999999931e-04
1.428400000000000000e+04 3.221319999999999848e-04
1.428500000000000000e+04 3.201389999999999922e-04
1.428600000000000000e+04 3.181489999999999926e-04
1.428700000000000000e+04 3.161570000000000157e-04
1.428800000000000000e+04 3.141670000000000161e-04
1.428900000000000000e+04 3.121709999999999763e-04
1.429000000000000000e+04 3.101809999999999767e-04
1.429100000000000000e+04 3.081889999999999998e-04
1.429200000000000000e+04 3.061990000000000003e-04
1.429300000000000000e+04 3.042049999999999919e-04
1.429400000000000000e+04 3.022109999999999836e-04
1.429500000000000000e+04 3.002209999999999840e-04
1.429600000000000000e+04 2.982290000000000071e-04
1.429700000000000000e+04 2.962390000000000075e-04
1.429800000000000000e+04 2.942430000000000219e-04
1.429900000000000000e+04 2.922520000000000066e-04
1.430000000000000000e+04 2.902599999999999755e-04
1.430100000000000000e+04 2.882699999999999759e-04
1.430200000000000000e+04 2.862750000000000060e-04
1.430300000000000000e+04 2.842829999999999750e-04
1.430400000000000000e+04 2.822909999999999981e-04
1.430500000000000000e+04 2.802980000000000055e-04
1.430600000000000000e+04 2.783059999999999744e-04
1.430700000000000000e+04 2.763110000000000045e-04
1.430800000000000000e+04 2.743210000000000049e-04
1.430900000000000000e+04 2.723280000000000123e-04
1.431000000000000000e+04 2.703380000000000128e-04
1.431100000000000000e+04 2.683429999999999887e-04
1.431200000000000000e+04 2.663510000000000118e-04
1.431300000000000000e+04 2.643580000000000192e-04
1.431400000000000000e+04 2.623659999999999881e-04
1.431500000000000000e+04 2.603729999999999955e-04
1.431600000000000000e+04 2.583780000000000256e-04
1.431700000000000000e+04 2.563870000000000103e-04
1.431800000000000000e+04 2.543949999999999792e-04
1.431900000000000000e+04 2.524040000000000181e-04
1.432000000000000000e+04 2.504089999999999940e-04
1.432100000000000000e+04 2.484160000000000014e-04
1.432200000000000000e+04 2.464230000000000088e-04
1.432300000000000000e+04 2.444319999999999935e-04
1.432400000000000000e+04 2.424380000000000122e-04
1.432500000000000000e+04 2.404449999999999925e-04
1.432600000000000000e+04 2.384519999999999999e-04
1.432700000000000000e+04 2.364579999999999915e-04
1.432800000000000000e+04 2.344649999999999989e-04
1.432900000000000000e+04 2.324720000000000063e-04
1.433000000000000000e+04 2.304789999999999866e-04
1.433100000000000000e+04 2.284859999999999940e-04
1.433200000000000000e+04 2.264950000000000058e-04
1.433300000000000000e+04 2.245000000000000088e-04
1.433400000000000000e+04 2.225069999999999891e-04
1.433500000000000000e+04 2.205130000000000078e-04
1.433600000000000000e+04 2.185199999999999881e-04
1.433700000000000000e+04 2.165269999999999955e-04
1.433800000000000000e+04 2.145329999999999872e-04
1.433900000000000000e+04 2.125399999999999946e-04
1.434000000000000000e+04 2.105470000000000019e-04
1.434100000000000000e+04 2.085549999999999980e-04
1.434200000000000000e+04 2.065600000000000010e-04
1.434300000000000000e+04 2.045659999999999926e-04
1.434400000000000000e+04 2.025730000000000000e-04
1.434500000000000000e+04 2.005789999999999917e-04
1.434600000000000000e+04 1.985859999999999991e-04
1.434700000000000000e+04 1.965919999999999907e-04
1.434800000000000000e+04 1.945980000000000095e-04
1.434900000000000000e+04 1.926049999999999898e-04
1.435000000000000000e+04 1.906110000000000085e-04
1.435100000000000000e+04 1.886179999999999888e-04
1.435200000000000000e+04 1.866240000000000075e-04
1.435300000000000000e+04 1.846299999999999992e-04
1.435400000000000000e+04 1.826359999999999908e-04
1.435500000000000000e+04 1.806420000000000096e-04
1.435600000000000000e+04 1.786489999999999899e-04
1.435700000000000000e+04 1.766550000000000086e-04
1.435800000000000000e+04 1.746610000000000003e-04
1.435900000000000000e+04 1.726669999999999919e-04
1.436000000000000000e+04 1.706730000000000107e-04
1.436100000000000000e+04 1.686790000000000023e-04
1.436200000000000000e+04 1.666849999999999940e-04
1.436300000000000000e+04 1.646910000000000127e-04
1.436400000000000000e+04 1.626970000000000044e-04
1.436500000000000000e+04 1.607029999999999960e-04
1.436600000000000000e+04 1.587089999999999877e-04
1.436700000000000000e+04 1.567139999999999907e-04
1.436800000000000000e+04 1.547200000000000094e-04
1.436900000000000000e+04 1.527260000000000011e-04
1.437000000000000000e+04 1.507319999999999927e-04
1.437100000000000000e+04 1.487380000000000115e-04
1.437200000000000000e+04 1.467429999999999874e-04
1.437300000000000000e+04 1.447490000000000061e-04
1.437400000000000000e+04 1.427549999999999978e-04
1.437500000000000000e+04 1.407600000000000008e-04
1.437600000000000000e+04 1.387659999999999924e-04
1.437700000000000000e+04 1.367709999999999954e-04
1.437800000000000000e+04 1.347769999999999871e-04
1.437900000000000000e+04 1.327819999999999901e-04
1.438000000000000000e+04 1.307880000000000088e-04
1.438100000000000000e+04 1.287930000000000119e-04
1.438200000000000000e+04 1.267990000000000035e-04
1.438300000000000000e+04 1.248040000000000065e-04
1.438400000000000000e+04 1.228280000000000105e-04
1.438500000000000000e+04 1.210919999999999987e-04
1.438600000000000000e+04 1.193609999999999978e-04
1.438700000000000000e+04 1.176270000000000039e-04
1.438800000000000000e+04 1.158929999999999965e-04
1.438900000000000000e+04 1.141600000000000047e-04
1.439000000000000000e+04 1.124259999999999973e-04
1.439100000000000000e+04 1.106829999999999972e-04
1.439200000000000000e+04 1.089409999999999993e-04
1.439300000000000000e+04 1.071990000000000014e-04
1.439400000000000000e+04 1.054549999999999992e-04
1.439500000000000000e+04 1.037150000000000056e-04
1.439600000000000000e+04 1.019739999999999964e-04
1.439700000000000000e+04 1.002330000000000007e-04
1.439800000000000000e+04 9.848989999999999362e-05
1.439900000000000000e+04 9.675099999999999575e-05
1.440000000000000000e+04 9.501060000000000137e-05
1.440100000000000000e+04 9.327799999999999698e-05
1.440200000000000000e+04 9.154210000000000569e-05
1.440300000000000000e+04 8.980789999999999780e-05
1.440400000000000000e+04 8.810959999999999409e-05
1.440500000000000000e+04 8.693189999999999349e-05
1.440600000000000000e+04 8.575420000000000644e-05
1.440700000000000000e+04 8.457539999999999665e-05
1.440800000000000000e+04 8.339900000000000568e-05
1.440900000000000000e+04 8.222139999999999852e-05
1.441000000000000000e+04 8.104490000000000055e-05
1.441100000000000000e+04 7.986630000000000476e-05
1.441200000000000000e+04 7.868869999999999760e-05
1.441300000000000000e+04 7.751130000000000444e-05
1.441400000000000000e+04 7.633380000000000427e-05
1.441500000000000000e+04 7.515639999999999756e-05
1.441600000000000000e+04 7.397780000000000176e-05
1.441700000000000000e+04 7.280159999999999767e-05
1.441800000000000000e+04 7.162420000000000451e-05
1.441900000000000000e+04 7.044809999999999386e-05
1.442000000000000000e+04 6.926849999999999587e-05
1.442100000000000000e+04 6.809239999999999878e-05
1.442200000000000000e+04 6.691520000000000606e-05
1.442300000000000000e+04 6.573909999999999541e-05
1.442400000000000000e+04 6.457990000000000150e-05
1.442500000000000000e+04 6.373470000000000491e-05
1.442600000000000000e+04 6.289120000000000528e-05
1.442700000000000000e+04 6.204679999999999690e-05
1.442800000000000000e+04 6.120329999999999727e-05
1.442900000000000000e+04 6.035739999999999915e-05
1.443000000000000000e+04 5.951389999999999952e-05
1.443100000000000000e+04 5.866969999999999835e-05
1.443200000000000000e+04 5.782629999999999894e-05
1.443300000000000000e+04 5.698120000000000257e-05
1.443400000000000000e+04 5.613619999999999965e-05
1.443500000000000000e+04 5.529280000000000024e-05
1.443600000000000000e+04 5.444869999999999929e-05
1.443700000000000000e+04 5.360540000000000010e-05
1.443800000000000000e+04 5.275960000000000220e-05
1.443900000000000000e+04 5.191630000000000301e-05
1.444000000000000000e+04 5.107220000000000206e-05
1.444100000000000000e+04 5.022900000000000308e-05
1.444200000000000000e+04 4.938329999999999863e-05
1.444300000000000000e+04 4.854009999999999965e-05
1.444400000000000000e+04 4.770839999999999879e-05
1.444500000000000000e+04 4.709740000000000074e-05
1.444600000000000000e+04 4.648709999999999746e-05
1.444700000000000000e+04 4.587489999999999678e-05
1.444800000000000000e+04 4.526460000000000027e-05
1.444900000000000000e+04 4.465370000000000244e-05
1.445000000000000000e+04 4.404339999999999915e-05
1.445100000000000000e+04 4.343129999999999869e-05
1.445200000000000000e+04 4.282100000000000218e-05
1.445300000000000000e+04 4.221009999999999758e-05
1.445400000000000000e+04 4.159929999999999997e-05
1.445500000000000000e+04 4.098909999999999690e-05
1.445600000000000000e+04 4.037700000000000322e-05
1.445700000000000000e+04 3.976680000000000015e-05
1.445800000000000000e+04 3.915600000000000254e-05
1.445900000000000000e+04 3.854589999999999969e-05
1.446000000000000000e+04 3.793389999999999946e-05
1.446100000000000000e+04 3.732380000000000338e-05
1.446200000000000000e+04 3.671309999999999922e-05
1.446300000000000000e+04 3.610290000000000293e-05
1.446400000000000000e+04 3.549509999999999834e-05
1.446500000000000000e+04 3.495630000000000276e-05
1.446600000000000000e+04 3.441860000000000281e-05
1.446700000000000000e+04 3.388040000000000176e-05
1.446800000000000000e+04 3.334280000000000203e-05
1.446900000000000000e+04 3.280349999999999857e-05
1.447000000000000000e+04 3.226589999999999884e-05
1.447100000000000000e+04 3.172769999999999779e-05
1.447200000000000000e+04 3.119009999999999806e-05
1.447300000000000000e+04 3.065150000000000291e-05
1.447400000000000000e+04 3.011280000000000076e-05
1.447500000000000000e+04 2.957530000000000125e-05
1.447600000000000000e+04 2.903720000000000042e-05
1.447700000000000000e+04 2.849960000000000069e-05
1.447800000000000000e+04 2.796050000000000106e-05
1.447900000000000000e+04 2.742300000000000155e-05
1.448000000000000000e+04 2.688490000000000072e-05
1.448100000000000000e+04 2.634740000000000121e-05
1.448200000000000000e+04 2.580889999999999950e-05
1.448300000000000000e+04 2.527089999999999889e-05
1.448400000000000000e+04 2.477039999999999920e-05
1.448500000000000000e+04 2.512670000000000119e-05
1.448600000000000000e+04 2.548299999999999979e-05
1.448700000000000000e+04 2.583959999999999905e-05
1.448800000000000000e+04 2.619550000000000017e-05
1.448900000000000000e+04 2.655169999999999856e-05
1.449000000000000000e+04 2.690759999999999967e-05
1.449100000000000000e+04 2.726419999999999893e-05
1.449200000000000000e+04 2.762040000000000071e-05
1.449300000000000000e+04 2.797659999999999909e-05
1.449400000000000000e+04 2.833280000000000087e-05
1.449500000000000000e+04 2.868899999999999925e-05
1.449600000000000000e+04 2.904550000000000168e-05
1.449700000000000000e+04 2.940139999999999941e-05
1.449800000000000000e+04 2.975750000000000096e-05
1.449900000000000000e+04 3.011329999999999847e-05
1.450000000000000000e+04 3.046980000000000090e-05
1.450100000000000000e+04 3.082489999999999688e-05
1.450200000000000000e+04 3.117990000000000280e-05
1.450300000000000000e+04 3.153450000000000106e-05
1.450400000000000000e+04 3.184549999999999859e-05
1.450500000000000000e+04 3.100419999999999701e-05
1.450600000000000000e+04 3.016299999999999903e-05
1.450700000000000000e+04 2.932190000000000127e-05
1.450800000000000000e+04 2.848090000000000035e-05
1.450900000000000000e+04 2.763989999999999942e-05
1.451000000000000000e+04 2.679909999999999893e-05
1.451100000000000000e+04 2.596039999999999966e-05
1.451200000000000000e+04 2.512249999999999875e-05
1.451300000000000000e+04 2.428290000000000090e-05
1.451400000000000000e+04 2.344410000000000141e-05
1.451500000000000000e+04 2.260519999999999831e-05
1.451600000000000000e+04 2.176619999999999838e-05
1.451700000000000000e+04 2.092719999999999845e-05
1.451800000000000000e+04 2.008819999999999852e-05
1.451900000000000000e+04 1.924900000000000154e-05
1.452000000000000000e+04 1.840990000000000139e-05
1.452100000000000000e+04 1.757139999999999917e-05
1.452200000000000000e+04 1.673130000000000022e-05
1.452300000000000000e+04 1.589189999999999941e-05
1.452400000000000000e+04 1.507519999999999925e-05
1.452500000000000000e+04 1.496009999999999929e-05
1.452600000000000000e+04 1.484499999999999932e-05
1.452700000000000000e+04 1.472989999999999936e-05
1.452800000000000000e+04 1.461479999999999939e-05
1.452900000000000000e+04 1.449969999999999943e-05
1.453000000000000000e+04 1.438459999999999946e-05
1.453100000000000000e+04 1.426949999999999950e-05
1.453200000000000000e+04 1.415439999999999953e-05
1.453300000000000000e+04 1.403919999999999935e-05
1.453400000000000000e+04 1.392409999999999938e-05
1.453500000000000000e+04 1.380899999999999942e-05
1.453600000000000000e+04 1.369379999999999923e-05
1.453700000000000000e+04 1.357860000000000074e-05
1.453800000000000000e+04 1.346350000000000078e-05
1.453900000000000000e+04 1.334830000000000059e-05
1.454000000000000000e+04 1.323310000000000041e-05
1.454100000000000000e+04 1.311790000000000022e-05
1.454200000000000000e+04 1.300270000000000004e-05
1.454300000000000000e+04 1.288760000000000007e-05
1.454400000000000000e+04 1.277740000000000069e-05
1.454500000000000000e+04 1.285700000000000074e-05
1.454600000000000000e+04 1.293669999999999931e-05
1.454700000000000000e+04 1.301629999999999937e-05
1.454800000000000000e+04 1.309589999999999942e-05
1.454900000000000000e+04 1.317559999999999969e-05
1.455000000000000000e+04 1.325519999999999974e-05
1.455100000000000000e+04 1.333490000000000001e-05
1.455200000000000000e+04 1.341460000000000028e-05
1.455300000000000000e+04 1.349420000000000033e-05
1.455400000000000000e+04 1.357390000000000060e-05
1.455500000000000000e+04 1.365359999999999918e-05
1.455600000000000000e+04 1.373319999999999923e-05
1.455700000000000000e+04 1.381289999999999950e-05
1.455800000000000000e+04 1.389259999999999977e-05
1.455900000000000000e+04 1.397230000000000004e-05
1.456000000000000000e+04 1.405200000000000031e-05
1.456100000000000000e+04 1.413170000000000058e-05
1.456200000000000000e+04 1.421149999999999937e-05
1.456300000000000000e+04 1.429119999999999964e-05
1.456400000000000000e+04 1.436410000000000025e-05
1.456500000000000000e+04 1.409520000000000017e-05
1.456600000000000000e+04 1.382679999999999948e-05
1.456700000000000000e+04 1.355809999999999984e-05
1.456800000000000000e+04 1.328929999999999997e-05
1.456900000000000000e+04 1.302060000000000032e-05
1.457000000000000000e+04 1.275190000000000068e-05
1.457100000000000000e+04 1.248210000000000031e-05
1.457200000000000000e+04 1.221229999999999995e-05
1.457300000000000000e+04 1.194249999999999958e-05
1.457400000000000000e+04 1.167260000000000069e-05
1.457500000000000000e+04 1.140309999999999929e-05
1.457600000000000000e+04 1.113340000000000084e-05
1.457700000000000000e+04 1.086379999999999922e-05
1.457800000000000000e+04 1.059419999999999930e-05
1.457900000000000000e+04 1.032459999999999937e-05
1.458000000000000000e+04 1.005499999999999944e-05
1.458100000000000000e+04 9.786269999999999393e-06
1.458200000000000000e+04 9.517510000000000632e-06
1.458300000000000000e+04 9.248730000000000471e-06
1.458400000000000000e+04 8.984559999999999237e-06
1.458500000000000000e+04 9.031569999999999656e-06
1.458600000000000000e+04 9.078590000000000775e-06
1.458700000000000000e+04 9.125660000000000309e-06
1.458800000000000000e+04 9.172640000000000323e-06
1.458900000000000000e+04 9.219670000000000447e-06
1.459000000000000000e+04 9.266650000000000462e-06
1.459100000000000000e+04 9.313739999999999701e-06
1.459200000000000000e+04 9.360769999999999825e-06
1.459300000000000000e+04 9.407819999999999654e-06
1.459400000000000000e+04 9.454860000000000477e-06
1.459500000000000000e+04 9.501910000000000307e-06
1.459600000000000000e+04 9.549010000000000245e-06
1.459700000000000000e+04 9.596020000000000664e-06
1.459800000000000000e+04 9.643079999999999499e-06
1.459900000000000000e+04 9.690089999999999918e-06
1.460000000000000000e+04 9.737200000000000556e-06
1.460100000000000000e+04 9.784159999999999171e-06
1.460200000000000000e+04 9.831119999999999480e-06
1.460300000000000000e+04 9.878040000000000380e-06
1.460400000000000000e+04 9.923479999999999389e-06
1.460500000000000000e+04 9.791850000000000109e-06
1.460600000000000000e+04 9.660480000000000382e-06
1.460700000000000000e+04 9.528960000000000327e-06
1.460800000000000000e+04 9.397569999999999201e-06
1.460900000000000000e+04 9.265780000000000587e-06
1.461000000000000000e+04 9.134380000000000456e-06
1.461100000000000000e+04 9.002840000000000695e-06
1.461200000000000000e+04 8.871429999999999865e-06
1.461300000000000000e+04 8.739750000000000475e-06
1.461400000000000000e+04 8.608060000000000386e-06
1.461500000000000000e+04 8.476629999999999850e-06
1.461600000000000000e+04 8.345050000000000680e-06
1.461700000000000000e+04 8.213609999999999444e-06
1.461800000000000000e+04 8.081770000000000720e-06
1.461900000000000000e+04 7.950309999999999780e-06
1.462000000000000000e+04 7.818709999999999210e-06
1.462100000000000000e+04 7.687239999999999265e-06
1.462200000000000000e+04 7.555379999999999988e-06
1.462300000000000000e+04 7.423890000000000338e-06
1.462400000000000000e+04 7.292540000000000316e-06
1.462500000000000000e+04 7.230740000000000332e-06
1.462600000000000000e+04 7.168989999999999610e-06
1.462700000000000000e+04 7.107049999999999997e-06
1.462800000000000000e+04 7.045300000000000122e-06
1.462900000000000000e+04 6.983479999999999586e-06
1.463000000000000000e+04 6.921719999999999858e-06
1.463100000000000000e+04 6.859770000000000392e-06
1.463200000000000000e+04 6.797999999999999966e-06
1.463300000000000000e+04 6.736169999999999577e-06
1.463400000000000000e+04 6.674340000000000035e-06
1.463500000000000000e+04 6.612559999999999756e-06
1.463600000000000000e+04 6.550599999999999590e-06
1.463700000000000000e+04 6.488820000000000158e-06
1.463800000000000000e+04 6.426979999999999916e-06
1.463900000000000000e+04 6.365189999999999784e-06
1.464000000000000000e+04 6.303219999999999766e-06
1.464100000000000000e+04 6.240909999999999680e-06
1.464200000000000000e+04 6.178550000000000331e-06
1.464300000000000000e+04 6.116259999999999950e-06
1.464400000000000000e+04 6.053849999999999645e-06
1.464500000000000000e+04 6.018919999999999795e-06
1.464600000000000000e+04 5.984090000000000164e-06
1.464700000000000000e+04 5.949230000000000128e-06
1.464800000000000000e+04 5.914410000000000350e-06
1.464900000000000000e+04 5.879479999999999653e-06
1.465000000000000000e+04 5.844669999999999727e-06
1.465100000000000000e+04 5.810300000000000088e-06
1.465200000000000000e+04 5.775960000000000007e-06
1.465300000000000000e+04 5.741550000000000111e-06
1.465400000000000000e+04 5.707150000000000067e-06
1.465500000000000000e+04 5.672809999999999986e-06
1.465600000000000000e+04 5.638429999999999648e-06
1.465700000000000000e+04 5.604079999999999714e-06
1.465800000000000000e+04 5.569640000000000261e-06
1.465900000000000000e+04 5.535290000000000327e-06
1.466000000000000000e+04 5.500900000000000136e-06
1.466100000000000000e+04 5.466550000000000203e-06
