7.999000000000000000e+03 0.000000000000000000e+00
8.000000000000000000e+03 3.540209999999999771e-05
8.001000000000000000e+03 3.353450000000000224e-05
8.002000000000000000e+03 3.166619999999999846e-05
8.003000000000000000e+03 3.179670000000000001e-05
8.004000000000000000e+03 3.242770000000000125e-05
8.005000000000000000e+03 3.305870000000000249e-05
8.006000000000000000e+03 3.369059999999999893e-05
8.007000000000000000e+03 3.432240000000000193e-05
8.008000000000000000e+03 3.495449999999999881e-05
8.009000000000000000e+03 3.558680000000000290e-05
8.010000000000000000e+03 3.621940000000000088e-05
8.011000000000000000e+03 3.685270000000000039e-05
8.012000000000000000e+03 3.748630000000000056e-05
8.013000000000000000e+03 3.812010000000000116e-05
8.014000000000000000e+03 3.875420000000000243e-05
8.015000000000000000e+03 3.938859999999999757e-05
8.016000000000000000e+03 4.002299999999999949e-05
8.017000000000000000e+03 4.065820000000000317e-05
8.018000000000000000e+03 4.129340000000000007e-05
8.019000000000000000e+03 4.192879999999999741e-05
8.020000000000000000e+03 4.256450000000000218e-05
8.021000000000000000e+03 4.320080000000000149e-05
8.022000000000000000e+03 4.383740000000000146e-05
8.023000000000000000e+03 4.447420000000000187e-05
8.024000000000000000e+03 4.511140000000000316e-05
8.025000000000000000e+03 4.574879999999999810e-05
8.026000000000000000e+03 4.638640000000000027e-05
8.027000000000000000e+03 4.702440000000000331e-05
8.028000000000000000e+03 4.766260000000000001e-05
8.029000000000000000e+03 4.830109999999999737e-05
8.030000000000000000e+03 4.893990000000000216e-05
8.031000000000000000e+03 4.957849999999999974e-05
8.032000000000000000e+03 5.021729999999999776e-05
8.033000000000000000e+03 5.085630000000000299e-05
8.034000000000000000e+03 5.149570000000000232e-05
8.035000000000000000e+03 5.213520000000000188e-05
8.036000000000000000e+03 5.277510000000000230e-05
8.037000000000000000e+03 5.341520000000000317e-05
8.038000000000000000e+03 5.405559999999999792e-05
8.039000000000000000e+03 5.469630000000000011e-05
8.040000000000000000e+03 5.533720000000000273e-05
8.041000000000000000e+03 5.597849999999999945e-05
8.042000000000000000e+03 5.661999999999999661e-05
8.043000000000000000e+03 5.726180000000000121e-05
8.044000000000000000e+03 5.790389999999999968e-05
8.045000000000000000e+03 5.854619999999999860e-05
8.046000000000000000e+03 5.918879999999999817e-05
8.047000000000000000e+03 5.983199999999999906e-05
8.048000000000000000e+03 6.047489999999999929e-05
8.049000000000000000e+03 6.111859999999999450e-05
8.050000000000000000e+03 6.176199999999999583e-05
8.051000000000000000e+03 6.240590000000000503e-05
8.052000000000000000e+03 6.305020000000000156e-05
8.053000000000000000e+03 6.319800000000000038e-05
8.054000000000000000e+03 6.321069999999999434e-05
8.055000000000000000e+03 6.322349999999999531e-05
8.056000000000000000e+03 6.323620000000000282e-05
8.057000000000000000e+03 6.324889999999999679e-05
8.058000000000000000e+03 6.326169999999999775e-05
8.059000000000000000e+03 6.327440000000000527e-05
8.060000000000000000e+03 6.328720000000000623e-05
8.061000000000000000e+03 6.329990000000000020e-05
8.062000000000000000e+03 6.331259999999999416e-05
8.063000000000000000e+03 6.332539999999999513e-05
8.064000000000000000e+03 6.333810000000000264e-05
8.065000000000000000e+03 6.335090000000000361e-05
8.066000000000000000e+03 6.336359999999999757e-05
8.067000000000000000e+03 6.337639999999999853e-05
8.068000000000000000e+03 6.338919999999999950e-05
8.069000000000000000e+03 6.340189999999999346e-05
8.070000000000000000e+03 6.341469999999999442e-05
8.071000000000000000e+03 6.342749999999999539e-05
8.072000000000000000e+03 6.344020000000000290e-05
8.073000000000000000e+03 6.345300000000000387e-05
8.074000000000000000e+03 6.346580000000000483e-05
8.075000000000000000e+03 6.347860000000000579e-05
8.076000000000000000e+03 6.349140000000000675e-05
8.077000000000000000e+03 6.350419999999999416e-05
8.078000000000000000e+03 6.351699999999999512e-05
8.079000000000000000e+03 6.352970000000000264e-05
8.080000000000000000e+03 6.354250000000000360e-05
8.081000000000000000e+03 6.355539999999999801e-05
8.082000000000000000e+03 6.356819999999999897e-05
8.083000000000000000e+03 6.358099999999999993e-05
8.084000000000000000e+03 6.359380000000000089e-05
8.085000000000000000e+03 6.360660000000000185e-05
8.086000000000000000e+03 6.361940000000000281e-05
8.087000000000000000e+03 6.363220000000000378e-05
8.088000000000000000e+03 6.364509999999999818e-05
8.089000000000000000e+03 6.365789999999999914e-05
8.090000000000000000e+03 6.367070000000000010e-05
8.091000000000000000e+03 6.368350000000000107e-05
8.092000000000000000e+03 6.369639999999999547e-05
8.093000000000000000e+03 6.370919999999999643e-05
8.094000000000000000e+03 6.372199999999999739e-05
8.095000000000000000e+03 6.373479999999999836e-05
8.096000000000000000e+03 6.374770000000000631e-05
8.097000000000000000e+03 6.376049999999999372e-05
8.098000000000000000e+03 6.377329999999999468e-05
8.099000000000000000e+03 6.378609999999999565e-05
8.100000000000000000e+03 6.379900000000000360e-05
8.101000000000000000e+03 6.381180000000000456e-05
8.102000000000000000e+03 6.382469999999999897e-05
8.103000000000000000e+03 6.334519999999999788e-05
8.104000000000000000e+03 6.272050000000000368e-05
8.105000000000000000e+03 6.209559999999999548e-05
8.106000000000000000e+03 6.147059999999999384e-05
8.107000000000000000e+03 6.084450000000000334e-05
8.108000000000000000e+03 6.021910000000000083e-05
8.109000000000000000e+03 5.959299999999999678e-05
8.110000000000000000e+03 5.896669999999999906e-05
8.111000000000000000e+03 5.834010000000000069e-05
8.112000000000000000e+03 5.771330000000000188e-05
8.113000000000000000e+03 5.708620000000000241e-05
8.114000000000000000e+03 5.645880000000000229e-05
8.115000000000000000e+03 5.583110000000000151e-05
8.116000000000000000e+03 5.520320000000000028e-05
8.117000000000000000e+03 5.457499999999999840e-05
8.118000000000000000e+03 5.394660000000000286e-05
8.119000000000000000e+03 5.331779999999999967e-05
8.120000000000000000e+03 5.268880000000000281e-05
8.121000000000000000e+03 5.205959999999999874e-05
8.122000000000000000e+03 5.143000000000000056e-05
8.123000000000000000e+03 5.080020000000000195e-05
8.124000000000000000e+03 5.017020000000000290e-05
8.125000000000000000e+03 4.953990000000000319e-05
8.126000000000000000e+03 4.890930000000000283e-05
8.127000000000000000e+03 4.827840000000000180e-05
8.128000000000000000e+03 4.764730000000000034e-05
8.129000000000000000e+03 4.701579999999999800e-05
8.130000000000000000e+03 4.638420000000000222e-05
8.131000000000000000e+03 4.575219999999999878e-05
8.132000000000000000e+03 4.512000000000000169e-05
8.133000000000000000e+03 4.448749999999999715e-05
8.134000000000000000e+03 4.385479999999999896e-05
8.135000000000000000e+03 4.322180000000000011e-05
8.136000000000000000e+03 4.258850000000000060e-05
8.137000000000000000e+03 4.195459999999999977e-05
8.138000000000000000e+03 4.132109999999999982e-05
8.139000000000000000e+03 4.068699999999999856e-05
8.140000000000000000e+03 4.005259999999999664e-05
8.141000000000000000e+03 3.941800000000000105e-05
8.142000000000000000e+03 3.878299999999999781e-05
8.143000000000000000e+03 3.814780000000000091e-05
8.144000000000000000e+03 3.751239999999999680e-05
8.145000000000000000e+03 3.687669999999999880e-05
8.146000000000000000e+03 3.624070000000000015e-05
8.147000000000000000e+03 3.560440000000000084e-05
8.148000000000000000e+03 3.496750000000000021e-05
8.149000000000000000e+03 3.433110000000000068e-05
8.150000000000000000e+03 3.369399999999999961e-05
8.151000000000000000e+03 3.305659999999999789e-05
8.152000000000000000e+03 3.241900000000000250e-05
8.153000000000000000e+03 3.227070000000000258e-05
8.154000000000000000e+03 3.227759999999999738e-05
8.155000000000000000e+03 3.228449999999999896e-05
8.156000000000000000e+03 3.229130000000000032e-05
8.157000000000000000e+03 3.229820000000000190e-05
8.158000000000000000e+03 3.230509999999999670e-05
8.159000000000000000e+03 3.231199999999999828e-05
8.160000000000000000e+03 3.231889999999999985e-05
8.161000000000000000e+03 3.232570000000000121e-05
8.162000000000000000e+03 3.233260000000000279e-05
8.163000000000000000e+03 3.233949999999999759e-05
8.164000000000000000e+03 3.234639999999999917e-05
8.165000000000000000e+03 3.235330000000000074e-05
8.166000000000000000e+03 3.236020000000000232e-05
8.167000000000000000e+03 3.236709999999999712e-05
8.168000000000000000e+03 3.237389999999999848e-05
8.169000000000000000e+03 3.238080000000000006e-05
8.170000000000000000e+03 3.238770000000000163e-05
8.171000000000000000e+03 3.239460000000000321e-05
8.172000000000000000e+03 3.240149999999999801e-05
8.173000000000000000e+03 3.240839999999999959e-05
8.174000000000000000e+03 3.241530000000000117e-05
8.175000000000000000e+03 3.242220000000000274e-05
8.176000000000000000e+03 3.242909999999999754e-05
8.177000000000000000e+03 3.243599999999999912e-05
8.178000000000000000e+03 3.244290000000000070e-05
8.179000000000000000e+03 3.244980000000000228e-05
8.180000000000000000e+03 3.245669999999999708e-05
8.181000000000000000e+03 3.246989999999999891e-05
8.182000000000000000e+03 3.248320000000000097e-05
8.183000000000000000e+03 3.249640000000000281e-05
8.184000000000000000e+03 3.250969999999999809e-05
8.185000000000000000e+03 3.252289999999999993e-05
8.186000000000000000e+03 3.253620000000000199e-05
8.187000000000000000e+03 3.254939999999999705e-05
8.188000000000000000e+03 3.256269999999999911e-05
8.189000000000000000e+03 3.257600000000000117e-05
8.190000000000000000e+03 3.258930000000000323e-05
8.191000000000000000e+03 3.260249999999999829e-05
8.192000000000000000e+03 3.261580000000000035e-05
8.193000000000000000e+03 3.262910000000000241e-05
8.194000000000000000e+03 3.264239999999999769e-05
8.195000000000000000e+03 3.265569999999999974e-05
8.196000000000000000e+03 3.266900000000000180e-05
8.197000000000000000e+03 3.268229999999999708e-05
8.198000000000000000e+03 3.269559999999999914e-05
8.199000000000000000e+03 3.270890000000000120e-05
8.200000000000000000e+03 3.272220000000000326e-05
8.201000000000000000e+03 3.273489999999999722e-05
8.202000000000000000e+03 3.274759999999999797e-05
8.203000000000000000e+03 3.275999999999999805e-05
8.204000000000000000e+03 3.277219999999999770e-05
8.205000000000000000e+03 3.278449999999999756e-05
8.206000000000000000e+03 3.279679999999999743e-05
8.207000000000000000e+03 3.280909999999999729e-05
8.208000000000000000e+03 3.282139999999999716e-05
8.209000000000000000e+03 3.283369999999999702e-05
8.210000000000000000e+03 3.284599999999999689e-05
8.211000000000000000e+03 3.285829999999999675e-05
8.212000000000000000e+03 3.287059999999999662e-05
8.213000000000000000e+03 3.288290000000000326e-05
8.214000000000000000e+03 3.289520000000000313e-05
8.215000000000000000e+03 3.290760000000000321e-05
8.216000000000000000e+03 3.291990000000000308e-05
8.217000000000000000e+03 3.293220000000000294e-05
8.218000000000000000e+03 3.294460000000000303e-05
8.219000000000000000e+03 3.295690000000000289e-05
8.220000000000000000e+03 3.296920000000000276e-05
8.221000000000000000e+03 3.298160000000000284e-05
8.222000000000000000e+03 3.299390000000000271e-05
8.223000000000000000e+03 3.300620000000000257e-05
8.224000000000000000e+03 3.301860000000000266e-05
8.225000000000000000e+03 3.303100000000000274e-05
8.226000000000000000e+03 3.304330000000000261e-05
8.227000000000000000e+03 3.305570000000000269e-05
8.228000000000000000e+03 3.306800000000000256e-05
8.229000000000000000e+03 3.308040000000000264e-05
8.230000000000000000e+03 3.309280000000000273e-05
8.231000000000000000e+03 3.310279999999999755e-05
8.232000000000000000e+03 3.311279999999999915e-05
8.233000000000000000e+03 3.312280000000000074e-05
8.234000000000000000e+03 3.313290000000000256e-05
8.235000000000000000e+03 3.314289999999999738e-05
8.236000000000000000e+03 3.315289999999999898e-05
8.237000000000000000e+03 3.316300000000000080e-05
8.238000000000000000e+03 3.317300000000000240e-05
8.239000000000000000e+03 3.318299999999999722e-05
8.240000000000000000e+03 3.319309999999999904e-05
8.241000000000000000e+03 3.320310000000000064e-05
8.242000000000000000e+03 3.321320000000000245e-05
8.243000000000000000e+03 3.322319999999999728e-05
8.244000000000000000e+03 3.323329999999999909e-05
8.245000000000000000e+03 3.324330000000000069e-05
8.246000000000000000e+03 3.325340000000000251e-05
8.247000000000000000e+03 3.326339999999999733e-05
8.248000000000000000e+03 3.327349999999999915e-05
8.249000000000000000e+03 3.328350000000000075e-05
8.250000000000000000e+03 3.329360000000000257e-05
8.251000000000000000e+03 3.330359999999999739e-05
8.252000000000000000e+03 3.331369999999999920e-05
8.253000000000000000e+03 3.332420000000000190e-05
8.254000000000000000e+03 3.333489999999999826e-05
8.255000000000000000e+03 3.334550000000000117e-05
8.256000000000000000e+03 3.335619999999999753e-05
8.257000000000000000e+03 3.336680000000000044e-05
8.258000000000000000e+03 3.337749999999999680e-05
8.259000000000000000e+03 3.338819999999999993e-05
8.260000000000000000e+03 3.339890000000000306e-05
8.261000000000000000e+03 3.340949999999999920e-05
8.262000000000000000e+03 3.342020000000000234e-05
8.263000000000000000e+03 3.343089999999999869e-05
8.264000000000000000e+03 3.344160000000000183e-05
8.265000000000000000e+03 3.345219999999999796e-05
8.266000000000000000e+03 3.346290000000000110e-05
8.267000000000000000e+03 3.347359999999999745e-05
8.268000000000000000e+03 3.348430000000000059e-05
8.269000000000000000e+03 3.349499999999999694e-05
8.270000000000000000e+03 3.350559999999999986e-05
8.271000000000000000e+03 3.351630000000000299e-05
8.272000000000000000e+03 3.352699999999999935e-05
8.273000000000000000e+03 3.353770000000000248e-05
8.274000000000000000e+03 3.354839999999999884e-05
8.275000000000000000e+03 3.355910000000000197e-05
8.276000000000000000e+03 3.356979999999999833e-05
8.277000000000000000e+03 3.358050000000000146e-05
8.278000000000000000e+03 3.359119999999999782e-05
8.279000000000000000e+03 3.360190000000000095e-05
8.280000000000000000e+03 3.361269999999999753e-05
8.281000000000000000e+03 3.362340000000000066e-05
8.282000000000000000e+03 3.363409999999999702e-05
8.283000000000000000e+03 3.364480000000000015e-05
8.284000000000000000e+03 3.365550000000000328e-05
8.285000000000000000e+03 3.366619999999999964e-05
8.286000000000000000e+03 3.367690000000000277e-05
8.287000000000000000e+03 3.368769999999999935e-05
8.288000000000000000e+03 3.369840000000000248e-05
8.289000000000000000e+03 3.370909999999999884e-05
8.290000000000000000e+03 3.371980000000000197e-05
8.291000000000000000e+03 3.373059999999999855e-05
8.292000000000000000e+03 3.374130000000000168e-05
8.293000000000000000e+03 3.375199999999999804e-05
8.294000000000000000e+03 3.376270000000000117e-05
8.295000000000000000e+03 3.377349999999999775e-05
8.296000000000000000e+03 3.378420000000000088e-05
8.297000000000000000e+03 3.379489999999999724e-05
8.298000000000000000e+03 3.380570000000000059e-05
8.299000000000000000e+03 3.381639999999999695e-05
8.300000000000000000e+03 3.382710000000000008e-05
8.301000000000000000e+03 3.383789999999999666e-05
8.302000000000000000e+03 3.384870000000000001e-05
8.303000000000000000e+03 3.385920000000000271e-05
8.304000000000000000e+03 3.386969999999999862e-05
8.305000000000000000e+03 3.388020000000000132e-05
8.306000000000000000e+03 3.389069999999999724e-05
8.307000000000000000e+03 3.390119999999999993e-05
8.308000000000000000e+03 3.391160000000000241e-05
8.309000000000000000e+03 3.392209999999999833e-05
8.310000000000000000e+03 3.393260000000000102e-05
8.311000000000000000e+03 3.394309999999999694e-05
8.312000000000000000e+03 3.395359999999999963e-05
8.313000000000000000e+03 3.396410000000000233e-05
8.314000000000000000e+03 3.397459999999999825e-05
8.315000000000000000e+03 3.398510000000000094e-05
8.316000000000000000e+03 3.399559999999999686e-05
8.317000000000000000e+03 3.400609999999999955e-05
8.318000000000000000e+03 3.401660000000000225e-05
8.319000000000000000e+03 3.402709999999999817e-05
8.320000000000000000e+03 3.403770000000000108e-05
8.321000000000000000e+03 3.404819999999999700e-05
8.322000000000000000e+03 3.405869999999999970e-05
8.323000000000000000e+03 3.406920000000000239e-05
8.324000000000000000e+03 3.407969999999999831e-05
8.325000000000000000e+03 3.409020000000000100e-05
8.326000000000000000e+03 3.410069999999999692e-05
8.327000000000000000e+03 3.411119999999999962e-05
8.328000000000000000e+03 3.412170000000000231e-05
8.329000000000000000e+03 3.413219999999999823e-05
8.330000000000000000e+03 3.414280000000000114e-05
8.331000000000000000e+03 3.415329999999999706e-05
8.332000000000000000e+03 3.416379999999999976e-05
8.333000000000000000e+03 3.417430000000000245e-05
8.334000000000000000e+03 3.418489999999999859e-05
8.335000000000000000e+03 3.419540000000000128e-05
8.336000000000000000e+03 3.420599999999999742e-05
8.337000000000000000e+03 3.421650000000000012e-05
8.338000000000000000e+03 3.422700000000000281e-05
8.339000000000000000e+03 3.423759999999999895e-05
8.340000000000000000e+03 3.424810000000000164e-05
8.341000000000000000e+03 3.425869999999999778e-05
8.342000000000000000e+03 3.426920000000000047e-05
8.343000000000000000e+03 3.427970000000000317e-05
8.344000000000000000e+03 3.429029999999999931e-05
8.345000000000000000e+03 3.430080000000000200e-05
8.346000000000000000e+03 3.431139999999999814e-05
8.347000000000000000e+03 3.432190000000000083e-05
8.348000000000000000e+03 3.433249999999999697e-05
8.349000000000000000e+03 3.434299999999999967e-05
8.350000000000000000e+03 3.435360000000000258e-05
8.351000000000000000e+03 3.436409999999999850e-05
8.352000000000000000e+03 3.437470000000000141e-05
8.353000000000000000e+03 3.438529999999999755e-05
8.354000000000000000e+03 3.439580000000000025e-05
8.355000000000000000e+03 3.440640000000000316e-05
8.356000000000000000e+03 3.441699999999999930e-05
8.357000000000000000e+03 3.442750000000000199e-05
8.358000000000000000e+03 3.443809999999999813e-05
8.359000000000000000e+03 3.444870000000000104e-05
8.360000000000000000e+03 3.445929999999999718e-05
8.361000000000000000e+03 3.446249999999999742e-05
8.362000000000000000e+03 3.446579999999999788e-05
8.363000000000000000e+03 3.446899999999999812e-05
8.364000000000000000e+03 3.447229999999999858e-05
8.365000000000000000e+03 3.447559999999999904e-05
8.366000000000000000e+03 3.447889999999999950e-05
8.367000000000000000e+03 3.448209999999999974e-05
8.368000000000000000e+03 3.448540000000000020e-05
8.369000000000000000e+03 3.448860000000000044e-05
8.370000000000000000e+03 3.449190000000000090e-05
8.371000000000000000e+03 3.449520000000000136e-05
8.372000000000000000e+03 3.449840000000000160e-05
8.373000000000000000e+03 3.450170000000000206e-05
8.374000000000000000e+03 3.450500000000000252e-05
8.375000000000000000e+03 3.450820000000000276e-05
8.376000000000000000e+03 3.451150000000000322e-05
8.377000000000000000e+03 3.451469999999999668e-05
8.378000000000000000e+03 3.451799999999999714e-05
8.379000000000000000e+03 3.452129999999999760e-05
8.380000000000000000e+03 3.452449999999999784e-05
8.381000000000000000e+03 3.452779999999999830e-05
8.382000000000000000e+03 3.453109999999999876e-05
8.383000000000000000e+03 3.453429999999999900e-05
8.384000000000000000e+03 3.453759999999999946e-05
8.385000000000000000e+03 3.454089999999999992e-05
8.386000000000000000e+03 3.454410000000000016e-05
8.387000000000000000e+03 3.454740000000000062e-05
8.388000000000000000e+03 3.455070000000000108e-05
8.389000000000000000e+03 3.455390000000000132e-05
8.390000000000000000e+03 3.455720000000000178e-05
8.391000000000000000e+03 3.456050000000000224e-05
8.392000000000000000e+03 3.456370000000000248e-05
8.393000000000000000e+03 3.456700000000000294e-05
8.394000000000000000e+03 3.457029999999999663e-05
8.395000000000000000e+03 3.457349999999999687e-05
8.396000000000000000e+03 3.457679999999999733e-05
8.397000000000000000e+03 3.458009999999999779e-05
8.398000000000000000e+03 3.458329999999999803e-05
8.399000000000000000e+03 3.458659999999999849e-05
8.400000000000000000e+03 3.458979999999999873e-05
8.401000000000000000e+03 3.459239999999999765e-05
8.402000000000000000e+03 3.459500000000000335e-05
8.403000000000000000e+03 3.459760000000000228e-05
8.404000000000000000e+03 3.460020000000000120e-05
8.405000000000000000e+03 3.460280000000000013e-05
8.406000000000000000e+03 3.460539999999999905e-05
8.407000000000000000e+03 3.460789999999999776e-05
8.408000000000000000e+03 3.461049999999999668e-05
8.409000000000000000e+03 3.461310000000000238e-05
8.410000000000000000e+03 3.461570000000000131e-05
8.411000000000000000e+03 3.461830000000000023e-05
8.412000000000000000e+03 3.462089999999999916e-05
8.413000000000000000e+03 3.462349999999999808e-05
8.414000000000000000e+03 3.462599999999999679e-05
8.415000000000000000e+03 3.462860000000000249e-05
8.416000000000000000e+03 3.463120000000000141e-05
8.417000000000000000e+03 3.463380000000000034e-05
8.418000000000000000e+03 3.463639999999999926e-05
8.419000000000000000e+03 3.463889999999999797e-05
8.420000000000000000e+03 3.464149999999999689e-05
8.421000000000000000e+03 3.464410000000000259e-05
8.422000000000000000e+03 3.464670000000000152e-05
8.423000000000000000e+03 3.464930000000000044e-05
8.424000000000000000e+03 3.465189999999999937e-05
8.425000000000000000e+03 3.465449999999999829e-05
8.426000000000000000e+03 3.465709999999999722e-05
8.427000000000000000e+03 3.465960000000000270e-05
8.428000000000000000e+03 3.466220000000000162e-05
8.429000000000000000e+03 3.466480000000000055e-05
8.430000000000000000e+03 3.466739999999999947e-05
8.431000000000000000e+03 3.466999999999999840e-05
8.432000000000000000e+03 3.467259999999999732e-05
8.433000000000000000e+03 3.467510000000000281e-05
8.434000000000000000e+03 3.467770000000000173e-05
8.435000000000000000e+03 3.468030000000000066e-05
8.436000000000000000e+03 3.468289999999999958e-05
8.437000000000000000e+03 3.468549999999999851e-05
8.438000000000000000e+03 3.468809999999999743e-05
8.439000000000000000e+03 3.469070000000000313e-05
8.440000000000000000e+03 3.469330000000000206e-05
8.441000000000000000e+03 3.469580000000000076e-05
8.442000000000000000e+03 3.469839999999999969e-05
8.443000000000000000e+03 3.470099999999999861e-05
8.444000000000000000e+03 3.470359999999999754e-05
8.445000000000000000e+03 3.470620000000000324e-05
8.446000000000000000e+03 3.470880000000000216e-05
8.447000000000000000e+03 3.471140000000000109e-05
8.448000000000000000e+03 3.471400000000000001e-05
8.449000000000000000e+03 3.471659999999999894e-05
8.450000000000000000e+03 3.471909999999999764e-05
8.451000000000000000e+03 3.472170000000000334e-05
8.452000000000000000e+03 3.472430000000000227e-05
8.453000000000000000e+03 3.472690000000000119e-05
8.454000000000000000e+03 3.472950000000000012e-05
8.455000000000000000e+03 3.473209999999999904e-05
8.456000000000000000e+03 3.473469999999999797e-05
8.457000000000000000e+03 3.473729999999999689e-05
8.458000000000000000e+03 3.473990000000000259e-05
8.459000000000000000e+03 3.474250000000000152e-05
8.460000000000000000e+03 3.474510000000000044e-05
8.461000000000000000e+03 3.474769999999999937e-05
8.462000000000000000e+03 3.475029999999999829e-05
8.463000000000000000e+03 3.475289999999999722e-05
8.464000000000000000e+03 3.475550000000000292e-05
8.465000000000000000e+03 3.475810000000000184e-05
8.466000000000000000e+03 3.476070000000000077e-05
8.467000000000000000e+03 3.476329999999999969e-05
8.468000000000000000e+03 3.476589999999999862e-05
8.469000000000000000e+03 3.476839999999999732e-05
8.470000000000000000e+03 3.477100000000000302e-05
8.471000000000000000e+03 3.477360000000000195e-05
8.472000000000000000e+03 3.477630000000000109e-05
8.473000000000000000e+03 3.477890000000000002e-05
8.474000000000000000e+03 3.478149999999999894e-05
8.475000000000000000e+03 3.478409999999999787e-05
8.476000000000000000e+03 3.478669999999999679e-05
8.477000000000000000e+03 3.478930000000000249e-05
8.478000000000000000e+03 3.479190000000000142e-05
8.479000000000000000e+03 3.479450000000000034e-05
8.480000000000000000e+03 3.479709999999999927e-05
8.481000000000000000e+03 3.479979999999999841e-05
8.482000000000000000e+03 3.480239999999999733e-05
8.483000000000000000e+03 3.480510000000000326e-05
8.484000000000000000e+03 3.480770000000000218e-05
8.485000000000000000e+03 3.481040000000000132e-05
8.486000000000000000e+03 3.481300000000000025e-05
8.487000000000000000e+03 3.481569999999999939e-05
8.488000000000000000e+03 3.481829999999999832e-05
8.489000000000000000e+03 3.482099999999999746e-05
8.490000000000000000e+03 3.482360000000000316e-05
8.491000000000000000e+03 3.482640000000000253e-05
8.492000000000000000e+03 3.482910000000000167e-05
8.493000000000000000e+03 3.483180000000000081e-05
8.494000000000000000e+03 3.483460000000000018e-05
8.495000000000000000e+03 3.483729999999999932e-05
8.496000000000000000e+03 3.484009999999999869e-05
8.497000000000000000e+03 3.484279999999999783e-05
8.498000000000000000e+03 3.484559999999999719e-05
8.499000000000000000e+03 3.484830000000000311e-05
8.500000000000000000e+03 3.485100000000000226e-05
8.501000000000000000e+03 3.485599999999999967e-05
8.502000000000000000e+03 3.486089999999999686e-05
8.503000000000000000e+03 3.486590000000000105e-05
8.504000000000000000e+03 3.487079999999999824e-05
8.505000000000000000e+03 3.487570000000000221e-05
8.506000000000000000e+03 3.488069999999999962e-05
8.507000000000000000e+03 3.488559999999999681e-05
8.508000000000000000e+03 3.489060000000000100e-05
8.509000000000000000e+03 3.489549999999999819e-05
8.510000000000000000e+03 3.490040000000000216e-05
8.511000000000000000e+03 3.490549999999999979e-05
8.512000000000000000e+03 3.491049999999999720e-05
8.513000000000000000e+03 3.491550000000000139e-05
8.514000000000000000e+03 3.492059999999999902e-05
8.515000000000000000e+03 3.492560000000000320e-05
8.516000000000000000e+03 3.493060000000000061e-05
8.517000000000000000e+03 3.493569999999999824e-05
8.518000000000000000e+03 3.494070000000000243e-05
8.519000000000000000e+03 3.494569999999999984e-05
8.520000000000000000e+03 3.495069999999999725e-05
8.521000000000000000e+03 3.495580000000000166e-05
8.522000000000000000e+03 3.496089999999999929e-05
8.523000000000000000e+03 3.496589999999999670e-05
8.524000000000000000e+03 3.497100000000000111e-05
8.525000000000000000e+03 3.497609999999999874e-05
8.526000000000000000e+03 3.498110000000000293e-05
8.527000000000000000e+03 3.498620000000000056e-05
8.528000000000000000e+03 3.499129999999999819e-05
8.529000000000000000e+03 3.499630000000000237e-05
8.530000000000000000e+03 3.500140000000000000e-05
8.531000000000000000e+03 3.500649999999999763e-05
8.532000000000000000e+03 3.501150000000000182e-05
8.533000000000000000e+03 3.501659999999999945e-05
8.534000000000000000e+03 3.502169999999999708e-05
8.535000000000000000e+03 3.502680000000000149e-05
8.536000000000000000e+03 3.503189999999999912e-05
8.537000000000000000e+03 3.503690000000000331e-05
8.538000000000000000e+03 3.504200000000000094e-05
8.539000000000000000e+03 3.504709999999999857e-05
8.540000000000000000e+03 3.505220000000000297e-05
8.541000000000000000e+03 3.505329999999999861e-05
8.542000000000000000e+03 3.505440000000000102e-05
8.543000000000000000e+03 3.505549999999999666e-05
8.544000000000000000e+03 3.505659999999999907e-05
8.545000000000000000e+03 3.505770000000000148e-05
8.546000000000000000e+03 3.505879999999999712e-05
8.547000000000000000e+03 3.505989999999999953e-05
8.548000000000000000e+03 3.506100000000000194e-05
8.549000000000000000e+03 3.506209999999999758e-05
8.550000000000000000e+03 3.506319999999999999e-05
8.551000000000000000e+03 3.506430000000000240e-05
8.552000000000000000e+03 3.506539999999999804e-05
8.553000000000000000e+03 3.506650000000000045e-05
8.554000000000000000e+03 3.506760000000000286e-05
8.555000000000000000e+03 3.506869999999999850e-05
8.556000000000000000e+03 3.506980000000000091e-05
8.557000000000000000e+03 3.507090000000000332e-05
8.558000000000000000e+03 3.507209999999999917e-05
8.559000000000000000e+03 3.507310000000000137e-05
8.560000000000000000e+03 3.507419999999999700e-05
8.561000000000000000e+03 3.507529999999999941e-05
8.562000000000000000e+03 3.507640000000000183e-05
8.563000000000000000e+03 3.507749999999999746e-05
8.564000000000000000e+03 3.507859999999999987e-05
8.565000000000000000e+03 3.507970000000000229e-05
8.566000000000000000e+03 3.508079999999999792e-05
8.567000000000000000e+03 3.508180000000000011e-05
8.568000000000000000e+03 3.508290000000000253e-05
8.569000000000000000e+03 3.508399999999999816e-05
8.570000000000000000e+03 3.508510000000000057e-05
8.571000000000000000e+03 3.508620000000000299e-05
8.572000000000000000e+03 3.508729999999999862e-05
8.573000000000000000e+03 3.508830000000000081e-05
8.574000000000000000e+03 3.508940000000000323e-05
8.575000000000000000e+03 3.509049999999999886e-05
8.576000000000000000e+03 3.509160000000000127e-05
8.577000000000000000e+03 3.509269999999999691e-05
8.578000000000000000e+03 3.509369999999999910e-05
8.579000000000000000e+03 3.509480000000000151e-05
8.580000000000000000e+03 3.509589999999999715e-05
8.581000000000000000e+03 3.509699999999999956e-05
8.582000000000000000e+03 3.509800000000000176e-05
8.583000000000000000e+03 3.509909999999999739e-05
8.584000000000000000e+03 3.510019999999999980e-05
8.585000000000000000e+03 3.510120000000000200e-05
8.586000000000000000e+03 3.510229999999999763e-05
8.587000000000000000e+03 3.510340000000000004e-05
8.588000000000000000e+03 3.510440000000000224e-05
8.589000000000000000e+03 3.510549999999999787e-05
8.590000000000000000e+03 3.510660000000000028e-05
8.591000000000000000e+03 3.510760000000000248e-05
8.592000000000000000e+03 3.510869999999999811e-05
8.593000000000000000e+03 3.510970000000000031e-05
8.594000000000000000e+03 3.511080000000000272e-05
8.595000000000000000e+03 3.511189999999999835e-05
8.596000000000000000e+03 3.511290000000000055e-05
8.597000000000000000e+03 3.511400000000000296e-05
8.598000000000000000e+03 3.511499999999999837e-05
8.599000000000000000e+03 3.511610000000000079e-05
8.600000000000000000e+03 3.511710000000000298e-05
8.601000000000000000e+03 3.511759999999999730e-05
8.602000000000000000e+03 3.511809999999999840e-05
8.603000000000000000e+03 3.511859999999999949e-05
8.604000000000000000e+03 3.511910000000000059e-05
8.605000000000000000e+03 3.511950000000000146e-05
8.606000000000000000e+03 3.512000000000000256e-05
8.607000000000000000e+03 3.512049999999999688e-05
8.608000000000000000e+03 3.512099999999999798e-05
8.609000000000000000e+03 3.512149999999999907e-05
8.610000000000000000e+03 3.512189999999999995e-05
8.611000000000000000e+03 3.512240000000000105e-05
8.612000000000000000e+03 3.512290000000000214e-05
8.613000000000000000e+03 3.512340000000000324e-05
8.614000000000000000e+03 3.512389999999999756e-05
8.615000000000000000e+03 3.512429999999999844e-05
8.616000000000000000e+03 3.512479999999999953e-05
8.617000000000000000e+03 3.512530000000000063e-05
8.618000000000000000e+03 3.512570000000000151e-05
8.619000000000000000e+03 3.512620000000000260e-05
8.620000000000000000e+03 3.512669999999999692e-05
8.621000000000000000e+03 3.512709999999999780e-05
8.622000000000000000e+03 3.512759999999999890e-05
8.623000000000000000e+03 3.512809999999999999e-05
8.624000000000000000e+03 3.512850000000000087e-05
8.625000000000000000e+03 3.512900000000000197e-05
8.626000000000000000e+03 3.512940000000000284e-05
8.627000000000000000e+03 3.512989999999999716e-05
8.628000000000000000e+03 3.513039999999999826e-05
8.629000000000000000e+03 3.513079999999999914e-05
8.630000000000000000e+03 3.513130000000000023e-05
8.631000000000000000e+03 3.513719999999999962e-05
8.632000000000000000e+03 3.514299999999999878e-05
8.633000000000000000e+03 3.514889999999999817e-05
8.634000000000000000e+03 3.515469999999999733e-05
8.635000000000000000e+03 3.516059999999999672e-05
8.636000000000000000e+03 3.516650000000000288e-05
8.637000000000000000e+03 3.517230000000000204e-05
8.638000000000000000e+03 3.517820000000000143e-05
8.639000000000000000e+03 3.518400000000000059e-05
8.640000000000000000e+03 3.518989999999999998e-05
8.641000000000000000e+03 3.519579999999999936e-05
8.642000000000000000e+03 3.520159999999999853e-05
8.643000000000000000e+03 3.520749999999999791e-05
8.644000000000000000e+03 3.521329999999999708e-05
8.645000000000000000e+03 3.521920000000000324e-05
8.646000000000000000e+03 3.522500000000000240e-05
8.647000000000000000e+03 3.523090000000000179e-05
8.648000000000000000e+03 3.523670000000000095e-05
8.649000000000000000e+03 3.524260000000000034e-05
8.650000000000000000e+03 3.524839999999999950e-05
8.651000000000000000e+03 3.525429999999999889e-05
8.652000000000000000e+03 3.526009999999999805e-05
8.653000000000000000e+03 3.526599999999999744e-05
8.654000000000000000e+03 3.527180000000000338e-05
8.655000000000000000e+03 3.527760000000000254e-05
8.656000000000000000e+03 3.528350000000000193e-05
8.657000000000000000e+03 3.528930000000000109e-05
8.658000000000000000e+03 3.529510000000000026e-05
8.659000000000000000e+03 3.530099999999999964e-05
8.660000000000000000e+03 3.530679999999999881e-05
8.661000000000000000e+03 3.531269999999999819e-05
8.662000000000000000e+03 3.531849999999999736e-05
8.663000000000000000e+03 3.532430000000000330e-05
8.664000000000000000e+03 3.533020000000000268e-05
8.665000000000000000e+03 3.533600000000000185e-05
8.666000000000000000e+03 3.534180000000000101e-05
8.667000000000000000e+03 3.534770000000000040e-05
8.668000000000000000e+03 3.535349999999999956e-05
8.669000000000000000e+03 3.535929999999999873e-05
8.670000000000000000e+03 3.536519999999999811e-05
8.671000000000000000e+03 3.537099999999999728e-05
8.672000000000000000e+03 3.537680000000000322e-05
8.673000000000000000e+03 3.538260000000000238e-05
8.674000000000000000e+03 3.538850000000000177e-05
8.675000000000000000e+03 3.539430000000000093e-05
8.676000000000000000e+03 3.540010000000000010e-05
8.677000000000000000e+03 3.540589999999999926e-05
8.678000000000000000e+03 3.541179999999999865e-05
8.679000000000000000e+03 3.541759999999999781e-05
8.680000000000000000e+03 3.542339999999999698e-05
8.681000000000000000e+03 3.542920000000000292e-05
8.682000000000000000e+03 3.543500000000000209e-05
8.683000000000000000e+03 3.544090000000000147e-05
8.684000000000000000e+03 3.544670000000000064e-05
8.685000000000000000e+03 3.545249999999999980e-05
8.686000000000000000e+03 3.545829999999999897e-05
8.687000000000000000e+03 3.546409999999999813e-05
8.688000000000000000e+03 3.546989999999999730e-05
8.689000000000000000e+03 3.547570000000000324e-05
8.690000000000000000e+03 3.548150000000000240e-05
8.691000000000000000e+03 3.548740000000000179e-05
8.692000000000000000e+03 3.549320000000000095e-05
8.693000000000000000e+03 3.549900000000000012e-05
8.694000000000000000e+03 3.550479999999999928e-05
8.695000000000000000e+03 3.551059999999999845e-05
8.696000000000000000e+03 3.551639999999999761e-05
8.697000000000000000e+03 3.552219999999999678e-05
8.698000000000000000e+03 3.552800000000000272e-05
8.699000000000000000e+03 3.553380000000000189e-05
8.700000000000000000e+03 3.553960000000000105e-05
8.701000000000000000e+03 3.554540000000000022e-05
8.702000000000000000e+03 3.555119999999999938e-05
8.703000000000000000e+03 3.555699999999999855e-05
8.704000000000000000e+03 3.556279999999999771e-05
8.705000000000000000e+03 3.556849999999999666e-05
8.706000000000000000e+03 3.557430000000000260e-05
8.707000000000000000e+03 3.558010000000000176e-05
8.708000000000000000e+03 3.558590000000000093e-05
8.709000000000000000e+03 3.559170000000000009e-05
8.710000000000000000e+03 3.559749999999999926e-05
8.711000000000000000e+03 3.560329999999999843e-05
8.712000000000000000e+03 3.560909999999999759e-05
8.713000000000000000e+03 3.561489999999999676e-05
8.714000000000000000e+03 3.562060000000000248e-05
8.715000000000000000e+03 3.562640000000000164e-05
8.716000000000000000e+03 3.563220000000000081e-05
8.717000000000000000e+03 3.563799999999999997e-05
8.718000000000000000e+03 3.564379999999999914e-05
8.719000000000000000e+03 3.564959999999999830e-05
8.720000000000000000e+03 3.565539999999999747e-05
8.721000000000000000e+03 3.567789999999999937e-05
8.722000000000000000e+03 3.570050000000000149e-05
8.723000000000000000e+03 3.572309999999999684e-05
8.724000000000000000e+03 3.574569999999999896e-05
8.725000000000000000e+03 3.576830000000000108e-05
8.726000000000000000e+03 3.579090000000000320e-05
8.727000000000000000e+03 3.581349999999999855e-05
8.728000000000000000e+03 3.583610000000000067e-05
8.729000000000000000e+03 3.585880000000000301e-05
8.730000000000000000e+03 3.588139999999999835e-05
8.731000000000000000e+03 3.590410000000000070e-05
8.732000000000000000e+03 3.592670000000000282e-05
8.733000000000000000e+03 3.594939999999999838e-05
8.734000000000000000e+03 3.597210000000000072e-05
8.735000000000000000e+03 3.599480000000000306e-05
8.736000000000000000e+03 3.601749999999999863e-05
8.737000000000000000e+03 3.604020000000000097e-05
8.738000000000000000e+03 3.606290000000000331e-05
8.739000000000000000e+03 3.608569999999999909e-05
8.740000000000000000e+03 3.610840000000000143e-05
8.741000000000000000e+03 3.613119999999999722e-05
8.742000000000000000e+03 3.615389999999999956e-05
8.743000000000000000e+03 3.617670000000000212e-05
8.744000000000000000e+03 3.619949999999999790e-05
8.745000000000000000e+03 3.622230000000000046e-05
8.746000000000000000e+03 3.624510000000000302e-05
8.747000000000000000e+03 3.626789999999999880e-05
8.748000000000000000e+03 3.629070000000000136e-05
8.749000000000000000e+03 3.631349999999999715e-05
8.750000000000000000e+03 3.633629999999999971e-05
8.751000000000000000e+03 3.635920000000000249e-05
8.752000000000000000e+03 3.638199999999999827e-05
8.753000000000000000e+03 3.640490000000000105e-05
8.754000000000000000e+03 3.642779999999999705e-05
8.755000000000000000e+03 3.645059999999999961e-05
8.756000000000000000e+03 3.647350000000000239e-05
8.757000000000000000e+03 3.649639999999999840e-05
8.758000000000000000e+03 3.651930000000000117e-05
8.759000000000000000e+03 3.654219999999999718e-05
8.760000000000000000e+03 3.656520000000000018e-05
8.761000000000000000e+03 3.658810000000000296e-05
8.762000000000000000e+03 3.661099999999999896e-05
8.763000000000000000e+03 3.663400000000000196e-05
8.764000000000000000e+03 3.665689999999999796e-05
8.765000000000000000e+03 3.667990000000000096e-05
8.766000000000000000e+03 3.670289999999999718e-05
8.767000000000000000e+03 3.672579999999999996e-05
8.768000000000000000e+03 3.674880000000000296e-05
8.769000000000000000e+03 3.677189999999999940e-05
8.770000000000000000e+03 3.679490000000000240e-05
8.771000000000000000e+03 3.681789999999999862e-05
8.772000000000000000e+03 3.684090000000000162e-05
8.773000000000000000e+03 3.686399999999999806e-05
8.774000000000000000e+03 3.688700000000000106e-05
8.775000000000000000e+03 3.691009999999999750e-05
8.776000000000000000e+03 3.693310000000000050e-05
8.777000000000000000e+03 3.695629999999999716e-05
8.778000000000000000e+03 3.697930000000000016e-05
8.779000000000000000e+03 3.700240000000000338e-05
8.780000000000000000e+03 3.702549999999999982e-05
8.781000000000000000e+03 3.704870000000000326e-05
8.782000000000000000e+03 3.707179999999999970e-05
8.783000000000000000e+03 3.709490000000000291e-05
8.784000000000000000e+03 3.711809999999999958e-05
8.785000000000000000e+03 3.714120000000000279e-05
8.786000000000000000e+03 3.716439999999999945e-05
8.787000000000000000e+03 3.718760000000000289e-05
8.788000000000000000e+03 3.721079999999999955e-05
8.789000000000000000e+03 3.723400000000000299e-05
8.790000000000000000e+03 3.725719999999999965e-05
8.791000000000000000e+03 3.728040000000000309e-05
8.792000000000000000e+03 3.730359999999999975e-05
8.793000000000000000e+03 3.732680000000000318e-05
8.794000000000000000e+03 3.735010000000000006e-05
8.795000000000000000e+03 3.737329999999999673e-05
8.796000000000000000e+03 3.739660000000000038e-05
8.797000000000000000e+03 3.741989999999999726e-05
8.798000000000000000e+03 3.744310000000000070e-05
8.799000000000000000e+03 3.746639999999999758e-05
8.800000000000000000e+03 3.748970000000000123e-05
8.801000000000000000e+03 3.750780000000000027e-05
8.802000000000000000e+03 3.752589999999999930e-05
8.803000000000000000e+03 3.754399999999999833e-05
8.804000000000000000e+03 3.756209999999999736e-05
8.805000000000000000e+03 3.758010000000000294e-05
8.806000000000000000e+03 3.759830000000000219e-05
8.807000000000000000e+03 3.761640000000000122e-05
8.808000000000000000e+03 3.763440000000000004e-05
8.809000000000000000e+03 3.765259999999999929e-05
8.810000000000000000e+03 3.767069999999999832e-05
8.811000000000000000e+03 3.768879999999999735e-05
8.812000000000000000e+03 3.770690000000000315e-05
8.813000000000000000e+03 3.772500000000000218e-05
8.814000000000000000e+03 3.774320000000000143e-05
8.815000000000000000e+03 3.776130000000000046e-05
8.816000000000000000e+03 3.777939999999999949e-05
8.817000000000000000e+03 3.779759999999999874e-05
8.818000000000000000e+03 3.781569999999999777e-05
8.819000000000000000e+03 3.783389999999999702e-05
8.820000000000000000e+03 3.785200000000000283e-05
8.821000000000000000e+03 3.787020000000000208e-05
8.822000000000000000e+03 3.788840000000000133e-05
8.823000000000000000e+03 3.790650000000000036e-05
8.824000000000000000e+03 3.792469999999999961e-05
8.825000000000000000e+03 3.794289999999999886e-05
8.826000000000000000e+03 3.796109999999999811e-05
8.827000000000000000e+03 3.797929999999999736e-05
8.828000000000000000e+03 3.799750000000000339e-05
8.829000000000000000e+03 3.801570000000000264e-05
8.830000000000000000e+03 3.803390000000000189e-05
8.831000000000000000e+03 3.805850000000000162e-05
8.832000000000000000e+03 3.808310000000000135e-05
8.833000000000000000e+03 3.810780000000000130e-05
8.834000000000000000e+03 3.813240000000000103e-05
8.835000000000000000e+03 3.815710000000000098e-05
8.836000000000000000e+03 3.818180000000000093e-05
8.837000000000000000e+03 3.820650000000000088e-05
8.838000000000000000e+03 3.823120000000000083e-05
8.839000000000000000e+03 3.825590000000000078e-05
8.840000000000000000e+03 3.828060000000000073e-05
8.841000000000000000e+03 3.830530000000000068e-05
8.842000000000000000e+03 3.833000000000000063e-05
8.843000000000000000e+03 3.835480000000000080e-05
8.844000000000000000e+03 3.837960000000000096e-05
8.845000000000000000e+03 3.840430000000000091e-05
8.846000000000000000e+03 3.842910000000000108e-05
8.847000000000000000e+03 3.845390000000000125e-05
8.848000000000000000e+03 3.847870000000000142e-05
8.849000000000000000e+03 3.850350000000000159e-05
8.850000000000000000e+03 3.852830000000000176e-05
8.851000000000000000e+03 3.855320000000000215e-05
8.852000000000000000e+03 3.857800000000000232e-05
8.853000000000000000e+03 3.860290000000000271e-05
8.854000000000000000e+03 3.862770000000000288e-05
8.855000000000000000e+03 3.865260000000000326e-05
8.856000000000000000e+03 3.867749999999999688e-05
8.857000000000000000e+03 3.870239999999999726e-05
8.858000000000000000e+03 3.872729999999999765e-05
8.859000000000000000e+03 3.875219999999999804e-05
8.860000000000000000e+03 3.877709999999999843e-05
8.861000000000000000e+03 3.880209999999999904e-05
8.862000000000000000e+03 3.882699999999999943e-05
8.863000000000000000e+03 3.885200000000000003e-05
8.864000000000000000e+03 3.887690000000000042e-05
8.865000000000000000e+03 3.890190000000000103e-05
8.866000000000000000e+03 3.892690000000000164e-05
8.867000000000000000e+03 3.895190000000000224e-05
8.868000000000000000e+03 3.897690000000000285e-05
8.869000000000000000e+03 3.900189999999999668e-05
8.870000000000000000e+03 3.902699999999999751e-05
8.871000000000000000e+03 3.905199999999999812e-05
8.872000000000000000e+03 3.907699999999999873e-05
8.873000000000000000e+03 3.910209999999999955e-05
8.874000000000000000e+03 3.912710000000000016e-05
8.875000000000000000e+03 3.915220000000000099e-05
8.876000000000000000e+03 3.917730000000000181e-05
8.877000000000000000e+03 3.920240000000000264e-05
8.878000000000000000e+03 3.922749999999999669e-05
8.879000000000000000e+03 3.925259999999999752e-05
8.880000000000000000e+03 3.927779999999999857e-05
8.881000000000000000e+03 3.930289999999999939e-05
8.882000000000000000e+03 3.932800000000000022e-05
8.883000000000000000e+03 3.935320000000000127e-05
8.884000000000000000e+03 3.937840000000000231e-05
8.885000000000000000e+03 3.940360000000000336e-05
8.886000000000000000e+03 3.942879999999999763e-05
8.887000000000000000e+03 3.945399999999999867e-05
8.888000000000000000e+03 3.947919999999999972e-05
8.889000000000000000e+03 3.950440000000000077e-05
8.890000000000000000e+03 3.952960000000000181e-05
8.891000000000000000e+03 3.955490000000000308e-05
8.892000000000000000e+03 3.958019999999999757e-05
8.893000000000000000e+03 3.960539999999999861e-05
8.894000000000000000e+03 3.963069999999999988e-05
8.895000000000000000e+03 3.965600000000000114e-05
8.896000000000000000e+03 3.968130000000000241e-05
8.897000000000000000e+03 3.970659999999999690e-05
8.898000000000000000e+03 3.973189999999999816e-05
8.899000000000000000e+03 3.975729999999999965e-05
8.900000000000000000e+03 3.978260000000000092e-05
8.901000000000000000e+03 3.979230000000000186e-05
8.902000000000000000e+03 3.980190000000000258e-05
8.903000000000000000e+03 3.981159999999999674e-05
8.904000000000000000e+03 3.982129999999999768e-05
8.905000000000000000e+03 3.983099999999999862e-05
8.906000000000000000e+03 3.984069999999999956e-05
8.907000000000000000e+03 3.985030000000000028e-05
8.908000000000000000e+03 3.986000000000000122e-05
8.909000000000000000e+03 3.986970000000000216e-05
8.910000000000000000e+03 3.987940000000000311e-05
8.911000000000000000e+03 3.988909999999999727e-05
8.912000000000000000e+03 3.989879999999999821e-05
8.913000000000000000e+03 3.990839999999999893e-05
8.914000000000000000e+03 3.991809999999999987e-05
8.915000000000000000e+03 3.992780000000000081e-05
8.916000000000000000e+03 3.993750000000000175e-05
8.917000000000000000e+03 3.994710000000000247e-05
8.918000000000000000e+03 3.995689999999999686e-05
8.919000000000000000e+03 3.996649999999999758e-05
8.920000000000000000e+03 3.997619999999999852e-05
8.921000000000000000e+03 3.998919999999999992e-05
8.922000000000000000e+03 4.000220000000000132e-05
8.923000000000000000e+03 4.001510000000000250e-05
8.924000000000000000e+03 4.002819999999999734e-05
8.925000000000000000e+03 4.004109999999999852e-05
8.926000000000000000e+03 4.005409999999999993e-05
8.927000000000000000e+03 4.006710000000000133e-05
8.928000000000000000e+03 4.008010000000000273e-05
8.929000000000000000e+03 4.009309999999999735e-05
8.930000000000000000e+03 4.010619999999999897e-05
8.931000000000000000e+03 4.011589999999999991e-05
8.932000000000000000e+03 4.012550000000000063e-05
8.933000000000000000e+03 4.013530000000000179e-05
8.934000000000000000e+03 4.014490000000000251e-05
8.935000000000000000e+03 4.015469999999999690e-05
8.936000000000000000e+03 4.016439999999999784e-05
8.937000000000000000e+03 4.017399999999999856e-05
8.938000000000000000e+03 4.018369999999999950e-05
8.939000000000000000e+03 4.019340000000000044e-05
8.940000000000000000e+03 4.020310000000000138e-05
8.941000000000000000e+03 4.021280000000000232e-05
8.942000000000000000e+03 4.022250000000000326e-05
8.943000000000000000e+03 4.023219999999999742e-05
8.944000000000000000e+03 4.024189999999999836e-05
8.945000000000000000e+03 4.025159999999999930e-05
8.946000000000000000e+03 4.026130000000000025e-05
8.947000000000000000e+03 4.027100000000000119e-05
8.948000000000000000e+03 4.028070000000000213e-05
8.949000000000000000e+03 4.029040000000000307e-05
8.950000000000000000e+03 4.030009999999999723e-05
8.951000000000000000e+03 4.031309999999999863e-05
8.952000000000000000e+03 4.032610000000000003e-05
8.953000000000000000e+03 4.033920000000000165e-05
8.954000000000000000e+03 4.035220000000000305e-05
8.955000000000000000e+03 4.036529999999999789e-05
8.956000000000000000e+03 4.037829999999999929e-05
8.957000000000000000e+03 4.039140000000000091e-05
8.958000000000000000e+03 4.040440000000000231e-05
8.959000000000000000e+03 4.041749999999999716e-05
8.960000000000000000e+03 4.043049999999999856e-05
8.961000000000000000e+03 4.044029999999999972e-05
8.962000000000000000e+03 4.045000000000000066e-05
8.963000000000000000e+03 4.045970000000000160e-05
8.964000000000000000e+03 4.046950000000000276e-05
8.965000000000000000e+03 4.047919999999999692e-05
8.966000000000000000e+03 4.048899999999999808e-05
8.967000000000000000e+03 4.049869999999999902e-05
8.968000000000000000e+03 4.050839999999999996e-05
8.969000000000000000e+03 4.051820000000000112e-05
8.970000000000000000e+03 4.052790000000000206e-05
8.971000000000000000e+03 4.054099999999999691e-05
8.972000000000000000e+03 4.055419999999999875e-05
8.973000000000000000e+03 4.056730000000000036e-05
8.974000000000000000e+03 4.058040000000000198e-05
8.975000000000000000e+03 4.059359999999999705e-05
8.976000000000000000e+03 4.060669999999999867e-05
8.977000000000000000e+03 4.061980000000000029e-05
8.978000000000000000e+03 4.063300000000000212e-05
8.979000000000000000e+03 4.064609999999999697e-05
8.980000000000000000e+03 4.065929999999999881e-05
8.981000000000000000e+03 4.066909999999999997e-05
8.982000000000000000e+03 4.067890000000000113e-05
8.983000000000000000e+03 4.068880000000000250e-05
8.984000000000000000e+03 4.069859999999999689e-05
8.985000000000000000e+03 4.070849999999999827e-05
8.986000000000000000e+03 4.071829999999999943e-05
8.987000000000000000e+03 4.072810000000000059e-05
8.988000000000000000e+03 4.073800000000000197e-05
8.989000000000000000e+03 4.074780000000000313e-05
8.990000000000000000e+03 4.075759999999999751e-05
8.991000000000000000e+03 4.076749999999999889e-05
8.992000000000000000e+03 4.077730000000000005e-05
8.993000000000000000e+03 4.078720000000000143e-05
8.994000000000000000e+03 4.079700000000000259e-05
8.995000000000000000e+03 4.080689999999999719e-05
8.996000000000000000e+03 4.081679999999999857e-05
8.997000000000000000e+03 4.082659999999999973e-05
8.998000000000000000e+03 4.083650000000000111e-05
8.999000000000000000e+03 4.084630000000000227e-05
9.000000000000000000e+03 4.085619999999999687e-05
9.001000000000000000e+03 4.085999999999999843e-05
9.002000000000000000e+03 4.086369999999999976e-05
9.003000000000000000e+03 4.086750000000000132e-05
9.004000000000000000e+03 4.087120000000000266e-05
9.005000000000000000e+03 4.087499999999999744e-05
9.006000000000000000e+03 4.087879999999999899e-05
9.007000000000000000e+03 4.088250000000000033e-05
9.008000000000000000e+03 4.088630000000000188e-05
9.009000000000000000e+03 4.089009999999999666e-05
9.010000000000000000e+03 4.089389999999999822e-05
9.011000000000000000e+03 4.089429999999999910e-05
9.012000000000000000e+03 4.089469999999999997e-05
9.013000000000000000e+03 4.089520000000000107e-05
9.014000000000000000e+03 4.089560000000000195e-05
9.015000000000000000e+03 4.089610000000000304e-05
9.016000000000000000e+03 4.089649999999999715e-05
9.017000000000000000e+03 4.089699999999999824e-05
9.018000000000000000e+03 4.089739999999999912e-05
9.019000000000000000e+03 4.089790000000000021e-05
9.020000000000000000e+03 4.089830000000000109e-05
9.021000000000000000e+03 4.090220000000000287e-05
9.022000000000000000e+03 4.090609999999999787e-05
9.023000000000000000e+03 4.090999999999999964e-05
9.024000000000000000e+03 4.091390000000000142e-05
9.025000000000000000e+03 4.091780000000000319e-05
9.026000000000000000e+03 4.092169999999999819e-05
9.027000000000000000e+03 4.092559999999999997e-05
9.028000000000000000e+03 4.092950000000000174e-05
9.029000000000000000e+03 4.093339999999999674e-05
9.030000000000000000e+03 4.093729999999999852e-05
9.031000000000000000e+03 4.094130000000000051e-05
9.032000000000000000e+03 4.094540000000000272e-05
9.033000000000000000e+03 4.094939999999999794e-05
9.034000000000000000e+03 4.095339999999999994e-05
9.035000000000000000e+03 4.095740000000000193e-05
9.036000000000000000e+03 4.096149999999999737e-05
9.037000000000000000e+03 4.096549999999999936e-05
9.038000000000000000e+03 4.096950000000000136e-05
9.039000000000000000e+03 4.097350000000000335e-05
9.040000000000000000e+03 4.097759999999999879e-05
9.041000000000000000e+03 4.098160000000000079e-05
9.042000000000000000e+03 4.098570000000000300e-05
9.043000000000000000e+03 4.098979999999999844e-05
9.044000000000000000e+03 4.099390000000000065e-05
9.045000000000000000e+03 4.099800000000000286e-05
9.046000000000000000e+03 4.100209999999999830e-05
9.047000000000000000e+03 4.100620000000000052e-05
9.048000000000000000e+03 4.101020000000000251e-05
9.049000000000000000e+03 4.101429999999999795e-05
9.050000000000000000e+03 4.101840000000000016e-05
9.051000000000000000e+03 4.102590000000000306e-05
9.052000000000000000e+03 4.103349999999999939e-05
9.053000000000000000e+03 4.104110000000000250e-05
9.054000000000000000e+03 4.104859999999999862e-05
9.055000000000000000e+03 4.105620000000000173e-05
9.056000000000000000e+03 4.106369999999999785e-05
9.057000000000000000e+03 4.107130000000000096e-05
9.058000000000000000e+03 4.107889999999999730e-05
9.059000000000000000e+03 4.108640000000000019e-05
9.060000000000000000e+03 4.109390000000000308e-05
9.061000000000000000e+03 4.109819999999999896e-05
9.062000000000000000e+03 4.110240000000000139e-05
9.063000000000000000e+03 4.110659999999999705e-05
9.064000000000000000e+03 4.111079999999999948e-05
9.065000000000000000e+03 4.111500000000000191e-05
9.066000000000000000e+03 4.111919999999999757e-05
9.067000000000000000e+03 4.112340000000000000e-05
9.068000000000000000e+03 4.112760000000000244e-05
9.069000000000000000e+03 4.113179999999999809e-05
9.070000000000000000e+03 4.113600000000000053e-05
9.071000000000000000e+03 4.114359999999999686e-05
9.072000000000000000e+03 4.115130000000000019e-05
9.073000000000000000e+03 4.115899999999999675e-05
9.074000000000000000e+03 4.116670000000000008e-05
9.075000000000000000e+03 4.117439999999999664e-05
9.076000000000000000e+03 4.118209999999999997e-05
9.077000000000000000e+03 4.118980000000000330e-05
9.078000000000000000e+03 4.119749999999999985e-05
9.079000000000000000e+03 4.120510000000000297e-05
9.080000000000000000e+03 4.121279999999999952e-05
9.081000000000000000e+03 4.121710000000000217e-05
9.082000000000000000e+03 4.122139999999999805e-05
9.083000000000000000e+03 4.122580000000000092e-05
9.084000000000000000e+03 4.123009999999999680e-05
9.085000000000000000e+03 4.123439999999999945e-05
9.086000000000000000e+03 4.123870000000000210e-05
9.087000000000000000e+03 4.124299999999999798e-05
9.088000000000000000e+03 4.124730000000000063e-05
9.089000000000000000e+03 4.125160000000000328e-05
9.090000000000000000e+03 4.125589999999999916e-05
9.091000000000000000e+03 4.126030000000000203e-05
9.092000000000000000e+03 4.126459999999999791e-05
9.093000000000000000e+03 4.126900000000000078e-05
9.094000000000000000e+03 4.127339999999999687e-05
9.095000000000000000e+03 4.127769999999999953e-05
9.096000000000000000e+03 4.128210000000000240e-05
9.097000000000000000e+03 4.128649999999999849e-05
9.098000000000000000e+03 4.129080000000000115e-05
9.099000000000000000e+03 4.129519999999999724e-05
9.100000000000000000e+03 4.129960000000000011e-05
9.101000000000000000e+03 4.130739999999999689e-05
9.102000000000000000e+03 4.131530000000000066e-05
9.103000000000000000e+03 4.132309999999999743e-05
9.104000000000000000e+03 4.133090000000000098e-05
9.105000000000000000e+03 4.133879999999999798e-05
9.106000000000000000e+03 4.134670000000000175e-05
9.107000000000000000e+03 4.135449999999999852e-05
9.108000000000000000e+03 4.136240000000000229e-05
9.109000000000000000e+03 4.137019999999999906e-05
9.110000000000000000e+03 4.137810000000000283e-05
9.111000000000000000e+03 4.138259999999999915e-05
9.112000000000000000e+03 4.138700000000000202e-05
9.113000000000000000e+03 4.139149999999999834e-05
9.114000000000000000e+03 4.139600000000000143e-05
9.115000000000000000e+03 4.140039999999999752e-05
9.116000000000000000e+03 4.140490000000000061e-05
9.117000000000000000e+03 4.140939999999999693e-05
9.118000000000000000e+03 4.141379999999999980e-05
9.119000000000000000e+03 4.141830000000000289e-05
9.120000000000000000e+03 4.142279999999999920e-05
9.121000000000000000e+03 4.143070000000000297e-05
9.122000000000000000e+03 4.143870000000000019e-05
9.123000000000000000e+03 4.144659999999999718e-05
9.124000000000000000e+03 4.145460000000000117e-05
9.125000000000000000e+03 4.146259999999999838e-05
9.126000000000000000e+03 4.147050000000000215e-05
9.127000000000000000e+03 4.147849999999999937e-05
9.128000000000000000e+03 4.148650000000000335e-05
9.129000000000000000e+03 4.149440000000000035e-05
9.130000000000000000e+03 4.150239999999999756e-05
9.131000000000000000e+03 4.150700000000000087e-05
9.132000000000000000e+03 4.151149999999999719e-05
9.133000000000000000e+03 4.151610000000000050e-05
9.134000000000000000e+03 4.152059999999999681e-05
9.135000000000000000e+03 4.152520000000000012e-05
9.136000000000000000e+03 4.152970000000000321e-05
9.137000000000000000e+03 4.153429999999999975e-05
9.138000000000000000e+03 4.153890000000000306e-05
9.139000000000000000e+03 4.154339999999999937e-05
9.140000000000000000e+03 4.154800000000000268e-05
9.141000000000000000e+03 4.155610000000000011e-05
9.142000000000000000e+03 4.156409999999999733e-05
9.143000000000000000e+03 4.157220000000000153e-05
9.144000000000000000e+03 4.158029999999999897e-05
9.145000000000000000e+03 4.158830000000000296e-05
9.146000000000000000e+03 4.159640000000000039e-05
9.147000000000000000e+03 4.160449999999999782e-05
9.148000000000000000e+03 4.161260000000000203e-05
9.149000000000000000e+03 4.162059999999999924e-05
9.150000000000000000e+03 4.162869999999999667e-05
9.151000000000000000e+03 4.163340000000000020e-05
9.152000000000000000e+03 4.163799999999999674e-05
9.153000000000000000e+03 4.164260000000000005e-05
9.154000000000000000e+03 4.164729999999999680e-05
9.155000000000000000e+03 4.165190000000000011e-05
9.156000000000000000e+03 4.165659999999999686e-05
9.157000000000000000e+03 4.166120000000000017e-05
9.158000000000000000e+03 4.166589999999999693e-05
9.159000000000000000e+03 4.167050000000000024e-05
9.160000000000000000e+03 4.167519999999999699e-05
9.161000000000000000e+03 4.168330000000000120e-05
9.162000000000000000e+03 4.169149999999999885e-05
9.163000000000000000e+03 4.169970000000000328e-05
9.164000000000000000e+03 4.170780000000000071e-05
9.165000000000000000e+03 4.171599999999999836e-05
9.166000000000000000e+03 4.172420000000000279e-05
9.167000000000000000e+03 4.173230000000000022e-05
9.168000000000000000e+03 4.174049999999999787e-05
9.169000000000000000e+03 4.174870000000000230e-05
9.170000000000000000e+03 4.175689999999999995e-05
9.171000000000000000e+03 4.176159999999999671e-05
9.172000000000000000e+03 4.176630000000000024e-05
9.173000000000000000e+03 4.177109999999999721e-05
9.174000000000000000e+03 4.177580000000000074e-05
9.175000000000000000e+03 4.178049999999999749e-05
9.176000000000000000e+03 4.178520000000000102e-05
9.177000000000000000e+03 4.178999999999999799e-05
9.178000000000000000e+03 4.179470000000000152e-05
9.179000000000000000e+03 4.179939999999999828e-05
9.180000000000000000e+03 4.180410000000000180e-05
9.181000000000000000e+03 4.181239999999999968e-05
9.182000000000000000e+03 4.182069999999999755e-05
9.183000000000000000e+03 4.182890000000000197e-05
9.184000000000000000e+03 4.183719999999999984e-05
9.185000000000000000e+03 4.184539999999999750e-05
9.186000000000000000e+03 4.185370000000000214e-05
9.187000000000000000e+03 4.186200000000000001e-05
9.188000000000000000e+03 4.187019999999999767e-05
9.189000000000000000e+03 4.187850000000000231e-05
9.190000000000000000e+03 4.188669999999999996e-05
9.191000000000000000e+03 4.189149999999999694e-05
9.192000000000000000e+03 4.189640000000000090e-05
9.193000000000000000e+03 4.190119999999999788e-05
9.194000000000000000e+03 4.190600000000000163e-05
9.195000000000000000e+03 4.191079999999999860e-05
9.196000000000000000e+03 4.191560000000000235e-05
9.197000000000000000e+03 4.192039999999999932e-05
9.198000000000000000e+03 4.192520000000000307e-05
9.199000000000000000e+03 4.193000000000000004e-05
9.200000000000000000e+03 4.193479999999999701e-05
9.201000000000000000e+03 4.194030000000000230e-05
9.202000000000000000e+03 4.194580000000000080e-05
9.203000000000000000e+03 4.195129999999999931e-05
9.204000000000000000e+03 4.195679999999999782e-05
9.205000000000000000e+03 4.196230000000000310e-05
9.206000000000000000e+03 4.196780000000000161e-05
9.207000000000000000e+03 4.197330000000000012e-05
9.208000000000000000e+03 4.197879999999999862e-05
9.209000000000000000e+03 4.198429999999999713e-05
9.210000000000000000e+03 4.198980000000000242e-05
9.211000000000000000e+03 4.199180000000000002e-05
9.212000000000000000e+03 4.199379999999999763e-05
9.213000000000000000e+03 4.199590000000000224e-05
9.214000000000000000e+03 4.199789999999999985e-05
9.215000000000000000e+03 4.199989999999999746e-05
9.216000000000000000e+03 4.200190000000000184e-05
9.217000000000000000e+03 4.200389999999999945e-05
9.218000000000000000e+03 4.200599999999999728e-05
9.219000000000000000e+03 4.200800000000000167e-05
9.220000000000000000e+03 4.200999999999999927e-05
9.221000000000000000e+03 4.201559999999999800e-05
9.222000000000000000e+03 4.202110000000000328e-05
9.223000000000000000e+03 4.202670000000000201e-05
9.224000000000000000e+03 4.203230000000000074e-05
9.225000000000000000e+03 4.203789999999999946e-05
9.226000000000000000e+03 4.204339999999999797e-05
9.227000000000000000e+03 4.204899999999999670e-05
9.228000000000000000e+03 4.205460000000000220e-05
9.229000000000000000e+03 4.206010000000000071e-05
9.230000000000000000e+03 4.206569999999999944e-05
9.231000000000000000e+03 4.207149999999999860e-05
9.232000000000000000e+03 4.207729999999999777e-05
9.233000000000000000e+03 4.208299999999999671e-05
9.234000000000000000e+03 4.208880000000000265e-05
9.235000000000000000e+03 4.209460000000000182e-05
9.236000000000000000e+03 4.210030000000000076e-05
9.237000000000000000e+03 4.210609999999999993e-05
9.238000000000000000e+03 4.211189999999999909e-05
9.239000000000000000e+03 4.211759999999999804e-05
9.240000000000000000e+03 4.212339999999999721e-05
9.241000000000000000e+03 4.213269999999999727e-05
9.242000000000000000e+03 4.214209999999999755e-05
9.243000000000000000e+03 4.215139999999999762e-05
9.244000000000000000e+03 4.216069999999999768e-05
9.245000000000000000e+03 4.217009999999999796e-05
9.246000000000000000e+03 4.217939999999999803e-05
9.247000000000000000e+03 4.218869999999999809e-05
9.248000000000000000e+03 4.219799999999999815e-05
9.249000000000000000e+03 4.220739999999999843e-05
9.250000000000000000e+03 4.221669999999999850e-05
9.251000000000000000e+03 4.222259999999999788e-05
9.252000000000000000e+03 4.222839999999999705e-05
9.253000000000000000e+03 4.223420000000000299e-05
9.254000000000000000e+03 4.224000000000000215e-05
9.255000000000000000e+03 4.224580000000000132e-05
9.256000000000000000e+03 4.225170000000000070e-05
9.257000000000000000e+03 4.225749999999999987e-05
9.258000000000000000e+03 4.226329999999999903e-05
9.259000000000000000e+03 4.226919999999999842e-05
9.260000000000000000e+03 4.227499999999999758e-05
9.261000000000000000e+03 4.228439999999999787e-05
9.262000000000000000e+03 4.229379999999999815e-05
9.263000000000000000e+03 4.230319999999999843e-05
9.264000000000000000e+03 4.231259999999999871e-05
9.265000000000000000e+03 4.232189999999999878e-05
9.266000000000000000e+03 4.233139999999999928e-05
9.267000000000000000e+03 4.234079999999999956e-05
9.268000000000000000e+03 4.235019999999999985e-05
9.269000000000000000e+03 4.235960000000000013e-05
9.270000000000000000e+03 4.236900000000000041e-05
9.271000000000000000e+03 4.237489999999999980e-05
9.272000000000000000e+03 4.238069999999999896e-05
9.273000000000000000e+03 4.238659999999999835e-05
9.274000000000000000e+03 4.239249999999999773e-05
9.275000000000000000e+03 4.239829999999999689e-05
9.276000000000000000e+03 4.240420000000000306e-05
9.277000000000000000e+03 4.241010000000000244e-05
9.278000000000000000e+03 4.241590000000000161e-05
9.279000000000000000e+03 4.242180000000000099e-05
9.280000000000000000e+03 4.242770000000000037e-05
9.281000000000000000e+03 4.243710000000000066e-05
9.282000000000000000e+03 4.244660000000000116e-05
9.283000000000000000e+03 4.245610000000000166e-05
9.284000000000000000e+03 4.246550000000000194e-05
9.285000000000000000e+03 4.247500000000000245e-05
9.286000000000000000e+03 4.248440000000000273e-05
9.287000000000000000e+03 4.249390000000000323e-05
9.288000000000000000e+03 4.250339999999999696e-05
9.289000000000000000e+03 4.251279999999999724e-05
9.290000000000000000e+03 4.252229999999999774e-05
9.291000000000000000e+03 4.252819999999999712e-05
9.292000000000000000e+03 4.253410000000000329e-05
9.293000000000000000e+03 4.254000000000000267e-05
9.294000000000000000e+03 4.254600000000000227e-05
9.295000000000000000e+03 4.255190000000000166e-05
9.296000000000000000e+03 4.255780000000000104e-05
9.297000000000000000e+03 4.256370000000000043e-05
9.298000000000000000e+03 4.256959999999999981e-05
9.299000000000000000e+03 4.257549999999999920e-05
9.300000000000000000e+03 4.258149999999999880e-05
9.301000000000000000e+03 4.259099999999999930e-05
9.302000000000000000e+03 4.260049999999999980e-05
9.303000000000000000e+03 4.261000000000000031e-05
9.304000000000000000e+03 4.261950000000000081e-05
9.305000000000000000e+03 4.262900000000000131e-05
9.306000000000000000e+03 4.263850000000000181e-05
9.307000000000000000e+03 4.264800000000000231e-05
9.308000000000000000e+03 4.265760000000000303e-05
9.309000000000000000e+03 4.266709999999999676e-05
9.310000000000000000e+03 4.267659999999999726e-05
9.311000000000000000e+03 4.268259999999999687e-05
9.312000000000000000e+03 4.268850000000000303e-05
9.313000000000000000e+03 4.269450000000000263e-05
9.314000000000000000e+03 4.270050000000000223e-05
9.315000000000000000e+03 4.270640000000000162e-05
9.316000000000000000e+03 4.271240000000000122e-05
9.317000000000000000e+03 4.271830000000000061e-05
9.318000000000000000e+03 4.272430000000000021e-05
9.319000000000000000e+03 4.273019999999999960e-05
9.320000000000000000e+03 4.273619999999999920e-05
9.321000000000000000e+03 4.274579999999999992e-05
9.322000000000000000e+03 4.275530000000000042e-05
9.323000000000000000e+03 4.276490000000000114e-05
9.324000000000000000e+03 4.277440000000000165e-05
9.325000000000000000e+03 4.278400000000000237e-05
9.326000000000000000e+03 4.279360000000000309e-05
9.327000000000000000e+03 4.280309999999999681e-05
9.328000000000000000e+03 4.281269999999999754e-05
9.329000000000000000e+03 4.282219999999999804e-05
9.330000000000000000e+03 4.283179999999999876e-05
9.331000000000000000e+03 4.283779999999999836e-05
9.332000000000000000e+03 4.284379999999999797e-05
9.333000000000000000e+03 4.284979999999999757e-05
9.334000000000000000e+03 4.285569999999999695e-05
9.335000000000000000e+03 4.286170000000000333e-05
9.336000000000000000e+03 4.286770000000000294e-05
9.337000000000000000e+03 4.287370000000000254e-05
9.338000000000000000e+03 4.287970000000000215e-05
9.339000000000000000e+03 4.288560000000000153e-05
9.340000000000000000e+03 4.289160000000000113e-05
9.341000000000000000e+03 4.290120000000000185e-05
9.342000000000000000e+03 4.291080000000000258e-05
9.343000000000000000e+03 4.292040000000000330e-05
9.344000000000000000e+03 4.293009999999999746e-05
9.345000000000000000e+03 4.293969999999999818e-05
9.346000000000000000e+03 4.294929999999999890e-05
9.347000000000000000e+03 4.295889999999999963e-05
9.348000000000000000e+03 4.296850000000000035e-05
9.349000000000000000e+03 4.297810000000000107e-05
9.350000000000000000e+03 4.298770000000000179e-05
9.351000000000000000e+03 4.299370000000000139e-05
9.352000000000000000e+03 4.299970000000000100e-05
9.353000000000000000e+03 4.300570000000000060e-05
9.354000000000000000e+03 4.301170000000000020e-05
9.355000000000000000e+03 4.301769999999999981e-05
9.356000000000000000e+03 4.302369999999999941e-05
9.357000000000000000e+03 4.302969999999999901e-05
9.358000000000000000e+03 4.303569999999999862e-05
9.359000000000000000e+03 4.304169999999999822e-05
9.360000000000000000e+03 4.304769999999999783e-05
9.361000000000000000e+03 4.305739999999999877e-05
9.362000000000000000e+03 4.306699999999999949e-05
9.363000000000000000e+03 4.307660000000000021e-05
9.364000000000000000e+03 4.308630000000000115e-05
9.365000000000000000e+03 4.309590000000000187e-05
9.366000000000000000e+03 4.310560000000000281e-05
9.367000000000000000e+03 4.311519999999999676e-05
9.368000000000000000e+03 4.312489999999999770e-05
9.369000000000000000e+03 4.313459999999999864e-05
9.370000000000000000e+03 4.314419999999999936e-05
9.371000000000000000e+03 4.315019999999999896e-05
9.372000000000000000e+03 4.315619999999999857e-05
9.373000000000000000e+03 4.316229999999999839e-05
9.374000000000000000e+03 4.316829999999999799e-05
9.375000000000000000e+03 4.317429999999999760e-05
9.376000000000000000e+03 4.318029999999999720e-05
9.377000000000000000e+03 4.318629999999999680e-05
9.378000000000000000e+03 4.319230000000000318e-05
9.379000000000000000e+03 4.319830000000000279e-05
9.380000000000000000e+03 4.320430000000000239e-05
9.381000000000000000e+03 4.321400000000000333e-05
9.382000000000000000e+03 4.322369999999999750e-05
9.383000000000000000e+03 4.323339999999999844e-05
9.384000000000000000e+03 4.324299999999999916e-05
9.385000000000000000e+03 4.325270000000000010e-05
9.386000000000000000e+03 4.326240000000000104e-05
9.387000000000000000e+03 4.327200000000000176e-05
9.388000000000000000e+03 4.328170000000000270e-05
9.389000000000000000e+03 4.329139999999999687e-05
9.390000000000000000e+03 4.330109999999999781e-05
9.391000000000000000e+03 4.331079999999999875e-05
9.392000000000000000e+03 4.332039999999999947e-05
9.393000000000000000e+03 4.333010000000000041e-05
9.394000000000000000e+03 4.333980000000000135e-05
9.395000000000000000e+03 4.334950000000000229e-05
9.396000000000000000e+03 4.335920000000000323e-05
9.397000000000000000e+03 4.336889999999999739e-05
9.398000000000000000e+03 4.337859999999999833e-05
9.399000000000000000e+03 4.338829999999999927e-05
9.400000000000000000e+03 4.339800000000000022e-05
9.401000000000000000e+03 4.339999999999999782e-05
9.402000000000000000e+03 4.340190000000000199e-05
9.403000000000000000e+03 4.340389999999999960e-05
9.404000000000000000e+03 4.340589999999999721e-05
9.405000000000000000e+03 4.340780000000000137e-05
9.406000000000000000e+03 4.340979999999999898e-05
9.407000000000000000e+03 4.341170000000000315e-05
9.408000000000000000e+03 4.341370000000000076e-05
9.409000000000000000e+03 4.341569999999999837e-05
9.410000000000000000e+03 4.341760000000000253e-05
9.411000000000000000e+03 4.342320000000000126e-05
9.412000000000000000e+03 4.342890000000000021e-05
9.413000000000000000e+03 4.343449999999999893e-05
9.414000000000000000e+03 4.344009999999999766e-05
9.415000000000000000e+03 4.344570000000000316e-05
9.416000000000000000e+03 4.345130000000000189e-05
9.417000000000000000e+03 4.345690000000000062e-05
9.418000000000000000e+03 4.346259999999999956e-05
9.419000000000000000e+03 4.346819999999999829e-05
9.420000000000000000e+03 4.347379999999999702e-05
9.421000000000000000e+03 4.347580000000000140e-05
9.422000000000000000e+03 4.347769999999999879e-05
9.423000000000000000e+03 4.347970000000000318e-05
9.424000000000000000e+03 4.348160000000000057e-05
9.425000000000000000e+03 4.348359999999999818e-05
9.426000000000000000e+03 4.348550000000000234e-05
9.427000000000000000e+03 4.348749999999999995e-05
9.428000000000000000e+03 4.348949999999999756e-05
9.429000000000000000e+03 4.349140000000000173e-05
9.430000000000000000e+03 4.349339999999999934e-05
9.431000000000000000e+03 4.350140000000000332e-05
9.432000000000000000e+03 4.350940000000000054e-05
9.433000000000000000e+03 4.351749999999999797e-05
9.434000000000000000e+03 4.352550000000000196e-05
9.435000000000000000e+03 4.353359999999999939e-05
9.436000000000000000e+03 4.354160000000000338e-05
9.437000000000000000e+03 4.354960000000000059e-05
9.438000000000000000e+03 4.355769999999999803e-05
9.439000000000000000e+03 4.356570000000000201e-05
9.440000000000000000e+03 4.357379999999999945e-05
9.441000000000000000e+03 4.357810000000000210e-05
9.442000000000000000e+03 4.358249999999999819e-05
9.443000000000000000e+03 4.358690000000000107e-05
9.444000000000000000e+03 4.359119999999999694e-05
9.445000000000000000e+03 4.359559999999999981e-05
9.446000000000000000e+03 4.360000000000000269e-05
9.447000000000000000e+03 4.360429999999999856e-05
9.448000000000000000e+03 4.360870000000000143e-05
9.449000000000000000e+03 4.361299999999999731e-05
9.450000000000000000e+03 4.361740000000000018e-05
9.451000000000000000e+03 4.362549999999999761e-05
9.452000000000000000e+03 4.363350000000000160e-05
9.453000000000000000e+03 4.364149999999999882e-05
9.454000000000000000e+03 4.364960000000000302e-05
9.455000000000000000e+03 4.365760000000000024e-05
9.456000000000000000e+03 4.366569999999999767e-05
9.457000000000000000e+03 4.367370000000000166e-05
9.458000000000000000e+03 4.368169999999999887e-05
9.459000000000000000e+03 4.368980000000000308e-05
9.460000000000000000e+03 4.369780000000000029e-05
9.461000000000000000e+03 4.370589999999999772e-05
9.462000000000000000e+03 4.371390000000000171e-05
9.463000000000000000e+03 4.372189999999999893e-05
9.464000000000000000e+03 4.373000000000000314e-05
9.465000000000000000e+03 4.373800000000000035e-05
9.466000000000000000e+03 4.374609999999999778e-05
9.467000000000000000e+03 4.375410000000000177e-05
9.468000000000000000e+03 4.376219999999999920e-05
9.469000000000000000e+03 4.377020000000000319e-05
9.470000000000000000e+03 4.377820000000000040e-05
9.471000000000000000e+03 4.378260000000000328e-05
9.472000000000000000e+03 4.378689999999999915e-05
9.473000000000000000e+03 4.379130000000000202e-05
9.474000000000000000e+03 4.379559999999999790e-05
9.475000000000000000e+03 4.379990000000000055e-05
9.476000000000000000e+03 4.380429999999999665e-05
9.477000000000000000e+03 4.380859999999999930e-05
9.478000000000000000e+03 4.381300000000000217e-05
9.479000000000000000e+03 4.381729999999999805e-05
9.480000000000000000e+03 4.382160000000000070e-05
9.481000000000000000e+03 4.382969999999999813e-05
9.482000000000000000e+03 4.383770000000000212e-05
9.483000000000000000e+03 4.384569999999999933e-05
9.484000000000000000e+03 4.385379999999999677e-05
9.485000000000000000e+03 4.386180000000000076e-05
9.486000000000000000e+03 4.386979999999999797e-05
9.487000000000000000e+03 4.387790000000000218e-05
9.488000000000000000e+03 4.388589999999999939e-05
9.489000000000000000e+03 4.389390000000000338e-05
9.490000000000000000e+03 4.390200000000000081e-05
9.491000000000000000e+03 4.390999999999999802e-05
9.492000000000000000e+03 4.391800000000000201e-05
9.493000000000000000e+03 4.392609999999999944e-05
9.494000000000000000e+03 4.393409999999999666e-05
9.495000000000000000e+03 4.394210000000000065e-05
9.496000000000000000e+03 4.395019999999999808e-05
9.497000000000000000e+03 4.395820000000000207e-05
9.498000000000000000e+03 4.396619999999999928e-05
9.499000000000000000e+03 4.397429999999999671e-05
9.500000000000000000e+03 4.398230000000000070e-05
9.501000000000000000e+03 4.398590000000000182e-05
9.502000000000000000e+03 4.398950000000000294e-05
9.503000000000000000e+03 4.399319999999999750e-05
9.504000000000000000e+03 4.399669999999999840e-05
9.505000000000000000e+03 4.400039999999999973e-05
9.506000000000000000e+03 4.400400000000000085e-05
9.507000000000000000e+03 4.400760000000000197e-05
9.508000000000000000e+03 4.401120000000000309e-05
9.509000000000000000e+03 4.401479999999999743e-05
9.510000000000000000e+03 4.401839999999999854e-05
9.511000000000000000e+03 4.402570000000000100e-05
9.512000000000000000e+03 4.403299999999999668e-05
9.513000000000000000e+03 4.404039999999999935e-05
9.514000000000000000e+03 4.404770000000000180e-05
9.515000000000000000e+03 4.405499999999999748e-05
9.516000000000000000e+03 4.406229999999999994e-05
9.517000000000000000e+03 4.406960000000000239e-05
9.518000000000000000e+03 4.407699999999999829e-05
9.519000000000000000e+03 4.408430000000000074e-05
9.520000000000000000e+03 4.409160000000000320e-05
9.521000000000000000e+03 4.409519999999999754e-05
9.522000000000000000e+03 4.409879999999999866e-05
9.523000000000000000e+03 4.410229999999999955e-05
9.524000000000000000e+03 4.410590000000000067e-05
9.525000000000000000e+03 4.410950000000000179e-05
9.526000000000000000e+03 4.411300000000000269e-05
9.527000000000000000e+03 4.411659999999999703e-05
9.528000000000000000e+03 4.412019999999999815e-05
9.529000000000000000e+03 4.412379999999999926e-05
9.530000000000000000e+03 4.412730000000000016e-05
9.531000000000000000e+03 4.413460000000000262e-05
9.532000000000000000e+03 4.414189999999999829e-05
9.533000000000000000e+03 4.414920000000000075e-05
9.534000000000000000e+03 4.415650000000000320e-05
9.535000000000000000e+03 4.416379999999999888e-05
9.536000000000000000e+03 4.417110000000000133e-05
9.537000000000000000e+03 4.417839999999999701e-05
9.538000000000000000e+03 4.418569999999999947e-05
9.539000000000000000e+03 4.419300000000000192e-05
9.540000000000000000e+03 4.420029999999999760e-05
9.541000000000000000e+03 4.420749999999999983e-05
9.542000000000000000e+03 4.421480000000000229e-05
9.543000000000000000e+03 4.422209999999999797e-05
9.544000000000000000e+03 4.422940000000000042e-05
9.545000000000000000e+03 4.423660000000000266e-05
9.546000000000000000e+03 4.424389999999999833e-05
9.547000000000000000e+03 4.425120000000000079e-05
9.548000000000000000e+03 4.425850000000000324e-05
9.549000000000000000e+03 4.426569999999999870e-05
9.550000000000000000e+03 4.427300000000000115e-05
9.551000000000000000e+03 4.427650000000000205e-05
9.552000000000000000e+03 4.428000000000000295e-05
9.553000000000000000e+03 4.428349999999999707e-05
9.554000000000000000e+03 4.428699999999999797e-05
9.555000000000000000e+03 4.429049999999999887e-05
9.556000000000000000e+03 4.429399999999999977e-05
9.557000000000000000e+03 4.429750000000000067e-05
9.558000000000000000e+03 4.430100000000000156e-05
9.559000000000000000e+03 4.430450000000000246e-05
9.560000000000000000e+03 4.430800000000000336e-05
9.561000000000000000e+03 4.431529999999999904e-05
9.562000000000000000e+03 4.432250000000000127e-05
9.563000000000000000e+03 4.432979999999999695e-05
9.564000000000000000e+03 4.433699999999999919e-05
9.565000000000000000e+03 4.434420000000000142e-05
9.566000000000000000e+03 4.435149999999999710e-05
9.567000000000000000e+03 4.435869999999999933e-05
9.568000000000000000e+03 4.436600000000000179e-05
9.569000000000000000e+03 4.437319999999999725e-05
9.570000000000000000e+03 4.438039999999999948e-05
9.571000000000000000e+03 4.438760000000000172e-05
9.572000000000000000e+03 4.439489999999999740e-05
9.573000000000000000e+03 4.440209999999999963e-05
9.574000000000000000e+03 4.440930000000000187e-05
9.575000000000000000e+03 4.441649999999999732e-05
9.576000000000000000e+03 4.442369999999999956e-05
9.577000000000000000e+03 4.443090000000000179e-05
9.578000000000000000e+03 4.443819999999999747e-05
9.579000000000000000e+03 4.444539999999999971e-05
9.580000000000000000e+03 4.445260000000000194e-05
9.581000000000000000e+03 4.445600000000000262e-05
9.582000000000000000e+03 4.445940000000000330e-05
9.583000000000000000e+03 4.446289999999999742e-05
9.584000000000000000e+03 4.446629999999999810e-05
9.585000000000000000e+03 4.446969999999999878e-05
9.586000000000000000e+03 4.447309999999999946e-05
9.587000000000000000e+03 4.447650000000000014e-05
9.588000000000000000e+03 4.448000000000000104e-05
9.589000000000000000e+03 4.448340000000000172e-05
9.590000000000000000e+03 4.448680000000000239e-05
9.591000000000000000e+03 4.449399999999999785e-05
9.592000000000000000e+03 4.450109999999999987e-05
9.593000000000000000e+03 4.450830000000000210e-05
9.594000000000000000e+03 4.451549999999999756e-05
9.595000000000000000e+03 4.452259999999999958e-05
9.596000000000000000e+03 4.452980000000000181e-05
9.597000000000000000e+03 4.453699999999999727e-05
9.598000000000000000e+03 4.454409999999999929e-05
9.599000000000000000e+03 4.455130000000000152e-05
9.600000000000000000e+03 4.455849999999999698e-05
9.601000000000000000e+03 4.456400000000000227e-05
9.602000000000000000e+03 4.456950000000000077e-05
9.603000000000000000e+03 4.457499999999999928e-05
9.604000000000000000e+03 4.458049999999999779e-05
9.605000000000000000e+03 4.458600000000000307e-05
9.606000000000000000e+03 4.459150000000000158e-05
9.607000000000000000e+03 4.459700000000000009e-05
9.608000000000000000e+03 4.460259999999999881e-05
9.609000000000000000e+03 4.460809999999999732e-05
9.610000000000000000e+03 4.461360000000000260e-05
9.611000000000000000e+03 4.461529999999999955e-05
9.612000000000000000e+03 4.461690000000000306e-05
9.613000000000000000e+03 4.461860000000000001e-05
9.614000000000000000e+03 4.462029999999999697e-05
9.615000000000000000e+03 4.462200000000000069e-05
9.616000000000000000e+03 4.462369999999999764e-05
9.617000000000000000e+03 4.462540000000000137e-05
9.618000000000000000e+03 4.462709999999999832e-05
9.619000000000000000e+03 4.462870000000000183e-05
9.620000000000000000e+03 4.463039999999999878e-05
9.621000000000000000e+03 4.463589999999999729e-05
9.622000000000000000e+03 4.464130000000000236e-05
9.623000000000000000e+03 4.464670000000000064e-05
9.624000000000000000e+03 4.465219999999999915e-05
9.625000000000000000e+03 4.465759999999999744e-05
9.626000000000000000e+03 4.466310000000000272e-05
9.627000000000000000e+03 4.466850000000000101e-05
9.628000000000000000e+03 4.467399999999999952e-05
9.629000000000000000e+03 4.467939999999999781e-05
9.630000000000000000e+03 4.468480000000000287e-05
9.631000000000000000e+03 4.469209999999999855e-05
9.632000000000000000e+03 4.469930000000000078e-05
9.633000000000000000e+03 4.470640000000000280e-05
9.634000000000000000e+03 4.471369999999999848e-05
9.635000000000000000e+03 4.472090000000000071e-05
9.636000000000000000e+03 4.472810000000000295e-05
9.637000000000000000e+03 4.473529999999999841e-05
9.638000000000000000e+03 4.474250000000000064e-05
9.639000000000000000e+03 4.474970000000000288e-05
9.640000000000000000e+03 4.475689999999999833e-05
9.641000000000000000e+03 4.476019999999999879e-05
9.642000000000000000e+03 4.476359999999999947e-05
9.643000000000000000e+03 4.476689999999999993e-05
9.644000000000000000e+03 4.477030000000000061e-05
9.645000000000000000e+03 4.477370000000000129e-05
9.646000000000000000e+03 4.477700000000000175e-05
9.647000000000000000e+03 4.478030000000000221e-05
9.648000000000000000e+03 4.478370000000000289e-05
9.649000000000000000e+03 4.478709999999999679e-05
9.650000000000000000e+03 4.479039999999999725e-05
9.651000000000000000e+03 4.479749999999999927e-05
9.652000000000000000e+03 4.480470000000000150e-05
9.653000000000000000e+03 4.481179999999999674e-05
9.654000000000000000e+03 4.481889999999999876e-05
9.655000000000000000e+03 4.482600000000000077e-05
9.656000000000000000e+03 4.483320000000000301e-05
9.657000000000000000e+03 4.484029999999999825e-05
9.658000000000000000e+03 4.484740000000000026e-05
9.659000000000000000e+03 4.485460000000000250e-05
9.660000000000000000e+03 4.486169999999999774e-05
9.661000000000000000e+03 4.486879999999999975e-05
9.662000000000000000e+03 4.487590000000000177e-05
9.663000000000000000e+03 4.488299999999999701e-05
9.664000000000000000e+03 4.489009999999999902e-05
9.665000000000000000e+03 4.489720000000000104e-05
9.666000000000000000e+03 4.490430000000000306e-05
9.667000000000000000e+03 4.491129999999999808e-05
9.668000000000000000e+03 4.491840000000000009e-05
9.669000000000000000e+03 4.492550000000000211e-05
9.670000000000000000e+03 4.493259999999999735e-05
9.671000000000000000e+03 4.493589999999999781e-05
9.672000000000000000e+03 4.493909999999999805e-05
9.673000000000000000e+03 4.494229999999999829e-05
9.674000000000000000e+03 4.494559999999999875e-05
9.675000000000000000e+03 4.494879999999999899e-05
9.676000000000000000e+03 4.495199999999999923e-05
9.677000000000000000e+03 4.495519999999999947e-05
9.678000000000000000e+03 4.495849999999999993e-05
9.679000000000000000e+03 4.496170000000000017e-05
9.680000000000000000e+03 4.496490000000000041e-05
9.681000000000000000e+03 4.497190000000000221e-05
9.682000000000000000e+03 4.497889999999999723e-05
9.683000000000000000e+03 4.498589999999999902e-05
9.684000000000000000e+03 4.499290000000000082e-05
9.685000000000000000e+03 4.500000000000000283e-05
9.686000000000000000e+03 4.500699999999999785e-05
9.687000000000000000e+03 4.501399999999999965e-05
9.688000000000000000e+03 4.502100000000000145e-05
9.689000000000000000e+03 4.502800000000000324e-05
9.690000000000000000e+03 4.503499999999999826e-05
9.691000000000000000e+03 4.504200000000000006e-05
9.692000000000000000e+03 4.504890000000000164e-05
9.693000000000000000e+03 4.505589999999999666e-05
9.694000000000000000e+03 4.506289999999999845e-05
9.695000000000000000e+03 4.506980000000000003e-05
9.696000000000000000e+03 4.507680000000000183e-05
9.697000000000000000e+03 4.508379999999999685e-05
9.698000000000000000e+03 4.509079999999999864e-05
9.699000000000000000e+03 4.509770000000000022e-05
9.700000000000000000e+03 4.510470000000000202e-05
9.701000000000000000e+03 4.510780000000000204e-05
9.702000000000000000e+03 4.511090000000000206e-05
9.703000000000000000e+03 4.511400000000000208e-05
9.704000000000000000e+03 4.511710000000000210e-05
9.705000000000000000e+03 4.512020000000000212e-05
9.706000000000000000e+03 4.512320000000000193e-05
9.707000000000000000e+03 4.512630000000000195e-05
9.708000000000000000e+03 4.512940000000000197e-05
9.709000000000000000e+03 4.513250000000000199e-05
9.710000000000000000e+03 4.513560000000000201e-05
9.711000000000000000e+03 4.514249999999999681e-05
9.712000000000000000e+03 4.514929999999999817e-05
9.713000000000000000e+03 4.515619999999999975e-05
9.714000000000000000e+03 4.516310000000000132e-05
9.715000000000000000e+03 4.517000000000000290e-05
9.716000000000000000e+03 4.517689999999999770e-05
9.717000000000000000e+03 4.518379999999999928e-05
9.718000000000000000e+03 4.519060000000000064e-05
9.719000000000000000e+03 4.519750000000000221e-05
9.720000000000000000e+03 4.520439999999999701e-05
9.721000000000000000e+03 4.521119999999999837e-05
9.722000000000000000e+03 4.521809999999999995e-05
9.723000000000000000e+03 4.522490000000000131e-05
9.724000000000000000e+03 4.523170000000000267e-05
9.725000000000000000e+03 4.523859999999999747e-05
9.726000000000000000e+03 4.524539999999999882e-05
9.727000000000000000e+03 4.525220000000000018e-05
9.728000000000000000e+03 4.525910000000000176e-05
9.729000000000000000e+03 4.526590000000000312e-05
9.730000000000000000e+03 4.527269999999999770e-05
9.731000000000000000e+03 4.527569999999999750e-05
9.732000000000000000e+03 4.527859999999999708e-05
9.733000000000000000e+03 4.528149999999999667e-05
9.734000000000000000e+03 4.528450000000000324e-05
9.735000000000000000e+03 4.528740000000000283e-05
9.736000000000000000e+03 4.529030000000000241e-05
9.737000000000000000e+03 4.529330000000000221e-05
9.738000000000000000e+03 4.529620000000000179e-05
9.739000000000000000e+03 4.529910000000000138e-05
9.740000000000000000e+03 4.530200000000000096e-05
9.741000000000000000e+03 4.530880000000000232e-05
9.742000000000000000e+03 4.531549999999999668e-05
9.743000000000000000e+03 4.532219999999999782e-05
9.744000000000000000e+03 4.532899999999999918e-05
9.745000000000000000e+03 4.533570000000000031e-05
9.746000000000000000e+03 4.534240000000000145e-05
9.747000000000000000e+03 4.534910000000000259e-05
9.748000000000000000e+03 4.535589999999999717e-05
9.749000000000000000e+03 4.536259999999999831e-05
9.750000000000000000e+03 4.536939999999999967e-05
9.751000000000000000e+03 4.537600000000000059e-05
9.752000000000000000e+03 4.538270000000000173e-05
9.753000000000000000e+03 4.538940000000000287e-05
9.754000000000000000e+03 4.539609999999999723e-05
9.755000000000000000e+03 4.540279999999999837e-05
9.756000000000000000e+03 4.540939999999999929e-05
9.757000000000000000e+03 4.541610000000000043e-05
9.758000000000000000e+03 4.542280000000000156e-05
9.759000000000000000e+03 4.542950000000000270e-05
9.760000000000000000e+03 4.543619999999999707e-05
9.761000000000000000e+03 4.544279999999999798e-05
9.762000000000000000e+03 4.544939999999999890e-05
9.763000000000000000e+03 4.545610000000000004e-05
9.764000000000000000e+03 4.546270000000000096e-05
9.765000000000000000e+03 4.546930000000000188e-05
9.766000000000000000e+03 4.547600000000000302e-05
9.767000000000000000e+03 4.548259999999999716e-05
9.768000000000000000e+03 4.548929999999999830e-05
9.769000000000000000e+03 4.549589999999999922e-05
9.770000000000000000e+03 4.550250000000000014e-05
9.771000000000000000e+03 4.550519999999999928e-05
9.772000000000000000e+03 4.550789999999999843e-05
9.773000000000000000e+03 4.551059999999999757e-05
9.774000000000000000e+03 4.551329999999999672e-05
9.775000000000000000e+03 4.551600000000000264e-05
9.776000000000000000e+03 4.551870000000000178e-05
9.777000000000000000e+03 4.552140000000000093e-05
9.778000000000000000e+03 4.552410000000000007e-05
9.779000000000000000e+03 4.552679999999999921e-05
9.780000000000000000e+03 4.552949999999999836e-05
9.781000000000000000e+03 4.553599999999999906e-05
9.782000000000000000e+03 4.554249999999999976e-05
9.783000000000000000e+03 4.554900000000000046e-05
9.784000000000000000e+03 4.555550000000000116e-05
9.785000000000000000e+03 4.556200000000000186e-05
9.786000000000000000e+03 4.556850000000000256e-05
9.787000000000000000e+03 4.557509999999999670e-05
9.788000000000000000e+03 4.558159999999999740e-05
9.789000000000000000e+03 4.558809999999999810e-05
9.790000000000000000e+03 4.559459999999999880e-05
9.791000000000000000e+03 4.560109999999999950e-05
9.792000000000000000e+03 4.560760000000000020e-05
9.793000000000000000e+03 4.561400000000000068e-05
9.794000000000000000e+03 4.562050000000000138e-05
9.795000000000000000e+03 4.562690000000000186e-05
9.796000000000000000e+03 4.563340000000000256e-05
9.797000000000000000e+03 4.563990000000000326e-05
9.798000000000000000e+03 4.564629999999999697e-05
9.799000000000000000e+03 4.565279999999999767e-05
9.800000000000000000e+03 4.565929999999999837e-05
9.801000000000000000e+03 4.566330000000000036e-05
9.802000000000000000e+03 4.566730000000000236e-05
9.803000000000000000e+03 4.567129999999999758e-05
9.804000000000000000e+03 4.567529999999999957e-05
9.805000000000000000e+03 4.567940000000000178e-05
9.806000000000000000e+03 4.568339999999999700e-05
9.807000000000000000e+03 4.568739999999999900e-05
9.808000000000000000e+03 4.569140000000000099e-05
9.809000000000000000e+03 4.569540000000000299e-05
9.810000000000000000e+03 4.569949999999999842e-05
9.811000000000000000e+03 4.569949999999999842e-05
9.812000000000000000e+03 4.569959999999999864e-05
9.813000000000000000e+03 4.569959999999999864e-05
9.814000000000000000e+03 4.569969999999999886e-05
9.815000000000000000e+03 4.569969999999999886e-05
9.816000000000000000e+03 4.569979999999999908e-05
9.817000000000000000e+03 4.569989999999999930e-05
9.818000000000000000e+03 4.569989999999999930e-05
9.819000000000000000e+03 4.569999999999999952e-05
9.820000000000000000e+03 4.569999999999999952e-05
9.821000000000000000e+03 4.570390000000000130e-05
9.822000000000000000e+03 4.570780000000000307e-05
9.823000000000000000e+03 4.571169999999999807e-05
9.824000000000000000e+03 4.571559999999999985e-05
9.825000000000000000e+03 4.571940000000000140e-05
9.826000000000000000e+03 4.572330000000000318e-05
9.827000000000000000e+03 4.572719999999999818e-05
9.828000000000000000e+03 4.573109999999999995e-05
9.829000000000000000e+03 4.573500000000000173e-05
9.830000000000000000e+03 4.573889999999999673e-05
9.831000000000000000e+03 4.574500000000000332e-05
9.832000000000000000e+03 4.575120000000000337e-05
9.833000000000000000e+03 4.575739999999999663e-05
9.834000000000000000e+03 4.576350000000000323e-05
9.835000000000000000e+03 4.576970000000000327e-05
9.836000000000000000e+03 4.577590000000000332e-05
9.837000000000000000e+03 4.578210000000000336e-05
9.838000000000000000e+03 4.578820000000000318e-05
9.839000000000000000e+03 4.579440000000000322e-05
9.840000000000000000e+03 4.580060000000000327e-05
9.841000000000000000e+03 4.580670000000000309e-05
9.842000000000000000e+03 4.581280000000000291e-05
9.843000000000000000e+03 4.581890000000000274e-05
9.844000000000000000e+03 4.582500000000000256e-05
9.845000000000000000e+03 4.583110000000000238e-05
9.846000000000000000e+03 4.583720000000000220e-05
9.847000000000000000e+03 4.584330000000000203e-05
9.848000000000000000e+03 4.584940000000000185e-05
9.849000000000000000e+03 4.585550000000000167e-05
9.850000000000000000e+03 4.586160000000000150e-05
9.851000000000000000e+03 4.586379999999999954e-05
9.852000000000000000e+03 4.586589999999999737e-05
9.853000000000000000e+03 4.586800000000000198e-05
9.854000000000000000e+03 4.587009999999999981e-05
9.855000000000000000e+03 4.587219999999999763e-05
9.856000000000000000e+03 4.587430000000000224e-05
9.857000000000000000e+03 4.587650000000000029e-05
9.858000000000000000e+03 4.587849999999999790e-05
9.859000000000000000e+03 4.588070000000000272e-05
9.860000000000000000e+03 4.588280000000000055e-05
9.861000000000000000e+03 4.588869999999999993e-05
9.862000000000000000e+03 4.589469999999999954e-05
9.863000000000000000e+03 4.590069999999999914e-05
9.864000000000000000e+03 4.590659999999999852e-05
9.865000000000000000e+03 4.591259999999999813e-05
9.866000000000000000e+03 4.591859999999999773e-05
9.867000000000000000e+03 4.592449999999999712e-05
9.868000000000000000e+03 4.593049999999999672e-05
9.869000000000000000e+03 4.593650000000000310e-05
9.870000000000000000e+03 4.594240000000000248e-05
9.871000000000000000e+03 4.594830000000000187e-05
9.872000000000000000e+03 4.595420000000000125e-05
9.873000000000000000e+03 4.596010000000000064e-05
9.874000000000000000e+03 4.596600000000000002e-05
9.875000000000000000e+03 4.597189999999999941e-05
9.876000000000000000e+03 4.597779999999999879e-05
9.877000000000000000e+03 4.598369999999999818e-05
9.878000000000000000e+03 4.598959999999999756e-05
9.879000000000000000e+03 4.599549999999999695e-05
9.880000000000000000e+03 4.600140000000000311e-05
9.881000000000000000e+03 4.600720000000000227e-05
9.882000000000000000e+03 4.601300000000000144e-05
9.883000000000000000e+03 4.601880000000000060e-05
9.884000000000000000e+03 4.602459999999999977e-05
9.885000000000000000e+03 4.603039999999999893e-05
9.886000000000000000e+03 4.603629999999999832e-05
9.887000000000000000e+03 4.604209999999999748e-05
9.888000000000000000e+03 4.604789999999999665e-05
9.889000000000000000e+03 4.605370000000000259e-05
9.890000000000000000e+03 4.605950000000000175e-05
9.891000000000000000e+03 4.606129999999999892e-05
9.892000000000000000e+03 4.606310000000000287e-05
9.893000000000000000e+03 4.606490000000000004e-05
9.894000000000000000e+03 4.606669999999999721e-05
9.895000000000000000e+03 4.606850000000000116e-05
9.896000000000000000e+03 4.607029999999999833e-05
9.897000000000000000e+03 4.607210000000000228e-05
9.898000000000000000e+03 4.607389999999999945e-05
9.899000000000000000e+03 4.607569999999999662e-05
9.900000000000000000e+03 4.607750000000000056e-05
9.901000000000000000e+03 4.608319999999999951e-05
9.902000000000000000e+03 4.608889999999999846e-05
9.903000000000000000e+03 4.609449999999999718e-05
9.904000000000000000e+03 4.610020000000000291e-05
9.905000000000000000e+03 4.610580000000000163e-05
9.906000000000000000e+03 4.611150000000000058e-05
9.907000000000000000e+03 4.611719999999999952e-05
9.908000000000000000e+03 4.612289999999999847e-05
9.909000000000000000e+03 4.612849999999999720e-05
9.910000000000000000e+03 4.613420000000000292e-05
9.911000000000000000e+03 4.613980000000000165e-05
9.912000000000000000e+03 4.614540000000000037e-05
9.913000000000000000e+03 4.615099999999999910e-05
9.914000000000000000e+03 4.615649999999999761e-05
9.915000000000000000e+03 4.616210000000000311e-05
9.916000000000000000e+03 4.616770000000000184e-05
9.917000000000000000e+03 4.617330000000000056e-05
9.918000000000000000e+03 4.617889999999999929e-05
9.919000000000000000e+03 4.618449999999999802e-05
9.920000000000000000e+03 4.619009999999999674e-05
9.921000000000000000e+03 4.619560000000000203e-05
9.922000000000000000e+03 4.620100000000000031e-05
9.923000000000000000e+03 4.620659999999999904e-05
9.924000000000000000e+03 4.621209999999999755e-05
9.925000000000000000e+03 4.621760000000000283e-05
9.926000000000000000e+03 4.622310000000000134e-05
9.927000000000000000e+03 4.622859999999999985e-05
9.928000000000000000e+03 4.623409999999999835e-05
9.929000000000000000e+03 4.623959999999999686e-05
9.930000000000000000e+03 4.624510000000000214e-05
9.931000000000000000e+03 4.625050000000000043e-05
9.932000000000000000e+03 4.625589999999999872e-05
9.933000000000000000e+03 4.626139999999999723e-05
9.934000000000000000e+03 4.626680000000000229e-05
9.935000000000000000e+03 4.627220000000000058e-05
9.936000000000000000e+03 4.627759999999999887e-05
9.937000000000000000e+03 4.628299999999999716e-05
9.938000000000000000e+03 4.628850000000000244e-05
9.939000000000000000e+03 4.629390000000000073e-05
9.940000000000000000e+03 4.629929999999999902e-05
9.941000000000000000e+03 4.630070000000000209e-05
9.942000000000000000e+03 4.630209999999999838e-05
9.943000000000000000e+03 4.630350000000000145e-05
9.944000000000000000e+03 4.630489999999999774e-05
9.945000000000000000e+03 4.630620000000000059e-05
9.946000000000000000e+03 4.630759999999999689e-05
9.947000000000000000e+03 4.630899999999999996e-05
9.948000000000000000e+03 4.631040000000000303e-05
9.949000000000000000e+03 4.631169999999999910e-05
9.950000000000000000e+03 4.631310000000000217e-05
9.951000000000000000e+03 4.631840000000000024e-05
9.952000000000000000e+03 4.632359999999999809e-05
9.953000000000000000e+03 4.632890000000000293e-05
9.954000000000000000e+03 4.633410000000000078e-05
9.955000000000000000e+03 4.633929999999999863e-05
9.956000000000000000e+03 4.634459999999999670e-05
9.957000000000000000e+03 4.634980000000000133e-05
9.958000000000000000e+03 4.635509999999999940e-05
9.959000000000000000e+03 4.636029999999999725e-05
9.960000000000000000e+03 4.636560000000000209e-05
9.961000000000000000e+03 4.637079999999999994e-05
9.962000000000000000e+03 4.637589999999999757e-05
9.963000000000000000e+03 4.638110000000000220e-05
9.964000000000000000e+03 4.638630000000000005e-05
9.965000000000000000e+03 4.639139999999999768e-05
9.966000000000000000e+03 4.639660000000000230e-05
9.967000000000000000e+03 4.640169999999999993e-05
9.968000000000000000e+03 4.640689999999999778e-05
9.969000000000000000e+03 4.641210000000000241e-05
9.970000000000000000e+03 4.641720000000000004e-05
9.971000000000000000e+03 4.642229999999999767e-05
9.972000000000000000e+03 4.642740000000000208e-05
9.973000000000000000e+03 4.643249999999999971e-05
9.974000000000000000e+03 4.643759999999999734e-05
9.975000000000000000e+03 4.644260000000000152e-05
9.976000000000000000e+03 4.644769999999999915e-05
9.977000000000000000e+03 4.645279999999999678e-05
9.978000000000000000e+03 4.645790000000000119e-05
9.979000000000000000e+03 4.646299999999999882e-05
9.980000000000000000e+03 4.646800000000000301e-05
9.981000000000000000e+03 4.647300000000000042e-05
9.982000000000000000e+03 4.647799999999999783e-05
9.983000000000000000e+03 4.648300000000000202e-05
9.984000000000000000e+03 4.648799999999999943e-05
9.985000000000000000e+03 4.649299999999999684e-05
9.986000000000000000e+03 4.649800000000000103e-05
9.987000000000000000e+03 4.650299999999999844e-05
9.988000000000000000e+03 4.650800000000000263e-05
9.989000000000000000e+03 4.651289999999999982e-05
9.990000000000000000e+03 4.651789999999999723e-05
9.991000000000000000e+03 4.651879999999999920e-05
9.992000000000000000e+03 4.651970000000000118e-05
9.993000000000000000e+03 4.652060000000000315e-05
9.994000000000000000e+03 4.652159999999999857e-05
9.995000000000000000e+03 4.652250000000000054e-05
9.996000000000000000e+03 4.652340000000000251e-05
9.997000000000000000e+03 4.652429999999999771e-05
9.998000000000000000e+03 4.652519999999999968e-05
9.999000000000000000e+03 4.652610000000000166e-05
1.000000000000000000e+04 4.652699999999999685e-05
1.000100000000000000e+04 4.653439999999999953e-05
1.000200000000000000e+04 4.654180000000000220e-05
1.000300000000000000e+04 4.654929999999999832e-05
1.000400000000000000e+04 4.655670000000000099e-05
1.000500000000000000e+04 4.656409999999999689e-05
1.000600000000000000e+04 4.657149999999999956e-05
1.000700000000000000e+04 4.657900000000000245e-05
1.000800000000000000e+04 4.658639999999999835e-05
1.000900000000000000e+04 4.659380000000000103e-05
1.001000000000000000e+04 4.660129999999999714e-05
1.001100000000000000e+04 4.660859999999999960e-05
1.001200000000000000e+04 4.661600000000000227e-05
1.001300000000000000e+04 4.662329999999999795e-05
1.001400000000000000e+04 4.663070000000000062e-05
1.001500000000000000e+04 4.663800000000000308e-05
1.001600000000000000e+04 4.664539999999999897e-05
1.001700000000000000e+04 4.665270000000000143e-05
1.001800000000000000e+04 4.666009999999999732e-05
1.001900000000000000e+04 4.666739999999999978e-05
1.002000000000000000e+04 4.667480000000000245e-05
1.002100000000000000e+04 4.668209999999999813e-05
1.002200000000000000e+04 4.668940000000000058e-05
1.002300000000000000e+04 4.669660000000000282e-05
1.002400000000000000e+04 4.670389999999999850e-05
1.002500000000000000e+04 4.671120000000000095e-05
1.002600000000000000e+04 4.671849999999999663e-05
1.002700000000000000e+04 4.672579999999999908e-05
1.002800000000000000e+04 4.673310000000000154e-05
1.002900000000000000e+04 4.674039999999999722e-05
1.003000000000000000e+04 4.674769999999999967e-05
1.003100000000000000e+04 4.675490000000000191e-05
1.003200000000000000e+04 4.676209999999999736e-05
1.003300000000000000e+04 4.676929999999999960e-05
1.003400000000000000e+04 4.677650000000000183e-05
1.003500000000000000e+04 4.678379999999999751e-05
1.003600000000000000e+04 4.679099999999999975e-05
1.003700000000000000e+04 4.679820000000000198e-05
1.003800000000000000e+04 4.680539999999999744e-05
1.003900000000000000e+04 4.681259999999999968e-05
1.004000000000000000e+04 4.681980000000000191e-05
1.004100000000000000e+04 4.682300000000000215e-05
1.004200000000000000e+04 4.682610000000000217e-05
1.004300000000000000e+04 4.682920000000000219e-05
1.004400000000000000e+04 4.683240000000000243e-05
1.004500000000000000e+04 4.683550000000000246e-05
1.004600000000000000e+04 4.683860000000000248e-05
1.004700000000000000e+04 4.684180000000000272e-05
1.004800000000000000e+04 4.684490000000000274e-05
1.004900000000000000e+04 4.684800000000000276e-05
1.005000000000000000e+04 4.685110000000000278e-05
1.005100000000000000e+04 4.685819999999999802e-05
1.005200000000000000e+04 4.686530000000000004e-05
1.005300000000000000e+04 4.687240000000000205e-05
1.005400000000000000e+04 4.687949999999999729e-05
1.005500000000000000e+04 4.688649999999999909e-05
1.005600000000000000e+04 4.689360000000000110e-05
1.005700000000000000e+04 4.690070000000000312e-05
1.005800000000000000e+04 4.690779999999999836e-05
1.005900000000000000e+04 4.691480000000000015e-05
1.006000000000000000e+04 4.692190000000000217e-05
1.006100000000000000e+04 4.692889999999999719e-05
1.006200000000000000e+04 4.693589999999999899e-05
1.006300000000000000e+04 4.694290000000000078e-05
1.006400000000000000e+04 4.694990000000000258e-05
1.006500000000000000e+04 4.695699999999999782e-05
1.006600000000000000e+04 4.696399999999999962e-05
1.006700000000000000e+04 4.697100000000000141e-05
1.006800000000000000e+04 4.697800000000000321e-05
1.006900000000000000e+04 4.698499999999999823e-05
1.007000000000000000e+04 4.699200000000000002e-05
1.007100000000000000e+04 4.699900000000000182e-05
1.007200000000000000e+04 4.700589999999999662e-05
1.007300000000000000e+04 4.701289999999999842e-05
1.007400000000000000e+04 4.701980000000000000e-05
1.007500000000000000e+04 4.702670000000000157e-05
1.007600000000000000e+04 4.703370000000000337e-05
1.007700000000000000e+04 4.704059999999999817e-05
1.007800000000000000e+04 4.704759999999999997e-05
1.007900000000000000e+04 4.705450000000000154e-05
1.008000000000000000e+04 4.706150000000000334e-05
1.008100000000000000e+04 4.706829999999999792e-05
1.008200000000000000e+04 4.707519999999999950e-05
1.008300000000000000e+04 4.708210000000000108e-05
1.008400000000000000e+04 4.708900000000000265e-05
1.008500000000000000e+04 4.709579999999999724e-05
1.008600000000000000e+04 4.710279999999999903e-05
1.008700000000000000e+04 4.710960000000000039e-05
1.008800000000000000e+04 4.711650000000000197e-05
1.008900000000000000e+04 4.712339999999999677e-05
1.009000000000000000e+04 4.713019999999999813e-05
1.009100000000000000e+04 4.713709999999999970e-05
1.009200000000000000e+04 4.714390000000000106e-05
1.009300000000000000e+04 4.715070000000000242e-05
1.009400000000000000e+04 4.715749999999999700e-05
1.009500000000000000e+04 4.716429999999999836e-05
1.009600000000000000e+04 4.717119999999999994e-05
1.009700000000000000e+04 4.717800000000000129e-05
1.009800000000000000e+04 4.718480000000000265e-05
1.009900000000000000e+04 4.719159999999999723e-05
1.010000000000000000e+04 4.719849999999999881e-05
1.010100000000000000e+04 4.720519999999999995e-05
1.010200000000000000e+04 4.721190000000000109e-05
1.010300000000000000e+04 4.721870000000000245e-05
1.010400000000000000e+04 4.722539999999999681e-05
1.010500000000000000e+04 4.723219999999999817e-05
1.010600000000000000e+04 4.723889999999999930e-05
1.010700000000000000e+04 4.724570000000000066e-05
1.010800000000000000e+04 4.725240000000000180e-05
1.010900000000000000e+04 4.725920000000000316e-05
1.011000000000000000e+04 4.726599999999999774e-05
1.011100000000000000e+04 4.726859999999999667e-05
1.011200000000000000e+04 4.727120000000000237e-05
1.011300000000000000e+04 4.727390000000000151e-05
1.011400000000000000e+04 4.727650000000000044e-05
1.011500000000000000e+04 4.727909999999999936e-05
1.011600000000000000e+04 4.728179999999999850e-05
1.011700000000000000e+04 4.728439999999999743e-05
1.011800000000000000e+04 4.728710000000000335e-05
1.011900000000000000e+04 4.728970000000000227e-05
1.012000000000000000e+04 4.729230000000000120e-05
1.012100000000000000e+04 4.729890000000000212e-05
1.012200000000000000e+04 4.730560000000000326e-05
1.012300000000000000e+04 4.731219999999999740e-05
1.012400000000000000e+04 4.731879999999999832e-05
1.012500000000000000e+04 4.732539999999999924e-05
1.012600000000000000e+04 4.733210000000000038e-05
1.012700000000000000e+04 4.733870000000000130e-05
1.012800000000000000e+04 4.734530000000000222e-05
1.012900000000000000e+04 4.735190000000000314e-05
1.013000000000000000e+04 4.735859999999999750e-05
1.013100000000000000e+04 4.736509999999999820e-05
1.013200000000000000e+04 4.737169999999999912e-05
1.013300000000000000e+04 4.737830000000000004e-05
1.013400000000000000e+04 4.738480000000000074e-05
1.013500000000000000e+04 4.739140000000000166e-05
1.013600000000000000e+04 4.739800000000000258e-05
1.013700000000000000e+04 4.740450000000000328e-05
1.013800000000000000e+04 4.741109999999999742e-05
1.013900000000000000e+04 4.741769999999999834e-05
1.014000000000000000e+04 4.742419999999999904e-05
1.014100000000000000e+04 4.743079999999999996e-05
1.014200000000000000e+04 4.743730000000000066e-05
1.014300000000000000e+04 4.744380000000000136e-05
1.014400000000000000e+04 4.745030000000000206e-05
1.014500000000000000e+04 4.745680000000000276e-05
1.014600000000000000e+04 4.746329999999999668e-05
1.014700000000000000e+04 4.746979999999999738e-05
1.014800000000000000e+04 4.747629999999999808e-05
1.014900000000000000e+04 4.748279999999999878e-05
1.015000000000000000e+04 4.748929999999999948e-05
1.015100000000000000e+04 4.749569999999999996e-05
1.015200000000000000e+04 4.750220000000000066e-05
1.015300000000000000e+04 4.750870000000000136e-05
1.015400000000000000e+04 4.751510000000000184e-05
1.015500000000000000e+04 4.752160000000000254e-05
1.015600000000000000e+04 4.752800000000000302e-05
1.015700000000000000e+04 4.753449999999999695e-05
1.015800000000000000e+04 4.754099999999999765e-05
1.015900000000000000e+04 4.754739999999999813e-05
1.016000000000000000e+04 4.755389999999999883e-05
1.016100000000000000e+04 4.756029999999999931e-05
1.016200000000000000e+04 4.756669999999999979e-05
1.016300000000000000e+04 4.757310000000000027e-05
1.016400000000000000e+04 4.757950000000000075e-05
1.016500000000000000e+04 4.758580000000000101e-05
1.016600000000000000e+04 4.759230000000000171e-05
1.016700000000000000e+04 4.759870000000000220e-05
1.016800000000000000e+04 4.760510000000000268e-05
1.016900000000000000e+04 4.761150000000000316e-05
1.017000000000000000e+04 4.761789999999999686e-05
1.017100000000000000e+04 4.762419999999999712e-05
1.017200000000000000e+04 4.763049999999999738e-05
1.017300000000000000e+04 4.763689999999999787e-05
1.017400000000000000e+04 4.764319999999999813e-05
1.017500000000000000e+04 4.764949999999999839e-05
1.017600000000000000e+04 4.765589999999999887e-05
1.017700000000000000e+04 4.766219999999999913e-05
1.017800000000000000e+04 4.766849999999999939e-05
1.017900000000000000e+04 4.767489999999999987e-05
1.018000000000000000e+04 4.768120000000000013e-05
1.018100000000000000e+04 4.768339999999999818e-05
1.018200000000000000e+04 4.768560000000000301e-05
1.018300000000000000e+04 4.768780000000000105e-05
1.018400000000000000e+04 4.768999999999999910e-05
1.018500000000000000e+04 4.769219999999999715e-05
1.018600000000000000e+04 4.769440000000000197e-05
1.018700000000000000e+04 4.769660000000000002e-05
1.018800000000000000e+04 4.769879999999999807e-05
1.018900000000000000e+04 4.770100000000000289e-05
1.019000000000000000e+04 4.770320000000000094e-05
1.019100000000000000e+04 4.770940000000000098e-05
1.019200000000000000e+04 4.771560000000000103e-05
1.019300000000000000e+04 4.772180000000000107e-05
1.019400000000000000e+04 4.772810000000000133e-05
1.019500000000000000e+04 4.773430000000000137e-05
1.019600000000000000e+04 4.774060000000000163e-05
1.019700000000000000e+04 4.774680000000000168e-05
1.019800000000000000e+04 4.775300000000000172e-05
1.019900000000000000e+04 4.775920000000000176e-05
1.020000000000000000e+04 4.776550000000000202e-05
1.020100000000000000e+04 4.777200000000000272e-05
1.020200000000000000e+04 4.777849999999999665e-05
1.020300000000000000e+04 4.778499999999999735e-05
1.020400000000000000e+04 4.779149999999999805e-05
1.020500000000000000e+04 4.779799999999999875e-05
1.020600000000000000e+04 4.780449999999999945e-05
1.020700000000000000e+04 4.781100000000000015e-05
1.020800000000000000e+04 4.781750000000000085e-05
1.020900000000000000e+04 4.782400000000000155e-05
1.021000000000000000e+04 4.783050000000000225e-05
1.021100000000000000e+04 4.783690000000000273e-05
1.021200000000000000e+04 4.784339999999999665e-05
1.021300000000000000e+04 4.784989999999999735e-05
1.021400000000000000e+04 4.785629999999999783e-05
1.021500000000000000e+04 4.786279999999999853e-05
1.021600000000000000e+04 4.786919999999999901e-05
1.021700000000000000e+04 4.787569999999999971e-05
1.021800000000000000e+04 4.788210000000000019e-05
1.021900000000000000e+04 4.788860000000000089e-05
1.022000000000000000e+04 4.789510000000000159e-05
1.022100000000000000e+04 4.790150000000000207e-05
1.022200000000000000e+04 4.790790000000000256e-05
1.022300000000000000e+04 4.791430000000000304e-05
1.022400000000000000e+04 4.792069999999999674e-05
1.022500000000000000e+04 4.792709999999999722e-05
1.022600000000000000e+04 4.793349999999999770e-05
1.022700000000000000e+04 4.793989999999999818e-05
1.022800000000000000e+04 4.794629999999999866e-05
1.022900000000000000e+04 4.795269999999999914e-05
1.023000000000000000e+04 4.795909999999999963e-05
1.023100000000000000e+04 4.796550000000000011e-05
1.023200000000000000e+04 4.797180000000000037e-05
1.023300000000000000e+04 4.797820000000000085e-05
1.023400000000000000e+04 4.798450000000000111e-05
1.023500000000000000e+04 4.799090000000000159e-05
1.023600000000000000e+04 4.799730000000000207e-05
1.023700000000000000e+04 4.800360000000000233e-05
1.023800000000000000e+04 4.801000000000000281e-05
1.023900000000000000e+04 4.801630000000000308e-05
1.024000000000000000e+04 4.802269999999999678e-05
1.024100000000000000e+04 4.802899999999999704e-05
1.024200000000000000e+04 4.803529999999999730e-05
1.024300000000000000e+04 4.804159999999999757e-05
1.024400000000000000e+04 4.804789999999999783e-05
1.024500000000000000e+04 4.805419999999999809e-05
1.024600000000000000e+04 4.806049999999999835e-05
1.024700000000000000e+04 4.806679999999999861e-05
1.024800000000000000e+04 4.807319999999999909e-05
1.024900000000000000e+04 4.807949999999999935e-05
1.025000000000000000e+04 4.808579999999999962e-05
1.025100000000000000e+04 4.809209999999999988e-05
1.025200000000000000e+04 4.809829999999999992e-05
1.025300000000000000e+04 4.810460000000000018e-05
1.025400000000000000e+04 4.811080000000000022e-05
1.025500000000000000e+04 4.811710000000000048e-05
1.025600000000000000e+04 4.812340000000000075e-05
1.025700000000000000e+04 4.812970000000000101e-05
1.025800000000000000e+04 4.813590000000000105e-05
1.025900000000000000e+04 4.814220000000000131e-05
1.026000000000000000e+04 4.814840000000000135e-05
1.026100000000000000e+04 4.815470000000000162e-05
1.026200000000000000e+04 4.816090000000000166e-05
1.026300000000000000e+04 4.816710000000000170e-05
1.026400000000000000e+04 4.817330000000000174e-05
1.026500000000000000e+04 4.817950000000000178e-05
1.026600000000000000e+04 4.818580000000000205e-05
1.026700000000000000e+04 4.819200000000000209e-05
1.026800000000000000e+04 4.819820000000000213e-05
1.026900000000000000e+04 4.820440000000000217e-05
1.027000000000000000e+04 4.821070000000000243e-05
1.027100000000000000e+04 4.821680000000000226e-05
1.027200000000000000e+04 4.822300000000000230e-05
1.027300000000000000e+04 4.822920000000000234e-05
1.027400000000000000e+04 4.823530000000000216e-05
1.027500000000000000e+04 4.824150000000000221e-05
1.027600000000000000e+04 4.824770000000000225e-05
1.027700000000000000e+04 4.825390000000000229e-05
1.027800000000000000e+04 4.826010000000000233e-05
1.027900000000000000e+04 4.826620000000000216e-05
1.028000000000000000e+04 4.827240000000000220e-05
1.028100000000000000e+04 4.827439999999999981e-05
1.028200000000000000e+04 4.827639999999999742e-05
1.028300000000000000e+04 4.827840000000000180e-05
1.028400000000000000e+04 4.828039999999999941e-05
1.028500000000000000e+04 4.828239999999999702e-05
1.028600000000000000e+04 4.828430000000000119e-05
1.028700000000000000e+04 4.828629999999999880e-05
1.028800000000000000e+04 4.828830000000000318e-05
1.028900000000000000e+04 4.829030000000000079e-05
1.029000000000000000e+04 4.829229999999999840e-05
1.029100000000000000e+04 4.829829999999999800e-05
1.029200000000000000e+04 4.830439999999999783e-05
1.029300000000000000e+04 4.831049999999999765e-05
1.029400000000000000e+04 4.831659999999999747e-05
1.029500000000000000e+04 4.832269999999999730e-05
1.029600000000000000e+04 4.832879999999999712e-05
1.029700000000000000e+04 4.833489999999999694e-05
1.029800000000000000e+04 4.834099999999999677e-05
1.029900000000000000e+04 4.834700000000000315e-05
1.030000000000000000e+04 4.835310000000000297e-05
1.030100000000000000e+04 4.835920000000000279e-05
1.030200000000000000e+04 4.836520000000000240e-05
1.030300000000000000e+04 4.837130000000000222e-05
1.030400000000000000e+04 4.837730000000000182e-05
1.030500000000000000e+04 4.838340000000000164e-05
1.030600000000000000e+04 4.838940000000000125e-05
1.030700000000000000e+04 4.839550000000000107e-05
1.030800000000000000e+04 4.840150000000000068e-05
1.030900000000000000e+04 4.840760000000000050e-05
1.031000000000000000e+04 4.841360000000000010e-05
1.031100000000000000e+04 4.841969999999999993e-05
1.031200000000000000e+04 4.842569999999999953e-05
1.031300000000000000e+04 4.843169999999999913e-05
1.031400000000000000e+04 4.843769999999999874e-05
1.031500000000000000e+04 4.844369999999999834e-05
1.031600000000000000e+04 4.844969999999999794e-05
1.031700000000000000e+04 4.845569999999999755e-05
1.031800000000000000e+04 4.846169999999999715e-05
1.031900000000000000e+04 4.846769999999999676e-05
1.032000000000000000e+04 4.847380000000000335e-05
1.032100000000000000e+04 4.847970000000000274e-05
1.032200000000000000e+04 4.848570000000000234e-05
1.032300000000000000e+04 4.849160000000000173e-05
1.032400000000000000e+04 4.849760000000000133e-05
1.032500000000000000e+04 4.850360000000000093e-05
1.032600000000000000e+04 4.850950000000000032e-05
1.032700000000000000e+04 4.851549999999999992e-05
1.032800000000000000e+04 4.852149999999999953e-05
1.032900000000000000e+04 4.852739999999999891e-05
1.033000000000000000e+04 4.853339999999999851e-05
1.033100000000000000e+04 4.853929999999999790e-05
1.033200000000000000e+04 4.854529999999999750e-05
1.033300000000000000e+04 4.855119999999999689e-05
1.033400000000000000e+04 4.855710000000000305e-05
1.033500000000000000e+04 4.856310000000000265e-05
1.033600000000000000e+04 4.856900000000000204e-05
1.033700000000000000e+04 4.857490000000000142e-05
1.033800000000000000e+04 4.858090000000000102e-05
1.033900000000000000e+04 4.858680000000000041e-05
1.034000000000000000e+04 4.859269999999999979e-05
1.034100000000000000e+04 4.859869999999999940e-05
1.034200000000000000e+04 4.860459999999999878e-05
1.034300000000000000e+04 4.861049999999999817e-05
1.034400000000000000e+04 4.861639999999999755e-05
1.034500000000000000e+04 4.862229999999999694e-05
1.034600000000000000e+04 4.862820000000000310e-05
1.034700000000000000e+04 4.863400000000000226e-05
1.034800000000000000e+04 4.863990000000000165e-05
1.034900000000000000e+04 4.864590000000000125e-05
1.035000000000000000e+04 4.865180000000000063e-05
1.035100000000000000e+04 4.865759999999999980e-05
1.035200000000000000e+04 4.866349999999999918e-05
1.035300000000000000e+04 4.866929999999999835e-05
1.035400000000000000e+04 4.867519999999999773e-05
1.035500000000000000e+04 4.868109999999999712e-05
1.035600000000000000e+04 4.868690000000000306e-05
1.035700000000000000e+04 4.869280000000000244e-05
1.035800000000000000e+04 4.869870000000000183e-05
1.035900000000000000e+04 4.870450000000000099e-05
1.036000000000000000e+04 4.871040000000000038e-05
1.036100000000000000e+04 4.871619999999999954e-05
1.036200000000000000e+04 4.872209999999999893e-05
1.036300000000000000e+04 4.872789999999999809e-05
1.036400000000000000e+04 4.873369999999999726e-05
1.036500000000000000e+04 4.873950000000000320e-05
1.036600000000000000e+04 4.874540000000000258e-05
1.036700000000000000e+04 4.875120000000000175e-05
1.036800000000000000e+04 4.875700000000000091e-05
1.036900000000000000e+04 4.876290000000000030e-05
1.037000000000000000e+04 4.876869999999999946e-05
1.037100000000000000e+04 4.877449999999999863e-05
1.037200000000000000e+04 4.878029999999999779e-05
1.037300000000000000e+04 4.878609999999999696e-05
1.037400000000000000e+04 4.879190000000000290e-05
1.037500000000000000e+04 4.879770000000000207e-05
1.037600000000000000e+04 4.880350000000000123e-05
1.037700000000000000e+04 4.880930000000000040e-05
1.037800000000000000e+04 4.881499999999999934e-05
1.037900000000000000e+04 4.882079999999999851e-05
1.038000000000000000e+04 4.882659999999999767e-05
1.038100000000000000e+04 4.883239999999999684e-05
1.038200000000000000e+04 4.883820000000000278e-05
1.038300000000000000e+04 4.884390000000000173e-05
1.038400000000000000e+04 4.884970000000000089e-05
1.038500000000000000e+04 4.885550000000000006e-05
1.038600000000000000e+04 4.886129999999999922e-05
1.038700000000000000e+04 4.886699999999999817e-05
1.038800000000000000e+04 4.887279999999999733e-05
1.038900000000000000e+04 4.887860000000000327e-05
1.039000000000000000e+04 4.888430000000000222e-05
1.039100000000000000e+04 4.889000000000000117e-05
1.039200000000000000e+04 4.889580000000000033e-05
1.039300000000000000e+04 4.890149999999999928e-05
1.039400000000000000e+04 4.890729999999999844e-05
1.039500000000000000e+04 4.891299999999999739e-05
1.039600000000000000e+04 4.891870000000000311e-05
1.039700000000000000e+04 4.892450000000000227e-05
1.039800000000000000e+04 4.893020000000000122e-05
1.039900000000000000e+04 4.893590000000000017e-05
1.040000000000000000e+04 4.894169999999999933e-05
1.040100000000000000e+04 4.894749999999999850e-05
1.040200000000000000e+04 4.895339999999999788e-05
1.040300000000000000e+04 4.895929999999999727e-05
1.040400000000000000e+04 4.896519999999999665e-05
1.040500000000000000e+04 4.897110000000000281e-05
1.040600000000000000e+04 4.897700000000000220e-05
1.040700000000000000e+04 4.898280000000000136e-05
1.040800000000000000e+04 4.898870000000000075e-05
1.040900000000000000e+04 4.899460000000000013e-05
1.041000000000000000e+04 4.900049999999999951e-05
1.041100000000000000e+04 4.900639999999999890e-05
1.041200000000000000e+04 4.901219999999999806e-05
1.041300000000000000e+04 4.901809999999999745e-05
1.041400000000000000e+04 4.902399999999999683e-05
1.041500000000000000e+04 4.902980000000000277e-05
1.041600000000000000e+04 4.903570000000000216e-05
1.041700000000000000e+04 4.904150000000000132e-05
1.041800000000000000e+04 4.904740000000000071e-05
1.041900000000000000e+04 4.905330000000000009e-05
1.042000000000000000e+04 4.905919999999999948e-05
1.042100000000000000e+04 4.906499999999999864e-05
1.042200000000000000e+04 4.907079999999999781e-05
1.042300000000000000e+04 4.907659999999999697e-05
1.042400000000000000e+04 4.908250000000000313e-05
1.042500000000000000e+04 4.908830000000000230e-05
1.042600000000000000e+04 4.909410000000000146e-05
1.042700000000000000e+04 4.909990000000000063e-05
1.042800000000000000e+04 4.910580000000000001e-05
1.042900000000000000e+04 4.911159999999999918e-05
1.043000000000000000e+04 4.911749999999999856e-05
1.043100000000000000e+04 4.912329999999999773e-05
1.043200000000000000e+04 4.912909999999999689e-05
1.043300000000000000e+04 4.913490000000000284e-05
1.043400000000000000e+04 4.914070000000000200e-05
1.043500000000000000e+04 4.914650000000000117e-05
1.043600000000000000e+04 4.915230000000000033e-05
1.043700000000000000e+04 4.915809999999999950e-05
1.043800000000000000e+04 4.916389999999999866e-05
1.043900000000000000e+04 4.916969999999999783e-05
1.044000000000000000e+04 4.917559999999999721e-05
1.044100000000000000e+04 4.918130000000000293e-05
1.044200000000000000e+04 4.918710000000000210e-05
1.044300000000000000e+04 4.919290000000000126e-05
1.044400000000000000e+04 4.919870000000000043e-05
1.044500000000000000e+04 4.920449999999999959e-05
1.044600000000000000e+04 4.921029999999999876e-05
1.044700000000000000e+04 4.921609999999999792e-05
1.044800000000000000e+04 4.922189999999999709e-05
1.044900000000000000e+04 4.922760000000000281e-05
1.045000000000000000e+04 4.923340000000000198e-05
1.045100000000000000e+04 4.923489999999999849e-05
1.045200000000000000e+04 4.923640000000000178e-05
1.045300000000000000e+04 4.923799999999999851e-05
1.045400000000000000e+04 4.923950000000000180e-05
1.045500000000000000e+04 4.924099999999999831e-05
1.045600000000000000e+04 4.924250000000000160e-05
1.045700000000000000e+04 4.924409999999999833e-05
1.045800000000000000e+04 4.924550000000000140e-05
1.045900000000000000e+04 4.924709999999999814e-05
1.046000000000000000e+04 4.924860000000000142e-05
1.046100000000000000e+04 4.925430000000000037e-05
1.046200000000000000e+04 4.926009999999999954e-05
1.046300000000000000e+04 4.926579999999999848e-05
1.046400000000000000e+04 4.927149999999999743e-05
1.046500000000000000e+04 4.927730000000000337e-05
1.046600000000000000e+04 4.928300000000000232e-05
1.046700000000000000e+04 4.928870000000000126e-05
1.046800000000000000e+04 4.929450000000000043e-05
1.046900000000000000e+04 4.930019999999999937e-05
1.047000000000000000e+04 4.930599999999999854e-05
1.047100000000000000e+04 4.931169999999999748e-05
1.047200000000000000e+04 4.931740000000000321e-05
1.047300000000000000e+04 4.932310000000000215e-05
1.047400000000000000e+04 4.932880000000000110e-05
1.047500000000000000e+04 4.933450000000000004e-05
1.047600000000000000e+04 4.934029999999999921e-05
1.047700000000000000e+04 4.934599999999999815e-05
1.047800000000000000e+04 4.935169999999999710e-05
1.047900000000000000e+04 4.935740000000000282e-05
1.048000000000000000e+04 4.936310000000000177e-05
1.048100000000000000e+04 4.936880000000000071e-05
1.048200000000000000e+04 4.937449999999999966e-05
1.048300000000000000e+04 4.938019999999999861e-05
1.048400000000000000e+04 4.938589999999999755e-05
1.048500000000000000e+04 4.939160000000000327e-05
1.048600000000000000e+04 4.939730000000000222e-05
1.048700000000000000e+04 4.940300000000000117e-05
1.048800000000000000e+04 4.940870000000000011e-05
1.048900000000000000e+04 4.941439999999999906e-05
1.049000000000000000e+04 4.942009999999999800e-05
1.049100000000000000e+04 4.942569999999999673e-05
1.049200000000000000e+04 4.943140000000000245e-05
1.049300000000000000e+04 4.943710000000000140e-05
1.049400000000000000e+04 4.944280000000000034e-05
1.049500000000000000e+04 4.944849999999999929e-05
1.049600000000000000e+04 4.945409999999999802e-05
1.049700000000000000e+04 4.945979999999999696e-05
1.049800000000000000e+04 4.946550000000000269e-05
1.049900000000000000e+04 4.947120000000000163e-05
1.050000000000000000e+04 4.947680000000000036e-05
1.050100000000000000e+04 4.947849999999999731e-05
1.050200000000000000e+04 4.948020000000000104e-05
1.050300000000000000e+04 4.948179999999999777e-05
1.050400000000000000e+04 4.948350000000000150e-05
1.050500000000000000e+04 4.948509999999999823e-05
1.050600000000000000e+04 4.948680000000000196e-05
1.050700000000000000e+04 4.948839999999999869e-05
1.050800000000000000e+04 4.949010000000000242e-05
1.050900000000000000e+04 4.949179999999999937e-05
1.051000000000000000e+04 4.949340000000000288e-05
1.051100000000000000e+04 4.949509999999999983e-05
1.051200000000000000e+04 4.949670000000000334e-05
1.051300000000000000e+04 4.949830000000000007e-05
1.051400000000000000e+04 4.949999999999999702e-05
1.051500000000000000e+04 4.950160000000000053e-05
1.051600000000000000e+04 4.950329999999999748e-05
1.051700000000000000e+04 4.950490000000000099e-05
1.051800000000000000e+04 4.950659999999999794e-05
1.051900000000000000e+04 4.950820000000000145e-05
1.052000000000000000e+04 4.950989999999999840e-05
1.052100000000000000e+04 4.951150000000000191e-05
1.052200000000000000e+04 4.951309999999999864e-05
1.052300000000000000e+04 4.951470000000000215e-05
1.052400000000000000e+04 4.951629999999999888e-05
1.052500000000000000e+04 4.951800000000000261e-05
1.052600000000000000e+04 4.951959999999999934e-05
1.052700000000000000e+04 4.952120000000000285e-05
1.052800000000000000e+04 4.952279999999999958e-05
1.052900000000000000e+04 4.952440000000000309e-05
1.053000000000000000e+04 4.952610000000000004e-05
1.053100000000000000e+04 4.952769999999999677e-05
1.053200000000000000e+04 4.952930000000000028e-05
1.053300000000000000e+04 4.953089999999999701e-05
1.053400000000000000e+04 4.953250000000000052e-05
1.053500000000000000e+04 4.953409999999999725e-05
1.053600000000000000e+04 4.953570000000000076e-05
1.053700000000000000e+04 4.953739999999999771e-05
1.053800000000000000e+04 4.953900000000000122e-05
1.053900000000000000e+04 4.954059999999999795e-05
1.054000000000000000e+04 4.954220000000000146e-05
1.054100000000000000e+04 4.954379999999999819e-05
1.054200000000000000e+04 4.954540000000000170e-05
1.054300000000000000e+04 4.954699999999999843e-05
1.054400000000000000e+04 4.954850000000000172e-05
1.054500000000000000e+04 4.955009999999999845e-05
1.054600000000000000e+04 4.955170000000000196e-05
1.054700000000000000e+04 4.955329999999999869e-05
1.054800000000000000e+04 4.955490000000000220e-05
1.054900000000000000e+04 4.955649999999999893e-05
1.055000000000000000e+04 4.955810000000000244e-05
1.055100000000000000e+04 4.955959999999999896e-05
1.055200000000000000e+04 4.956120000000000246e-05
1.055300000000000000e+04 4.956279999999999920e-05
1.055400000000000000e+04 4.956440000000000270e-05
1.055500000000000000e+04 4.956589999999999922e-05
1.055600000000000000e+04 4.956750000000000273e-05
1.055700000000000000e+04 4.956909999999999946e-05
1.055800000000000000e+04 4.957070000000000297e-05
1.055900000000000000e+04 4.957229999999999970e-05
1.056000000000000000e+04 4.957380000000000299e-05
1.056100000000000000e+04 4.957539999999999972e-05
1.056200000000000000e+04 4.957700000000000323e-05
1.056300000000000000e+04 4.957849999999999974e-05
1.056400000000000000e+04 4.958010000000000325e-05
1.056500000000000000e+04 4.958169999999999998e-05
1.056600000000000000e+04 4.958329999999999671e-05
1.056700000000000000e+04 4.958480000000000000e-05
1.056800000000000000e+04 4.958639999999999673e-05
1.056900000000000000e+04 4.958800000000000024e-05
1.057000000000000000e+04 4.958949999999999675e-05
1.057100000000000000e+04 4.959110000000000026e-05
1.057200000000000000e+04 4.959259999999999678e-05
1.057300000000000000e+04 4.959420000000000028e-05
1.057400000000000000e+04 4.959569999999999680e-05
1.057500000000000000e+04 4.959730000000000031e-05
1.057600000000000000e+04 4.959879999999999682e-05
1.057700000000000000e+04 4.960040000000000033e-05
1.057800000000000000e+04 4.960189999999999684e-05
1.057900000000000000e+04 4.960350000000000035e-05
1.058000000000000000e+04 4.960499999999999686e-05
1.058100000000000000e+04 4.960650000000000015e-05
1.058200000000000000e+04 4.960809999999999688e-05
1.058300000000000000e+04 4.960970000000000039e-05
1.058400000000000000e+04 4.961119999999999690e-05
1.058500000000000000e+04 4.961270000000000019e-05
1.058600000000000000e+04 4.961429999999999692e-05
1.058700000000000000e+04 4.961580000000000021e-05
1.058800000000000000e+04 4.961739999999999695e-05
1.058900000000000000e+04 4.961890000000000023e-05
1.059000000000000000e+04 4.962039999999999675e-05
1.059100000000000000e+04 4.962200000000000026e-05
1.059200000000000000e+04 4.962349999999999677e-05
1.059300000000000000e+04 4.962500000000000006e-05
1.059400000000000000e+04 4.962659999999999679e-05
1.059500000000000000e+04 4.962810000000000008e-05
1.059600000000000000e+04 4.962969999999999681e-05
1.059700000000000000e+04 4.963120000000000010e-05
1.059800000000000000e+04 4.963269999999999661e-05
1.059900000000000000e+04 4.963430000000000012e-05
1.060000000000000000e+04 4.963579999999999663e-05
1.060100000000000000e+04 4.963699999999999926e-05
1.060200000000000000e+04 4.963810000000000168e-05
1.060300000000000000e+04 4.963929999999999753e-05
1.060400000000000000e+04 4.964050000000000016e-05
1.060500000000000000e+04 4.964160000000000257e-05
1.060600000000000000e+04 4.964279999999999843e-05
1.060700000000000000e+04 4.964390000000000084e-05
1.060800000000000000e+04 4.964509999999999670e-05
1.060900000000000000e+04 4.964629999999999933e-05
1.061000000000000000e+04 4.964750000000000196e-05
1.061100000000000000e+04 4.964859999999999760e-05
1.061200000000000000e+04 4.964980000000000023e-05
1.061300000000000000e+04 4.965090000000000264e-05
1.061400000000000000e+04 4.965209999999999849e-05
1.061500000000000000e+04 4.965320000000000091e-05
1.061600000000000000e+04 4.965439999999999676e-05
1.061700000000000000e+04 4.965559999999999939e-05
1.061800000000000000e+04 4.965670000000000180e-05
1.061900000000000000e+04 4.965789999999999766e-05
1.062000000000000000e+04 4.965900000000000007e-05
1.062100000000000000e+04 4.966020000000000270e-05
1.062200000000000000e+04 4.966139999999999856e-05
1.062300000000000000e+04 4.966250000000000097e-05
1.062400000000000000e+04 4.966369999999999682e-05
1.062500000000000000e+04 4.966479999999999924e-05
1.062600000000000000e+04 4.966600000000000187e-05
1.062700000000000000e+04 4.966709999999999750e-05
1.062800000000000000e+04 4.966830000000000013e-05
1.062900000000000000e+04 4.966940000000000255e-05
1.063000000000000000e+04 4.967059999999999840e-05
1.063100000000000000e+04 4.967170000000000081e-05
1.063200000000000000e+04 4.967289999999999667e-05
1.063300000000000000e+04 4.967399999999999908e-05
1.063400000000000000e+04 4.967520000000000171e-05
1.063500000000000000e+04 4.967629999999999735e-05
1.063600000000000000e+04 4.967749999999999998e-05
1.063700000000000000e+04 4.967860000000000239e-05
1.063800000000000000e+04 4.967979999999999825e-05
1.063900000000000000e+04 4.968090000000000066e-05
1.064000000000000000e+04 4.968210000000000329e-05
1.064100000000000000e+04 4.968319999999999892e-05
1.064200000000000000e+04 4.968440000000000156e-05
1.064300000000000000e+04 4.968549999999999719e-05
1.064400000000000000e+04 4.968669999999999982e-05
1.064500000000000000e+04 4.968780000000000223e-05
1.064600000000000000e+04 4.968899999999999809e-05
1.064700000000000000e+04 4.969010000000000050e-05
1.064800000000000000e+04 4.969130000000000313e-05
1.064900000000000000e+04 4.969239999999999877e-05
1.065000000000000000e+04 4.969360000000000140e-05
1.065100000000000000e+04 4.969469999999999704e-05
1.065200000000000000e+04 4.969579999999999945e-05
1.065300000000000000e+04 4.969700000000000208e-05
1.065400000000000000e+04 4.969809999999999771e-05
1.065500000000000000e+04 4.969930000000000035e-05
1.065600000000000000e+04 4.970040000000000276e-05
1.065700000000000000e+04 4.970159999999999861e-05
1.065800000000000000e+04 4.970270000000000102e-05
1.065900000000000000e+04 4.970389999999999688e-05
1.066000000000000000e+04 4.970499999999999929e-05
1.066100000000000000e+04 4.970610000000000170e-05
1.066200000000000000e+04 4.970729999999999756e-05
1.066300000000000000e+04 4.970839999999999997e-05
1.066400000000000000e+04 4.970960000000000260e-05
1.066500000000000000e+04 4.971069999999999824e-05
1.066600000000000000e+04 4.971190000000000087e-05
1.066700000000000000e+04 4.971300000000000328e-05
1.066800000000000000e+04 4.971419999999999914e-05
1.066900000000000000e+04 4.971530000000000155e-05
1.067000000000000000e+04 4.971649999999999740e-05
1.067100000000000000e+04 4.971759999999999981e-05
1.067200000000000000e+04 4.971880000000000245e-05
1.067300000000000000e+04 4.971989999999999808e-05
1.067400000000000000e+04 4.972110000000000071e-05
1.067500000000000000e+04 4.972220000000000312e-05
1.067600000000000000e+04 4.972329999999999876e-05
1.067700000000000000e+04 4.972450000000000139e-05
1.067800000000000000e+04 4.972559999999999703e-05
1.067900000000000000e+04 4.972679999999999966e-05
1.068000000000000000e+04 4.972790000000000207e-05
1.068100000000000000e+04 4.973340000000000058e-05
1.068200000000000000e+04 4.973879999999999887e-05
1.068300000000000000e+04 4.974419999999999715e-05
1.068400000000000000e+04 4.974960000000000222e-05
1.068500000000000000e+04 4.975510000000000073e-05
1.068600000000000000e+04 4.976049999999999901e-05
1.068700000000000000e+04 4.976589999999999730e-05
1.068800000000000000e+04 4.977130000000000237e-05
1.068900000000000000e+04 4.977680000000000087e-05
1.069000000000000000e+04 4.978219999999999916e-05
1.069100000000000000e+04 4.978330000000000157e-05
1.069200000000000000e+04 4.978449999999999743e-05
1.069300000000000000e+04 4.978570000000000006e-05
1.069400000000000000e+04 4.978680000000000247e-05
1.069500000000000000e+04 4.978799999999999833e-05
1.069600000000000000e+04 4.978910000000000074e-05
1.069700000000000000e+04 4.979030000000000337e-05
1.069800000000000000e+04 4.979139999999999901e-05
1.069900000000000000e+04 4.979260000000000164e-05
1.070000000000000000e+04 4.979369999999999727e-05
1.070100000000000000e+04 4.979489999999999990e-05
1.070200000000000000e+04 4.979600000000000232e-05
1.070300000000000000e+04 4.979719999999999817e-05
1.070400000000000000e+04 4.979830000000000058e-05
1.070500000000000000e+04 4.979950000000000321e-05
1.070600000000000000e+04 4.980069999999999907e-05
1.070700000000000000e+04 4.980180000000000148e-05
1.070800000000000000e+04 4.980299999999999734e-05
1.070900000000000000e+04 4.980409999999999975e-05
1.071000000000000000e+04 4.980530000000000238e-05
1.071100000000000000e+04 4.980639999999999802e-05
1.071200000000000000e+04 4.980760000000000065e-05
1.071300000000000000e+04 4.980870000000000306e-05
1.071400000000000000e+04 4.980989999999999891e-05
1.071500000000000000e+04 4.981110000000000155e-05
1.071600000000000000e+04 4.981229999999999740e-05
1.071700000000000000e+04 4.981339999999999981e-05
1.071800000000000000e+04 4.981460000000000244e-05
1.071900000000000000e+04 4.981569999999999808e-05
1.072000000000000000e+04 4.981690000000000071e-05
1.072100000000000000e+04 4.981810000000000334e-05
1.072200000000000000e+04 4.981919999999999898e-05
1.072300000000000000e+04 4.982040000000000161e-05
1.072400000000000000e+04 4.982159999999999746e-05
1.072500000000000000e+04 4.982269999999999988e-05
1.072600000000000000e+04 4.982390000000000251e-05
1.072700000000000000e+04 4.982509999999999836e-05
1.072800000000000000e+04 4.982620000000000077e-05
1.072900000000000000e+04 4.982739999999999663e-05
1.073000000000000000e+04 4.982859999999999926e-05
1.073100000000000000e+04 4.982970000000000167e-05
1.073200000000000000e+04 4.983089999999999753e-05
1.073300000000000000e+04 4.983210000000000016e-05
1.073400000000000000e+04 4.983330000000000279e-05
1.073500000000000000e+04 4.983439999999999843e-05
1.073600000000000000e+04 4.983560000000000106e-05
1.073700000000000000e+04 4.983679999999999691e-05
1.073800000000000000e+04 4.983799999999999954e-05
1.073900000000000000e+04 4.983910000000000195e-05
1.074000000000000000e+04 4.984029999999999781e-05
1.074100000000000000e+04 4.984150000000000044e-05
1.074200000000000000e+04 4.984270000000000307e-05
1.074300000000000000e+04 4.984389999999999893e-05
1.074400000000000000e+04 4.984510000000000156e-05
1.074500000000000000e+04 4.984619999999999719e-05
1.074600000000000000e+04 4.984739999999999983e-05
1.074700000000000000e+04 4.984860000000000246e-05
1.074800000000000000e+04 4.984979999999999831e-05
1.074900000000000000e+04 4.985090000000000072e-05
1.075000000000000000e+04 4.985210000000000335e-05
1.075100000000000000e+04 4.985329999999999921e-05
1.075200000000000000e+04 4.985450000000000184e-05
1.075300000000000000e+04 4.985569999999999770e-05
1.075400000000000000e+04 4.985690000000000033e-05
1.075500000000000000e+04 4.985810000000000296e-05
1.075600000000000000e+04 4.985929999999999881e-05
1.075700000000000000e+04 4.986050000000000144e-05
1.075800000000000000e+04 4.986169999999999730e-05
1.075900000000000000e+04 4.986289999999999993e-05
1.076000000000000000e+04 4.986410000000000256e-05
1.076100000000000000e+04 4.986529999999999842e-05
1.076200000000000000e+04 4.986650000000000105e-05
1.076300000000000000e+04 4.986769999999999690e-05
1.076400000000000000e+04 4.986889999999999953e-05
1.076500000000000000e+04 4.987010000000000217e-05
1.076600000000000000e+04 4.987129999999999802e-05
1.076700000000000000e+04 4.987250000000000065e-05
1.076800000000000000e+04 4.987379999999999673e-05
1.076900000000000000e+04 4.987499999999999936e-05
1.077000000000000000e+04 4.987620000000000199e-05
1.077100000000000000e+04 4.987739999999999784e-05
1.077200000000000000e+04 4.987860000000000048e-05
1.077300000000000000e+04 4.987980000000000311e-05
1.077400000000000000e+04 4.988099999999999896e-05
1.077500000000000000e+04 4.988220000000000159e-05
1.077600000000000000e+04 4.988349999999999767e-05
1.077700000000000000e+04 4.988470000000000030e-05
1.077800000000000000e+04 4.988590000000000293e-05
1.077900000000000000e+04 4.988709999999999878e-05
1.078000000000000000e+04 4.988830000000000142e-05
1.078100000000000000e+04 4.988959999999999749e-05
1.078200000000000000e+04 4.989080000000000012e-05
1.078300000000000000e+04 4.989200000000000275e-05
1.078400000000000000e+04 4.989329999999999883e-05
1.078500000000000000e+04 4.989450000000000146e-05
1.078600000000000000e+04 4.989579999999999753e-05
1.078700000000000000e+04 4.989700000000000016e-05
1.078800000000000000e+04 4.989820000000000279e-05
1.078900000000000000e+04 4.989949999999999887e-05
1.079000000000000000e+04 4.990070000000000150e-05
1.079100000000000000e+04 4.990199999999999757e-05
1.079200000000000000e+04 4.990320000000000021e-05
1.079300000000000000e+04 4.990440000000000284e-05
1.079400000000000000e+04 4.990569999999999891e-05
1.079500000000000000e+04 4.990700000000000176e-05
1.079600000000000000e+04 4.990819999999999762e-05
1.079700000000000000e+04 4.990950000000000047e-05
1.079800000000000000e+04 4.991070000000000310e-05
1.079900000000000000e+04 4.991199999999999917e-05
1.080000000000000000e+04 4.991320000000000180e-05
1.080100000000000000e+04 4.991469999999999832e-05
1.080200000000000000e+04 4.991620000000000161e-05
1.080300000000000000e+04 4.991769999999999812e-05
1.080400000000000000e+04 4.991920000000000141e-05
1.080500000000000000e+04 4.992069999999999792e-05
1.080600000000000000e+04 4.992220000000000121e-05
1.080700000000000000e+04 4.992369999999999772e-05
1.080800000000000000e+04 4.992520000000000101e-05
1.080900000000000000e+04 4.992669999999999752e-05
1.081000000000000000e+04 4.992820000000000081e-05
1.081100000000000000e+04 4.992969999999999733e-05
1.081200000000000000e+04 4.993120000000000062e-05
1.081300000000000000e+04 4.993279999999999735e-05
1.081400000000000000e+04 4.993430000000000064e-05
1.081500000000000000e+04 4.993579999999999715e-05
1.081600000000000000e+04 4.993730000000000044e-05
1.081700000000000000e+04 4.993889999999999717e-05
1.081800000000000000e+04 4.994040000000000046e-05
1.081900000000000000e+04 4.994189999999999697e-05
1.082000000000000000e+04 4.994340000000000026e-05
1.082100000000000000e+04 4.994499999999999699e-05
1.082200000000000000e+04 4.994650000000000028e-05
1.082300000000000000e+04 4.994799999999999680e-05
1.082400000000000000e+04 4.994960000000000030e-05
1.082500000000000000e+04 4.995109999999999682e-05
1.082600000000000000e+04 4.995270000000000032e-05
1.082700000000000000e+04 4.995419999999999684e-05
1.082800000000000000e+04 4.995570000000000013e-05
1.082900000000000000e+04 4.995729999999999686e-05
1.083000000000000000e+04 4.995880000000000015e-05
1.083100000000000000e+04 4.996039999999999688e-05
1.083200000000000000e+04 4.996190000000000017e-05
1.083300000000000000e+04 4.996349999999999690e-05
1.083400000000000000e+04 4.996500000000000019e-05
1.083500000000000000e+04 4.996659999999999692e-05
1.083600000000000000e+04 4.996810000000000021e-05
1.083700000000000000e+04 4.996969999999999694e-05
1.083800000000000000e+04 4.997130000000000045e-05
1.083900000000000000e+04 4.997279999999999696e-05
1.084000000000000000e+04 4.997440000000000047e-05
1.084100000000000000e+04 4.997599999999999720e-05
1.084200000000000000e+04 4.997750000000000049e-05
1.084300000000000000e+04 4.997909999999999723e-05
1.084400000000000000e+04 4.998070000000000073e-05
1.084500000000000000e+04 4.998229999999999747e-05
1.084600000000000000e+04 4.998390000000000097e-05
1.084700000000000000e+04 4.998549999999999771e-05
1.084800000000000000e+04 4.998700000000000100e-05
1.084900000000000000e+04 4.998859999999999773e-05
1.085000000000000000e+04 4.999020000000000124e-05
1.085100000000000000e+04 4.999179999999999797e-05
1.085200000000000000e+04 4.999340000000000148e-05
1.085300000000000000e+04 4.999499999999999821e-05
1.085400000000000000e+04 4.999660000000000172e-05
1.085500000000000000e+04 4.999819999999999845e-05
1.085600000000000000e+04 4.999980000000000196e-05
1.085700000000000000e+04 5.000139999999999869e-05
1.085800000000000000e+04 5.000300000000000220e-05
1.085900000000000000e+04 5.000459999999999893e-05
1.086000000000000000e+04 5.000620000000000244e-05
1.086100000000000000e+04 5.001220000000000204e-05
1.086200000000000000e+04 5.001810000000000143e-05
1.086300000000000000e+04 5.002400000000000081e-05
1.086400000000000000e+04 5.003000000000000041e-05
1.086500000000000000e+04 5.003589999999999980e-05
1.086600000000000000e+04 5.004179999999999918e-05
1.086700000000000000e+04 5.004779999999999879e-05
1.086800000000000000e+04 5.005369999999999817e-05
1.086900000000000000e+04 5.005959999999999756e-05
1.087000000000000000e+04 5.006559999999999716e-05
1.087100000000000000e+04 5.006720000000000067e-05
1.087200000000000000e+04 5.006889999999999762e-05
1.087300000000000000e+04 5.007050000000000113e-05
1.087400000000000000e+04 5.007219999999999808e-05
1.087500000000000000e+04 5.007390000000000181e-05
1.087600000000000000e+04 5.007549999999999854e-05
1.087700000000000000e+04 5.007720000000000227e-05
1.087800000000000000e+04 5.007889999999999922e-05
1.087900000000000000e+04 5.008050000000000273e-05
1.088000000000000000e+04 5.008219999999999968e-05
1.088100000000000000e+04 5.008389999999999663e-05
1.088200000000000000e+04 5.008550000000000014e-05
1.088300000000000000e+04 5.008719999999999709e-05
1.088400000000000000e+04 5.008890000000000082e-05
1.088500000000000000e+04 5.009059999999999777e-05
1.088600000000000000e+04 5.009230000000000150e-05
1.088700000000000000e+04 5.009389999999999823e-05
1.088800000000000000e+04 5.009560000000000196e-05
1.088900000000000000e+04 5.009729999999999891e-05
1.089000000000000000e+04 5.009900000000000263e-05
1.089100000000000000e+04 5.010069999999999959e-05
1.089200000000000000e+04 5.010240000000000331e-05
1.089300000000000000e+04 5.010410000000000026e-05
1.089400000000000000e+04 5.010589999999999743e-05
1.089500000000000000e+04 5.010760000000000116e-05
1.089600000000000000e+04 5.010929999999999811e-05
1.089700000000000000e+04 5.011100000000000184e-05
1.089800000000000000e+04 5.011269999999999879e-05
1.089900000000000000e+04 5.011440000000000252e-05
1.090000000000000000e+04 5.011619999999999969e-05
1.090100000000000000e+04 5.011789999999999664e-05
1.090200000000000000e+04 5.011960000000000037e-05
1.090300000000000000e+04 5.012139999999999754e-05
1.090400000000000000e+04 5.012310000000000127e-05
1.090500000000000000e+04 5.012479999999999822e-05
1.090600000000000000e+04 5.012660000000000217e-05
1.090700000000000000e+04 5.012829999999999912e-05
1.090800000000000000e+04 5.013000000000000285e-05
1.090900000000000000e+04 5.013180000000000002e-05
1.091000000000000000e+04 5.013349999999999697e-05
1.091100000000000000e+04 5.013530000000000091e-05
1.091200000000000000e+04 5.013709999999999808e-05
1.091300000000000000e+04 5.013880000000000181e-05
1.091400000000000000e+04 5.014059999999999898e-05
1.091500000000000000e+04 5.014240000000000293e-05
1.091600000000000000e+04 5.014420000000000010e-05
1.091700000000000000e+04 5.014589999999999705e-05
1.091800000000000000e+04 5.014770000000000100e-05
1.091900000000000000e+04 5.014949999999999817e-05
1.092000000000000000e+04 5.015120000000000190e-05
1.092100000000000000e+04 5.015309999999999929e-05
1.092200000000000000e+04 5.015480000000000301e-05
1.092300000000000000e+04 5.015670000000000040e-05
1.092400000000000000e+04 5.015849999999999758e-05
1.092500000000000000e+04 5.016030000000000152e-05
1.092600000000000000e+04 5.016209999999999869e-05
1.092700000000000000e+04 5.016390000000000264e-05
1.092800000000000000e+04 5.016569999999999981e-05
1.092900000000000000e+04 5.016749999999999698e-05
1.093000000000000000e+04 5.016930000000000093e-05
1.093100000000000000e+04 5.017109999999999810e-05
1.093200000000000000e+04 5.017300000000000226e-05
1.093300000000000000e+04 5.017479999999999943e-05
1.093400000000000000e+04 5.017669999999999682e-05
1.093500000000000000e+04 5.017850000000000077e-05
1.093600000000000000e+04 5.018029999999999794e-05
1.093700000000000000e+04 5.018220000000000211e-05
1.093800000000000000e+04 5.018399999999999928e-05
1.093900000000000000e+04 5.018589999999999667e-05
1.094000000000000000e+04 5.018770000000000062e-05
1.094100000000000000e+04 5.018959999999999801e-05
1.094200000000000000e+04 5.019150000000000217e-05
1.094300000000000000e+04 5.019329999999999934e-05
1.094400000000000000e+04 5.019519999999999673e-05
1.094500000000000000e+04 5.019710000000000090e-05
1.094600000000000000e+04 5.019899999999999829e-05
1.094700000000000000e+04 5.020080000000000224e-05
1.094800000000000000e+04 5.020269999999999963e-05
1.094900000000000000e+04 5.020459999999999702e-05
1.095000000000000000e+04 5.020640000000000096e-05
1.095100000000000000e+04 5.020839999999999857e-05
1.095200000000000000e+04 5.021020000000000252e-05
1.095300000000000000e+04 5.021220000000000013e-05
1.095400000000000000e+04 5.021409999999999752e-05
1.095500000000000000e+04 5.021600000000000168e-05
1.095600000000000000e+04 5.021789999999999907e-05
1.095700000000000000e+04 5.021980000000000324e-05
1.095800000000000000e+04 5.022170000000000063e-05
1.095900000000000000e+04 5.022359999999999802e-05
1.096000000000000000e+04 5.022550000000000219e-05
1.096100000000000000e+04 5.022739999999999958e-05
1.096200000000000000e+04 5.022939999999999718e-05
1.096300000000000000e+04 5.023130000000000135e-05
1.096400000000000000e+04 5.023329999999999896e-05
1.096500000000000000e+04 5.023520000000000313e-05
1.096600000000000000e+04 5.023710000000000052e-05
1.096700000000000000e+04 5.023909999999999812e-05
1.096800000000000000e+04 5.024110000000000251e-05
1.096900000000000000e+04 5.024299999999999990e-05
1.097000000000000000e+04 5.024499999999999751e-05
1.097100000000000000e+04 5.025129999999999777e-05
1.097200000000000000e+04 5.025759999999999803e-05
1.097300000000000000e+04 5.026389999999999829e-05
1.097400000000000000e+04 5.027019999999999856e-05
1.097500000000000000e+04 5.027649999999999882e-05
1.097600000000000000e+04 5.028279999999999908e-05
1.097700000000000000e+04 5.028909999999999934e-05
1.097800000000000000e+04 5.029539999999999960e-05
1.097900000000000000e+04 5.030169999999999986e-05
1.098000000000000000e+04 5.030800000000000012e-05
1.098100000000000000e+04 5.030999999999999773e-05
1.098200000000000000e+04 5.031200000000000212e-05
1.098300000000000000e+04 5.031409999999999995e-05
1.098400000000000000e+04 5.031609999999999756e-05
1.098500000000000000e+04 5.031810000000000194e-05
1.098600000000000000e+04 5.032019999999999977e-05
1.098700000000000000e+04 5.032219999999999738e-05
1.098800000000000000e+04 5.032420000000000177e-05
1.098900000000000000e+04 5.032629999999999959e-05
1.099000000000000000e+04 5.032829999999999720e-05
1.099100000000000000e+04 5.032929999999999940e-05
1.099200000000000000e+04 5.033030000000000159e-05
1.099300000000000000e+04 5.033139999999999722e-05
1.099400000000000000e+04 5.033239999999999942e-05
1.099500000000000000e+04 5.033350000000000183e-05
1.099600000000000000e+04 5.033449999999999725e-05
1.099700000000000000e+04 5.033559999999999966e-05
1.099800000000000000e+04 5.033660000000000185e-05
1.099900000000000000e+04 5.033759999999999727e-05
1.100000000000000000e+04 5.033869999999999968e-05
1.100100000000000000e+04 5.034030000000000319e-05
1.100200000000000000e+04 5.034200000000000014e-05
1.100300000000000000e+04 5.034359999999999687e-05
1.100400000000000000e+04 5.034530000000000060e-05
1.100500000000000000e+04 5.034699999999999755e-05
1.100600000000000000e+04 5.034860000000000106e-05
1.100700000000000000e+04 5.035029999999999801e-05
1.100800000000000000e+04 5.035190000000000152e-05
1.100900000000000000e+04 5.035359999999999847e-05
1.101000000000000000e+04 5.035520000000000198e-05
1.101100000000000000e+04 5.035689999999999893e-05
1.101200000000000000e+04 5.035850000000000244e-05
1.101300000000000000e+04 5.036019999999999939e-05
1.101400000000000000e+04 5.036180000000000290e-05
1.101500000000000000e+04 5.036349999999999985e-05
1.101600000000000000e+04 5.036510000000000336e-05
1.101700000000000000e+04 5.036680000000000031e-05
1.101800000000000000e+04 5.036849999999999726e-05
1.101900000000000000e+04 5.037010000000000077e-05
1.102000000000000000e+04 5.037179999999999772e-05
1.102100000000000000e+04 5.037340000000000123e-05
1.102200000000000000e+04 5.037509999999999818e-05
1.102300000000000000e+04 5.037670000000000169e-05
1.102400000000000000e+04 5.037839999999999864e-05
1.102500000000000000e+04 5.038000000000000215e-05
1.102600000000000000e+04 5.038169999999999910e-05
1.102700000000000000e+04 5.038330000000000261e-05
1.102800000000000000e+04 5.038499999999999956e-05
1.102900000000000000e+04 5.038670000000000328e-05
1.103000000000000000e+04 5.038830000000000002e-05
1.103100000000000000e+04 5.038999999999999697e-05
1.103200000000000000e+04 5.039160000000000048e-05
1.103300000000000000e+04 5.039329999999999743e-05
1.103400000000000000e+04 5.039490000000000094e-05
1.103500000000000000e+04 5.039659999999999789e-05
1.103600000000000000e+04 5.039820000000000140e-05
1.103700000000000000e+04 5.039989999999999835e-05
1.103800000000000000e+04 5.040150000000000186e-05
1.103900000000000000e+04 5.040319999999999881e-05
1.104000000000000000e+04 5.040480000000000232e-05
1.104100000000000000e+04 5.040649999999999927e-05
1.104200000000000000e+04 5.040820000000000299e-05
1.104300000000000000e+04 5.040979999999999973e-05
1.104400000000000000e+04 5.041149999999999668e-05
1.104500000000000000e+04 5.041310000000000019e-05
1.104600000000000000e+04 5.041479999999999714e-05
1.104700000000000000e+04 5.041640000000000065e-05
1.104800000000000000e+04 5.041809999999999760e-05
1.104900000000000000e+04 5.041980000000000132e-05
1.105000000000000000e+04 5.042139999999999806e-05
1.105100000000000000e+04 5.042310000000000178e-05
1.105200000000000000e+04 5.042469999999999852e-05
1.105300000000000000e+04 5.042640000000000224e-05
1.105400000000000000e+04 5.042799999999999898e-05
1.105500000000000000e+04 5.042970000000000270e-05
1.105600000000000000e+04 5.043139999999999965e-05
1.105700000000000000e+04 5.043300000000000316e-05
1.105800000000000000e+04 5.043470000000000011e-05
1.105900000000000000e+04 5.043629999999999685e-05
1.106000000000000000e+04 5.043800000000000057e-05
1.106100000000000000e+04 5.044400000000000018e-05
1.106200000000000000e+04 5.044989999999999956e-05
1.106300000000000000e+04 5.045589999999999917e-05
1.106400000000000000e+04 5.046189999999999877e-05
1.106500000000000000e+04 5.046789999999999837e-05
1.106600000000000000e+04 5.047389999999999798e-05
1.106700000000000000e+04 5.047989999999999758e-05
1.106800000000000000e+04 5.048589999999999718e-05
1.106900000000000000e+04 5.049189999999999679e-05
1.107000000000000000e+04 5.049780000000000295e-05
1.107100000000000000e+04 5.049949999999999990e-05
1.107200000000000000e+04 5.050119999999999685e-05
1.107300000000000000e+04 5.050280000000000036e-05
1.107400000000000000e+04 5.050449999999999731e-05
1.107500000000000000e+04 5.050620000000000104e-05
1.107600000000000000e+04 5.050779999999999777e-05
1.107700000000000000e+04 5.050940000000000128e-05
1.107800000000000000e+04 5.051109999999999823e-05
1.107900000000000000e+04 5.051280000000000196e-05
1.108000000000000000e+04 5.051439999999999869e-05
1.108100000000000000e+04 5.051610000000000242e-05
1.108200000000000000e+04 5.051769999999999915e-05
1.108300000000000000e+04 5.051940000000000288e-05
1.108400000000000000e+04 5.052109999999999983e-05
1.108500000000000000e+04 5.052270000000000334e-05
1.108600000000000000e+04 5.052440000000000029e-05
1.108700000000000000e+04 5.052599999999999702e-05
1.108800000000000000e+04 5.052770000000000075e-05
1.108900000000000000e+04 5.052939999999999770e-05
1.109000000000000000e+04 5.053100000000000121e-05
1.109100000000000000e+04 5.053269999999999816e-05
1.109200000000000000e+04 5.053430000000000167e-05
1.109300000000000000e+04 5.053599999999999862e-05
1.109400000000000000e+04 5.053770000000000235e-05
1.109500000000000000e+04 5.053929999999999908e-05
1.109600000000000000e+04 5.054100000000000281e-05
1.109700000000000000e+04 5.054259999999999954e-05
1.109800000000000000e+04 5.054430000000000327e-05
1.109900000000000000e+04 5.054590000000000000e-05
1.110000000000000000e+04 5.054759999999999695e-05
1.110100000000000000e+04 5.054930000000000068e-05
1.110200000000000000e+04 5.055089999999999741e-05
1.110300000000000000e+04 5.055260000000000114e-05
1.110400000000000000e+04 5.055419999999999787e-05
1.110500000000000000e+04 5.055590000000000160e-05
1.110600000000000000e+04 5.055759999999999855e-05
1.110700000000000000e+04 5.055920000000000206e-05
1.110800000000000000e+04 5.056089999999999901e-05
1.110900000000000000e+04 5.056250000000000252e-05
1.111000000000000000e+04 5.056419999999999947e-05
1.111100000000000000e+04 5.056580000000000298e-05
1.111200000000000000e+04 5.056749999999999993e-05
1.111300000000000000e+04 5.056919999999999688e-05
1.111400000000000000e+04 5.057080000000000039e-05
1.111500000000000000e+04 5.057249999999999734e-05
1.111600000000000000e+04 5.057420000000000107e-05
1.111700000000000000e+04 5.057579999999999780e-05
1.111800000000000000e+04 5.057750000000000153e-05
1.111900000000000000e+04 5.057919999999999848e-05
1.112000000000000000e+04 5.058080000000000199e-05
1.112100000000000000e+04 5.058249999999999894e-05
1.112200000000000000e+04 5.058410000000000244e-05
1.112300000000000000e+04 5.058579999999999940e-05
1.112400000000000000e+04 5.058740000000000290e-05
1.112500000000000000e+04 5.058909999999999986e-05
1.112600000000000000e+04 5.059079999999999681e-05
1.112700000000000000e+04 5.059240000000000032e-05
1.112800000000000000e+04 5.059409999999999727e-05
1.112900000000000000e+04 5.059570000000000078e-05
1.113000000000000000e+04 5.059739999999999773e-05
1.113100000000000000e+04 5.059900000000000124e-05
1.113200000000000000e+04 5.060069999999999819e-05
1.113300000000000000e+04 5.060240000000000191e-05
1.113400000000000000e+04 5.060399999999999865e-05
1.113500000000000000e+04 5.060570000000000237e-05
1.113600000000000000e+04 5.060739999999999932e-05
1.113700000000000000e+04 5.060900000000000283e-05
1.113800000000000000e+04 5.061069999999999978e-05
1.113900000000000000e+04 5.061230000000000329e-05
1.114000000000000000e+04 5.061400000000000024e-05
1.114100000000000000e+04 5.061999999999999985e-05
1.114200000000000000e+04 5.062599999999999945e-05
1.114300000000000000e+04 5.063199999999999906e-05
1.114400000000000000e+04 5.063799999999999866e-05
1.114500000000000000e+04 5.064399999999999826e-05
1.114600000000000000e+04 5.064999999999999787e-05
1.114700000000000000e+04 5.065599999999999747e-05
1.114800000000000000e+04 5.066199999999999707e-05
1.114900000000000000e+04 5.066809999999999690e-05
1.115000000000000000e+04 5.067400000000000306e-05
1.115100000000000000e+04 5.067570000000000001e-05
1.115200000000000000e+04 5.067739999999999696e-05
1.115300000000000000e+04 5.067900000000000047e-05
1.115400000000000000e+04 5.068069999999999742e-05
1.115500000000000000e+04 5.068230000000000093e-05
1.115600000000000000e+04 5.068399999999999788e-05
1.115700000000000000e+04 5.068570000000000161e-05
1.115800000000000000e+04 5.068729999999999834e-05
1.115900000000000000e+04 5.068900000000000207e-05
1.116000000000000000e+04 5.069069999999999902e-05
1.116100000000000000e+04 5.069230000000000253e-05
1.116200000000000000e+04 5.069399999999999948e-05
1.116300000000000000e+04 5.069570000000000321e-05
1.116400000000000000e+04 5.069729999999999994e-05
1.116500000000000000e+04 5.069899999999999689e-05
1.116600000000000000e+04 5.070060000000000040e-05
1.116700000000000000e+04 5.070229999999999735e-05
1.116800000000000000e+04 5.070400000000000108e-05
1.116900000000000000e+04 5.070569999999999803e-05
1.117000000000000000e+04 5.070730000000000154e-05
1.117100000000000000e+04 5.070899999999999849e-05
1.117200000000000000e+04 5.071060000000000200e-05
1.117300000000000000e+04 5.071229999999999895e-05
1.117400000000000000e+04 5.071400000000000268e-05
1.117500000000000000e+04 5.071559999999999941e-05
1.117600000000000000e+04 5.071730000000000313e-05
1.117700000000000000e+04 5.071889999999999987e-05
1.117800000000000000e+04 5.072059999999999682e-05
1.117900000000000000e+04 5.072230000000000055e-05
1.118000000000000000e+04 5.072389999999999728e-05
1.118100000000000000e+04 5.072560000000000101e-05
1.118200000000000000e+04 5.072729999999999796e-05
1.118300000000000000e+04 5.072890000000000147e-05
1.118400000000000000e+04 5.073059999999999842e-05
1.118500000000000000e+04 5.073230000000000214e-05
1.118600000000000000e+04 5.073389999999999888e-05
1.118700000000000000e+04 5.073560000000000260e-05
1.118800000000000000e+04 5.073729999999999956e-05
1.118900000000000000e+04 5.073890000000000306e-05
1.119000000000000000e+04 5.074060000000000001e-05
1.119100000000000000e+04 5.074219999999999675e-05
1.119200000000000000e+04 5.074390000000000047e-05
1.119300000000000000e+04 5.074559999999999743e-05
1.119400000000000000e+04 5.074720000000000093e-05
1.119500000000000000e+04 5.074889999999999789e-05
1.119600000000000000e+04 5.075060000000000161e-05
1.119700000000000000e+04 5.075219999999999835e-05
1.119800000000000000e+04 5.075390000000000207e-05
1.119900000000000000e+04 5.075559999999999902e-05
1.120000000000000000e+04 5.075720000000000253e-05
1.120100000000000000e+04 5.076350000000000279e-05
1.120200000000000000e+04 5.076980000000000306e-05
1.120300000000000000e+04 5.077610000000000332e-05
1.120400000000000000e+04 5.078230000000000336e-05
1.120500000000000000e+04 5.078859999999999684e-05
1.120600000000000000e+04 5.079489999999999711e-05
1.120700000000000000e+04 5.080119999999999737e-05
1.120800000000000000e+04 5.080749999999999763e-05
1.120900000000000000e+04 5.081379999999999789e-05
1.121000000000000000e+04 5.081999999999999793e-05
1.121100000000000000e+04 5.082200000000000232e-05
1.121200000000000000e+04 5.082389999999999971e-05
1.121300000000000000e+04 5.082579999999999710e-05
1.121400000000000000e+04 5.082780000000000148e-05
1.121500000000000000e+04 5.082969999999999887e-05
1.121600000000000000e+04 5.083160000000000304e-05
1.121700000000000000e+04 5.083350000000000043e-05
1.121800000000000000e+04 5.083549999999999804e-05
1.121900000000000000e+04 5.083740000000000221e-05
1.122000000000000000e+04 5.083939999999999981e-05
1.122100000000000000e+04 5.084129999999999720e-05
1.122200000000000000e+04 5.084320000000000137e-05
1.122300000000000000e+04 5.084509999999999876e-05
1.122400000000000000e+04 5.084710000000000315e-05
1.122500000000000000e+04 5.084900000000000054e-05
1.122600000000000000e+04 5.085099999999999814e-05
1.122700000000000000e+04 5.085290000000000231e-05
1.122800000000000000e+04 5.085479999999999970e-05
1.122900000000000000e+04 5.085669999999999709e-05
1.123000000000000000e+04 5.085870000000000148e-05
1.123100000000000000e+04 5.086059999999999887e-05
1.123200000000000000e+04 5.086250000000000303e-05
1.123300000000000000e+04 5.086450000000000064e-05
1.123400000000000000e+04 5.086639999999999803e-05
1.123500000000000000e+04 5.086830000000000220e-05
1.123600000000000000e+04 5.087029999999999981e-05
1.123700000000000000e+04 5.087219999999999720e-05
1.123800000000000000e+04 5.087410000000000136e-05
1.123900000000000000e+04 5.087609999999999897e-05
1.124000000000000000e+04 5.087800000000000314e-05
1.124100000000000000e+04 5.087990000000000053e-05
1.124200000000000000e+04 5.088189999999999814e-05
1.124300000000000000e+04 5.088380000000000230e-05
1.124400000000000000e+04 5.088569999999999969e-05
1.124500000000000000e+04 5.088769999999999730e-05
1.124600000000000000e+04 5.088960000000000147e-05
1.124700000000000000e+04 5.089159999999999908e-05
1.124800000000000000e+04 5.089350000000000324e-05
1.124900000000000000e+04 5.089540000000000063e-05
1.125000000000000000e+04 5.089739999999999824e-05
1.125100000000000000e+04 5.089930000000000241e-05
1.125200000000000000e+04 5.090119999999999980e-05
1.125300000000000000e+04 5.090309999999999719e-05
1.125400000000000000e+04 5.140210000000000037e-05
1.125500000000000000e+04 5.194429999999999664e-05
1.125600000000000000e+04 5.248649999999999968e-05
1.125700000000000000e+04 5.302880000000000294e-05
1.125800000000000000e+04 5.357109999999999943e-05
1.125900000000000000e+04 5.411350000000000291e-05
1.126000000000000000e+04 5.465589999999999961e-05
1.126100000000000000e+04 5.519830000000000309e-05
1.126200000000000000e+04 5.574080000000000002e-05
1.126300000000000000e+04 5.628339999999999716e-05
1.126400000000000000e+04 5.682600000000000108e-05
1.126500000000000000e+04 5.736859999999999822e-05
1.126600000000000000e+04 5.791120000000000214e-05
1.126700000000000000e+04 5.845389999999999950e-05
1.126800000000000000e+04 5.899669999999999708e-05
1.126900000000000000e+04 5.953940000000000122e-05
1.127000000000000000e+04 6.008229999999999902e-05
1.127100000000000000e+04 6.063030000000000123e-05
1.127200000000000000e+04 6.117849999999999710e-05
1.127300000000000000e+04 6.172679999999999996e-05
1.127400000000000000e+04 6.227530000000000327e-05
1.127500000000000000e+04 6.282390000000000001e-05
1.127600000000000000e+04 6.337260000000000375e-05
1.127700000000000000e+04 6.392140000000000094e-05
1.127800000000000000e+04 6.447039999999999856e-05
1.127900000000000000e+04 6.501959999999999663e-05
1.128000000000000000e+04 6.556879999999999469e-05
1.128100000000000000e+04 6.611259999999999446e-05
1.128200000000000000e+04 6.665630000000000079e-05
1.128300000000000000e+04 6.720019999999999401e-05
1.128400000000000000e+04 6.774399999999999378e-05
1.128500000000000000e+04 6.828790000000000055e-05
1.128600000000000000e+04 6.883179999999999377e-05
1.128700000000000000e+04 6.937579999999999398e-05
1.128800000000000000e+04 6.991990000000000119e-05
1.128900000000000000e+04 7.046450000000000272e-05
1.129000000000000000e+04 7.100799999999999506e-05
1.129100000000000000e+04 7.155219999999999571e-05
1.129200000000000000e+04 7.209639999999999636e-05
1.129300000000000000e+04 7.264059999999999701e-05
1.129400000000000000e+04 7.318490000000000466e-05
1.129500000000000000e+04 7.372919999999999875e-05
1.129600000000000000e+04 7.427350000000000640e-05
1.129700000000000000e+04 7.481789999999999394e-05
1.129800000000000000e+04 7.536289999999999634e-05
1.129900000000000000e+04 7.590680000000000311e-05
1.130000000000000000e+04 7.645140000000000464e-05
1.130100000000000000e+04 7.699589999999999917e-05
1.130200000000000000e+04 7.754099999999999502e-05
1.130300000000000000e+04 7.808519999999999567e-05
1.130400000000000000e+04 7.862990000000000420e-05
1.130500000000000000e+04 7.917459999999999917e-05
1.130600000000000000e+04 7.971929999999999414e-05
1.130700000000000000e+04 8.026409999999999610e-05
1.130800000000000000e+04 8.080900000000000507e-05
1.130900000000000000e+04 8.135390000000000048e-05
1.131000000000000000e+04 8.189879999999999589e-05
1.131100000000000000e+04 8.244430000000000616e-05
1.131200000000000000e+04 8.298880000000000070e-05
1.131300000000000000e+04 8.353389999999999654e-05
1.131400000000000000e+04 8.407889999999999895e-05
1.131500000000000000e+04 8.462410000000000179e-05
1.131600000000000000e+04 8.516930000000000464e-05
1.131700000000000000e+04 8.571449999999999393e-05
1.131800000000000000e+04 8.625980000000000377e-05
1.131900000000000000e+04 8.680510000000000006e-05
1.132000000000000000e+04 8.735090000000000421e-05
1.132100000000000000e+04 8.789579999999999962e-05
1.132200000000000000e+04 8.844120000000000291e-05
1.132300000000000000e+04 8.898669999999999963e-05
1.132400000000000000e+04 8.953270000000000423e-05
1.132500000000000000e+04 9.007770000000000664e-05
1.132600000000000000e+04 9.062329999999999680e-05
1.132700000000000000e+04 9.116840000000000620e-05
1.132800000000000000e+04 9.171459999999999769e-05
1.132900000000000000e+04 9.226089999999999617e-05
1.133000000000000000e+04 9.280600000000000557e-05
1.133100000000000000e+04 9.335980000000000016e-05
1.133200000000000000e+04 9.391319999999999388e-05
1.133300000000000000e+04 9.446829999999999811e-05
1.133400000000000000e+04 9.502199999999999926e-05
1.133500000000000000e+04 9.557630000000000173e-05
1.133600000000000000e+04 9.613020000000000332e-05
1.133700000000000000e+04 9.668529999999999399e-05
1.133800000000000000e+04 9.724059999999999865e-05
1.133900000000000000e+04 9.779490000000000112e-05
1.134000000000000000e+04 9.834989999999999835e-05
1.134100000000000000e+04 9.889610000000000338e-05
1.134200000000000000e+04 9.944380000000000493e-05
1.134300000000000000e+04 9.999010000000000341e-05
1.134400000000000000e+04 1.005370000000000032e-04
1.134500000000000000e+04 1.010829999999999943e-04
1.134600000000000000e+04 1.016310000000000032e-04
1.134700000000000000e+04 1.021779999999999965e-04
1.134800000000000000e+04 1.027240000000000011e-04
1.134900000000000000e+04 1.032719999999999965e-04
1.135000000000000000e+04 1.038180000000000011e-04
1.135100000000000000e+04 1.043659999999999965e-04
1.135200000000000000e+04 1.049130000000000033e-04
1.135300000000000000e+04 1.054599999999999966e-04
1.135400000000000000e+04 1.060060000000000012e-04
1.135500000000000000e+04 1.065549999999999988e-04
1.135600000000000000e+04 1.071020000000000056e-04
1.135700000000000000e+04 1.076489999999999988e-04
1.135800000000000000e+04 1.081960000000000056e-04
1.135900000000000000e+04 1.087429999999999988e-04
1.136000000000000000e+04 1.092919999999999965e-04
1.136100000000000000e+04 1.098390000000000033e-04
1.136200000000000000e+04 1.103859999999999965e-04
1.136300000000000000e+04 1.109330000000000033e-04
1.136400000000000000e+04 1.114820000000000009e-04
1.136500000000000000e+04 1.120289999999999941e-04
1.136600000000000000e+04 1.125770000000000031e-04
1.136700000000000000e+04 1.131239999999999964e-04
1.136800000000000000e+04 1.136720000000000054e-04
1.136900000000000000e+04 1.142210000000000030e-04
1.137000000000000000e+04 1.147679999999999962e-04
1.137100000000000000e+04 1.153160000000000052e-04
1.137200000000000000e+04 1.158629999999999984e-04
1.137300000000000000e+04 1.164129999999999983e-04
1.137400000000000000e+04 1.169600000000000050e-04
1.137500000000000000e+04 1.175080000000000005e-04
1.137600000000000000e+04 1.180559999999999959e-04
1.137700000000000000e+04 1.186040000000000049e-04
1.137800000000000000e+04 1.191530000000000025e-04
1.137900000000000000e+04 1.197009999999999979e-04
1.138000000000000000e+04 1.202489999999999934e-04
1.138100000000000000e+04 1.208069999999999972e-04
1.138200000000000000e+04 1.213660000000000032e-04
1.138300000000000000e+04 1.219249999999999956e-04
1.138400000000000000e+04 1.224839999999999881e-04
1.138500000000000000e+04 1.230430000000000076e-04
1.138600000000000000e+04 1.236029999999999887e-04
1.138700000000000000e+04 1.241620000000000083e-04
1.138800000000000000e+04 1.247219999999999893e-04
1.138900000000000000e+04 1.252819999999999975e-04
1.139000000000000000e+04 1.258420000000000057e-04
1.139100000000000000e+04 1.263910000000000033e-04
1.139200000000000000e+04 1.269400000000000010e-04
1.139300000000000000e+04 1.274889999999999986e-04
1.139400000000000000e+04 1.280379999999999962e-04
1.139500000000000000e+04 1.285880000000000096e-04
1.139600000000000000e+04 1.291370000000000072e-04
1.139700000000000000e+04 1.296869999999999935e-04
1.139800000000000000e+04 1.302359999999999911e-04
1.139900000000000000e+04 1.307860000000000045e-04
1.140000000000000000e+04 1.313359999999999907e-04
1.140100000000000000e+04 1.318860000000000041e-04
1.140200000000000000e+04 1.324370000000000061e-04
1.140300000000000000e+04 1.329869999999999924e-04
1.140400000000000000e+04 1.335379999999999944e-04
1.140500000000000000e+04 1.340889999999999964e-04
1.140600000000000000e+04 1.346399999999999984e-04
1.140700000000000000e+04 1.351900000000000118e-04
1.140800000000000000e+04 1.357409999999999867e-04
1.140900000000000000e+04 1.362919999999999887e-04
1.141000000000000000e+04 1.368429999999999907e-04
1.141100000000000000e+04 1.373950000000000084e-04
1.141200000000000000e+04 1.379460000000000105e-04
1.141300000000000000e+04 1.384970000000000125e-04
1.141400000000000000e+04 1.390479999999999874e-04
1.141500000000000000e+04 1.395989999999999894e-04
1.141600000000000000e+04 1.401499999999999914e-04
1.141700000000000000e+04 1.407020000000000091e-04
1.141800000000000000e+04 1.412530000000000111e-04
1.141900000000000000e+04 1.418050000000000018e-04
1.142000000000000000e+04 1.423560000000000038e-04
1.142100000000000000e+04 1.429079999999999945e-04
1.142200000000000000e+04 1.434600000000000122e-04
1.142300000000000000e+04 1.440109999999999871e-04
1.142400000000000000e+04 1.445630000000000049e-04
1.142500000000000000e+04 1.451140000000000069e-04
1.142600000000000000e+04 1.456670000000000133e-04
1.142700000000000000e+04 1.462179999999999882e-04
1.142800000000000000e+04 1.467700000000000059e-04
1.142900000000000000e+04 1.473219999999999966e-04
1.143000000000000000e+04 1.478739999999999872e-04
1.143100000000000000e+04 1.484260000000000050e-04
1.143200000000000000e+04 1.489790000000000114e-04
1.143300000000000000e+04 1.495310000000000020e-04
1.143400000000000000e+04 1.500829999999999927e-04
1.143500000000000000e+04 1.506350000000000104e-04
1.143600000000000000e+04 1.511870000000000011e-04
1.143700000000000000e+04 1.517400000000000075e-04
1.143800000000000000e+04 1.522919999999999981e-04
1.143900000000000000e+04 1.528450000000000045e-04
1.144000000000000000e+04 1.533969999999999952e-04
1.144100000000000000e+04 1.539629999999999894e-04
1.144200000000000000e+04 1.545290000000000108e-04
1.144300000000000000e+04 1.550950000000000050e-04
1.144400000000000000e+04 1.556609999999999992e-04
1.144500000000000000e+04 1.562269999999999935e-04
1.144600000000000000e+04 1.567929999999999877e-04
1.144700000000000000e+04 1.573590000000000091e-04
1.144800000000000000e+04 1.579270000000000077e-04
1.144900000000000000e+04 1.584939999999999906e-04
1.145000000000000000e+04 1.590610000000000006e-04
1.145100000000000000e+04 1.596140000000000070e-04
1.145200000000000000e+04 1.601680000000000020e-04
1.145300000000000000e+04 1.607210000000000084e-04
1.145400000000000000e+04 1.612750000000000034e-04
1.145500000000000000e+04 1.618289999999999985e-04
1.145600000000000000e+04 1.623820000000000049e-04
1.145700000000000000e+04 1.629359999999999999e-04
1.145800000000000000e+04 1.634899999999999949e-04
1.145900000000000000e+04 1.640439999999999900e-04
1.146000000000000000e+04 1.645980000000000121e-04
1.146100000000000000e+04 1.651520000000000071e-04
1.146200000000000000e+04 1.657060000000000022e-04
1.146300000000000000e+04 1.662599999999999972e-04
1.146400000000000000e+04 1.668139999999999922e-04
1.146500000000000000e+04 1.673679999999999873e-04
1.146600000000000000e+04 1.679229999999999980e-04
1.146700000000000000e+04 1.684769999999999931e-04
1.146800000000000000e+04 1.690309999999999881e-04
1.146900000000000000e+04 1.695859999999999989e-04
1.147000000000000000e+04 1.701399999999999939e-04
1.147100000000000000e+04 1.706950000000000047e-04
1.147200000000000000e+04 1.712489999999999997e-04
1.147300000000000000e+04 1.718040000000000105e-04
1.147400000000000000e+04 1.723589999999999942e-04
1.147500000000000000e+04 1.729129999999999892e-04
1.147600000000000000e+04 1.734680000000000000e-04
1.147700000000000000e+04 1.740230000000000108e-04
1.147800000000000000e+04 1.745779999999999945e-04
1.147900000000000000e+04 1.751330000000000052e-04
1.148000000000000000e+04 1.756879999999999889e-04
1.148100000000000000e+04 1.762429999999999997e-04
1.148200000000000000e+04 1.767980000000000105e-04
1.148300000000000000e+04 1.773529999999999942e-04
1.148400000000000000e+04 1.779080000000000049e-04
1.148500000000000000e+04 1.784629999999999886e-04
1.148600000000000000e+04 1.790179999999999994e-04
1.148700000000000000e+04 1.795739999999999988e-04
1.148800000000000000e+04 1.801290000000000096e-04
1.148900000000000000e+04 1.806850000000000090e-04
1.149000000000000000e+04 1.812399999999999927e-04
1.149100000000000000e+04 1.818110000000000114e-04
1.149200000000000000e+04 1.823820000000000031e-04
1.149300000000000000e+04 1.829529999999999948e-04
1.149400000000000000e+04 1.835250000000000022e-04
1.149500000000000000e+04 1.840970000000000095e-04
1.149600000000000000e+04 1.846680000000000012e-04
1.149700000000000000e+04 1.852400000000000086e-04
1.149800000000000000e+04 1.858119999999999889e-04
1.149900000000000000e+04 1.863839999999999963e-04
1.150000000000000000e+04 1.869569999999999923e-04
1.150100000000000000e+04 1.875120000000000031e-04
1.150200000000000000e+04 1.880669999999999868e-04
1.150300000000000000e+04 1.886230000000000133e-04
1.150400000000000000e+04 1.891790000000000127e-04
1.150500000000000000e+04 1.897339999999999964e-04
1.150600000000000000e+04 1.902899999999999958e-04
1.150700000000000000e+04 1.908450000000000066e-04
1.150800000000000000e+04 1.914010000000000060e-04
1.150900000000000000e+04 1.919579999999999941e-04
1.151000000000000000e+04 1.925130000000000049e-04
1.151100000000000000e+04 1.930690000000000043e-04
1.151200000000000000e+04 1.936250000000000037e-04
1.151300000000000000e+04 1.941819999999999918e-04
1.151400000000000000e+04 1.947370000000000025e-04
1.151500000000000000e+04 1.952930000000000020e-04
1.151600000000000000e+04 1.958490000000000014e-04
1.151700000000000000e+04 1.964059999999999894e-04
1.151800000000000000e+04 1.969619999999999889e-04
1.151900000000000000e+04 1.975179999999999883e-04
1.152000000000000000e+04 1.980739999999999877e-04
1.152100000000000000e+04 1.986299999999999871e-04
1.152200000000000000e+04 1.991879999999999909e-04
1.152300000000000000e+04 1.997439999999999904e-04
1.152400000000000000e+04 2.002999999999999898e-04
1.152500000000000000e+04 2.008559999999999892e-04
1.152600000000000000e+04 2.014139999999999930e-04
1.152700000000000000e+04 2.019699999999999924e-04
1.152800000000000000e+04 2.025259999999999918e-04
1.152900000000000000e+04 2.030830000000000070e-04
1.153000000000000000e+04 2.036390000000000064e-04
1.153100000000000000e+04 2.041970000000000102e-04
1.153200000000000000e+04 2.047530000000000096e-04
1.153300000000000000e+04 2.053099999999999977e-04
1.153400000000000000e+04 2.058670000000000129e-04
1.153500000000000000e+04 2.064249999999999896e-04
1.153600000000000000e+04 2.069809999999999890e-04
1.153700000000000000e+04 2.075380000000000042e-04
1.153800000000000000e+04 2.080949999999999922e-04
1.153900000000000000e+04 2.086520000000000074e-04
1.154000000000000000e+04 2.092100000000000112e-04
1.154100000000000000e+04 2.097850000000000116e-04
1.154200000000000000e+04 2.103600000000000120e-04
1.154300000000000000e+04 2.109350000000000125e-04
1.154400000000000000e+04 2.115119999999999902e-04
1.154500000000000000e+04 2.120869999999999906e-04
1.154600000000000000e+04 2.126619999999999910e-04
1.154700000000000000e+04 2.132380000000000072e-04
1.154800000000000000e+04 2.138150000000000120e-04
1.154900000000000000e+04 2.143910000000000011e-04
1.155000000000000000e+04 2.149669999999999901e-04
1.155100000000000000e+04 2.155249999999999939e-04
1.155200000000000000e+04 2.160829999999999977e-04
1.155300000000000000e+04 2.166419999999999902e-04
1.155400000000000000e+04 2.171999999999999940e-04
1.155500000000000000e+04 2.177579999999999978e-04
1.155600000000000000e+04 2.183160000000000016e-04
1.155700000000000000e+04 2.188749999999999940e-04
1.155800000000000000e+04 2.194339999999999865e-04
1.155900000000000000e+04 2.199919999999999903e-04
1.156000000000000000e+04 2.205510000000000098e-04
1.156100000000000000e+04 2.211089999999999865e-04
1.156200000000000000e+04 2.216680000000000061e-04
1.156300000000000000e+04 2.222260000000000099e-04
1.156400000000000000e+04 2.227850000000000023e-04
1.156500000000000000e+04 2.233430000000000061e-04
1.156600000000000000e+04 2.239029999999999872e-04
1.156700000000000000e+04 2.244609999999999910e-04
1.156800000000000000e+04 2.250200000000000106e-04
1.156900000000000000e+04 2.255790000000000030e-04
1.157000000000000000e+04 2.261379999999999955e-04
1.157100000000000000e+04 2.266969999999999879e-04
1.157200000000000000e+04 2.272560000000000075e-04
1.157300000000000000e+04 2.278149999999999999e-04
1.157400000000000000e+04 2.283739999999999924e-04
1.157500000000000000e+04 2.289340000000000006e-04
1.157600000000000000e+04 2.294929999999999930e-04
1.157700000000000000e+04 2.300520000000000126e-04
1.157800000000000000e+04 2.306119999999999936e-04
1.157900000000000000e+04 2.311710000000000132e-04
1.158000000000000000e+04 2.317300000000000056e-04
1.158100000000000000e+04 2.322899999999999867e-04
1.158200000000000000e+04 2.328490000000000063e-04
1.158300000000000000e+04 2.334079999999999987e-04
1.158400000000000000e+04 2.339680000000000069e-04
1.158500000000000000e+04 2.345279999999999880e-04
1.158600000000000000e+04 2.350879999999999962e-04
1.158700000000000000e+04 2.356469999999999886e-04
1.158800000000000000e+04 2.362069999999999968e-04
1.158900000000000000e+04 2.367670000000000050e-04
1.159000000000000000e+04 2.373270000000000132e-04
1.159100000000000000e+04 2.379070000000000110e-04
1.159200000000000000e+04 2.384870000000000089e-04
1.159300000000000000e+04 2.390679999999999954e-04
1.159400000000000000e+04 2.396479999999999932e-04
1.159500000000000000e+04 2.402290000000000068e-04
1.159600000000000000e+04 2.408090000000000046e-04
1.159700000000000000e+04 2.413910000000000068e-04
1.159800000000000000e+04 2.419719999999999933e-04
1.159900000000000000e+04 2.425530000000000069e-04
1.160000000000000000e+04 2.431350000000000091e-04
1.160100000000000000e+04 2.436960000000000059e-04
1.160200000000000000e+04 2.442570000000000028e-04
1.160300000000000000e+04 2.448179999999999996e-04
1.160400000000000000e+04 2.453789999999999964e-04
1.160500000000000000e+04 2.459389999999999775e-04
1.160600000000000000e+04 2.465009999999999901e-04
1.160700000000000000e+04 2.470619999999999869e-04
1.160800000000000000e+04 2.476239999999999995e-04
1.160900000000000000e+04 2.481849999999999963e-04
1.161000000000000000e+04 2.487459999999999932e-04
1.161100000000000000e+04 2.493080000000000057e-04
1.161200000000000000e+04 2.498690000000000026e-04
1.161300000000000000e+04 2.504310000000000151e-04
1.161400000000000000e+04 2.509920000000000120e-04
1.161500000000000000e+04 2.515540000000000245e-04
1.161600000000000000e+04 2.521150000000000214e-04
1.161700000000000000e+04 2.526769999999999797e-04
1.161800000000000000e+04 2.532389999999999923e-04
1.161900000000000000e+04 2.538010000000000049e-04
1.162000000000000000e+04 2.543620000000000017e-04
1.162100000000000000e+04 2.549240000000000143e-04
1.162200000000000000e+04 2.554860000000000269e-04
1.162300000000000000e+04 2.560479999999999852e-04
1.162400000000000000e+04 2.566099999999999978e-04
1.162500000000000000e+04 2.571720000000000104e-04
1.162600000000000000e+04 2.577340000000000230e-04
1.162700000000000000e+04 2.582959999999999813e-04
1.162800000000000000e+04 2.588590000000000097e-04
1.162900000000000000e+04 2.594210000000000222e-04
1.163000000000000000e+04 2.599829999999999806e-04
1.163100000000000000e+04 2.605679999999999759e-04
1.163200000000000000e+04 2.611520000000000096e-04
1.163300000000000000e+04 2.617370000000000048e-04
1.163400000000000000e+04 2.623220000000000001e-04
1.163500000000000000e+04 2.629069999999999953e-04
1.163600000000000000e+04 2.634919999999999905e-04
1.163700000000000000e+04 2.640769999999999858e-04
1.163800000000000000e+04 2.646629999999999968e-04
1.163900000000000000e+04 2.652479999999999920e-04
1.164000000000000000e+04 2.658340000000000030e-04
1.164100000000000000e+04 2.663969999999999771e-04
1.164200000000000000e+04 2.669610000000000212e-04
1.164300000000000000e+04 2.675239999999999953e-04
1.164400000000000000e+04 2.680870000000000236e-04
1.164500000000000000e+04 2.686510000000000135e-04
1.164600000000000000e+04 2.692139999999999876e-04
1.164700000000000000e+04 2.697779999999999775e-04
1.164800000000000000e+04 2.703410000000000058e-04
1.164900000000000000e+04 2.709049999999999956e-04
1.165000000000000000e+04 2.714680000000000240e-04
1.165100000000000000e+04 2.720320000000000138e-04
1.165200000000000000e+04 2.725960000000000037e-04
1.165300000000000000e+04 2.731599999999999935e-04
1.165400000000000000e+04 2.737230000000000218e-04
1.165500000000000000e+04 2.742870000000000117e-04
1.165600000000000000e+04 2.748510000000000016e-04
1.165700000000000000e+04 2.754149999999999914e-04
1.165800000000000000e+04 2.759799999999999970e-04
1.165900000000000000e+04 2.765430000000000253e-04
1.166000000000000000e+04 2.771070000000000152e-04
1.166100000000000000e+04 2.776710000000000051e-04
1.166200000000000000e+04 2.782360000000000107e-04
1.166300000000000000e+04 2.788000000000000005e-04
1.166400000000000000e+04 2.793639999999999904e-04
1.166500000000000000e+04 2.799279999999999802e-04
1.166600000000000000e+04 2.804920000000000243e-04
1.166700000000000000e+04 2.810569999999999757e-04
1.166800000000000000e+04 2.816210000000000198e-04
1.166900000000000000e+04 2.821860000000000254e-04
1.167000000000000000e+04 2.827500000000000152e-04
1.167100000000000000e+04 2.833150000000000208e-04
1.167200000000000000e+04 2.838800000000000264e-04
1.167300000000000000e+04 2.844440000000000163e-04
1.167400000000000000e+04 2.850090000000000219e-04
1.167500000000000000e+04 2.855739999999999733e-04
1.167600000000000000e+04 2.861389999999999789e-04
1.167700000000000000e+04 2.867030000000000229e-04
1.167800000000000000e+04 2.872679999999999743e-04
1.167900000000000000e+04 2.878329999999999799e-04
1.168000000000000000e+04 2.883990000000000013e-04
1.168100000000000000e+04 2.889880000000000053e-04
1.168200000000000000e+04 2.895780000000000251e-04
1.168300000000000000e+04 2.901669999999999749e-04
1.168400000000000000e+04 2.907569999999999946e-04
1.168500000000000000e+04 2.913470000000000144e-04
1.168600000000000000e+04 2.919379999999999957e-04
1.168700000000000000e+04 2.925280000000000154e-04
1.168800000000000000e+04 2.931189999999999967e-04
1.168900000000000000e+04 2.937099999999999780e-04
1.169000000000000000e+04 2.942999999999999978e-04
1.169100000000000000e+04 2.948660000000000191e-04
1.169200000000000000e+04 2.954319999999999863e-04
1.169300000000000000e+04 2.959990000000000234e-04
1.169400000000000000e+04 2.965639999999999748e-04
1.169500000000000000e+04 2.971310000000000119e-04
1.169600000000000000e+04 2.976960000000000175e-04
1.169700000000000000e+04 2.982630000000000003e-04
1.169800000000000000e+04 2.988299999999999832e-04
1.169900000000000000e+04 2.993960000000000046e-04
1.170000000000000000e+04 2.999620000000000259e-04
1.170100000000000000e+04 3.005279999999999931e-04
1.170200000000000000e+04 3.010949999999999759e-04
1.170300000000000000e+04 3.016609999999999973e-04
1.170400000000000000e+04 3.022279999999999802e-04
1.170500000000000000e+04 3.027940000000000015e-04
1.170600000000000000e+04 3.033609999999999844e-04
1.170700000000000000e+04 3.039280000000000215e-04
1.170800000000000000e+04 3.044939999999999886e-04
1.170900000000000000e+04 3.050610000000000257e-04
1.171000000000000000e+04 3.056269999999999929e-04
1.171100000000000000e+04 3.061949999999999915e-04
1.171200000000000000e+04 3.067619999999999744e-04
1.171300000000000000e+04 3.073290000000000115e-04
1.171400000000000000e+04 3.078949999999999786e-04
1.171500000000000000e+04 3.084629999999999772e-04
1.171600000000000000e+04 3.090300000000000143e-04
1.171700000000000000e+04 3.095969999999999972e-04
1.171800000000000000e+04 3.101639999999999801e-04
1.171900000000000000e+04 3.107310000000000172e-04
1.172000000000000000e+04 3.112990000000000158e-04
1.172100000000000000e+04 3.118919999999999744e-04
1.172200000000000000e+04 3.124860000000000029e-04
1.172300000000000000e+04 3.130799999999999772e-04
1.172400000000000000e+04 3.136750000000000215e-04
1.172500000000000000e+04 3.142689999999999958e-04
1.172600000000000000e+04 3.148630000000000244e-04
1.172700000000000000e+04 3.154580000000000144e-04
1.172800000000000000e+04 3.160519999999999888e-04
1.172900000000000000e+04 3.166479999999999946e-04
1.173000000000000000e+04 3.172420000000000231e-04
1.173100000000000000e+04 3.178109999999999833e-04
1.173200000000000000e+04 3.183789999999999819e-04
1.173300000000000000e+04 3.189479999999999963e-04
1.173400000000000000e+04 3.195159999999999949e-04
1.173500000000000000e+04 3.200839999999999935e-04
1.173600000000000000e+04 3.206519999999999922e-04
1.173700000000000000e+04 3.212210000000000065e-04
1.173800000000000000e+04 3.217900000000000209e-04
1.173900000000000000e+04 3.223580000000000195e-04
1.174000000000000000e+04 3.229269999999999797e-04
1.174100000000000000e+04 3.234949999999999783e-04
1.174200000000000000e+04 3.240639999999999927e-04
1.174300000000000000e+04 3.246330000000000071e-04
1.174400000000000000e+04 3.276469999999999752e-04
1.174500000000000000e+04 3.313200000000000194e-04
1.174600000000000000e+04 3.350000000000000113e-04
1.174700000000000000e+04 3.386800000000000032e-04
1.174800000000000000e+04 3.423540000000000090e-04
1.174900000000000000e+04 3.460310000000000078e-04
1.175000000000000000e+04 3.497080000000000067e-04
1.175100000000000000e+04 3.533860000000000213e-04
1.175200000000000000e+04 3.570639999999999817e-04
1.175300000000000000e+04 3.607430000000000120e-04
1.175400000000000000e+04 3.644179999999999794e-04
1.175500000000000000e+04 3.681000000000000027e-04
1.175600000000000000e+04 3.717799999999999946e-04
1.175700000000000000e+04 3.754590000000000249e-04
1.175800000000000000e+04 3.791390000000000168e-04
1.175900000000000000e+04 3.828200000000000244e-04
1.176000000000000000e+04 3.865000000000000163e-04
1.176100000000000000e+04 3.901810000000000239e-04
1.176200000000000000e+04 3.938619999999999773e-04
1.176300000000000000e+04 3.975399999999999919e-04
1.176400000000000000e+04 4.110539999999999984e-04
1.176500000000000000e+04 4.273190000000000061e-04
1.176600000000000000e+04 4.435849999999999754e-04
1.176700000000000000e+04 4.598520000000000147e-04
1.176800000000000000e+04 4.761200000000000154e-04
1.176900000000000000e+04 4.923899999999999935e-04
1.177000000000000000e+04 5.086609999999999873e-04
1.177100000000000000e+04 5.249779999999999464e-04
1.177200000000000000e+04 5.412989999999999685e-04
1.177300000000000000e+04 5.576240000000000537e-04
1.177400000000000000e+04 5.739529999999999849e-04
1.177500000000000000e+04 5.902859999999999791e-04
1.177600000000000000e+04 6.066070000000000012e-04
1.177700000000000000e+04 6.229649999999999554e-04
1.177800000000000000e+04 6.393100000000000302e-04
1.177900000000000000e+04 6.556589999999999510e-04
1.178000000000000000e+04 6.720129999999999507e-04
1.178100000000000000e+04 6.883119999999999516e-04
1.178200000000000000e+04 7.046129999999999841e-04
1.178300000000000000e+04 7.209150000000000323e-04
1.178400000000000000e+04 7.534959999999999835e-04
1.178500000000000000e+04 7.907320000000000451e-04
1.178600000000000000e+04 8.280450000000000180e-04
1.178700000000000000e+04 8.653229999999999819e-04
1.178800000000000000e+04 9.026050000000000089e-04
1.178900000000000000e+04 9.398899999999999746e-04
1.179000000000000000e+04 9.771770000000000803e-04
1.179100000000000000e+04 1.014469999999999955e-03
1.179200000000000000e+04 1.051760000000000108e-03
1.179300000000000000e+04 1.089059999999999985e-03
1.179400000000000000e+04 1.126360000000000078e-03
1.179500000000000000e+04 1.163659999999999955e-03
1.179600000000000000e+04 1.200969999999999989e-03
1.179700000000000000e+04 1.238280000000000023e-03
1.179800000000000000e+04 1.275590000000000057e-03
1.179900000000000000e+04 1.312900000000000091e-03
1.180000000000000000e+04 1.350220000000000066e-03
1.180100000000000000e+04 1.387519999999999943e-03
1.180200000000000000e+04 1.424829999999999977e-03
1.180300000000000000e+04 1.462130000000000070e-03
1.180400000000000000e+04 1.511600000000000096e-03
1.180500000000000000e+04 1.564709999999999972e-03
1.180600000000000000e+04 1.617820000000000065e-03
1.180700000000000000e+04 1.670990000000000019e-03
1.180800000000000000e+04 1.724059999999999915e-03
1.180900000000000000e+04 1.777179999999999949e-03
1.181000000000000000e+04 1.830309999999999923e-03
1.181100000000000000e+04 1.883600000000000031e-03
1.181200000000000000e+04 1.936900000000000080e-03
1.181300000000000000e+04 1.990210000000000069e-03
1.181400000000000000e+04 2.043529999999999999e-03
1.181500000000000000e+04 2.096869999999999810e-03
1.181600000000000000e+04 2.150210000000000055e-03
1.181700000000000000e+04 2.203570000000000181e-03
1.181800000000000000e+04 2.256939999999999814e-03
1.181900000000000000e+04 2.310330000000000196e-03
1.182000000000000000e+04 2.363720000000000144e-03
1.182100000000000000e+04 2.416919999999999919e-03
1.182200000000000000e+04 2.470130000000000069e-03
1.182300000000000000e+04 2.523329999999999844e-03
1.182400000000000000e+04 2.602680000000000011e-03
1.182500000000000000e+04 2.690090000000000016e-03
1.182600000000000000e+04 2.777490000000000080e-03
1.182700000000000000e+04 2.864900000000000085e-03
1.182800000000000000e+04 2.952320000000000031e-03
1.182900000000000000e+04 3.039819999999999935e-03
1.183000000000000000e+04 3.127159999999999922e-03
1.183100000000000000e+04 3.214589999999999809e-03
1.183200000000000000e+04 3.302030000000000069e-03
1.183300000000000000e+04 3.389469999999999896e-03
1.183400000000000000e+04 3.476910000000000157e-03
1.183500000000000000e+04 3.564359999999999924e-03
1.183600000000000000e+04 3.651810000000000125e-03
1.183700000000000000e+04 3.739269999999999834e-03
1.183800000000000000e+04 3.826809999999999934e-03
1.183900000000000000e+04 3.914199999999999624e-03
1.184000000000000000e+04 4.001669999999999706e-03
1.184100000000000000e+04 4.089139999999999789e-03
1.184200000000000000e+04 4.176619999999999812e-03
1.184300000000000000e+04 4.264109999999999775e-03
1.184400000000000000e+04 4.376340000000000265e-03
1.184500000000000000e+04 4.496439999999999985e-03
1.184600000000000000e+04 4.616549999999999647e-03
1.184700000000000000e+04 4.736790000000000271e-03
1.184800000000000000e+04 4.856789999999999718e-03
1.184900000000000000e+04 4.976920000000000129e-03
1.185000000000000000e+04 5.097049999999999671e-03
1.185100000000000000e+04 5.217750000000000166e-03
1.185200000000000000e+04 5.338250000000000113e-03
1.185300000000000000e+04 5.458880000000000156e-03
1.185400000000000000e+04 5.579549999999999961e-03
1.185500000000000000e+04 5.700239999999999647e-03
1.185600000000000000e+04 5.820960000000000023e-03
1.185700000000000000e+04 5.941700000000000280e-03
1.185800000000000000e+04 6.062470000000000359e-03
1.185900000000000000e+04 6.183270000000000259e-03
1.186000000000000000e+04 6.304210000000000196e-03
1.186100000000000000e+04 6.424400000000000249e-03
1.186200000000000000e+04 6.544709999999999590e-03
1.186300000000000000e+04 6.665029999999999739e-03
1.186400000000000000e+04 6.845870000000000427e-03
1.186500000000000000e+04 7.046479999999999931e-03
1.186600000000000000e+04 7.247110000000000184e-03
1.186700000000000000e+04 7.447739999999999569e-03
1.186800000000000000e+04 7.648379999999999762e-03
1.186900000000000000e+04 7.849230000000000443e-03
1.187000000000000000e+04 8.049699999999999911e-03
1.187100000000000000e+04 8.250369999999999926e-03
1.187200000000000000e+04 8.451059999999999822e-03
1.187300000000000000e+04 8.651950000000000265e-03
1.187400000000000000e+04 8.852459999999999496e-03
1.187500000000000000e+04 9.053179999999999214e-03
1.187600000000000000e+04 9.253710000000000060e-03
1.187700000000000000e+04 9.454650000000000207e-03
1.187800000000000000e+04 9.655590000000000353e-03
1.187900000000000000e+04 9.856159999999999227e-03
1.188000000000000000e+04 1.005690000000000056e-02
1.188100000000000000e+04 1.025749999999999926e-02
1.188200000000000000e+04 1.045869999999999959e-02
1.188300000000000000e+04 1.065930000000000002e-02
1.188400000000000000e+04 1.096090000000000085e-02
1.188500000000000000e+04 1.129589999999999934e-02
1.188600000000000000e+04 1.163170000000000003e-02
1.188700000000000000e+04 1.196739999999999957e-02
1.188800000000000000e+04 1.230249999999999920e-02
1.188900000000000000e+04 1.263799999999999993e-02
1.189000000000000000e+04 1.297309999999999956e-02
1.189100000000000000e+04 1.331040000000000001e-02
1.189200000000000000e+04 1.364669999999999946e-02
1.189300000000000000e+04 1.398349999999999940e-02
1.189400000000000000e+04 1.431999999999999940e-02
1.189500000000000000e+04 1.465759999999999980e-02
1.189600000000000000e+04 1.499419999999999920e-02
1.189700000000000000e+04 1.533130000000000083e-02
1.189800000000000000e+04 1.566839999999999899e-02
1.189900000000000000e+04 1.600530000000000008e-02
1.190000000000000000e+04 1.634330000000000158e-02
1.190100000000000000e+04 1.667889999999999998e-02
1.190200000000000000e+04 1.701480000000000006e-02
1.190300000000000000e+04 1.735050000000000134e-02
1.190400000000000000e+04 1.783989999999999881e-02
1.190500000000000000e+04 1.838069999999999982e-02
1.190600000000000000e+04 1.892210000000000072e-02
1.190700000000000000e+04 1.946350000000000163e-02
1.190800000000000000e+04 2.000439999999999857e-02
1.190900000000000000e+04 2.054689999999999989e-02
1.191000000000000000e+04 2.108789999999999970e-02
1.191100000000000000e+04 2.162940000000000002e-02
1.191200000000000000e+04 2.217039999999999983e-02
1.191300000000000000e+04 2.271300000000000055e-02
1.191400000000000000e+04 2.325409999999999977e-02
1.191500000000000000e+04 2.379569999999999949e-02
1.191600000000000000e+04 2.433690000000000159e-02
1.191700000000000000e+04 2.487910000000000121e-02
1.191800000000000000e+04 2.542130000000000084e-02
1.191900000000000000e+04 2.596249999999999947e-02
1.192000000000000000e+04 2.650430000000000147e-02
1.192100000000000000e+04 2.704559999999999950e-02
1.192200000000000000e+04 2.758849999999999844e-02
1.192300000000000000e+04 2.812979999999999994e-02
1.192400000000000000e+04 2.901669999999999944e-02
1.192500000000000000e+04 3.002499999999999961e-02
1.192600000000000000e+04 3.103529999999999830e-02
1.192700000000000000e+04 3.204570000000000335e-02
1.192800000000000000e+04 3.305410000000000292e-02
1.192900000000000000e+04 3.406359999999999943e-02
1.193000000000000000e+04 3.507210000000000188e-02
1.193100000000000000e+04 3.608270000000000227e-02
1.193200000000000000e+04 3.709239999999999760e-02
1.193300000000000000e+04 3.810209999999999986e-02
1.193400000000000000e+04 3.911089999999999706e-02
1.193500000000000000e+04 4.012160000000000032e-02
1.193600000000000000e+04 4.113150000000000139e-02
1.193700000000000000e+04 4.214140000000000247e-02
1.193800000000000000e+04 4.315139999999999948e-02
1.193900000000000000e+04 4.416140000000000343e-02
1.194000000000000000e+04 4.517150000000000332e-02
1.194100000000000000e+04 4.618549999999999739e-02
1.194200000000000000e+04 4.719980000000000009e-02
1.194300000000000000e+04 4.821319999999999772e-02
1.194400000000000000e+04 4.979360000000000036e-02
1.194500000000000000e+04 5.157969999999999916e-02
1.194600000000000000e+04 5.336609999999999965e-02
1.194700000000000000e+04 5.515300000000000064e-02
1.194800000000000000e+04 5.694020000000000331e-02
1.194900000000000000e+04 5.872779999999999667e-02
1.195000000000000000e+04 6.051589999999999747e-02
1.195100000000000000e+04 6.229900000000000021e-02
1.195200000000000000e+04 6.408049999999999857e-02
1.195300000000000000e+04 6.586559999999999637e-02
1.195400000000000000e+04 6.764900000000000080e-02
1.195500000000000000e+04 6.943249999999999422e-02
1.195600000000000000e+04 7.121439999999999715e-02
1.195700000000000000e+04 7.299990000000000645e-02
1.195800000000000000e+04 7.478369999999999462e-02
1.195900000000000000e+04 7.656770000000000242e-02
1.196000000000000000e+04 7.835159999999999347e-02
1.196100000000000000e+04 8.013579999999999315e-02
1.196200000000000000e+04 8.191990000000000383e-02
1.196300000000000000e+04 8.370420000000000638e-02
1.196400000000000000e+04 8.652790000000000481e-02
1.196500000000000000e+04 8.973979999999999457e-02
1.196600000000000000e+04 9.295810000000000184e-02
1.196700000000000000e+04 9.617340000000000610e-02
1.196800000000000000e+04 9.938890000000000224e-02
1.196900000000000000e+04 1.026050000000000018e-01
1.197000000000000000e+04 1.058199999999999974e-01
1.197100000000000000e+04 1.090359999999999940e-01
1.197200000000000000e+04 1.122530000000000056e-01
1.197300000000000000e+04 1.154690000000000022e-01
1.197400000000000000e+04 1.186849999999999988e-01
1.197500000000000000e+04 1.219019999999999965e-01
1.197600000000000000e+04 1.251190000000000080e-01
1.197700000000000000e+04 1.283360000000000056e-01
1.197800000000000000e+04 1.315530000000000033e-01
1.197900000000000000e+04 1.347700000000000009e-01
1.198000000000000000e+04 1.379879999999999995e-01
1.198100000000000000e+04 1.412180000000000102e-01
1.198200000000000000e+04 1.444479999999999931e-01
1.198300000000000000e+04 1.476790000000000047e-01
1.198400000000000000e+04 1.526879999999999904e-01
1.198500000000000000e+04 1.583859999999999990e-01
1.198600000000000000e+04 1.640860000000000096e-01
1.198700000000000000e+04 1.697869999999999935e-01
1.198800000000000000e+04 1.754890000000000061e-01
1.198900000000000000e+04 1.811929999999999930e-01
1.199000000000000000e+04 1.868980000000000086e-01
1.199100000000000000e+04 1.925870000000000082e-01
1.199200000000000000e+04 1.982770000000000088e-01
1.199300000000000000e+04 2.039680000000000104e-01
1.199400000000000000e+04 2.096580000000000110e-01
1.199500000000000000e+04 2.153490000000000126e-01
1.199600000000000000e+04 2.210409999999999875e-01
1.199700000000000000e+04 2.267319999999999891e-01
1.199800000000000000e+04 2.324239999999999917e-01
1.199900000000000000e+04 2.381159999999999943e-01
1.200000000000000000e+04 2.438089999999999979e-01
1.200100000000000000e+04 2.495050000000000046e-01
1.200200000000000000e+04 2.552010000000000112e-01
1.200300000000000000e+04 2.608980000000000188e-01
1.200400000000000000e+04 2.670350000000000223e-01
1.200500000000000000e+04 2.733490000000000086e-01
1.200600000000000000e+04 2.796629999999999949e-01
1.200700000000000000e+04 2.859769999999999812e-01
1.200800000000000000e+04 2.922919999999999963e-01
1.200900000000000000e+04 2.986130000000000173e-01
1.201000000000000000e+04 3.049229999999999996e-01
1.201100000000000000e+04 3.112389999999999879e-01
1.201200000000000000e+04 3.175560000000000049e-01
1.201300000000000000e+04 3.238730000000000220e-01
1.201400000000000000e+04 3.301910000000000123e-01
1.201500000000000000e+04 3.365090000000000026e-01
1.201600000000000000e+04 3.428269999999999929e-01
1.201700000000000000e+04 3.491469999999999851e-01
1.201800000000000000e+04 3.554720000000000102e-01
1.201900000000000000e+04 3.617859999999999965e-01
1.202000000000000000e+04 3.681070000000000175e-01
1.202100000000000000e+04 3.744600000000000151e-01
1.202200000000000000e+04 3.808139999999999858e-01
1.202300000000000000e+04 3.871700000000000141e-01
1.202400000000000000e+04 3.924239999999999950e-01
1.202500000000000000e+04 3.972310000000000008e-01
1.202600000000000000e+04 4.020389999999999797e-01
1.202700000000000000e+04 4.068530000000000202e-01
1.202800000000000000e+04 4.116580000000000239e-01
1.202900000000000000e+04 4.164700000000000069e-01
1.203000000000000000e+04 4.212830000000000186e-01
1.203100000000000000e+04 4.260650000000000270e-01
1.203200000000000000e+04 4.308390000000000275e-01
1.203300000000000000e+04 4.356180000000000052e-01
1.203400000000000000e+04 4.403969999999999829e-01
1.203500000000000000e+04 4.451760000000000161e-01
1.203600000000000000e+04 4.499560000000000226e-01
1.203700000000000000e+04 4.547359999999999736e-01
1.203800000000000000e+04 4.595170000000000088e-01
1.203900000000000000e+04 4.642979999999999885e-01
1.204000000000000000e+04 4.690830000000000277e-01
1.204100000000000000e+04 4.738609999999999767e-01
1.204200000000000000e+04 4.786429999999999851e-01
1.204300000000000000e+04 4.834249999999999936e-01
1.204400000000000000e+04 4.861199999999999966e-01
1.204500000000000000e+04 4.879430000000000156e-01
1.204600000000000000e+04 4.897650000000000059e-01
1.204700000000000000e+04 4.915880000000000249e-01
1.204800000000000000e+04 4.934109999999999885e-01
1.204900000000000000e+04 4.952360000000000095e-01
1.205000000000000000e+04 4.970570000000000266e-01
1.205100000000000000e+04 4.988799999999999901e-01
1.205200000000000000e+04 5.007030000000000092e-01
1.205300000000000000e+04 5.025290000000000035e-01
1.205400000000000000e+04 5.043509999999999938e-01
1.205500000000000000e+04 5.061750000000000416e-01
1.205600000000000000e+04 5.079970000000000319e-01
1.205700000000000000e+04 5.098230000000000262e-01
1.205800000000000000e+04 5.116490000000000204e-01
1.205900000000000000e+04 5.134710000000000107e-01
1.206000000000000000e+04 5.152959999999999763e-01
1.206100000000000000e+04 5.171620000000000106e-01
1.206200000000000000e+04 5.190339999999999954e-01
1.206300000000000000e+04 5.209019999999999762e-01
1.206400000000000000e+04 5.216819999999999791e-01
1.206500000000000000e+04 5.219970000000000443e-01
1.206600000000000000e+04 5.223119999999999985e-01
1.206700000000000000e+04 5.226269999999999527e-01
1.206800000000000000e+04 5.229409999999999892e-01
1.206900000000000000e+04 5.232560000000000544e-01
1.207000000000000000e+04 5.235699999999999799e-01
1.207100000000000000e+04 5.238420000000000298e-01
1.207200000000000000e+04 5.241120000000000223e-01
1.207300000000000000e+04 5.243830000000000435e-01
1.207400000000000000e+04 5.246530000000000360e-01
1.207500000000000000e+04 5.249249999999999750e-01
1.207600000000000000e+04 5.251949999999999674e-01
1.207700000000000000e+04 5.254659999999999886e-01
1.207800000000000000e+04 5.257370000000000099e-01
1.207900000000000000e+04 5.260080000000000311e-01
1.208000000000000000e+04 5.262790000000000523e-01
1.208100000000000000e+04 5.265499999999999625e-01
1.208200000000000000e+04 5.268209999999999837e-01
1.208300000000000000e+04 5.270909999999999762e-01
1.208400000000000000e+04 5.271010000000000417e-01
1.208500000000000000e+04 5.269960000000000200e-01
1.208600000000000000e+04 5.268920000000000270e-01
1.208700000000000000e+04 5.267870000000000053e-01
1.208800000000000000e+04 5.266819999999999835e-01
1.208900000000000000e+04 5.265760000000000440e-01
1.209000000000000000e+04 5.264710000000000223e-01
1.209100000000000000e+04 5.263660000000000005e-01
1.209200000000000000e+04 5.262609999999999788e-01
1.209300000000000000e+04 5.261559999999999571e-01
1.209400000000000000e+04 5.260510000000000463e-01
1.209500000000000000e+04 5.259460000000000246e-01
1.209600000000000000e+04 5.258410000000000029e-01
1.209700000000000000e+04 5.257359999999999811e-01
1.209800000000000000e+04 5.256309999999999594e-01
1.209900000000000000e+04 5.255260000000000487e-01
1.210000000000000000e+04 5.254210000000000269e-01
1.210100000000000000e+04 5.253600000000000492e-01
1.210200000000000000e+04 5.252989999999999604e-01
1.210300000000000000e+04 5.252379999999999827e-01
1.210400000000000000e+04 5.251989999999999714e-01
1.210500000000000000e+04 5.251700000000000257e-01
1.210600000000000000e+04 5.251409999999999689e-01
1.210700000000000000e+04 5.251120000000000232e-01
1.210800000000000000e+04 5.250839999999999952e-01
1.210900000000000000e+04 5.250540000000000207e-01
1.211000000000000000e+04 5.250259999999999927e-01
1.211100000000000000e+04 5.249519999999999742e-01
1.211200000000000000e+04 5.248789999999999845e-01
1.211300000000000000e+04 5.248059999999999947e-01
1.211400000000000000e+04 5.247330000000000050e-01
1.211500000000000000e+04 5.246589999999999865e-01
1.211600000000000000e+04 5.245859999999999967e-01
1.211700000000000000e+04 5.245130000000000070e-01
1.211800000000000000e+04 5.244389999999999885e-01
1.211900000000000000e+04 5.243659999999999988e-01
1.212000000000000000e+04 5.242930000000000090e-01
1.212100000000000000e+04 5.242200000000000193e-01
1.212200000000000000e+04 5.241460000000000008e-01
1.212300000000000000e+04 5.240730000000000111e-01
1.212400000000000000e+04 5.240690000000000071e-01
1.212500000000000000e+04 5.240970000000000351e-01
1.212600000000000000e+04 5.241249999999999520e-01
1.212700000000000000e+04 5.241540000000000088e-01
1.212800000000000000e+04 5.241820000000000368e-01
1.212900000000000000e+04 5.242099999999999538e-01
1.213000000000000000e+04 5.242390000000000105e-01
1.213100000000000000e+04 5.242660000000000098e-01
1.213200000000000000e+04 5.242949999999999555e-01
1.213300000000000000e+04 5.243229999999999835e-01
1.213400000000000000e+04 5.243510000000000115e-01
1.213500000000000000e+04 5.243799999999999573e-01
1.213600000000000000e+04 5.244079999999999853e-01
1.213700000000000000e+04 5.244360000000000133e-01
1.213800000000000000e+04 5.244640000000000413e-01
1.213900000000000000e+04 5.244929999999999870e-01
1.214000000000000000e+04 5.245210000000000150e-01
1.214100000000000000e+04 5.245940000000000047e-01
1.214200000000000000e+04 5.246659999999999657e-01
1.214300000000000000e+04 5.247380000000000377e-01
1.214400000000000000e+04 5.248450000000000060e-01
1.214500000000000000e+04 5.249679999999999902e-01
1.214600000000000000e+04 5.250920000000000032e-01
1.214700000000000000e+04 5.252149999999999874e-01
1.214800000000000000e+04 5.253390000000000004e-01
1.214900000000000000e+04 5.254619999999999846e-01
1.215000000000000000e+04 5.255849999999999689e-01
1.215100000000000000e+04 5.256650000000000489e-01
1.215200000000000000e+04 5.257439999999999891e-01
1.215300000000000000e+04 5.258230000000000404e-01
1.215400000000000000e+04 5.259019999999999806e-01
1.215500000000000000e+04 5.259810000000000318e-01
1.215600000000000000e+04 5.260599999999999721e-01
1.215700000000000000e+04 5.261390000000000233e-01
1.215800000000000000e+04 5.262189999999999923e-01
1.215900000000000000e+04 5.262980000000000436e-01
1.216000000000000000e+04 5.263769999999999838e-01
1.216100000000000000e+04 5.264560000000000350e-01
1.216200000000000000e+04 5.265360000000000040e-01
1.216300000000000000e+04 5.266150000000000553e-01
1.216400000000000000e+04 5.266739999999999755e-01
1.216500000000000000e+04 5.267239999999999700e-01
1.216600000000000000e+04 5.267739999999999645e-01
1.216700000000000000e+04 5.268239999999999590e-01
1.216800000000000000e+04 5.268739999999999535e-01
1.216900000000000000e+04 5.269239999999999480e-01
1.217000000000000000e+04 5.269730000000000247e-01
1.217100000000000000e+04 5.270230000000000192e-01
1.217200000000000000e+04 5.270730000000000137e-01
1.217300000000000000e+04 5.271230000000000082e-01
1.217400000000000000e+04 5.271719999999999740e-01
1.217500000000000000e+04 5.272219999999999684e-01
1.217600000000000000e+04 5.272719999999999629e-01
1.217700000000000000e+04 5.273219999999999574e-01
1.217800000000000000e+04 5.273719999999999519e-01
1.217900000000000000e+04 5.274210000000000287e-01
1.218000000000000000e+04 5.274710000000000232e-01
1.218100000000000000e+04 5.275649999999999507e-01
1.218200000000000000e+04 5.276600000000000179e-01
1.218300000000000000e+04 5.277539999999999454e-01
1.218400000000000000e+04 5.279160000000000519e-01
1.218500000000000000e+04 5.281130000000000546e-01
1.218600000000000000e+04 5.283090000000000286e-01
1.218700000000000000e+04 5.285050000000000026e-01
1.218800000000000000e+04 5.287009999999999765e-01
1.218900000000000000e+04 5.288979999999999793e-01
1.219000000000000000e+04 5.290939999999999532e-01
1.219100000000000000e+04 5.292459999999999942e-01
1.219200000000000000e+04 5.293980000000000352e-01
1.219300000000000000e+04 5.295499999999999652e-01
1.219400000000000000e+04 5.297020000000000062e-01
1.219500000000000000e+04 5.298540000000000472e-01
1.219600000000000000e+04 5.300059999999999771e-01
1.219700000000000000e+04 5.301580000000000181e-01
1.219800000000000000e+04 5.303099999999999481e-01
1.219900000000000000e+04 5.304619999999999891e-01
1.220000000000000000e+04 5.306140000000000301e-01
1.220100000000000000e+04 5.307610000000000383e-01
1.220200000000000000e+04 5.309080000000000465e-01
1.220300000000000000e+04 5.310550000000000548e-01
1.220400000000000000e+04 5.311789999999999567e-01
1.220500000000000000e+04 5.312919999999999865e-01
1.220600000000000000e+04 5.314039999999999875e-01
1.220700000000000000e+04 5.315170000000000172e-01
1.220800000000000000e+04 5.316290000000000182e-01
1.220900000000000000e+04 5.317410000000000192e-01
1.221000000000000000e+04 5.318530000000000202e-01
1.221100000000000000e+04 5.320099999999999829e-01
1.221200000000000000e+04 5.321669999999999456e-01
1.221300000000000000e+04 5.323240000000000194e-01
1.221400000000000000e+04 5.324820000000000109e-01
1.221500000000000000e+04 5.326389999999999736e-01
1.221600000000000000e+04 5.327960000000000473e-01
1.221700000000000000e+04 5.329530000000000101e-01
1.221800000000000000e+04 5.331099999999999728e-01
1.221900000000000000e+04 5.332679999999999643e-01
1.222000000000000000e+04 5.334250000000000380e-01
1.222100000000000000e+04 5.335370000000000390e-01
1.222200000000000000e+04 5.336499999999999577e-01
1.222300000000000000e+04 5.337619999999999587e-01
1.222400000000000000e+04 5.338589999999999725e-01
1.222500000000000000e+04 5.339469999999999494e-01
1.222600000000000000e+04 5.340350000000000374e-01
1.222700000000000000e+04 5.341240000000000432e-01
1.222800000000000000e+04 5.342120000000000202e-01
1.222900000000000000e+04 5.342999999999999972e-01
1.223000000000000000e+04 5.343890000000000029e-01
1.223100000000000000e+04 5.344769999999999799e-01
1.223200000000000000e+04 5.345649999999999569e-01
1.223300000000000000e+04 5.346539999999999626e-01
1.223400000000000000e+04 5.347420000000000506e-01
1.223500000000000000e+04 5.348300000000000276e-01
1.223600000000000000e+04 5.349180000000000046e-01
1.223700000000000000e+04 5.350070000000000103e-01
1.223800000000000000e+04 5.350949999999999873e-01
1.223900000000000000e+04 5.351839999999999931e-01
1.224000000000000000e+04 5.352719999999999700e-01
1.224100000000000000e+04 5.353599999999999470e-01
1.224200000000000000e+04 5.354489999999999528e-01
1.224300000000000000e+04 5.355370000000000408e-01
1.224400000000000000e+04 5.355799999999999450e-01
1.224500000000000000e+04 5.355980000000000185e-01
1.224600000000000000e+04 5.356170000000000098e-01
1.224700000000000000e+04 5.356349999999999723e-01
1.224800000000000000e+04 5.356530000000000458e-01
1.224900000000000000e+04 5.356720000000000370e-01
1.225000000000000000e+04 5.356899999999999995e-01
1.225100000000000000e+04 5.357539999999999525e-01
1.225200000000000000e+04 5.358169999999999877e-01
1.225300000000000000e+04 5.358810000000000517e-01
1.225400000000000000e+04 5.359439999999999760e-01
1.225500000000000000e+04 5.360070000000000112e-01
1.225600000000000000e+04 5.360709999999999642e-01
1.225700000000000000e+04 5.361339999999999995e-01
1.225800000000000000e+04 5.361979999999999524e-01
1.225900000000000000e+04 5.362609999999999877e-01
1.226000000000000000e+04 5.363250000000000517e-01
1.226100000000000000e+04 5.363430000000000142e-01
1.226200000000000000e+04 5.363620000000000054e-01
1.226300000000000000e+04 5.363799999999999679e-01
1.226400000000000000e+04 5.363689999999999847e-01
1.226500000000000000e+04 5.363419999999999854e-01
1.226600000000000000e+04 5.363139999999999574e-01
1.226700000000000000e+04 5.362869999999999582e-01
1.226800000000000000e+04 5.362590000000000412e-01
1.226900000000000000e+04 5.362320000000000420e-01
1.227000000000000000e+04 5.362050000000000427e-01
1.227100000000000000e+04 5.361770000000000147e-01
1.227200000000000000e+04 5.361500000000000155e-01
1.227300000000000000e+04 5.361219999999999875e-01
1.227400000000000000e+04 5.360949999999999882e-01
1.227500000000000000e+04 5.360679999999999890e-01
1.227600000000000000e+04 5.360399999999999610e-01
1.227700000000000000e+04 5.360129999999999617e-01
1.227800000000000000e+04 5.359850000000000447e-01
1.227900000000000000e+04 5.359580000000000455e-01
1.228000000000000000e+04 5.359300000000000175e-01
1.228100000000000000e+04 5.359030000000000182e-01
1.228200000000000000e+04 5.358760000000000190e-01
1.228300000000000000e+04 5.358479999999999910e-01
1.228400000000000000e+04 5.357760000000000300e-01
1.228500000000000000e+04 5.356790000000000163e-01
1.228600000000000000e+04 5.355809999999999738e-01
1.228700000000000000e+04 5.354830000000000423e-01
1.228800000000000000e+04 5.353860000000000285e-01
1.228900000000000000e+04 5.352879999999999860e-01
1.229000000000000000e+04 5.351909999999999723e-01
1.229100000000000000e+04 5.351380000000000026e-01
1.229200000000000000e+04 5.350850000000000328e-01
1.229300000000000000e+04 5.350329999999999808e-01
1.229400000000000000e+04 5.349800000000000111e-01
1.229500000000000000e+04 5.349270000000000413e-01
1.229600000000000000e+04 5.348749999999999893e-01
1.229700000000000000e+04 5.348220000000000196e-01
1.229800000000000000e+04 5.347690000000000499e-01
1.229900000000000000e+04 5.347159999999999691e-01
1.230000000000000000e+04 5.346629999999999994e-01
1.230100000000000000e+04 5.345659999999999856e-01
1.230200000000000000e+04 5.344680000000000542e-01
1.230300000000000000e+04 5.343700000000000117e-01
1.230400000000000000e+04 5.342620000000000147e-01
1.230500000000000000e+04 5.341479999999999562e-01
1.230600000000000000e+04 5.340340000000000087e-01
1.230700000000000000e+04 5.339199999999999502e-01
1.230800000000000000e+04 5.338060000000000027e-01
1.230900000000000000e+04 5.336920000000000552e-01
1.231000000000000000e+04 5.335779999999999967e-01
1.231100000000000000e+04 5.334640000000000493e-01
1.231200000000000000e+04 5.333499999999999908e-01
1.231300000000000000e+04 5.332360000000000433e-01
1.231400000000000000e+04 5.331219999999999848e-01
1.231500000000000000e+04 5.330080000000000373e-01
1.231600000000000000e+04 5.328950000000000076e-01
1.231700000000000000e+04 5.327800000000000313e-01
1.231800000000000000e+04 5.326659999999999728e-01
1.231900000000000000e+04 5.325520000000000254e-01
1.232000000000000000e+04 5.324379999999999669e-01
1.232100000000000000e+04 5.323240000000000194e-01
1.232200000000000000e+04 5.322099999999999609e-01
1.232300000000000000e+04 5.320960000000000134e-01
1.232400000000000000e+04 5.320209999999999662e-01
1.232500000000000000e+04 5.319690000000000252e-01
1.232600000000000000e+04 5.319169999999999732e-01
1.232700000000000000e+04 5.318650000000000322e-01
1.232800000000000000e+04 5.318129999999999802e-01
1.232900000000000000e+04 5.317610000000000392e-01
1.233000000000000000e+04 5.317089999999999872e-01
1.233100000000000000e+04 5.317020000000000080e-01
1.233200000000000000e+04 5.316940000000000000e-01
1.233300000000000000e+04 5.316870000000000207e-01
1.233400000000000000e+04 5.316800000000000415e-01
1.233500000000000000e+04 5.316720000000000335e-01
1.233600000000000000e+04 5.316650000000000542e-01
1.233700000000000000e+04 5.316570000000000462e-01
1.233800000000000000e+04 5.316499999999999559e-01
1.233900000000000000e+04 5.316419999999999479e-01
1.234000000000000000e+04 5.316349999999999687e-01
1.234100000000000000e+04 5.315830000000000277e-01
1.234200000000000000e+04 5.315309999999999757e-01
1.234300000000000000e+04 5.314790000000000347e-01
1.234400000000000000e+04 5.314349999999999907e-01
1.234500000000000000e+04 5.313970000000000082e-01
1.234600000000000000e+04 5.313579999999999970e-01
1.234700000000000000e+04 5.313200000000000145e-01
1.234800000000000000e+04 5.312810000000000032e-01
1.234900000000000000e+04 5.312419999999999920e-01
1.235000000000000000e+04 5.312040000000000095e-01
1.235100000000000000e+04 5.311649999999999983e-01
1.235200000000000000e+04 5.311270000000000158e-01
1.235300000000000000e+04 5.310880000000000045e-01
1.235400000000000000e+04 5.310500000000000220e-01
1.235500000000000000e+04 5.310110000000000108e-01
1.235600000000000000e+04 5.309719999999999995e-01
1.235700000000000000e+04 5.309340000000000170e-01
1.235800000000000000e+04 5.308950000000000058e-01
1.235900000000000000e+04 5.308570000000000233e-01
1.236000000000000000e+04 5.308180000000000121e-01
1.236100000000000000e+04 5.307800000000000296e-01
1.236200000000000000e+04 5.307410000000000183e-01
1.236300000000000000e+04 5.307030000000000358e-01
1.236400000000000000e+04 5.307039999999999536e-01
1.236500000000000000e+04 5.307300000000000351e-01
1.236600000000000000e+04 5.307570000000000343e-01
1.236700000000000000e+04 5.307830000000000048e-01
1.236800000000000000e+04 5.308100000000000041e-01
1.236900000000000000e+04 5.308359999999999745e-01
1.237000000000000000e+04 5.308629999999999738e-01
1.237100000000000000e+04 5.309340000000000170e-01
1.237200000000000000e+04 5.310040000000000315e-01
1.237300000000000000e+04 5.310749999999999638e-01
1.237400000000000000e+04 5.311460000000000070e-01
1.237500000000000000e+04 5.312170000000000503e-01
1.237600000000000000e+04 5.312879999999999825e-01
1.237700000000000000e+04 5.313590000000000257e-01
1.237800000000000000e+04 5.314299999999999580e-01
1.237900000000000000e+04 5.315010000000000012e-01
1.238000000000000000e+04 5.315720000000000445e-01
1.238100000000000000e+04 5.315980000000000150e-01
1.238200000000000000e+04 5.316239999999999855e-01
1.238300000000000000e+04 5.316509999999999847e-01
1.238400000000000000e+04 5.317020000000000080e-01
1.238500000000000000e+04 5.317699999999999649e-01
1.238600000000000000e+04 5.318370000000000042e-01
1.238700000000000000e+04 5.319040000000000434e-01
1.238800000000000000e+04 5.319709999999999717e-01
1.238900000000000000e+04 5.320380000000000109e-01
1.239000000000000000e+04 5.321050000000000502e-01
1.239100000000000000e+04 5.321719999999999784e-01
1.239200000000000000e+04 5.322390000000000176e-01
1.239300000000000000e+04 5.323059999999999459e-01
1.239400000000000000e+04 5.323740000000000139e-01
1.239500000000000000e+04 5.324410000000000531e-01
1.239600000000000000e+04 5.325079999999999814e-01
1.239700000000000000e+04 5.325750000000000206e-01
1.239800000000000000e+04 5.326419999999999488e-01
1.239900000000000000e+04 5.327089999999999881e-01
1.240000000000000000e+04 5.327760000000000273e-01
1.240100000000000000e+04 5.328500000000000458e-01
1.240200000000000000e+04 5.329230000000000356e-01
1.240300000000000000e+04 5.329970000000000541e-01
1.240400000000000000e+04 5.330439999999999623e-01
1.240500000000000000e+04 5.330740000000000478e-01
1.240600000000000000e+04 5.331040000000000223e-01
1.240700000000000000e+04 5.331339999999999968e-01
1.240800000000000000e+04 5.331650000000000000e-01
1.240900000000000000e+04 5.331949999999999745e-01
1.241000000000000000e+04 5.332249999999999490e-01
1.241100000000000000e+04 5.332999999999999963e-01
1.241200000000000000e+04 5.333740000000000148e-01
1.241300000000000000e+04 5.334489999999999510e-01
1.241400000000000000e+04 5.335239999999999982e-01
1.241500000000000000e+04 5.335990000000000455e-01
1.241600000000000000e+04 5.336739999999999817e-01
1.241700000000000000e+04 5.337490000000000290e-01
1.241800000000000000e+04 5.338239999999999652e-01
1.241900000000000000e+04 5.338979999999999837e-01
1.242000000000000000e+04 5.339730000000000310e-01
1.242100000000000000e+04 5.340030000000000054e-01
1.242200000000000000e+04 5.340340000000000087e-01
1.242300000000000000e+04 5.340639999999999832e-01
1.242400000000000000e+04 5.341019999999999657e-01
1.242500000000000000e+04 5.341460000000000097e-01
1.242600000000000000e+04 5.341900000000000537e-01
1.242700000000000000e+04 5.342339999999999867e-01
1.242800000000000000e+04 5.342770000000000019e-01
1.242900000000000000e+04 5.343210000000000459e-01
1.243000000000000000e+04 5.343649999999999789e-01
1.243100000000000000e+04 5.344090000000000229e-01
1.243200000000000000e+04 5.344529999999999559e-01
1.243300000000000000e+04 5.344959999999999711e-01
1.243400000000000000e+04 5.345400000000000151e-01
1.243500000000000000e+04 5.345839999999999481e-01
1.243600000000000000e+04 5.346279999999999921e-01
1.243700000000000000e+04 5.346720000000000361e-01
1.243800000000000000e+04 5.347159999999999691e-01
1.243900000000000000e+04 5.347589999999999844e-01
1.244000000000000000e+04 5.348030000000000284e-01
1.244100000000000000e+04 5.348469999999999613e-01
1.244200000000000000e+04 5.348910000000000053e-01
1.244300000000000000e+04 5.349350000000000493e-01
1.244400000000000000e+04 5.349460000000000326e-01
1.244500000000000000e+04 5.349350000000000493e-01
1.244600000000000000e+04 5.349249999999999838e-01
1.244700000000000000e+04 5.349140000000000006e-01
1.244800000000000000e+04 5.349040000000000461e-01
1.244900000000000000e+04 5.348929999999999518e-01
1.245000000000000000e+04 5.348829999999999973e-01
1.245100000000000000e+04 5.349169999999999758e-01
1.245200000000000000e+04 5.349509999999999543e-01
1.245300000000000000e+04 5.349850000000000438e-01
1.245400000000000000e+04 5.350190000000000223e-01
1.245500000000000000e+04 5.350530000000000008e-01
1.245600000000000000e+04 5.350880000000000081e-01
1.245700000000000000e+04 5.351219999999999866e-01
1.245800000000000000e+04 5.351559999999999651e-01
1.245900000000000000e+04 5.351900000000000546e-01
1.246000000000000000e+04 5.352240000000000331e-01
1.246100000000000000e+04 5.352139999999999675e-01
1.246200000000000000e+04 5.352029999999999843e-01
1.246300000000000000e+04 5.351920000000000011e-01
1.246400000000000000e+04 5.351900000000000546e-01
1.246500000000000000e+04 5.351930000000000298e-01
1.246600000000000000e+04 5.351960000000000051e-01
1.246700000000000000e+04 5.351989999999999803e-01
1.246800000000000000e+04 5.352019999999999555e-01
1.246900000000000000e+04 5.352050000000000418e-01
1.247000000000000000e+04 5.352080000000000171e-01
1.247100000000000000e+04 5.352109999999999923e-01
1.247200000000000000e+04 5.352139999999999675e-01
1.247300000000000000e+04 5.352170000000000538e-01
1.247400000000000000e+04 5.352200000000000291e-01
1.247500000000000000e+04 5.352230000000000043e-01
1.247600000000000000e+04 5.352259999999999796e-01
1.247700000000000000e+04 5.352289999999999548e-01
1.247800000000000000e+04 5.352320000000000411e-01
1.247900000000000000e+04 5.352350000000000163e-01
1.248000000000000000e+04 5.352379999999999916e-01
1.248100000000000000e+04 5.352409999999999668e-01
1.248200000000000000e+04 5.352440000000000531e-01
1.248300000000000000e+04 5.352470000000000283e-01
1.248400000000000000e+04 5.352179999999999715e-01
1.248500000000000000e+04 5.351660000000000306e-01
1.248600000000000000e+04 5.351150000000000073e-01
1.248700000000000000e+04 5.350629999999999553e-01
1.248800000000000000e+04 5.350120000000000431e-01
1.248900000000000000e+04 5.349599999999999911e-01
1.249000000000000000e+04 5.349080000000000501e-01
1.249100000000000000e+04 5.349019999999999886e-01
1.249200000000000000e+04 5.348950000000000093e-01
1.249300000000000000e+04 5.348880000000000301e-01
1.249400000000000000e+04 5.348810000000000509e-01
1.249500000000000000e+04 5.348739999999999606e-01
1.249600000000000000e+04 5.348669999999999813e-01
1.249700000000000000e+04 5.348600000000000021e-01
1.249800000000000000e+04 5.348530000000000229e-01
1.249900000000000000e+04 5.348460000000000436e-01
1.250000000000000000e+04 5.348389999999999533e-01
1.250100000000000000e+04 5.347750000000000004e-01
1.250200000000000000e+04 5.347119999999999651e-01
1.250300000000000000e+04 5.346480000000000121e-01
1.250400000000000000e+04 5.345670000000000144e-01
1.250500000000000000e+04 5.344729999999999759e-01
1.250600000000000000e+04 5.343790000000000484e-01
1.250700000000000000e+04 5.342850000000000099e-01
1.250800000000000000e+04 5.341920000000000002e-01
1.250900000000000000e+04 5.340979999999999617e-01
1.251000000000000000e+04 5.340040000000000342e-01
1.251100000000000000e+04 5.339099999999999957e-01
1.251200000000000000e+04 5.338169999999999860e-01
1.251300000000000000e+04 5.337229999999999475e-01
1.251400000000000000e+04 5.336290000000000200e-01
1.251500000000000000e+04 5.335349999999999815e-01
1.251600000000000000e+04 5.334419999999999717e-01
1.251700000000000000e+04 5.333470000000000155e-01
1.251800000000000000e+04 5.332540000000000058e-01
1.251900000000000000e+04 5.331599999999999673e-01
1.252000000000000000e+04 5.330660000000000398e-01
1.252100000000000000e+04 5.329720000000000013e-01
1.252200000000000000e+04 5.328779999999999628e-01
1.252300000000000000e+04 5.327849999999999531e-01
1.252400000000000000e+04 5.327060000000000128e-01
1.252500000000000000e+04 5.326400000000000023e-01
1.252600000000000000e+04 5.325729999999999631e-01
1.252700000000000000e+04 5.325069999999999526e-01
1.252800000000000000e+04 5.324400000000000244e-01
1.252900000000000000e+04 5.323729999999999851e-01
1.253000000000000000e+04 5.323069999999999746e-01
1.253100000000000000e+04 5.322850000000000081e-01
1.253200000000000000e+04 5.322630000000000416e-01
1.253300000000000000e+04 5.322409999999999641e-01
1.253400000000000000e+04 5.322189999999999976e-01
1.253500000000000000e+04 5.321960000000000024e-01
1.253600000000000000e+04 5.321740000000000359e-01
1.253700000000000000e+04 5.321519999999999584e-01
1.253800000000000000e+04 5.321299999999999919e-01
1.253900000000000000e+04 5.321080000000000254e-01
1.254000000000000000e+04 5.320850000000000302e-01
1.254100000000000000e+04 5.320190000000000197e-01
1.254200000000000000e+04 5.319519999999999804e-01
1.254300000000000000e+04 5.318859999999999699e-01
1.254400000000000000e+04 5.318249999999999922e-01
1.254500000000000000e+04 5.317699999999999649e-01
1.254600000000000000e+04 5.317140000000000200e-01
1.254700000000000000e+04 5.316579999999999639e-01
1.254800000000000000e+04 5.316020000000000190e-01
1.254900000000000000e+04 5.315469999999999917e-01
1.255000000000000000e+04 5.314910000000000467e-01
1.255100000000000000e+04 5.314349999999999907e-01
1.255200000000000000e+04 5.313790000000000457e-01
1.255300000000000000e+04 5.313229999999999897e-01
1.255400000000000000e+04 5.312679999999999625e-01
1.255500000000000000e+04 5.312120000000000175e-01
1.255600000000000000e+04 5.311559999999999615e-01
1.255700000000000000e+04 5.311000000000000165e-01
1.255800000000000000e+04 5.310449999999999893e-01
1.255900000000000000e+04 5.309890000000000443e-01
1.256000000000000000e+04 5.309329999999999883e-01
1.256100000000000000e+04 5.309220000000000050e-01
1.256200000000000000e+04 5.309099999999999930e-01
1.256300000000000000e+04 5.308990000000000098e-01
1.256400000000000000e+04 5.309139999999999970e-01
1.256500000000000000e+04 5.309490000000000043e-01
1.256600000000000000e+04 5.309840000000000115e-01
1.256700000000000000e+04 5.310190000000000188e-01
1.256800000000000000e+04 5.310540000000000260e-01
1.256900000000000000e+04 5.310890000000000333e-01
1.257000000000000000e+04 5.311240000000000405e-01
1.257100000000000000e+04 5.311150000000000038e-01
1.257200000000000000e+04 5.311050000000000493e-01
1.257300000000000000e+04 5.310960000000000125e-01
1.257400000000000000e+04 5.310869999999999758e-01
1.257500000000000000e+04 5.310770000000000213e-01
1.257600000000000000e+04 5.310679999999999845e-01
1.257700000000000000e+04 5.310589999999999478e-01
1.257800000000000000e+04 5.310489999999999933e-01
1.257900000000000000e+04 5.310399999999999565e-01
1.258000000000000000e+04 5.310310000000000308e-01
1.258100000000000000e+04 5.310219999999999940e-01
1.258200000000000000e+04 5.310120000000000395e-01
1.258300000000000000e+04 5.310030000000000028e-01
1.258400000000000000e+04 5.310500000000000220e-01
1.258500000000000000e+04 5.311420000000000030e-01
1.258600000000000000e+04 5.312350000000000128e-01
1.258700000000000000e+04 5.313259999999999650e-01
1.258800000000000000e+04 5.314189999999999747e-01
1.258900000000000000e+04 5.315109999999999557e-01
1.259000000000000000e+04 5.316030000000000477e-01
1.259100000000000000e+04 5.316950000000000287e-01
1.259200000000000000e+04 5.317870000000000097e-01
1.259300000000000000e+04 5.318789999999999907e-01
1.259400000000000000e+04 5.319709999999999717e-01
1.259500000000000000e+04 5.320629999999999526e-01
1.259600000000000000e+04 5.321550000000000447e-01
1.259700000000000000e+04 5.322470000000000256e-01
1.259800000000000000e+04 5.323390000000000066e-01
1.259900000000000000e+04 5.324320000000000164e-01
1.260000000000000000e+04 5.325239999999999974e-01
1.260100000000000000e+04 5.326579999999999648e-01
1.260200000000000000e+04 5.327920000000000433e-01
1.260300000000000000e+04 5.329270000000000396e-01
1.260400000000000000e+04 5.330559999999999743e-01
1.260500000000000000e+04 5.331820000000000448e-01
1.260600000000000000e+04 5.333090000000000330e-01
1.260700000000000000e+04 5.334349999999999925e-01
1.260800000000000000e+04 5.335609999999999520e-01
1.260900000000000000e+04 5.336870000000000225e-01
1.261000000000000000e+04 5.338129999999999820e-01
1.261100000000000000e+04 5.338950000000000085e-01
1.261200000000000000e+04 5.339770000000000350e-01
1.261300000000000000e+04 5.340580000000000327e-01
1.261400000000000000e+04 5.341399999999999482e-01
1.261500000000000000e+04 5.342219999999999747e-01
1.261600000000000000e+04 5.343040000000000012e-01
1.261700000000000000e+04 5.343849999999999989e-01
1.261800000000000000e+04 5.344670000000000254e-01
1.261900000000000000e+04 5.345490000000000519e-01
1.262000000000000000e+04 5.346300000000000496e-01
1.262100000000000000e+04 5.347119999999999651e-01
1.262200000000000000e+04 5.347939999999999916e-01
1.262300000000000000e+04 5.348760000000000181e-01
1.262400000000000000e+04 5.349789999999999823e-01
1.262500000000000000e+04 5.350989999999999913e-01
1.262600000000000000e+04 5.352190000000000003e-01
1.262700000000000000e+04 5.353390000000000093e-01
1.262800000000000000e+04 5.354590000000000183e-01
1.262900000000000000e+04 5.355790000000000273e-01
1.263000000000000000e+04 5.356990000000000363e-01
1.263100000000000000e+04 5.358199999999999630e-01
1.263200000000000000e+04 5.359399999999999720e-01
1.263300000000000000e+04 5.360599999999999810e-01
1.263400000000000000e+04 5.361799999999999899e-01
1.263500000000000000e+04 5.362999999999999989e-01
1.263600000000000000e+04 5.364200000000000079e-01
1.263700000000000000e+04 5.365410000000000457e-01
1.263800000000000000e+04 5.366610000000000547e-01
1.263900000000000000e+04 5.367809999999999526e-01
1.264000000000000000e+04 5.369009999999999616e-01
1.264100000000000000e+04 5.370660000000000434e-01
1.264200000000000000e+04 5.372310000000000141e-01
1.264300000000000000e+04 5.373959999999999848e-01
1.264400000000000000e+04 5.375750000000000250e-01
1.264500000000000000e+04 5.377640000000000198e-01
1.264600000000000000e+04 5.379540000000000433e-01
1.264700000000000000e+04 5.381439999999999557e-01
1.264800000000000000e+04 5.383339999999999792e-01
1.264900000000000000e+04 5.385240000000000027e-01
1.265000000000000000e+04 5.387129999999999974e-01
1.265100000000000000e+04 5.388589999999999769e-01
1.265200000000000000e+04 5.390030000000000099e-01
1.265300000000000000e+04 5.391489999999999894e-01
1.265400000000000000e+04 5.392930000000000224e-01
1.265500000000000000e+04 5.394390000000000018e-01
1.265600000000000000e+04 5.395839999999999526e-01
1.265700000000000000e+04 5.397290000000000143e-01
1.265800000000000000e+04 5.398739999999999650e-01
1.265900000000000000e+04 5.400190000000000268e-01
1.266000000000000000e+04 5.401639999999999775e-01
1.266100000000000000e+04 5.403090000000000392e-01
1.266200000000000000e+04 5.404539999999999900e-01
1.266300000000000000e+04 5.405990000000000517e-01
1.266400000000000000e+04 5.407279999999999864e-01
1.266500000000000000e+04 5.408429999999999627e-01
1.266600000000000000e+04 5.409580000000000499e-01
1.266700000000000000e+04 5.410730000000000262e-01
1.266800000000000000e+04 5.411880000000000024e-01
1.266900000000000000e+04 5.413029999999999786e-01
1.267000000000000000e+04 5.414170000000000371e-01
1.267100000000000000e+04 5.415320000000000134e-01
1.267200000000000000e+04 5.416469999999999896e-01
1.267300000000000000e+04 5.417619999999999658e-01
1.267400000000000000e+04 5.418770000000000531e-01
1.267500000000000000e+04 5.419920000000000293e-01
1.267600000000000000e+04 5.421070000000000055e-01
1.267700000000000000e+04 5.422219999999999818e-01
1.267800000000000000e+04 5.423369999999999580e-01
1.267900000000000000e+04 5.424520000000000453e-01
1.268000000000000000e+04 5.425670000000000215e-01
1.268100000000000000e+04 5.427269999999999595e-01
1.268200000000000000e+04 5.428870000000000084e-01
1.268300000000000000e+04 5.430469999999999464e-01
1.268400000000000000e+04 5.431939999999999547e-01
1.268500000000000000e+04 5.433289999999999509e-01
1.268600000000000000e+04 5.434649999999999759e-01
1.268700000000000000e+04 5.435999999999999721e-01
1.268800000000000000e+04 5.437359999999999971e-01
1.268900000000000000e+04 5.438720000000000221e-01
1.269000000000000000e+04 5.440070000000000183e-01
1.269100000000000000e+04 5.440970000000000528e-01
1.269200000000000000e+04 5.441880000000000051e-01
1.269300000000000000e+04 5.442780000000000395e-01
1.269400000000000000e+04 5.443679999999999630e-01
1.269500000000000000e+04 5.444579999999999975e-01
1.269600000000000000e+04 5.445489999999999498e-01
1.269700000000000000e+04 5.446389999999999842e-01
1.269800000000000000e+04 5.447290000000000187e-01
1.269900000000000000e+04 5.448199999999999710e-01
1.270000000000000000e+04 5.449100000000000055e-01
1.270100000000000000e+04 5.450000000000000400e-01
1.270200000000000000e+04 5.450909999999999922e-01
1.270300000000000000e+04 5.451810000000000267e-01
1.270400000000000000e+04 5.452320000000000499e-01
1.270500000000000000e+04 5.452479999999999549e-01
1.270600000000000000e+04 5.452639999999999709e-01
1.270700000000000000e+04 5.452799999999999869e-01
1.270800000000000000e+04 5.452960000000000029e-01
1.270900000000000000e+04 5.453120000000000189e-01
1.271000000000000000e+04 5.453280000000000349e-01
1.271100000000000000e+04 5.453440000000000509e-01
1.271200000000000000e+04 5.453599999999999559e-01
1.271300000000000000e+04 5.453770000000000007e-01
1.271400000000000000e+04 5.453930000000000167e-01
1.271500000000000000e+04 5.454080000000000039e-01
1.271600000000000000e+04 5.454250000000000487e-01
1.271700000000000000e+04 5.454409999999999537e-01
1.271800000000000000e+04 5.454569999999999697e-01
1.271900000000000000e+04 5.454729999999999857e-01
1.272000000000000000e+04 5.454890000000000017e-01
1.272100000000000000e+04 5.455499999999999794e-01
1.272200000000000000e+04 5.456119999999999859e-01
1.272300000000000000e+04 5.456729999999999636e-01
1.272400000000000000e+04 5.457269999999999621e-01
1.272500000000000000e+04 5.457750000000000101e-01
1.272600000000000000e+04 5.458229999999999471e-01
1.272700000000000000e+04 5.458699999999999664e-01
1.272800000000000000e+04 5.459180000000000144e-01
1.272900000000000000e+04 5.459650000000000336e-01
1.273000000000000000e+04 5.460129999999999706e-01
1.273100000000000000e+04 5.460150000000000281e-01
1.273200000000000000e+04 5.460180000000000033e-01
1.273300000000000000e+04 5.460199999999999498e-01
1.273400000000000000e+04 5.460220000000000073e-01
1.273500000000000000e+04 5.460249999999999826e-01
1.273600000000000000e+04 5.460270000000000401e-01
1.273700000000000000e+04 5.460289999999999866e-01
1.273800000000000000e+04 5.460319999999999618e-01
1.273900000000000000e+04 5.460340000000000193e-01
1.274000000000000000e+04 5.460359999999999658e-01
1.274100000000000000e+04 5.460380000000000233e-01
1.274200000000000000e+04 5.460409999999999986e-01
1.274300000000000000e+04 5.460429999999999451e-01
1.274400000000000000e+04 5.459929999999999506e-01
1.274500000000000000e+04 5.458929999999999616e-01
1.274600000000000000e+04 5.457929999999999726e-01
1.274700000000000000e+04 5.456940000000000124e-01
1.274800000000000000e+04 5.455940000000000234e-01
1.274900000000000000e+04 5.454940000000000344e-01
1.275000000000000000e+04 5.453940000000000454e-01
1.275100000000000000e+04 5.452949999999999742e-01
1.275200000000000000e+04 5.451949999999999852e-01
1.275300000000000000e+04 5.450949999999999962e-01
1.275400000000000000e+04 5.449960000000000360e-01
1.275500000000000000e+04 5.448960000000000470e-01
1.275600000000000000e+04 5.447959999999999470e-01
1.275700000000000000e+04 5.446969999999999867e-01
1.275800000000000000e+04 5.445969999999999978e-01
1.275900000000000000e+04 5.444970000000000088e-01
1.276000000000000000e+04 5.443970000000000198e-01
1.276100000000000000e+04 5.442979999999999485e-01
1.276200000000000000e+04 5.441979999999999595e-01
1.276300000000000000e+04 5.440979999999999706e-01
1.276400000000000000e+04 5.440059999999999896e-01
1.276500000000000000e+04 5.439199999999999591e-01
1.276600000000000000e+04 5.438340000000000396e-01
1.276700000000000000e+04 5.437480000000000091e-01
1.276800000000000000e+04 5.436619999999999786e-01
1.276900000000000000e+04 5.435759999999999481e-01
1.277000000000000000e+04 5.434900000000000286e-01
1.277100000000000000e+04 5.434489999999999599e-01
1.277200000000000000e+04 5.434080000000000021e-01
1.277300000000000000e+04 5.433679999999999621e-01
1.277400000000000000e+04 5.433270000000000044e-01
1.277500000000000000e+04 5.432860000000000467e-01
1.277600000000000000e+04 5.432449999999999779e-01
1.277700000000000000e+04 5.432040000000000202e-01
1.277800000000000000e+04 5.431629999999999514e-01
1.277900000000000000e+04 5.431219999999999937e-01
1.278000000000000000e+04 5.430810000000000359e-01
1.278100000000000000e+04 5.429950000000000054e-01
1.278200000000000000e+04 5.429089999999999749e-01
1.278300000000000000e+04 5.428230000000000555e-01
1.278400000000000000e+04 5.427490000000000370e-01
1.278500000000000000e+04 5.426879999999999482e-01
1.278600000000000000e+04 5.426269999999999705e-01
1.278700000000000000e+04 5.425659999999999927e-01
1.278800000000000000e+04 5.425039999999999862e-01
1.278900000000000000e+04 5.424430000000000085e-01
1.279000000000000000e+04 5.423820000000000308e-01
1.279100000000000000e+04 5.423200000000000243e-01
1.279200000000000000e+04 5.422590000000000465e-01
1.279300000000000000e+04 5.421979999999999578e-01
1.279400000000000000e+04 5.421369999999999800e-01
1.279500000000000000e+04 5.420760000000000023e-01
1.279600000000000000e+04 5.420139999999999958e-01
1.279700000000000000e+04 5.419530000000000181e-01
1.279800000000000000e+04 5.418920000000000403e-01
1.279900000000000000e+04 5.418300000000000338e-01
1.280000000000000000e+04 5.417689999999999451e-01
1.280100000000000000e+04 5.416990000000000416e-01
1.280200000000000000e+04 5.416279999999999983e-01
1.280300000000000000e+04 5.415579999999999838e-01
1.280400000000000000e+04 5.415180000000000549e-01
1.280500000000000000e+04 5.415090000000000181e-01
1.280600000000000000e+04 5.414989999999999526e-01
1.280700000000000000e+04 5.414900000000000269e-01
1.280800000000000000e+04 5.414799999999999613e-01
1.280900000000000000e+04 5.414710000000000356e-01
1.281000000000000000e+04 5.414609999999999701e-01
1.281100000000000000e+04 5.414970000000000061e-01
1.281200000000000000e+04 5.415320000000000134e-01
1.281300000000000000e+04 5.415680000000000494e-01
1.281400000000000000e+04 5.416029999999999456e-01
1.281500000000000000e+04 5.416379999999999528e-01
1.281600000000000000e+04 5.416739999999999888e-01
1.281700000000000000e+04 5.417089999999999961e-01
1.281800000000000000e+04 5.417450000000000321e-01
1.281900000000000000e+04 5.417800000000000393e-01
1.282000000000000000e+04 5.418150000000000466e-01
1.282100000000000000e+04 5.418060000000000098e-01
1.282200000000000000e+04 5.417960000000000553e-01
1.282300000000000000e+04 5.417870000000000186e-01
1.282400000000000000e+04 5.417760000000000353e-01
1.282500000000000000e+04 5.417640000000000233e-01
1.282600000000000000e+04 5.417509999999999826e-01
1.282700000000000000e+04 5.417389999999999706e-01
1.282800000000000000e+04 5.417269999999999586e-01
1.282900000000000000e+04 5.417140000000000288e-01
1.283000000000000000e+04 5.417020000000000168e-01
1.283100000000000000e+04 5.416900000000000048e-01
1.283200000000000000e+04 5.416769999999999641e-01
1.283300000000000000e+04 5.416649999999999521e-01
1.283400000000000000e+04 5.416530000000000511e-01
1.283500000000000000e+04 5.416400000000000103e-01
1.283600000000000000e+04 5.416279999999999983e-01
1.283700000000000000e+04 5.416159999999999863e-01
1.283800000000000000e+04 5.416039999999999743e-01
1.283900000000000000e+04 5.415910000000000446e-01
1.284000000000000000e+04 5.415790000000000326e-01
1.284100000000000000e+04 5.415659999999999918e-01
1.284200000000000000e+04 5.415539999999999798e-01
1.284300000000000000e+04 5.415419999999999678e-01
1.284400000000000000e+04 5.415699999999999958e-01
1.284500000000000000e+04 5.416400000000000103e-01
1.284600000000000000e+04 5.417110000000000536e-01
1.284700000000000000e+04 5.417819999999999858e-01
1.284800000000000000e+04 5.418520000000000003e-01
1.284900000000000000e+04 5.419230000000000436e-01
1.285000000000000000e+04 5.419929999999999470e-01
1.285100000000000000e+04 5.421080000000000343e-01
1.285200000000000000e+04 5.422240000000000393e-01
1.285300000000000000e+04 5.423400000000000443e-01
1.285400000000000000e+04 5.424550000000000205e-01
1.285500000000000000e+04 5.425710000000000255e-01
1.285600000000000000e+04 5.426860000000000017e-01
1.285700000000000000e+04 5.428020000000000067e-01
1.285800000000000000e+04 5.429180000000000117e-01
1.285900000000000000e+04 5.430329999999999879e-01
1.286000000000000000e+04 5.431489999999999929e-01
1.286100000000000000e+04 5.432190000000000074e-01
1.286200000000000000e+04 5.432890000000000219e-01
1.286300000000000000e+04 5.433599999999999541e-01
1.286400000000000000e+04 5.434390000000000054e-01
1.286500000000000000e+04 5.435259999999999536e-01
1.286600000000000000e+04 5.436130000000000129e-01
1.286700000000000000e+04 5.436999999999999611e-01
1.286800000000000000e+04 5.437870000000000203e-01
1.286900000000000000e+04 5.438739999999999686e-01
1.287000000000000000e+04 5.439619999999999456e-01
1.287100000000000000e+04 5.440490000000000048e-01
1.287200000000000000e+04 5.441359999999999530e-01
1.287300000000000000e+04 5.442230000000000123e-01
1.287400000000000000e+04 5.443099999999999605e-01
1.287500000000000000e+04 5.443970000000000198e-01
1.287600000000000000e+04 5.444849999999999968e-01
1.287700000000000000e+04 5.445719999999999450e-01
1.287800000000000000e+04 5.446590000000000042e-01
1.287900000000000000e+04 5.447459999999999525e-01
1.288000000000000000e+04 5.448330000000000117e-01
1.288100000000000000e+04 5.449199999999999600e-01
1.288200000000000000e+04 5.450070000000000192e-01
1.288300000000000000e+04 5.450939999999999674e-01
1.288400000000000000e+04 5.451820000000000555e-01
1.288500000000000000e+04 5.452690000000000037e-01
1.288600000000000000e+04 5.453559999999999519e-01
1.288700000000000000e+04 5.454430000000000112e-01
1.288800000000000000e+04 5.455299999999999594e-01
1.288900000000000000e+04 5.456170000000000186e-01
1.289000000000000000e+04 5.457039999999999669e-01
1.289100000000000000e+04 5.458370000000000166e-01
1.289200000000000000e+04 5.459690000000000376e-01
1.289300000000000000e+04 5.461019999999999763e-01
1.289400000000000000e+04 5.462339999999999973e-01
1.289500000000000000e+04 5.463660000000000183e-01
1.289600000000000000e+04 5.464989999999999570e-01
1.289700000000000000e+04 5.466309999999999780e-01
1.289800000000000000e+04 5.467640000000000278e-01
1.289900000000000000e+04 5.468960000000000488e-01
1.290000000000000000e+04 5.470289999999999875e-01
1.290100000000000000e+04 5.471160000000000467e-01
1.290200000000000000e+04 5.472029999999999950e-01
1.290300000000000000e+04 5.472900000000000542e-01
1.290400000000000000e+04 5.473670000000000480e-01
1.290500000000000000e+04 5.474320000000000297e-01
1.290600000000000000e+04 5.474970000000000114e-01
1.290700000000000000e+04 5.475619999999999932e-01
1.290800000000000000e+04 5.476269999999999749e-01
1.290900000000000000e+04 5.476919999999999566e-01
1.291000000000000000e+04 5.477579999999999671e-01
1.291100000000000000e+04 5.478229999999999489e-01
1.291200000000000000e+04 5.478880000000000416e-01
1.291300000000000000e+04 5.479530000000000234e-01
1.291400000000000000e+04 5.480180000000000051e-01
1.291500000000000000e+04 5.480829999999999869e-01
1.291600000000000000e+04 5.481479999999999686e-01
1.291700000000000000e+04 5.482129999999999503e-01
1.291800000000000000e+04 5.482780000000000431e-01
1.291900000000000000e+04 5.483430000000000248e-01
1.292000000000000000e+04 5.484080000000000066e-01
1.292100000000000000e+04 5.484729999999999883e-01
1.292200000000000000e+04 5.485379999999999701e-01
1.292300000000000000e+04 5.486029999999999518e-01
1.292400000000000000e+04 5.486400000000000166e-01
1.292500000000000000e+04 5.486440000000000206e-01
1.292600000000000000e+04 5.486480000000000246e-01
1.292700000000000000e+04 5.486529999999999463e-01
1.292800000000000000e+04 5.486569999999999503e-01
1.292900000000000000e+04 5.486609999999999543e-01
1.293000000000000000e+04 5.486649999999999583e-01
1.293100000000000000e+04 5.487149999999999528e-01
1.293200000000000000e+04 5.487640000000000295e-01
1.293300000000000000e+04 5.488140000000000240e-01
1.293400000000000000e+04 5.488640000000000185e-01
1.293500000000000000e+04 5.489140000000000130e-01
1.293600000000000000e+04 5.489629999999999788e-01
1.293700000000000000e+04 5.490129999999999733e-01
1.293800000000000000e+04 5.490629999999999677e-01
1.293900000000000000e+04 5.491120000000000445e-01
1.294000000000000000e+04 5.491620000000000390e-01
1.294100000000000000e+04 5.491660000000000430e-01
1.294200000000000000e+04 5.491700000000000470e-01
1.294300000000000000e+04 5.491749999999999687e-01
1.294400000000000000e+04 5.491800000000000015e-01
1.294500000000000000e+04 5.491869999999999807e-01
1.294600000000000000e+04 5.491939999999999600e-01
1.294700000000000000e+04 5.492010000000000502e-01
1.294800000000000000e+04 5.492080000000000295e-01
1.294900000000000000e+04 5.492150000000000087e-01
1.295000000000000000e+04 5.492219999999999880e-01
1.295100000000000000e+04 5.492289999999999672e-01
1.295200000000000000e+04 5.492359999999999465e-01
1.295300000000000000e+04 5.492430000000000367e-01
1.295400000000000000e+04 5.492489999999999872e-01
1.295500000000000000e+04 5.492559999999999665e-01
1.295600000000000000e+04 5.492639999999999745e-01
1.295700000000000000e+04 5.492700000000000360e-01
1.295800000000000000e+04 5.492770000000000152e-01
1.295900000000000000e+04 5.492850000000000232e-01
1.296000000000000000e+04 5.492920000000000025e-01
1.296100000000000000e+04 5.492989999999999817e-01
1.296200000000000000e+04 5.493050000000000432e-01
1.296300000000000000e+04 5.493120000000000225e-01
1.296400000000000000e+04 5.492829999999999657e-01
1.296500000000000000e+04 5.492099999999999760e-01
1.296600000000000000e+04 5.491359999999999575e-01
1.296700000000000000e+04 5.490629999999999677e-01
1.296800000000000000e+04 5.489899999999999780e-01
1.296900000000000000e+04 5.489169999999999883e-01
1.297000000000000000e+04 5.488429999999999698e-01
1.297100000000000000e+04 5.487699999999999800e-01
1.297200000000000000e+04 5.486969999999999903e-01
1.297300000000000000e+04 5.486229999999999718e-01
1.297400000000000000e+04 5.485499999999999821e-01
1.297500000000000000e+04 5.484769999999999923e-01
1.297600000000000000e+04 5.484029999999999738e-01
1.297700000000000000e+04 5.483299999999999841e-01
1.297800000000000000e+04 5.482569999999999943e-01
1.297900000000000000e+04 5.481840000000000046e-01
1.298000000000000000e+04 5.481099999999999861e-01
1.298100000000000000e+04 5.480819999999999581e-01
1.298200000000000000e+04 5.480540000000000411e-01
1.298300000000000000e+04 5.480260000000000131e-01
1.298400000000000000e+04 5.480089999999999684e-01
1.298500000000000000e+04 5.480030000000000179e-01
1.298600000000000000e+04 5.479969999999999564e-01
1.298700000000000000e+04 5.479910000000000059e-01
1.298800000000000000e+04 5.479850000000000554e-01
1.298900000000000000e+04 5.479789999999999939e-01
1.299000000000000000e+04 5.479730000000000434e-01
1.299100000000000000e+04 5.479220000000000201e-01
1.299200000000000000e+04 5.478709999999999969e-01
1.299300000000000000e+04 5.478199999999999736e-01
1.299400000000000000e+04 5.477689999999999504e-01
1.299500000000000000e+04 5.477180000000000382e-01
1.299600000000000000e+04 5.476659999999999862e-01
1.299700000000000000e+04 5.476149999999999629e-01
1.299800000000000000e+04 5.475640000000000507e-01
1.299900000000000000e+04 5.475130000000000274e-01
1.300000000000000000e+04 5.474609999999999754e-01
1.300100000000000000e+04 5.474290000000000544e-01
1.300200000000000000e+04 5.473959999999999937e-01
1.300300000000000000e+04 5.473639999999999617e-01
1.300400000000000000e+04 5.472939999999999472e-01
1.300500000000000000e+04 5.471789999999999710e-01
1.300600000000000000e+04 5.470629999999999660e-01
1.300700000000000000e+04 5.469469999999999610e-01
1.300800000000000000e+04 5.468319999999999848e-01
1.300900000000000000e+04 5.467159999999999798e-01
1.301000000000000000e+04 5.465999999999999748e-01
1.301100000000000000e+04 5.464839999999999698e-01
1.301200000000000000e+04 5.463689999999999936e-01
1.301300000000000000e+04 5.462529999999999886e-01
1.301400000000000000e+04 5.461369999999999836e-01
1.301500000000000000e+04 5.460220000000000073e-01
1.301600000000000000e+04 5.459060000000000024e-01
1.301700000000000000e+04 5.457899999999999974e-01
1.301800000000000000e+04 5.456739999999999924e-01
1.301900000000000000e+04 5.455590000000000162e-01
1.302000000000000000e+04 5.454430000000000112e-01
1.302100000000000000e+04 5.453719999999999679e-01
1.302200000000000000e+04 5.453010000000000357e-01
1.302300000000000000e+04 5.452310000000000212e-01
1.302400000000000000e+04 5.452040000000000219e-01
1.302500000000000000e+04 5.452329999999999677e-01
1.302600000000000000e+04 5.452620000000000244e-01
1.302700000000000000e+04 5.452909999999999702e-01
1.302800000000000000e+04 5.453200000000000269e-01
1.302900000000000000e+04 5.453489999999999727e-01
1.303000000000000000e+04 5.453780000000000294e-01
1.303100000000000000e+04 5.453620000000000134e-01
1.303200000000000000e+04 5.453459999999999974e-01
1.303300000000000000e+04 5.453299999999999814e-01
1.303400000000000000e+04 5.453139999999999654e-01
1.303500000000000000e+04 5.452970000000000317e-01
1.303600000000000000e+04 5.452810000000000157e-01
1.303700000000000000e+04 5.452649999999999997e-01
1.303800000000000000e+04 5.452489999999999837e-01
1.303900000000000000e+04 5.452329999999999677e-01
1.304000000000000000e+04 5.452169999999999517e-01
1.304100000000000000e+04 5.452010000000000467e-01
1.304200000000000000e+04 5.451850000000000307e-01
1.304300000000000000e+04 5.451690000000000147e-01
1.304400000000000000e+04 5.451470000000000482e-01
1.304500000000000000e+04 5.451169999999999627e-01
1.304600000000000000e+04 5.450869999999999882e-01
1.304700000000000000e+04 5.450570000000000137e-01
1.304800000000000000e+04 5.450270000000000392e-01
1.304900000000000000e+04 5.449969999999999537e-01
1.305000000000000000e+04 5.449669999999999792e-01
1.305100000000000000e+04 5.449370000000000047e-01
1.305200000000000000e+04 5.449070000000000302e-01
1.305300000000000000e+04 5.448769999999999447e-01
1.305400000000000000e+04 5.448469999999999702e-01
1.305500000000000000e+04 5.448169999999999957e-01
1.305600000000000000e+04 5.447870000000000212e-01
1.305700000000000000e+04 5.447570000000000467e-01
1.305800000000000000e+04 5.447269999999999612e-01
1.305900000000000000e+04 5.446969999999999867e-01
1.306000000000000000e+04 5.446670000000000122e-01
1.306100000000000000e+04 5.446370000000000378e-01
1.306200000000000000e+04 5.446069999999999522e-01
1.306300000000000000e+04 5.445769999999999778e-01
1.306400000000000000e+04 5.445740000000000025e-01
1.306500000000000000e+04 5.446079999999999810e-01
1.306600000000000000e+04 5.446419999999999595e-01
1.306700000000000000e+04 5.446760000000000490e-01
1.306800000000000000e+04 5.447100000000000275e-01
1.306900000000000000e+04 5.447440000000000060e-01
1.307000000000000000e+04 5.447779999999999845e-01
1.307100000000000000e+04 5.448560000000000070e-01
1.307200000000000000e+04 5.449349999999999472e-01
1.307300000000000000e+04 5.450139999999999985e-01
1.307400000000000000e+04 5.450930000000000497e-01
1.307500000000000000e+04 5.451719999999999899e-01
1.307600000000000000e+04 5.452510000000000412e-01
1.307700000000000000e+04 5.453299999999999814e-01
1.307800000000000000e+04 5.454090000000000327e-01
1.307900000000000000e+04 5.454879999999999729e-01
1.308000000000000000e+04 5.455670000000000242e-01
1.308100000000000000e+04 5.456010000000000026e-01
1.308200000000000000e+04 5.456349999999999811e-01
1.308300000000000000e+04 5.456689999999999596e-01
1.308400000000000000e+04 5.456910000000000371e-01
1.308500000000000000e+04 5.456969999999999876e-01
1.308600000000000000e+04 5.457030000000000491e-01
1.308700000000000000e+04 5.457089999999999996e-01
1.308800000000000000e+04 5.457149999999999501e-01
1.308900000000000000e+04 5.457210000000000116e-01
1.309000000000000000e+04 5.457279999999999909e-01
1.309100000000000000e+04 5.457340000000000524e-01
1.309200000000000000e+04 5.457400000000000029e-01
1.309300000000000000e+04 5.457459999999999534e-01
1.309400000000000000e+04 5.457520000000000149e-01
1.309500000000000000e+04 5.457579999999999654e-01
1.309600000000000000e+04 5.457640000000000269e-01
1.309700000000000000e+04 5.457699999999999774e-01
1.309800000000000000e+04 5.457760000000000389e-01
1.309900000000000000e+04 5.457819999999999894e-01
1.310000000000000000e+04 5.457889999999999686e-01
1.310100000000000000e+04 5.457950000000000301e-01
1.310200000000000000e+04 5.458009999999999806e-01
1.310300000000000000e+04 5.458070000000000421e-01
1.310400000000000000e+04 5.458439999999999959e-01
1.310500000000000000e+04 5.459249999999999936e-01
1.310600000000000000e+04 5.460070000000000201e-01
1.310700000000000000e+04 5.460880000000000178e-01
1.310800000000000000e+04 5.461690000000000156e-01
1.310900000000000000e+04 5.462500000000000133e-01
1.311000000000000000e+04 5.463320000000000398e-01
1.311100000000000000e+04 5.464130000000000376e-01
1.311200000000000000e+04 5.464940000000000353e-01
1.311300000000000000e+04 5.465759999999999508e-01
1.311400000000000000e+04 5.466569999999999485e-01
1.311500000000000000e+04 5.467379999999999463e-01
1.311600000000000000e+04 5.468199999999999728e-01
1.311700000000000000e+04 5.469009999999999705e-01
1.311800000000000000e+04 5.469819999999999682e-01
1.311900000000000000e+04 5.470639999999999947e-01
1.312000000000000000e+04 5.471449999999999925e-01
1.312100000000000000e+04 5.472719999999999807e-01
1.312200000000000000e+04 5.473980000000000512e-01
1.312300000000000000e+04 5.475240000000000107e-01
1.312400000000000000e+04 5.476360000000000117e-01
1.312500000000000000e+04 5.477260000000000462e-01
1.312600000000000000e+04 5.478169999999999984e-01
1.312700000000000000e+04 5.479070000000000329e-01
1.312800000000000000e+04 5.479979999999999851e-01
1.312900000000000000e+04 5.480880000000000196e-01
1.313000000000000000e+04 5.481780000000000541e-01
1.313100000000000000e+04 5.482230000000000159e-01
1.313200000000000000e+04 5.482690000000000063e-01
1.313300000000000000e+04 5.483139999999999681e-01
1.313400000000000000e+04 5.483590000000000408e-01
1.313500000000000000e+04 5.484040000000000026e-01
1.313600000000000000e+04 5.484499999999999931e-01
1.313700000000000000e+04 5.484949999999999548e-01
1.313800000000000000e+04 5.485400000000000276e-01
1.313900000000000000e+04 5.485849999999999893e-01
1.314000000000000000e+04 5.486299999999999510e-01
1.314100000000000000e+04 5.486760000000000526e-01
1.314200000000000000e+04 5.487210000000000143e-01
1.314300000000000000e+04 5.487659999999999760e-01
1.314400000000000000e+04 5.487990000000000368e-01
1.314500000000000000e+04 5.488129999999999953e-01
1.314600000000000000e+04 5.488279999999999825e-01
1.314700000000000000e+04 5.488420000000000520e-01
1.314800000000000000e+04 5.488570000000000393e-01
1.314900000000000000e+04 5.488709999999999978e-01
1.315000000000000000e+04 5.488859999999999850e-01
1.315100000000000000e+04 5.489009999999999723e-01
1.315200000000000000e+04 5.489150000000000418e-01
1.315300000000000000e+04 5.489300000000000290e-01
1.315400000000000000e+04 5.489439999999999875e-01
1.315500000000000000e+04 5.489579999999999460e-01
1.315600000000000000e+04 5.489730000000000443e-01
1.315700000000000000e+04 5.489870000000000028e-01
1.315800000000000000e+04 5.490019999999999900e-01
1.315900000000000000e+04 5.490169999999999773e-01
1.316000000000000000e+04 5.490319999999999645e-01
1.316100000000000000e+04 5.490909999999999958e-01
1.316200000000000000e+04 5.491509999999999447e-01
1.316300000000000000e+04 5.492110000000000047e-01
1.316400000000000000e+04 5.492770000000000152e-01
1.316500000000000000e+04 5.493540000000000090e-01
1.316600000000000000e+04 5.494310000000000027e-01
1.316700000000000000e+04 5.495069999999999677e-01
1.316800000000000000e+04 5.495839999999999614e-01
1.316900000000000000e+04 5.496609999999999552e-01
1.317000000000000000e+04 5.497370000000000312e-01
1.317100000000000000e+04 5.497689999999999522e-01
1.317200000000000000e+04 5.497999999999999554e-01
1.317300000000000000e+04 5.498309999999999587e-01
1.317400000000000000e+04 5.498619999999999619e-01
1.317500000000000000e+04 5.498939999999999939e-01
1.317600000000000000e+04 5.499249999999999972e-01
1.317700000000000000e+04 5.499570000000000292e-01
1.317800000000000000e+04 5.499880000000000324e-01
1.317900000000000000e+04 5.500190000000000357e-01
1.318000000000000000e+04 5.500500000000000389e-01
1.318100000000000000e+04 5.500819999999999599e-01
1.318200000000000000e+04 5.501129999999999631e-01
1.318300000000000000e+04 5.501449999999999951e-01
1.318400000000000000e+04 5.501709999999999656e-01
1.318500000000000000e+04 5.501920000000000144e-01
1.318600000000000000e+04 5.502120000000000344e-01
1.318700000000000000e+04 5.502320000000000544e-01
1.318800000000000000e+04 5.502519999999999634e-01
1.318900000000000000e+04 5.502719999999999834e-01
1.319000000000000000e+04 5.502920000000000034e-01
1.319100000000000000e+04 5.503120000000000234e-01
1.319200000000000000e+04 5.503320000000000434e-01
1.319300000000000000e+04 5.503529999999999811e-01
1.319400000000000000e+04 5.503730000000000011e-01
1.319500000000000000e+04 5.503930000000000211e-01
1.319600000000000000e+04 5.504130000000000411e-01
1.319700000000000000e+04 5.504329999999999501e-01
1.319800000000000000e+04 5.504539999999999988e-01
1.319900000000000000e+04 5.504740000000000189e-01
1.320000000000000000e+04 5.504940000000000389e-01
1.320100000000000000e+04 5.505029999999999646e-01
1.320200000000000000e+04 5.505109999999999726e-01
1.320300000000000000e+04 5.505200000000000093e-01
1.320400000000000000e+04 5.505360000000000253e-01
1.320500000000000000e+04 5.505649999999999711e-01
1.320600000000000000e+04 5.505929999999999991e-01
1.320700000000000000e+04 5.506210000000000271e-01
1.320800000000000000e+04 5.506490000000000551e-01
1.320900000000000000e+04 5.506780000000000008e-01
1.321000000000000000e+04 5.507060000000000288e-01
1.321100000000000000e+04 5.507800000000000473e-01
1.321200000000000000e+04 5.508530000000000371e-01
1.321300000000000000e+04 5.509269999999999445e-01
1.321400000000000000e+04 5.510009999999999630e-01
1.321500000000000000e+04 5.510739999999999528e-01
1.321600000000000000e+04 5.511479999999999713e-01
1.321700000000000000e+04 5.512219999999999898e-01
1.321800000000000000e+04 5.512960000000000083e-01
1.321900000000000000e+04 5.513689999999999980e-01
1.322000000000000000e+04 5.514430000000000165e-01
1.322100000000000000e+04 5.514710000000000445e-01
1.322200000000000000e+04 5.514999999999999902e-01
1.322300000000000000e+04 5.515280000000000182e-01
1.322400000000000000e+04 5.515499999999999847e-01
1.322500000000000000e+04 5.515609999999999680e-01
1.322600000000000000e+04 5.515729999999999800e-01
1.322700000000000000e+04 5.515839999999999632e-01
1.322800000000000000e+04 5.515959999999999752e-01
1.322900000000000000e+04 5.516069999999999585e-01
1.323000000000000000e+04 5.516189999999999705e-01
1.323100000000000000e+04 5.516299999999999537e-01
1.323200000000000000e+04 5.516419999999999657e-01
1.323300000000000000e+04 5.516529999999999490e-01
1.323400000000000000e+04 5.516649999999999610e-01
1.323500000000000000e+04 5.516760000000000552e-01
1.323600000000000000e+04 5.516879999999999562e-01
1.323700000000000000e+04 5.516990000000000505e-01
1.323800000000000000e+04 5.517109999999999514e-01
1.323900000000000000e+04 5.517229999999999634e-01
1.324000000000000000e+04 5.517339999999999467e-01
1.324100000000000000e+04 5.517450000000000410e-01
1.324200000000000000e+04 5.517570000000000530e-01
1.324300000000000000e+04 5.517680000000000362e-01
1.324400000000000000e+04 5.517900000000000027e-01
1.324500000000000000e+04 5.518260000000000387e-01
1.324600000000000000e+04 5.518629999999999924e-01
1.324700000000000000e+04 5.518999999999999462e-01
1.324800000000000000e+04 5.519359999999999822e-01
1.324900000000000000e+04 5.519730000000000469e-01
1.325000000000000000e+04 5.520100000000000007e-01
1.325100000000000000e+04 5.520460000000000367e-01
1.325200000000000000e+04 5.520829999999999904e-01
1.325300000000000000e+04 5.521200000000000552e-01
1.325400000000000000e+04 5.521570000000000089e-01
1.325500000000000000e+04 5.521930000000000449e-01
1.325600000000000000e+04 5.522299999999999986e-01
1.325700000000000000e+04 5.522669999999999524e-01
1.325800000000000000e+04 5.523029999999999884e-01
1.325900000000000000e+04 5.523400000000000531e-01
1.326000000000000000e+04 5.523770000000000069e-01
1.326100000000000000e+04 5.524139999999999606e-01
1.326200000000000000e+04 5.524499999999999966e-01
1.326300000000000000e+04 5.524869999999999504e-01
1.326400000000000000e+04 5.525360000000000271e-01
1.326500000000000000e+04 5.526069999999999593e-01
1.326600000000000000e+04 5.526769999999999738e-01
1.326700000000000000e+04 5.527469999999999883e-01
1.326800000000000000e+04 5.528180000000000316e-01
1.326900000000000000e+04 5.528880000000000461e-01
1.327000000000000000e+04 5.529579999999999496e-01
1.327100000000000000e+04 5.530739999999999545e-01
1.327200000000000000e+04 5.531899999999999595e-01
1.327300000000000000e+04 5.533059999999999645e-01
1.327400000000000000e+04 5.534219999999999695e-01
1.327500000000000000e+04 5.535379999999999745e-01
1.327600000000000000e+04 5.536539999999999795e-01
1.327700000000000000e+04 5.537699999999999845e-01
1.327800000000000000e+04 5.538859999999999895e-01
1.327900000000000000e+04 5.540019999999999945e-01
1.328000000000000000e+04 5.541179999999999994e-01
1.328100000000000000e+04 5.541880000000000139e-01
1.328200000000000000e+04 5.542589999999999462e-01
1.328300000000000000e+04 5.543289999999999607e-01
1.328400000000000000e+04 5.543860000000000454e-01
1.328500000000000000e+04 5.544200000000000239e-01
1.328600000000000000e+04 5.544540000000000024e-01
1.328700000000000000e+04 5.544879999999999809e-01
1.328800000000000000e+04 5.545219999999999594e-01
1.328900000000000000e+04 5.545560000000000489e-01
1.329000000000000000e+04 5.545900000000000274e-01
1.329100000000000000e+04 5.546240000000000059e-01
1.329200000000000000e+04 5.546579999999999844e-01
1.329300000000000000e+04 5.546919999999999629e-01
1.329400000000000000e+04 5.547260000000000524e-01
1.329500000000000000e+04 5.547600000000000309e-01
1.329600000000000000e+04 5.547940000000000094e-01
1.329700000000000000e+04 5.548279999999999879e-01
1.329800000000000000e+04 5.548619999999999663e-01
1.329900000000000000e+04 5.548959999999999448e-01
1.330000000000000000e+04 5.549300000000000344e-01
1.330100000000000000e+04 5.549640000000000128e-01
1.330200000000000000e+04 5.549979999999999913e-01
1.330300000000000000e+04 5.550319999999999698e-01
1.330400000000000000e+04 5.550479999999999858e-01
1.330500000000000000e+04 5.550349999999999451e-01
1.330600000000000000e+04 5.550209999999999866e-01
1.330700000000000000e+04 5.550070000000000281e-01
1.330800000000000000e+04 5.549939999999999873e-01
1.330900000000000000e+04 5.549800000000000288e-01
1.331000000000000000e+04 5.549669999999999881e-01
1.331100000000000000e+04 5.549530000000000296e-01
1.331200000000000000e+04 5.549389999999999601e-01
1.331300000000000000e+04 5.549250000000000016e-01
1.331400000000000000e+04 5.549119999999999608e-01
1.331500000000000000e+04 5.548980000000000024e-01
1.331600000000000000e+04 5.548849999999999616e-01
1.331700000000000000e+04 5.548710000000000031e-01
1.331800000000000000e+04 5.548570000000000446e-01
1.331900000000000000e+04 5.548440000000000039e-01
1.332000000000000000e+04 5.548300000000000454e-01
1.332100000000000000e+04 5.548619999999999663e-01
1.332200000000000000e+04 5.548939999999999984e-01
1.332300000000000000e+04 5.549260000000000304e-01
1.332400000000000000e+04 5.549659999999999593e-01
1.332500000000000000e+04 5.550199999999999578e-01
1.332600000000000000e+04 5.550739999999999563e-01
1.332700000000000000e+04 5.551289999999999836e-01
1.332800000000000000e+04 5.551829999999999821e-01
1.332900000000000000e+04 5.552369999999999806e-01
1.333000000000000000e+04 5.552920000000000078e-01
1.333100000000000000e+04 5.553010000000000446e-01
1.333200000000000000e+04 5.553099999999999703e-01
1.333300000000000000e+04 5.553179999999999783e-01
1.333400000000000000e+04 5.553270000000000151e-01
1.333500000000000000e+04 5.553360000000000518e-01
1.333600000000000000e+04 5.553449999999999775e-01
1.333700000000000000e+04 5.553529999999999855e-01
1.333800000000000000e+04 5.553620000000000223e-01
1.333900000000000000e+04 5.553709999999999480e-01
1.334000000000000000e+04 5.553799999999999848e-01
1.334100000000000000e+04 5.553890000000000216e-01
1.334200000000000000e+04 5.553970000000000296e-01
1.334300000000000000e+04 5.554059999999999553e-01
1.334400000000000000e+04 5.553989999999999760e-01
1.334500000000000000e+04 5.553630000000000511e-01
1.334600000000000000e+04 5.553270000000000151e-01
1.334700000000000000e+04 5.552899999999999503e-01
1.334800000000000000e+04 5.552540000000000253e-01
1.334900000000000000e+04 5.552179999999999893e-01
1.335000000000000000e+04 5.551819999999999533e-01
1.335100000000000000e+04 5.551460000000000283e-01
1.335200000000000000e+04 5.551089999999999636e-01
1.335300000000000000e+04 5.550730000000000386e-01
1.335400000000000000e+04 5.550370000000000026e-01
1.335500000000000000e+04 5.550009999999999666e-01
1.335600000000000000e+04 5.549650000000000416e-01
1.335700000000000000e+04 5.549290000000000056e-01
1.335800000000000000e+04 5.548920000000000519e-01
1.335900000000000000e+04 5.548560000000000159e-01
1.336000000000000000e+04 5.548199999999999799e-01
1.336100000000000000e+04 5.547840000000000549e-01
1.336200000000000000e+04 5.547480000000000189e-01
1.336300000000000000e+04 5.547119999999999829e-01
1.336400000000000000e+04 5.546759999999999469e-01
1.336500000000000000e+04 5.546429999999999971e-01
1.336600000000000000e+04 5.546100000000000474e-01
1.336700000000000000e+04 5.545759999999999579e-01
1.336800000000000000e+04 5.545430000000000081e-01
1.336900000000000000e+04 5.545099999999999474e-01
1.337000000000000000e+04 5.544759999999999689e-01
1.337100000000000000e+04 5.544430000000000192e-01
1.337200000000000000e+04 5.544090000000000407e-01
1.337300000000000000e+04 5.543759999999999799e-01
1.337400000000000000e+04 5.543430000000000302e-01
1.337500000000000000e+04 5.543090000000000517e-01
1.337600000000000000e+04 5.542759999999999909e-01
1.337700000000000000e+04 5.542420000000000124e-01
1.337800000000000000e+04 5.542089999999999517e-01
1.337900000000000000e+04 5.541760000000000019e-01
1.338000000000000000e+04 5.541420000000000234e-01
1.338100000000000000e+04 5.541540000000000354e-01
1.338200000000000000e+04 5.541669999999999652e-01
1.338300000000000000e+04 5.541789999999999772e-01
1.338400000000000000e+04 5.541669999999999652e-01
1.338500000000000000e+04 5.541089999999999627e-01
1.338600000000000000e+04 5.540509999999999602e-01
1.338700000000000000e+04 5.539929999999999577e-01
1.338800000000000000e+04 5.539349999999999552e-01
1.338900000000000000e+04 5.538760000000000350e-01
1.339000000000000000e+04 5.538180000000000325e-01
1.339100000000000000e+04 5.537140000000000395e-01
1.339200000000000000e+04 5.536109999999999642e-01
1.339300000000000000e+04 5.535069999999999713e-01
1.339400000000000000e+04 5.534040000000000070e-01
1.339500000000000000e+04 5.533000000000000140e-01
1.339600000000000000e+04 5.531960000000000210e-01
1.339700000000000000e+04 5.530920000000000281e-01
1.339800000000000000e+04 5.529880000000000351e-01
1.339900000000000000e+04 5.528849999999999598e-01
1.340000000000000000e+04 5.527809999999999668e-01
1.340100000000000000e+04 5.526469999999999994e-01
1.340200000000000000e+04 5.525130000000000319e-01
1.340300000000000000e+04 5.523799999999999821e-01
1.340400000000000000e+04 5.522550000000000514e-01
1.340500000000000000e+04 5.521460000000000257e-01
1.340600000000000000e+04 5.520380000000000287e-01
1.340700000000000000e+04 5.519290000000000029e-01
1.340800000000000000e+04 5.518210000000000059e-01
1.340900000000000000e+04 5.517130000000000090e-01
1.341000000000000000e+04 5.516039999999999832e-01
1.341100000000000000e+04 5.514959999999999862e-01
1.341200000000000000e+04 5.513869999999999605e-01
1.341300000000000000e+04 5.512789999999999635e-01
1.341400000000000000e+04 5.511709999999999665e-01
1.341500000000000000e+04 5.510620000000000518e-01
1.341600000000000000e+04 5.509540000000000548e-01
1.341700000000000000e+04 5.508459999999999468e-01
1.341800000000000000e+04 5.507370000000000321e-01
1.341900000000000000e+04 5.506290000000000351e-01
1.342000000000000000e+04 5.505210000000000381e-01
1.342100000000000000e+04 5.504120000000000124e-01
1.342200000000000000e+04 5.503040000000000154e-01
1.342300000000000000e+04 5.501960000000000184e-01
1.342400000000000000e+04 5.500880000000000214e-01
1.342500000000000000e+04 5.499829999999999997e-01
1.342600000000000000e+04 5.498769999999999492e-01
1.342700000000000000e+04 5.497720000000000384e-01
1.342800000000000000e+04 5.496659999999999879e-01
1.342900000000000000e+04 5.495609999999999662e-01
1.343000000000000000e+04 5.494560000000000555e-01
1.343100000000000000e+04 5.493500000000000050e-01
1.343200000000000000e+04 5.492449999999999832e-01
1.343300000000000000e+04 5.491390000000000438e-01
1.343400000000000000e+04 5.490340000000000220e-01
1.343500000000000000e+04 5.489279999999999715e-01
1.343600000000000000e+04 5.488229999999999498e-01
1.343700000000000000e+04 5.487180000000000391e-01
1.343800000000000000e+04 5.486119999999999886e-01
1.343900000000000000e+04 5.485069999999999668e-01
1.344000000000000000e+04 5.484010000000000273e-01
1.344100000000000000e+04 5.483409999999999673e-01
1.344200000000000000e+04 5.482810000000000183e-01
1.344300000000000000e+04 5.482209999999999583e-01
1.344400000000000000e+04 5.481570000000000054e-01
1.344500000000000000e+04 5.480850000000000444e-01
1.344600000000000000e+04 5.480140000000000011e-01
1.344700000000000000e+04 5.479420000000000401e-01
1.344800000000000000e+04 5.478699999999999681e-01
1.344900000000000000e+04 5.477990000000000359e-01
1.345000000000000000e+04 5.477269999999999639e-01
1.345100000000000000e+04 5.476109999999999589e-01
1.345200000000000000e+04 5.474940000000000362e-01
1.345300000000000000e+04 5.473770000000000024e-01
1.345400000000000000e+04 5.472609999999999975e-01
1.345500000000000000e+04 5.471439999999999637e-01
1.345600000000000000e+04 5.470270000000000410e-01
1.345700000000000000e+04 5.469110000000000360e-01
1.345800000000000000e+04 5.467940000000000023e-01
1.345900000000000000e+04 5.466779999999999973e-01
1.346000000000000000e+04 5.465619999999999923e-01
1.346100000000000000e+04 5.464449999999999585e-01
1.346200000000000000e+04 5.463280000000000358e-01
1.346300000000000000e+04 5.462120000000000308e-01
1.346400000000000000e+04 5.461390000000000411e-01
1.346500000000000000e+04 5.461610000000000076e-01
1.346600000000000000e+04 5.461810000000000276e-01
1.346700000000000000e+04 5.462029999999999941e-01
1.346800000000000000e+04 5.462230000000000141e-01
1.346900000000000000e+04 5.462439999999999518e-01
1.347000000000000000e+04 5.462650000000000006e-01
1.347100000000000000e+04 5.462860000000000493e-01
1.347200000000000000e+04 5.463069999999999871e-01
1.347300000000000000e+04 5.463280000000000358e-01
1.347400000000000000e+04 5.463489999999999736e-01
1.347500000000000000e+04 5.463700000000000223e-01
1.347600000000000000e+04 5.463909999999999600e-01
1.347700000000000000e+04 5.464120000000000088e-01
1.347800000000000000e+04 5.464329999999999465e-01
1.347900000000000000e+04 5.464539999999999953e-01
1.348000000000000000e+04 5.464750000000000441e-01
1.348100000000000000e+04 5.464959999999999818e-01
1.348200000000000000e+04 5.465170000000000305e-01
1.348300000000000000e+04 5.465379999999999683e-01
1.348400000000000000e+04 5.465430000000000010e-01
1.348500000000000000e+04 5.465130000000000265e-01
1.348600000000000000e+04 5.464839999999999698e-01
1.348700000000000000e+04 5.464539999999999953e-01
1.348800000000000000e+04 5.464250000000000496e-01
1.348900000000000000e+04 5.463949999999999640e-01
1.349000000000000000e+04 5.463660000000000183e-01
1.349100000000000000e+04 5.463360000000000438e-01
1.349200000000000000e+04 5.463069999999999871e-01
1.349300000000000000e+04 5.462770000000000126e-01
1.349400000000000000e+04 5.462470000000000381e-01
1.349500000000000000e+04 5.462179999999999813e-01
1.349600000000000000e+04 5.461880000000000068e-01
1.349700000000000000e+04 5.461589999999999501e-01
1.349800000000000000e+04 5.461289999999999756e-01
1.349900000000000000e+04 5.461000000000000298e-01
1.350000000000000000e+04 5.460700000000000554e-01
1.350100000000000000e+04 5.460779999999999523e-01
1.350200000000000000e+04 5.460869999999999891e-01
1.350300000000000000e+04 5.460949999999999971e-01
1.350400000000000000e+04 5.461219999999999963e-01
1.350500000000000000e+04 5.461920000000000108e-01
1.350600000000000000e+04 5.462609999999999966e-01
1.350700000000000000e+04 5.463310000000000111e-01
1.350800000000000000e+04 5.464010000000000256e-01
1.350900000000000000e+04 5.464700000000000113e-01
1.351000000000000000e+04 5.465400000000000258e-01
1.351100000000000000e+04 5.465649999999999675e-01
1.351200000000000000e+04 5.465900000000000203e-01
1.351300000000000000e+04 5.466149999999999620e-01
1.351400000000000000e+04 5.466400000000000148e-01
1.351500000000000000e+04 5.466649999999999565e-01
1.351600000000000000e+04 5.466900000000000093e-01
1.351700000000000000e+04 5.467149999999999510e-01
1.351800000000000000e+04 5.467389999999999750e-01
1.351900000000000000e+04 5.467640000000000278e-01
1.352000000000000000e+04 5.467889999999999695e-01
1.352100000000000000e+04 5.468140000000000223e-01
1.352200000000000000e+04 5.468389999999999640e-01
1.352300000000000000e+04 5.468640000000000168e-01
1.352400000000000000e+04 5.468979999999999952e-01
1.352500000000000000e+04 5.469530000000000225e-01
1.352600000000000000e+04 5.470089999999999675e-01
1.352700000000000000e+04 5.470639999999999947e-01
1.352800000000000000e+04 5.471200000000000507e-01
1.352900000000000000e+04 5.471759999999999957e-01
1.353000000000000000e+04 5.472310000000000230e-01
1.353100000000000000e+04 5.472869999999999679e-01
1.353200000000000000e+04 5.473419999999999952e-01
1.353300000000000000e+04 5.473980000000000512e-01
1.353400000000000000e+04 5.474529999999999674e-01
1.353500000000000000e+04 5.475090000000000234e-01
1.353600000000000000e+04 5.475649999999999684e-01
1.353700000000000000e+04 5.476199999999999957e-01
1.353800000000000000e+04 5.476760000000000517e-01
1.353900000000000000e+04 5.477309999999999679e-01
1.354000000000000000e+04 5.477859999999999951e-01
1.354100000000000000e+04 5.478420000000000512e-01
1.354200000000000000e+04 5.478979999999999961e-01
1.354300000000000000e+04 5.479530000000000234e-01
1.354400000000000000e+04 5.480239999999999556e-01
1.354500000000000000e+04 5.481289999999999774e-01
1.354600000000000000e+04 5.482350000000000279e-01
1.354700000000000000e+04 5.483409999999999673e-01
1.354800000000000000e+04 5.484459999999999891e-01
1.354900000000000000e+04 5.485520000000000396e-01
1.355000000000000000e+04 5.486579999999999790e-01
1.355100000000000000e+04 5.487640000000000295e-01
1.355200000000000000e+04 5.488690000000000513e-01
1.355300000000000000e+04 5.489749999999999908e-01
1.355400000000000000e+04 5.490810000000000413e-01
1.355500000000000000e+04 5.491859999999999520e-01
1.355600000000000000e+04 5.492920000000000025e-01
1.355700000000000000e+04 5.493970000000000242e-01
1.355800000000000000e+04 5.495029999999999637e-01
1.355900000000000000e+04 5.496090000000000142e-01
1.356000000000000000e+04 5.497140000000000359e-01
1.356100000000000000e+04 5.498199999999999754e-01
1.356200000000000000e+04 5.499249999999999972e-01
1.356300000000000000e+04 5.500310000000000477e-01
1.356400000000000000e+04 5.501070000000000126e-01
1.356500000000000000e+04 5.501120000000000454e-01
1.356600000000000000e+04 5.501169999999999671e-01
1.356700000000000000e+04 5.501219999999999999e-01
1.356800000000000000e+04 5.501270000000000326e-01
1.356900000000000000e+04 5.501319999999999544e-01
1.357000000000000000e+04 5.501369999999999871e-01
1.357100000000000000e+04 5.501869999999999816e-01
1.357200000000000000e+04 5.502369999999999761e-01
1.357300000000000000e+04 5.502869999999999706e-01
1.357400000000000000e+04 5.503369999999999651e-01
1.357500000000000000e+04 5.503869999999999596e-01
1.357600000000000000e+04 5.504369999999999541e-01
1.357700000000000000e+04 5.504869999999999486e-01
1.357800000000000000e+04 5.505370000000000541e-01
1.357900000000000000e+04 5.505870000000000486e-01
1.358000000000000000e+04 5.506370000000000431e-01
1.358100000000000000e+04 5.506419999999999648e-01
1.358200000000000000e+04 5.506459999999999688e-01
1.358300000000000000e+04 5.506510000000000016e-01
1.358400000000000000e+04 5.506269999999999776e-01
1.358500000000000000e+04 5.505320000000000213e-01
1.358600000000000000e+04 5.504360000000000364e-01
1.358700000000000000e+04 5.503400000000000514e-01
1.358800000000000000e+04 5.502449999999999841e-01
1.358900000000000000e+04 5.501489999999999991e-01
1.359000000000000000e+04 5.500530000000000141e-01
1.359100000000000000e+04 5.499579999999999469e-01
1.359200000000000000e+04 5.498619999999999619e-01
1.359300000000000000e+04 5.497659999999999769e-01
1.359400000000000000e+04 5.496710000000000207e-01
1.359500000000000000e+04 5.495750000000000357e-01
1.359600000000000000e+04 5.494799999999999685e-01
1.359700000000000000e+04 5.493839999999999835e-01
1.359800000000000000e+04 5.492890000000000272e-01
1.359900000000000000e+04 5.491930000000000422e-01
1.360000000000000000e+04 5.490979999999999750e-01
1.360100000000000000e+04 5.488979999999999970e-01
1.360200000000000000e+04 5.486990000000000478e-01
1.360300000000000000e+04 5.485010000000000163e-01
1.360400000000000000e+04 5.483820000000000361e-01
1.360500000000000000e+04 5.484700000000000131e-01
1.360600000000000000e+04 5.485579999999999901e-01
1.360700000000000000e+04 5.486459999999999670e-01
1.360800000000000000e+04 5.487340000000000551e-01
1.360900000000000000e+04 5.488210000000000033e-01
1.361000000000000000e+04 5.489089999999999803e-01
1.361100000000000000e+04 5.489969999999999573e-01
1.361200000000000000e+04 5.490840000000000165e-01
1.361300000000000000e+04 5.491709999999999647e-01
1.361400000000000000e+04 5.492590000000000527e-01
1.361500000000000000e+04 5.493460000000000010e-01
1.361600000000000000e+04 5.494329999999999492e-01
1.361700000000000000e+04 5.495200000000000085e-01
1.361800000000000000e+04 5.496060000000000390e-01
1.361900000000000000e+04 5.496929999999999872e-01
1.362000000000000000e+04 5.497800000000000464e-01
1.362100000000000000e+04 5.498659999999999659e-01
1.362200000000000000e+04 5.499530000000000252e-01
1.362300000000000000e+04 5.500389999999999446e-01
1.362400000000000000e+04 5.501030000000000086e-01
1.362500000000000000e+04 5.501049999999999551e-01
1.362600000000000000e+04 5.501080000000000414e-01
1.362700000000000000e+04 5.501110000000000166e-01
1.362800000000000000e+04 5.501139999999999919e-01
1.362900000000000000e+04 5.501169999999999671e-01
1.363000000000000000e+04 5.501190000000000246e-01
1.363100000000000000e+04 5.501219999999999999e-01
1.363200000000000000e+04 5.501249999999999751e-01
1.363300000000000000e+04 5.501270000000000326e-01
1.363400000000000000e+04 5.501300000000000079e-01
1.363500000000000000e+04 5.501319999999999544e-01
1.363600000000000000e+04 5.501340000000000119e-01
1.363700000000000000e+04 5.501369999999999871e-01
1.363800000000000000e+04 5.501390000000000446e-01
1.363900000000000000e+04 5.501409999999999911e-01
1.364000000000000000e+04 5.501430000000000486e-01
1.364100000000000000e+04 5.501449999999999951e-01
1.364200000000000000e+04 5.501479999999999704e-01
1.364300000000000000e+04 5.501489999999999991e-01
1.364400000000000000e+04 5.500880000000000214e-01
1.364500000000000000e+04 5.498560000000000114e-01
1.364600000000000000e+04 5.496229999999999727e-01
1.364700000000000000e+04 5.493909999999999627e-01
1.364800000000000000e+04 5.491580000000000350e-01
1.364900000000000000e+04 5.489260000000000250e-01
1.365000000000000000e+04 5.486929999999999863e-01
1.365100000000000000e+04 5.485060000000000491e-01
1.365200000000000000e+04 5.483190000000000008e-01
1.365300000000000000e+04 5.481310000000000349e-01
1.365400000000000000e+04 5.479439999999999866e-01
1.365500000000000000e+04 5.477570000000000494e-01
1.365600000000000000e+04 5.475700000000000012e-01
1.365700000000000000e+04 5.473829999999999529e-01
1.365800000000000000e+04 5.471960000000000157e-01
1.365900000000000000e+04 5.470080000000000497e-01
1.366000000000000000e+04 5.468210000000000015e-01
1.366100000000000000e+04 5.465900000000000203e-01
1.366200000000000000e+04 5.463580000000000103e-01
1.366300000000000000e+04 5.461260000000000003e-01
1.366400000000000000e+04 5.459410000000000096e-01
1.366500000000000000e+04 5.458849999999999536e-01
1.366600000000000000e+04 5.458290000000000086e-01
1.366700000000000000e+04 5.457739999999999814e-01
1.366800000000000000e+04 5.457180000000000364e-01
1.366900000000000000e+04 5.456619999999999804e-01
1.367000000000000000e+04 5.456060000000000354e-01
1.367100000000000000e+04 5.455510000000000081e-01
1.367200000000000000e+04 5.454949999999999521e-01
1.367300000000000000e+04 5.454390000000000072e-01
1.367400000000000000e+04 5.453829999999999512e-01
1.367500000000000000e+04 5.453270000000000062e-01
1.367600000000000000e+04 5.452709999999999502e-01
1.367700000000000000e+04 5.452150000000000052e-01
1.367800000000000000e+04 5.451589999999999492e-01
1.367900000000000000e+04 5.451030000000000042e-01
1.368000000000000000e+04 5.450460000000000305e-01
1.368100000000000000e+04 5.449899999999999745e-01
1.368200000000000000e+04 5.449340000000000295e-01
1.368300000000000000e+04 5.448779999999999735e-01
1.368400000000000000e+04 5.447969999999999757e-01
1.368500000000000000e+04 5.446450000000000458e-01
1.368600000000000000e+04 5.444930000000000048e-01
1.368700000000000000e+04 5.443409999999999638e-01
1.368800000000000000e+04 5.441890000000000338e-01
1.368900000000000000e+04 5.440380000000000216e-01
1.369000000000000000e+04 5.438859999999999806e-01
1.369100000000000000e+04 5.437340000000000506e-01
1.369200000000000000e+04 5.435820000000000096e-01
1.369300000000000000e+04 5.434309999999999974e-01
1.369400000000000000e+04 5.432789999999999564e-01
1.369500000000000000e+04 5.431270000000000264e-01
1.369600000000000000e+04 5.429749999999999854e-01
1.369700000000000000e+04 5.428239999999999732e-01
1.369800000000000000e+04 5.426720000000000432e-01
1.369900000000000000e+04 5.425210000000000310e-01
1.370000000000000000e+04 5.423689999999999900e-01
1.370100000000000000e+04 5.422179999999999778e-01
1.370200000000000000e+04 5.420660000000000478e-01
1.370300000000000000e+04 5.419140000000000068e-01
1.370400000000000000e+04 5.417650000000000521e-01
1.370500000000000000e+04 5.416210000000000191e-01
1.370600000000000000e+04 5.414780000000000149e-01
1.370700000000000000e+04 5.413350000000000106e-01
1.370800000000000000e+04 5.411920000000000064e-01
1.370900000000000000e+04 5.410479999999999734e-01
1.371000000000000000e+04 5.409049999999999692e-01
1.371100000000000000e+04 5.407619999999999649e-01
1.371200000000000000e+04 5.406189999999999607e-01
1.371300000000000000e+04 5.404759999999999565e-01
1.371400000000000000e+04 5.403329999999999522e-01
1.371500000000000000e+04 5.401899999999999480e-01
1.371600000000000000e+04 5.400470000000000548e-01
1.371700000000000000e+04 5.399040000000000505e-01
1.371800000000000000e+04 5.397600000000000176e-01
1.371900000000000000e+04 5.396170000000000133e-01
1.372000000000000000e+04 5.394740000000000091e-01
1.372100000000000000e+04 5.393310000000000048e-01
1.372200000000000000e+04 5.391880000000000006e-01
1.372300000000000000e+04 5.390449999999999964e-01
1.372400000000000000e+04 5.389070000000000249e-01
1.372500000000000000e+04 5.387830000000000119e-01
1.372600000000000000e+04 5.386589999999999989e-01
1.372700000000000000e+04 5.385349999999999859e-01
1.372800000000000000e+04 5.384109999999999729e-01
1.372900000000000000e+04 5.382869999999999600e-01
1.373000000000000000e+04 5.381629999999999470e-01
1.373100000000000000e+04 5.380390000000000450e-01
1.373200000000000000e+04 5.379150000000000320e-01
1.373300000000000000e+04 5.377910000000000190e-01
1.373400000000000000e+04 5.376680000000000348e-01
1.373500000000000000e+04 5.375440000000000218e-01
1.373600000000000000e+04 5.374200000000000088e-01
1.373700000000000000e+04 5.372959999999999958e-01
1.373800000000000000e+04 5.371719999999999828e-01
1.373900000000000000e+04 5.370479999999999698e-01
1.374000000000000000e+04 5.369239999999999569e-01
1.374100000000000000e+04 5.368450000000000166e-01
1.374200000000000000e+04 5.367650000000000476e-01
1.374300000000000000e+04 5.366849999999999676e-01
1.374400000000000000e+04 5.365929999999999866e-01
1.374500000000000000e+04 5.364609999999999657e-01
1.374600000000000000e+04 5.363299999999999734e-01
1.374700000000000000e+04 5.361989999999999812e-01
1.374800000000000000e+04 5.360679999999999890e-01
1.374900000000000000e+04 5.359369999999999967e-01
1.375000000000000000e+04 5.358060000000000045e-01
1.375100000000000000e+04 5.356309999999999683e-01
1.375200000000000000e+04 5.354560000000000430e-01
1.375300000000000000e+04 5.352810000000000068e-01
1.375400000000000000e+04 5.351059999999999706e-01
1.375500000000000000e+04 5.349319999999999631e-01
1.375600000000000000e+04 5.347570000000000379e-01
1.375700000000000000e+04 5.345820000000000016e-01
1.375800000000000000e+04 5.344069999999999654e-01
1.375900000000000000e+04 5.342329999999999579e-01
1.376000000000000000e+04 5.340580000000000327e-01
1.376100000000000000e+04 5.338840000000000252e-01
1.376200000000000000e+04 5.337089999999999890e-01
1.376300000000000000e+04 5.335349999999999815e-01
1.376400000000000000e+04 5.333769999999999900e-01
1.376500000000000000e+04 5.332719999999999683e-01
1.376600000000000000e+04 5.331669999999999465e-01
1.376700000000000000e+04 5.330620000000000358e-01
1.376800000000000000e+04 5.329580000000000428e-01
1.376900000000000000e+04 5.328530000000000211e-01
1.377000000000000000e+04 5.327490000000000281e-01
1.377100000000000000e+04 5.326440000000000063e-01
1.377200000000000000e+04 5.325389999999999846e-01
1.377300000000000000e+04 5.324349999999999916e-01
1.377400000000000000e+04 5.323299999999999699e-01
1.377500000000000000e+04 5.322249999999999481e-01
1.377600000000000000e+04 5.321200000000000374e-01
1.377700000000000000e+04 5.320160000000000444e-01
1.377800000000000000e+04 5.319110000000000227e-01
1.377900000000000000e+04 5.318060000000000009e-01
1.378000000000000000e+04 5.317020000000000080e-01
1.378100000000000000e+04 5.315969999999999862e-01
1.378200000000000000e+04 5.314919999999999645e-01
1.378300000000000000e+04 5.313879999999999715e-01
1.378400000000000000e+04 5.312440000000000495e-01
1.378500000000000000e+04 5.309739999999999460e-01
1.378600000000000000e+04 5.307039999999999536e-01
1.378700000000000000e+04 5.304339999999999611e-01
1.378800000000000000e+04 5.301639999999999686e-01
1.378900000000000000e+04 5.298950000000000049e-01
1.379000000000000000e+04 5.296250000000000124e-01
1.379100000000000000e+04 5.293550000000000200e-01
1.379200000000000000e+04 5.290859999999999452e-01
1.379300000000000000e+04 5.288159999999999528e-01
1.379400000000000000e+04 5.285469999999999891e-01
1.379500000000000000e+04 5.282769999999999966e-01
1.379600000000000000e+04 5.280080000000000329e-01
1.379700000000000000e+04 5.277389999999999581e-01
1.379800000000000000e+04 5.274699999999999944e-01
1.379900000000000000e+04 5.272010000000000307e-01
1.380000000000000000e+04 5.269319999999999560e-01
1.380100000000000000e+04 5.266939999999999955e-01
1.380200000000000000e+04 5.264550000000000063e-01
1.380300000000000000e+04 5.262170000000000458e-01
1.380400000000000000e+04 5.260139999999999816e-01
1.380500000000000000e+04 5.259329999999999838e-01
1.380600000000000000e+04 5.258519999999999861e-01
1.380700000000000000e+04 5.257699999999999596e-01
1.380800000000000000e+04 5.256889999999999619e-01
1.380900000000000000e+04 5.256079999999999641e-01
1.381000000000000000e+04 5.255260000000000487e-01
1.381100000000000000e+04 5.254450000000000509e-01
1.381200000000000000e+04 5.253630000000000244e-01
1.381300000000000000e+04 5.252820000000000267e-01
1.381400000000000000e+04 5.252010000000000289e-01
1.381500000000000000e+04 5.251190000000000024e-01
1.381600000000000000e+04 5.250380000000000047e-01
1.381700000000000000e+04 5.249570000000000070e-01
1.381800000000000000e+04 5.248749999999999805e-01
1.381900000000000000e+04 5.247939999999999827e-01
1.382000000000000000e+04 5.247119999999999562e-01
1.382100000000000000e+04 5.246309999999999585e-01
1.382200000000000000e+04 5.245499999999999607e-01
1.382300000000000000e+04 5.244680000000000453e-01
1.382400000000000000e+04 5.243799999999999573e-01
1.382500000000000000e+04 5.242670000000000385e-01
1.382600000000000000e+04 5.241540000000000088e-01
1.382700000000000000e+04 5.240409999999999791e-01
1.382800000000000000e+04 5.239279999999999493e-01
1.382900000000000000e+04 5.238150000000000306e-01
1.383000000000000000e+04 5.237020000000000008e-01
1.383100000000000000e+04 5.237969999999999571e-01
1.383200000000000000e+04 5.238920000000000243e-01
1.383300000000000000e+04 5.239869999999999806e-01
1.383400000000000000e+04 5.240820000000000478e-01
1.383500000000000000e+04 5.241770000000000040e-01
1.383600000000000000e+04 5.242719999999999603e-01
1.383700000000000000e+04 5.243659999999999988e-01
1.383800000000000000e+04 5.244619999999999838e-01
1.383900000000000000e+04 5.245560000000000223e-01
1.384000000000000000e+04 5.246520000000000072e-01
1.384100000000000000e+04 5.247469999999999635e-01
1.384200000000000000e+04 5.248410000000000020e-01
1.384300000000000000e+04 5.249359999999999582e-01
1.384400000000000000e+04 5.250050000000000550e-01
1.384500000000000000e+04 5.249779999999999447e-01
1.384600000000000000e+04 5.249509999999999454e-01
1.384700000000000000e+04 5.249239999999999462e-01
1.384800000000000000e+04 5.248969999999999470e-01
1.384900000000000000e+04 5.248699999999999477e-01
1.385000000000000000e+04 5.248429999999999485e-01
1.385100000000000000e+04 5.248580000000000467e-01
1.385200000000000000e+04 5.248739999999999517e-01
1.385300000000000000e+04 5.248899999999999677e-01
1.385400000000000000e+04 5.249049999999999550e-01
1.385500000000000000e+04 5.249209999999999710e-01
1.385600000000000000e+04 5.249359999999999582e-01
1.385700000000000000e+04 5.249519999999999742e-01
1.385800000000000000e+04 5.249669999999999614e-01
1.385900000000000000e+04 5.249819999999999487e-01
1.386000000000000000e+04 5.249979999999999647e-01
1.386100000000000000e+04 5.249700000000000477e-01
1.386200000000000000e+04 5.249420000000000197e-01
1.386300000000000000e+04 5.249139999999999917e-01
1.386400000000000000e+04 5.249219999999999997e-01
1.386500000000000000e+04 5.250609999999999999e-01
1.386600000000000000e+04 5.252019999999999467e-01
1.386700000000000000e+04 5.253419999999999757e-01
1.386800000000000000e+04 5.254820000000000046e-01
1.386900000000000000e+04 5.256220000000000336e-01
1.387000000000000000e+04 5.257610000000000339e-01
1.387100000000000000e+04 5.259019999999999806e-01
1.387200000000000000e+04 5.260420000000000096e-01
1.387300000000000000e+04 5.261820000000000386e-01
1.387400000000000000e+04 5.263219999999999565e-01
1.387500000000000000e+04 5.264630000000000143e-01
1.387600000000000000e+04 5.266030000000000433e-01
1.387700000000000000e+04 5.267429999999999612e-01
1.387800000000000000e+04 5.268829999999999902e-01
1.387900000000000000e+04 5.270230000000000192e-01
1.388000000000000000e+04 5.271639999999999660e-01
1.388100000000000000e+04 5.273039999999999949e-01
1.388200000000000000e+04 5.274440000000000239e-01
1.388300000000000000e+04 5.275840000000000529e-01
1.388400000000000000e+04 5.276999999999999469e-01
1.388500000000000000e+04 5.277169999999999916e-01
1.388600000000000000e+04 5.277340000000000364e-01
1.388700000000000000e+04 5.277519999999999989e-01
1.388800000000000000e+04 5.277690000000000436e-01
1.388900000000000000e+04 5.277859999999999774e-01
1.389000000000000000e+04 5.278030000000000221e-01
1.389100000000000000e+04 5.278209999999999846e-01
1.389200000000000000e+04 5.278380000000000294e-01
1.389300000000000000e+04 5.278549999999999631e-01
1.389400000000000000e+04 5.278720000000000079e-01
1.389500000000000000e+04 5.278890000000000526e-01
1.389600000000000000e+04 5.279059999999999864e-01
1.389700000000000000e+04 5.279230000000000311e-01
1.389800000000000000e+04 5.279399999999999649e-01
1.389900000000000000e+04 5.279570000000000096e-01
1.390000000000000000e+04 5.279740000000000544e-01
1.390100000000000000e+04 5.279909999999999881e-01
1.390200000000000000e+04 5.280080000000000329e-01
1.390300000000000000e+04 5.280249999999999666e-01
1.390400000000000000e+04 5.280669999999999531e-01
1.390500000000000000e+04 5.282099999999999573e-01
1.390600000000000000e+04 5.283529999999999616e-01
1.390700000000000000e+04 5.284959999999999658e-01
1.390800000000000000e+04 5.286389999999999700e-01
1.390900000000000000e+04 5.287819999999999743e-01
1.391000000000000000e+04 5.289249999999999785e-01
1.391100000000000000e+04 5.290690000000000115e-01
1.391200000000000000e+04 5.292120000000000157e-01
1.391300000000000000e+04 5.293550000000000200e-01
1.391400000000000000e+04 5.294980000000000242e-01
1.391500000000000000e+04 5.296419999999999462e-01
1.391600000000000000e+04 5.297849999999999504e-01
1.391700000000000000e+04 5.299279999999999546e-01
1.391800000000000000e+04 5.300709999999999589e-01
1.391900000000000000e+04 5.302149999999999919e-01
1.392000000000000000e+04 5.303579999999999961e-01
1.392100000000000000e+04 5.305010000000000003e-01
1.392200000000000000e+04 5.306450000000000333e-01
1.392300000000000000e+04 5.307880000000000376e-01
1.392400000000000000e+04 5.308890000000000553e-01
1.392500000000000000e+04 5.308079999999999465e-01
1.392600000000000000e+04 5.307279999999999776e-01
1.392700000000000000e+04 5.306469999999999798e-01
1.392800000000000000e+04 5.305670000000000108e-01
1.392900000000000000e+04 5.304860000000000131e-01
1.393000000000000000e+04 5.304050000000000153e-01
1.393100000000000000e+04 5.303250000000000464e-01
1.393200000000000000e+04 5.302440000000000486e-01
1.393300000000000000e+04 5.301630000000000509e-01
1.393400000000000000e+04 5.300820000000000531e-01
1.393500000000000000e+04 5.300019999999999731e-01
1.393600000000000000e+04 5.299209999999999754e-01
1.393700000000000000e+04 5.298399999999999777e-01
1.393800000000000000e+04 5.297579999999999512e-01
1.393900000000000000e+04 5.296769999999999534e-01
1.394000000000000000e+04 5.295959999999999557e-01
1.394100000000000000e+04 5.295140000000000402e-01
1.394200000000000000e+04 5.294330000000000425e-01
1.394300000000000000e+04 5.293510000000000160e-01
1.394400000000000000e+04 5.293409999999999505e-01
1.394500000000000000e+04 5.296330000000000204e-01
1.394600000000000000e+04 5.299249999999999794e-01
1.394700000000000000e+04 5.302170000000000494e-01
1.394800000000000000e+04 5.305090000000000083e-01
1.394900000000000000e+04 5.308009999999999673e-01
1.395000000000000000e+04 5.310930000000000373e-01
1.395100000000000000e+04 5.313860000000000250e-01
1.395200000000000000e+04 5.316790000000000127e-01
1.395300000000000000e+04 5.319709999999999717e-01
1.395400000000000000e+04 5.322639999999999594e-01
1.395500000000000000e+04 5.325569999999999471e-01
1.395600000000000000e+04 5.328500000000000458e-01
1.395700000000000000e+04 5.331430000000000335e-01
1.395800000000000000e+04 5.334360000000000213e-01
1.395900000000000000e+04 5.337290000000000090e-01
1.396000000000000000e+04 5.340219999999999967e-01
1.396100000000000000e+04 5.343149999999999844e-01
1.396200000000000000e+04 5.346090000000000009e-01
1.396300000000000000e+04 5.349019999999999886e-01
1.396400000000000000e+04 5.351420000000000066e-01
1.396500000000000000e+04 5.351420000000000066e-01
1.396600000000000000e+04 5.351420000000000066e-01
1.396700000000000000e+04 5.351420000000000066e-01
1.396800000000000000e+04 5.351420000000000066e-01
1.396900000000000000e+04 5.351420000000000066e-01
1.397000000000000000e+04 5.351420000000000066e-01
1.397100000000000000e+04 5.351420000000000066e-01
1.397200000000000000e+04 5.351420000000000066e-01
1.397300000000000000e+04 5.351409999999999778e-01
1.397400000000000000e+04 5.351409999999999778e-01
1.397500000000000000e+04 5.351409999999999778e-01
1.397600000000000000e+04 5.351409999999999778e-01
1.397700000000000000e+04 5.351399999999999491e-01
1.397800000000000000e+04 5.351399999999999491e-01
1.397900000000000000e+04 5.351399999999999491e-01
1.398000000000000000e+04 5.351390000000000313e-01
1.398100000000000000e+04 5.351390000000000313e-01
1.398200000000000000e+04 5.351380000000000026e-01
1.398300000000000000e+04 5.351380000000000026e-01
1.398400000000000000e+04 5.351700000000000346e-01
1.398500000000000000e+04 5.353520000000000501e-01
1.398600000000000000e+04 5.355339999999999545e-01
1.398700000000000000e+04 5.357159999999999700e-01
1.398800000000000000e+04 5.358990000000000142e-01
1.398900000000000000e+04 5.360810000000000297e-01
1.399000000000000000e+04 5.362639999999999629e-01
1.399100000000000000e+04 5.364459999999999784e-01
1.399200000000000000e+04 5.366290000000000227e-01
1.399300000000000000e+04 5.368110000000000381e-01
1.399400000000000000e+04 5.369939999999999714e-01
1.399500000000000000e+04 5.371759999999999868e-01
1.399600000000000000e+04 5.373590000000000311e-01
1.399700000000000000e+04 5.375419999999999643e-01
1.399800000000000000e+04 5.377239999999999798e-01
1.399900000000000000e+04 5.379070000000000240e-01
1.400000000000000000e+04 5.380899999999999572e-01
1.400100000000000000e+04 5.382200000000000317e-01
1.400200000000000000e+04 5.383499999999999952e-01
1.400300000000000000e+04 5.384809999999999874e-01
1.400400000000000000e+04 5.385860000000000092e-01
1.400500000000000000e+04 5.385710000000000219e-01
1.400600000000000000e+04 5.385560000000000347e-01
1.400700000000000000e+04 5.385410000000000474e-01
1.400800000000000000e+04 5.385259999999999492e-01
1.400900000000000000e+04 5.385109999999999619e-01
1.401000000000000000e+04 5.384959999999999747e-01
1.401100000000000000e+04 5.384809999999999874e-01
1.401200000000000000e+04 5.384660000000000002e-01
1.401300000000000000e+04 5.384510000000000129e-01
1.401400000000000000e+04 5.384360000000000257e-01
1.401500000000000000e+04 5.384210000000000385e-01
1.401600000000000000e+04 5.384060000000000512e-01
1.401700000000000000e+04 5.383909999999999529e-01
1.401800000000000000e+04 5.383759999999999657e-01
1.401900000000000000e+04 5.383609999999999784e-01
1.402000000000000000e+04 5.383459999999999912e-01
1.402100000000000000e+04 5.383310000000000040e-01
1.402200000000000000e+04 5.383160000000000167e-01
1.402300000000000000e+04 5.383010000000000295e-01
1.402400000000000000e+04 5.383120000000000127e-01
1.402500000000000000e+04 5.384529999999999594e-01
1.402600000000000000e+04 5.385940000000000172e-01
1.402700000000000000e+04 5.387359999999999927e-01
1.402800000000000000e+04 5.388770000000000504e-01
1.402900000000000000e+04 5.390179999999999971e-01
1.403000000000000000e+04 5.391599999999999726e-01
1.403100000000000000e+04 5.393010000000000304e-01
1.403200000000000000e+04 5.394430000000000058e-01
1.403300000000000000e+04 5.395839999999999526e-01
1.403400000000000000e+04 5.397260000000000391e-01
1.403500000000000000e+04 5.398669999999999858e-01
1.403600000000000000e+04 5.400089999999999613e-01
1.403700000000000000e+04 5.401500000000000190e-01
1.403800000000000000e+04 5.402919999999999945e-01
1.403900000000000000e+04 5.404330000000000522e-01
1.404000000000000000e+04 5.405750000000000277e-01
1.404100000000000000e+04 5.407159999999999744e-01
1.404200000000000000e+04 5.408579999999999499e-01
1.404300000000000000e+04 5.409990000000000077e-01
1.404400000000000000e+04 5.411289999999999711e-01
1.404500000000000000e+04 5.411989999999999856e-01
1.404600000000000000e+04 5.412700000000000289e-01
1.404700000000000000e+04 5.413400000000000434e-01
1.404800000000000000e+04 5.414099999999999469e-01
1.404900000000000000e+04 5.414799999999999613e-01
1.405000000000000000e+04 5.415499999999999758e-01
1.405100000000000000e+04 5.416210000000000191e-01
1.405200000000000000e+04 5.416910000000000336e-01
1.405300000000000000e+04 5.417610000000000481e-01
1.405400000000000000e+04 5.418309999999999516e-01
1.405500000000000000e+04 5.419019999999999948e-01
1.405600000000000000e+04 5.419720000000000093e-01
1.405700000000000000e+04 5.420420000000000238e-01
1.405800000000000000e+04 5.421120000000000383e-01
1.405900000000000000e+04 5.421820000000000528e-01
1.406000000000000000e+04 5.422529999999999850e-01
1.406100000000000000e+04 5.423229999999999995e-01
1.406200000000000000e+04 5.423930000000000140e-01
1.406300000000000000e+04 5.424630000000000285e-01
1.406400000000000000e+04 5.425280000000000102e-01
1.406500000000000000e+04 5.425659999999999927e-01
1.406600000000000000e+04 5.426029999999999465e-01
1.406700000000000000e+04 5.426400000000000112e-01
1.406800000000000000e+04 5.426779999999999937e-01
1.406900000000000000e+04 5.427140000000000297e-01
1.407000000000000000e+04 5.427520000000000122e-01
1.407100000000000000e+04 5.428330000000000100e-01
1.407200000000000000e+04 5.429150000000000365e-01
1.407300000000000000e+04 5.429969999999999519e-01
1.407400000000000000e+04 5.430779999999999497e-01
1.407500000000000000e+04 5.431599999999999762e-01
1.407600000000000000e+04 5.432409999999999739e-01
1.407700000000000000e+04 5.433230000000000004e-01
1.407800000000000000e+04 5.434050000000000269e-01
1.407900000000000000e+04 5.434860000000000246e-01
1.408000000000000000e+04 5.435680000000000511e-01
1.408100000000000000e+04 5.436050000000000049e-01
1.408200000000000000e+04 5.436419999999999586e-01
1.408300000000000000e+04 5.436790000000000234e-01
1.408400000000000000e+04 5.437309999999999643e-01
1.408500000000000000e+04 5.438619999999999566e-01
1.408600000000000000e+04 5.439929999999999488e-01
1.408700000000000000e+04 5.441249999999999698e-01
1.408800000000000000e+04 5.442559999999999620e-01
1.408900000000000000e+04 5.443869999999999543e-01
1.409000000000000000e+04 5.445179999999999465e-01
1.409100000000000000e+04 5.446490000000000498e-01
1.409200000000000000e+04 5.447800000000000420e-01
1.409300000000000000e+04 5.449119999999999520e-01
1.409400000000000000e+04 5.450430000000000552e-01
1.409500000000000000e+04 5.451740000000000475e-01
1.409600000000000000e+04 5.453059999999999574e-01
1.409700000000000000e+04 5.454369999999999497e-01
1.409800000000000000e+04 5.455680000000000529e-01
1.409900000000000000e+04 5.456990000000000451e-01
1.410000000000000000e+04 5.458309999999999551e-01
1.410100000000000000e+04 5.459619999999999473e-01
1.410200000000000000e+04 5.460939999999999683e-01
1.410300000000000000e+04 5.462249999999999606e-01
1.410400000000000000e+04 5.463379999999999903e-01
1.410500000000000000e+04 5.463390000000000191e-01
1.410600000000000000e+04 5.463400000000000478e-01
1.410700000000000000e+04 5.463419999999999943e-01
1.410800000000000000e+04 5.463430000000000231e-01
1.410900000000000000e+04 5.463449999999999696e-01
1.411000000000000000e+04 5.463459999999999983e-01
1.411100000000000000e+04 5.463470000000000271e-01
1.411200000000000000e+04 5.463489999999999736e-01
1.411300000000000000e+04 5.463500000000000023e-01
1.411400000000000000e+04 5.463510000000000311e-01
1.411500000000000000e+04 5.463529999999999776e-01
1.411600000000000000e+04 5.463540000000000063e-01
1.411700000000000000e+04 5.463550000000000351e-01
1.411800000000000000e+04 5.463569999999999816e-01
1.411900000000000000e+04 5.463580000000000103e-01
1.412000000000000000e+04 5.463590000000000391e-01
1.412100000000000000e+04 5.463599999999999568e-01
1.412200000000000000e+04 5.463620000000000143e-01
1.412300000000000000e+04 5.463630000000000431e-01
1.412400000000000000e+04 5.463810000000000056e-01
1.412500000000000000e+04 5.465010000000000145e-01
1.412600000000000000e+04 5.466210000000000235e-01
1.412700000000000000e+04 5.467419999999999503e-01
1.412800000000000000e+04 5.468629999999999880e-01
1.412900000000000000e+04 5.469829999999999970e-01
1.413000000000000000e+04 5.471030000000000060e-01
1.413100000000000000e+04 5.472240000000000437e-01
1.413200000000000000e+04 5.473449999999999704e-01
1.413300000000000000e+04 5.474649999999999794e-01
1.413400000000000000e+04 5.475860000000000172e-01
1.413500000000000000e+04 5.477060000000000262e-01
1.413600000000000000e+04 5.478269999999999529e-01
1.413700000000000000e+04 5.479479999999999906e-01
1.413800000000000000e+04 5.480679999999999996e-01
1.413900000000000000e+04 5.481890000000000374e-01
1.414000000000000000e+04 5.483099999999999641e-01
1.414100000000000000e+04 5.484310000000000018e-01
1.414200000000000000e+04 5.485510000000000108e-01
1.414300000000000000e+04 5.486720000000000486e-01
1.414400000000000000e+04 5.487710000000000088e-01
1.414500000000000000e+04 5.487279999999999935e-01
1.414600000000000000e+04 5.486839999999999495e-01
1.414700000000000000e+04 5.486410000000000453e-01
1.414800000000000000e+04 5.485980000000000301e-01
1.414900000000000000e+04 5.485539999999999861e-01
1.415000000000000000e+04 5.485109999999999708e-01
1.415100000000000000e+04 5.484679999999999556e-01
1.415200000000000000e+04 5.484250000000000513e-01
1.415300000000000000e+04 5.483810000000000073e-01
1.415400000000000000e+04 5.483379999999999921e-01
1.415500000000000000e+04 5.482939999999999481e-01
1.415600000000000000e+04 5.482510000000000439e-01
1.415700000000000000e+04 5.482069999999999999e-01
1.415800000000000000e+04 5.481639999999999846e-01
1.415900000000000000e+04 5.481209999999999694e-01
1.416000000000000000e+04 5.480779999999999541e-01
1.416100000000000000e+04 5.480340000000000211e-01
1.416200000000000000e+04 5.479910000000000059e-01
1.416300000000000000e+04 5.479469999999999619e-01
1.416400000000000000e+04 5.479169999999999874e-01
1.416500000000000000e+04 5.479789999999999939e-01
1.416600000000000000e+04 5.480420000000000291e-01
1.416700000000000000e+04 5.481040000000000356e-01
1.416800000000000000e+04 5.481660000000000421e-01
1.416900000000000000e+04 5.482289999999999663e-01
1.417000000000000000e+04 5.482909999999999728e-01
1.417100000000000000e+04 5.483529999999999793e-01
1.417200000000000000e+04 5.484149999999999858e-01
1.417300000000000000e+04 5.484780000000000211e-01
1.417400000000000000e+04 5.485400000000000276e-01
1.417500000000000000e+04 5.486020000000000341e-01
1.417600000000000000e+04 5.486640000000000406e-01
1.417700000000000000e+04 5.487269999999999648e-01
1.417800000000000000e+04 5.487889999999999713e-01
1.417900000000000000e+04 5.488509999999999778e-01
1.418000000000000000e+04 5.489140000000000130e-01
1.418100000000000000e+04 5.489760000000000195e-01
1.418200000000000000e+04 5.490380000000000260e-01
1.418300000000000000e+04 5.491009999999999502e-01
1.418400000000000000e+04 5.491589999999999527e-01
1.418500000000000000e+04 5.491850000000000342e-01
1.418600000000000000e+04 5.492110000000000047e-01
1.418700000000000000e+04 5.492369999999999752e-01
1.418800000000000000e+04 5.492629999999999457e-01
1.418900000000000000e+04 5.492890000000000272e-01
1.419000000000000000e+04 5.493149999999999977e-01
1.419100000000000000e+04 5.492960000000000065e-01
1.419200000000000000e+04 5.492770000000000152e-01
1.419300000000000000e+04 5.492580000000000240e-01
1.419400000000000000e+04 5.492399999999999505e-01
1.419500000000000000e+04 5.492209999999999592e-01
1.419600000000000000e+04 5.492019999999999680e-01
1.419700000000000000e+04 5.491829999999999767e-01
1.419800000000000000e+04 5.491639999999999855e-01
1.419900000000000000e+04 5.491449999999999942e-01
1.420000000000000000e+04 5.491260000000000030e-01
1.420100000000000000e+04 5.491019999999999790e-01
1.420200000000000000e+04 5.490779999999999550e-01
1.420300000000000000e+04 5.490540000000000420e-01
1.420400000000000000e+04 5.490329999999999933e-01
1.420500000000000000e+04 5.490340000000000220e-01
1.420600000000000000e+04 5.490359999999999685e-01
1.420700000000000000e+04 5.490369999999999973e-01
1.420800000000000000e+04 5.490380000000000260e-01
1.420900000000000000e+04 5.490390000000000548e-01
1.421000000000000000e+04 5.490399999999999725e-01
1.421100000000000000e+04 5.490410000000000013e-01
1.421200000000000000e+04 5.490429999999999477e-01
1.421300000000000000e+04 5.490439999999999765e-01
1.421400000000000000e+04 5.490450000000000053e-01
1.421500000000000000e+04 5.490460000000000340e-01
1.421600000000000000e+04 5.490469999999999517e-01
1.421700000000000000e+04 5.490490000000000093e-01
1.421800000000000000e+04 5.490500000000000380e-01
1.421900000000000000e+04 5.490509999999999557e-01
1.422000000000000000e+04 5.490519999999999845e-01
1.422100000000000000e+04 5.490530000000000133e-01
1.422200000000000000e+04 5.490540000000000420e-01
1.422300000000000000e+04 5.490549999999999597e-01
1.422400000000000000e+04 5.490549999999999597e-01
1.422500000000000000e+04 5.490450000000000053e-01
1.422600000000000000e+04 5.490350000000000508e-01
1.422700000000000000e+04 5.490249999999999853e-01
1.422800000000000000e+04 5.490150000000000308e-01
1.422900000000000000e+04 5.490049999999999653e-01
1.423000000000000000e+04 5.489950000000000108e-01
1.423100000000000000e+04 5.489849999999999453e-01
1.423200000000000000e+04 5.489749999999999908e-01
1.423300000000000000e+04 5.489650000000000363e-01
1.423400000000000000e+04 5.489549999999999708e-01
1.423500000000000000e+04 5.489450000000000163e-01
1.423600000000000000e+04 5.489349999999999508e-01
1.423700000000000000e+04 5.489249999999999963e-01
1.423800000000000000e+04 5.489150000000000418e-01
1.423900000000000000e+04 5.489049999999999763e-01
1.424000000000000000e+04 5.488950000000000218e-01
1.424100000000000000e+04 5.488849999999999563e-01
1.424200000000000000e+04 5.488750000000000018e-01
1.424300000000000000e+04 5.488650000000000473e-01
1.424400000000000000e+04 5.488539999999999530e-01
1.424500000000000000e+04 5.488359999999999905e-01
1.424600000000000000e+04 5.488169999999999993e-01
1.424700000000000000e+04 5.487990000000000368e-01
1.424800000000000000e+04 5.487809999999999633e-01
1.424900000000000000e+04 5.487619999999999720e-01
1.425000000000000000e+04 5.487440000000000095e-01
1.425100000000000000e+04 5.487250000000000183e-01
1.425200000000000000e+04 5.487069999999999448e-01
1.425300000000000000e+04 5.486879999999999535e-01
1.425400000000000000e+04 5.486699999999999910e-01
1.425500000000000000e+04 5.486520000000000286e-01
1.425600000000000000e+04 5.486330000000000373e-01
1.425700000000000000e+04 5.486149999999999638e-01
1.425800000000000000e+04 5.485959999999999726e-01
1.425900000000000000e+04 5.485780000000000101e-01
1.426000000000000000e+04 5.485600000000000476e-01
1.426100000000000000e+04 5.485409999999999453e-01
1.426200000000000000e+04 5.485229999999999828e-01
1.426300000000000000e+04 5.485039999999999916e-01
1.426400000000000000e+04 5.484830000000000538e-01
1.426500000000000000e+04 5.484339999999999771e-01
1.426600000000000000e+04 5.483850000000000113e-01
1.426700000000000000e+04 5.483360000000000456e-01
1.426800000000000000e+04 5.482860000000000511e-01
1.426900000000000000e+04 5.482369999999999743e-01
1.427000000000000000e+04 5.481880000000000086e-01
1.427100000000000000e+04 5.481390000000000429e-01
1.427200000000000000e+04 5.480899999999999661e-01
1.427300000000000000e+04 5.480410000000000004e-01
1.427400000000000000e+04 5.479910000000000059e-01
1.427500000000000000e+04 5.479420000000000401e-01
1.427600000000000000e+04 5.478929999999999634e-01
1.427700000000000000e+04 5.478439999999999976e-01
1.427800000000000000e+04 5.477950000000000319e-01
1.427900000000000000e+04 5.477459999999999551e-01
1.428000000000000000e+04 5.476969999999999894e-01
1.428100000000000000e+04 5.476480000000000237e-01
1.428200000000000000e+04 5.475980000000000292e-01
1.428300000000000000e+04 5.475489999999999524e-01
1.428400000000000000e+04 5.475109999999999699e-01
1.428500000000000000e+04 5.475790000000000379e-01
1.428600000000000000e+04 5.476469999999999949e-01
1.428700000000000000e+04 5.477159999999999807e-01
1.428800000000000000e+04 5.477840000000000487e-01
1.428900000000000000e+04 5.478520000000000056e-01
1.429000000000000000e+04 5.479199999999999626e-01
1.429100000000000000e+04 5.479880000000000306e-01
1.429200000000000000e+04 5.480559999999999876e-01
1.429300000000000000e+04 5.481249999999999734e-01
1.429400000000000000e+04 5.481930000000000414e-01
1.429500000000000000e+04 5.482609999999999983e-01
1.429600000000000000e+04 5.483289999999999553e-01
1.429700000000000000e+04 5.483970000000000233e-01
1.429800000000000000e+04 5.484649999999999803e-01
1.429900000000000000e+04 5.485339999999999661e-01
1.430000000000000000e+04 5.486020000000000341e-01
1.430100000000000000e+04 5.486699999999999910e-01
1.430200000000000000e+04 5.487379999999999480e-01
1.430300000000000000e+04 5.488060000000000160e-01
1.430400000000000000e+04 5.488650000000000473e-01
1.430500000000000000e+04 5.488300000000000400e-01
1.430600000000000000e+04 5.487940000000000040e-01
1.430700000000000000e+04 5.487589999999999968e-01
1.430800000000000000e+04 5.487239999999999895e-01
1.430900000000000000e+04 5.486889999999999823e-01
1.431000000000000000e+04 5.486539999999999750e-01
1.431100000000000000e+04 5.486180000000000501e-01
1.431200000000000000e+04 5.485830000000000428e-01
1.431300000000000000e+04 5.485480000000000356e-01
1.431400000000000000e+04 5.485130000000000283e-01
1.431500000000000000e+04 5.484780000000000211e-01
1.431600000000000000e+04 5.484419999999999851e-01
1.431700000000000000e+04 5.484069999999999778e-01
1.431800000000000000e+04 5.483719999999999706e-01
1.431900000000000000e+04 5.483369999999999633e-01
1.432000000000000000e+04 5.483019999999999561e-01
1.432100000000000000e+04 5.482660000000000311e-01
1.432200000000000000e+04 5.482310000000000239e-01
1.432300000000000000e+04 5.481960000000000166e-01
1.432400000000000000e+04 5.481629999999999558e-01
1.432500000000000000e+04 5.481589999999999518e-01
1.432600000000000000e+04 5.481540000000000301e-01
1.432700000000000000e+04 5.481500000000000261e-01
1.432800000000000000e+04 5.481449999999999934e-01
1.432900000000000000e+04 5.481409999999999894e-01
1.433000000000000000e+04 5.481359999999999566e-01
1.433100000000000000e+04 5.481319999999999526e-01
1.433200000000000000e+04 5.481270000000000309e-01
1.433300000000000000e+04 5.481219999999999981e-01
1.433400000000000000e+04 5.481179999999999941e-01
1.433500000000000000e+04 5.481139999999999901e-01
1.433600000000000000e+04 5.481089999999999574e-01
1.433700000000000000e+04 5.481049999999999534e-01
1.433800000000000000e+04 5.481000000000000316e-01
1.433900000000000000e+04 5.480960000000000276e-01
1.434000000000000000e+04 5.480909999999999949e-01
1.434100000000000000e+04 5.480869999999999909e-01
1.434200000000000000e+04 5.480819999999999581e-01
1.434300000000000000e+04 5.480779999999999541e-01
1.434400000000000000e+04 5.480760000000000076e-01
1.434500000000000000e+04 5.480990000000000029e-01
1.434600000000000000e+04 5.481219999999999981e-01
1.434700000000000000e+04 5.481460000000000221e-01
1.434800000000000000e+04 5.481690000000000174e-01
1.434900000000000000e+04 5.481930000000000414e-01
1.435000000000000000e+04 5.482160000000000366e-01
1.435100000000000000e+04 5.482390000000000319e-01
1.435200000000000000e+04 5.482629999999999448e-01
1.435300000000000000e+04 5.482860000000000511e-01
1.435400000000000000e+04 5.483099999999999641e-01
1.435500000000000000e+04 5.483329999999999593e-01
1.435600000000000000e+04 5.483559999999999546e-01
1.435700000000000000e+04 5.483799999999999786e-01
1.435800000000000000e+04 5.484040000000000026e-01
1.435900000000000000e+04 5.484269999999999978e-01
1.436000000000000000e+04 5.484510000000000218e-01
1.436100000000000000e+04 5.484740000000000171e-01
1.436200000000000000e+04 5.484970000000000123e-01
1.436300000000000000e+04 5.485210000000000363e-01
1.436400000000000000e+04 5.485449999999999493e-01
1.436500000000000000e+04 5.485849999999999893e-01
1.436600000000000000e+04 5.486259999999999470e-01
1.436700000000000000e+04 5.486659999999999870e-01
1.436800000000000000e+04 5.487060000000000271e-01
1.436900000000000000e+04 5.487469999999999848e-01
1.437000000000000000e+04 5.487870000000000248e-01
1.437100000000000000e+04 5.488269999999999538e-01
1.437200000000000000e+04 5.488669999999999938e-01
1.437300000000000000e+04 5.489070000000000338e-01
1.437400000000000000e+04 5.489469999999999628e-01
1.437500000000000000e+04 5.489880000000000315e-01
1.437600000000000000e+04 5.490279999999999605e-01
1.437700000000000000e+04 5.490680000000000005e-01
1.437800000000000000e+04 5.491080000000000405e-01
1.437900000000000000e+04 5.491479999999999695e-01
1.438000000000000000e+04 5.491880000000000095e-01
1.438100000000000000e+04 5.492289999999999672e-01
1.438200000000000000e+04 5.492690000000000072e-01
1.438300000000000000e+04 5.493090000000000472e-01
1.438400000000000000e+04 5.493470000000000297e-01
1.438500000000000000e+04 5.493569999999999842e-01
1.438600000000000000e+04 5.493660000000000210e-01
1.438700000000000000e+04 5.493759999999999755e-01
1.438800000000000000e+04 5.493850000000000122e-01
1.438900000000000000e+04 5.493940000000000490e-01
1.439000000000000000e+04 5.494040000000000035e-01
1.439100000000000000e+04 5.493679999999999675e-01
1.439200000000000000e+04 5.493329999999999602e-01
1.439300000000000000e+04 5.492970000000000352e-01
1.439400000000000000e+04 5.492620000000000280e-01
1.439500000000000000e+04 5.492259999999999920e-01
1.439600000000000000e+04 5.491909999999999847e-01
1.439700000000000000e+04 5.491559999999999775e-01
1.439800000000000000e+04 5.491200000000000525e-01
1.439900000000000000e+04 5.490840000000000165e-01
1.440000000000000000e+04 5.490490000000000093e-01
1.440100000000000000e+04 5.490479999999999805e-01
1.440200000000000000e+04 5.490469999999999517e-01
1.440300000000000000e+04 5.490460000000000340e-01
1.440400000000000000e+04 5.490469999999999517e-01
1.440500000000000000e+04 5.490739999999999510e-01
1.440600000000000000e+04 5.491009999999999502e-01
1.440700000000000000e+04 5.491279999999999495e-01
1.440800000000000000e+04 5.491549999999999487e-01
1.440900000000000000e+04 5.491819999999999480e-01
1.441000000000000000e+04 5.492089999999999472e-01
1.441100000000000000e+04 5.492359999999999465e-01
1.441200000000000000e+04 5.492629999999999457e-01
1.441300000000000000e+04 5.492899999999999450e-01
1.441400000000000000e+04 5.493170000000000552e-01
1.441500000000000000e+04 5.493430000000000257e-01
1.441600000000000000e+04 5.493700000000000250e-01
1.441700000000000000e+04 5.493970000000000242e-01
1.441800000000000000e+04 5.494240000000000235e-01
1.441900000000000000e+04 5.494510000000000227e-01
1.442000000000000000e+04 5.494780000000000220e-01
1.442100000000000000e+04 5.495050000000000212e-01
1.442200000000000000e+04 5.495320000000000205e-01
1.442300000000000000e+04 5.495590000000000197e-01
1.442400000000000000e+04 5.495870000000000477e-01
1.442500000000000000e+04 5.496360000000000134e-01
1.442600000000000000e+04 5.496860000000000079e-01
1.442700000000000000e+04 5.497349999999999737e-01
1.442800000000000000e+04 5.497840000000000504e-01
1.442900000000000000e+04 5.498340000000000449e-01
1.443000000000000000e+04 5.498830000000000107e-01
1.443100000000000000e+04 5.499319999999999764e-01
1.443200000000000000e+04 5.499810000000000532e-01
1.443300000000000000e+04 5.500310000000000477e-01
1.443400000000000000e+04 5.500800000000000134e-01
1.443500000000000000e+04 5.501289999999999791e-01
1.443600000000000000e+04 5.501789999999999736e-01
1.443700000000000000e+04 5.502280000000000504e-01
1.443800000000000000e+04 5.502770000000000161e-01
1.443900000000000000e+04 5.503259999999999819e-01
1.444000000000000000e+04 5.503759999999999764e-01
1.444100000000000000e+04 5.504250000000000531e-01
1.444200000000000000e+04 5.504740000000000189e-01
1.444300000000000000e+04 5.505229999999999846e-01
1.444400000000000000e+04 5.505719999999999503e-01
1.444500000000000000e+04 5.506130000000000191e-01
1.444600000000000000e+04 5.506539999999999768e-01
1.444700000000000000e+04 5.506950000000000456e-01
1.444800000000000000e+04 5.507360000000000033e-01
1.444900000000000000e+04 5.507760000000000433e-01
1.445000000000000000e+04 5.508170000000000011e-01
1.445100000000000000e+04 5.508579999999999588e-01
1.445200000000000000e+04 5.508990000000000276e-01
1.445300000000000000e+04 5.509399999999999853e-01
1.445400000000000000e+04 5.509810000000000541e-01
1.445500000000000000e+04 5.510220000000000118e-01
1.445600000000000000e+04 5.510629999999999695e-01
1.445700000000000000e+04 5.511030000000000095e-01
1.445800000000000000e+04 5.511439999999999673e-01
1.445900000000000000e+04 5.511850000000000360e-01
1.446000000000000000e+04 5.512259999999999938e-01
1.446100000000000000e+04 5.512669999999999515e-01
1.446200000000000000e+04 5.513069999999999915e-01
1.446300000000000000e+04 5.513479999999999492e-01
1.446400000000000000e+04 5.513860000000000428e-01
1.446500000000000000e+04 5.513599999999999612e-01
1.446600000000000000e+04 5.513339999999999907e-01
1.446700000000000000e+04 5.513080000000000203e-01
1.446800000000000000e+04 5.512810000000000210e-01
1.446900000000000000e+04 5.512550000000000505e-01
1.447000000000000000e+04 5.512289999999999690e-01
1.447100000000000000e+04 5.512029999999999985e-01
1.447200000000000000e+04 5.511770000000000280e-01
1.447300000000000000e+04 5.511509999999999465e-01
1.447400000000000000e+04 5.511249999999999760e-01
1.447500000000000000e+04 5.510990000000000055e-01
1.447600000000000000e+04 5.510720000000000063e-01
1.447700000000000000e+04 5.510460000000000358e-01
1.447800000000000000e+04 5.510199999999999543e-01
1.447900000000000000e+04 5.509939999999999838e-01
1.448000000000000000e+04 5.509680000000000133e-01
1.448100000000000000e+04 5.509420000000000428e-01
1.448200000000000000e+04 5.509159999999999613e-01
1.448300000000000000e+04 5.508889999999999620e-01
1.448400000000000000e+04 5.508690000000000531e-01
1.448500000000000000e+04 5.509709999999999885e-01
1.448600000000000000e+04 5.510730000000000350e-01
1.448700000000000000e+04 5.511749999999999705e-01
1.448800000000000000e+04 5.512780000000000458e-01
1.448900000000000000e+04 5.513799999999999812e-01
1.449000000000000000e+04 5.514820000000000277e-01
1.449100000000000000e+04 5.515839999999999632e-01
1.449200000000000000e+04 5.516860000000000097e-01
1.449300000000000000e+04 5.517889999999999739e-01
1.449400000000000000e+04 5.518910000000000204e-01
1.449500000000000000e+04 5.519929999999999559e-01
1.449600000000000000e+04 5.520950000000000024e-01
1.449700000000000000e+04 5.521970000000000489e-01
1.449800000000000000e+04 5.523000000000000131e-01
1.449900000000000000e+04 5.524010000000000309e-01
1.450000000000000000e+04 5.525039999999999951e-01
1.450100000000000000e+04 5.525870000000000504e-01
1.450200000000000000e+04 5.526689999999999658e-01
1.450300000000000000e+04 5.527520000000000211e-01
1.450400000000000000e+04 5.528309999999999613e-01
1.450500000000000000e+04 5.528079999999999661e-01
1.450600000000000000e+04 5.527840000000000531e-01
1.450700000000000000e+04 5.527609999999999468e-01
1.450800000000000000e+04 5.527379999999999516e-01
1.450900000000000000e+04 5.527149999999999563e-01
1.451000000000000000e+04 5.526910000000000434e-01
1.451100000000000000e+04 5.527130000000000098e-01
1.451200000000000000e+04 5.527360000000000051e-01
1.451300000000000000e+04 5.527579999999999716e-01
1.451400000000000000e+04 5.527800000000000491e-01
1.451500000000000000e+04 5.528009999999999868e-01
1.451600000000000000e+04 5.528239999999999821e-01
1.451700000000000000e+04 5.528459999999999486e-01
1.451800000000000000e+04 5.528680000000000261e-01
1.451900000000000000e+04 5.528899999999999926e-01
1.452000000000000000e+04 5.529119999999999591e-01
1.452100000000000000e+04 5.529340000000000366e-01
1.452200000000000000e+04 5.529560000000000031e-01
1.452300000000000000e+04 5.529779999999999696e-01
1.452400000000000000e+04 5.529990000000000183e-01
1.452500000000000000e+04 5.529899999999999816e-01
1.452600000000000000e+04 5.529809999999999448e-01
1.452700000000000000e+04 5.529730000000000478e-01
1.452800000000000000e+04 5.529640000000000111e-01
1.452900000000000000e+04 5.529549999999999743e-01
1.453000000000000000e+04 5.529469999999999663e-01
1.453100000000000000e+04 5.529380000000000406e-01
1.453200000000000000e+04 5.529290000000000038e-01
1.453300000000000000e+04 5.529209999999999958e-01
1.453400000000000000e+04 5.529119999999999591e-01
1.453500000000000000e+04 5.529030000000000333e-01
1.453600000000000000e+04 5.528950000000000253e-01
1.453700000000000000e+04 5.528859999999999886e-01
1.453800000000000000e+04 5.528769999999999518e-01
1.453900000000000000e+04 5.528690000000000548e-01
1.454000000000000000e+04 5.528600000000000181e-01
1.454100000000000000e+04 5.528509999999999813e-01
1.454200000000000000e+04 5.528429999999999733e-01
1.454300000000000000e+04 5.528340000000000476e-01
1.454400000000000000e+04 5.528250000000000108e-01
1.454500000000000000e+04 5.528110000000000523e-01
1.454600000000000000e+04 5.527969999999999828e-01
1.454700000000000000e+04 5.527819999999999956e-01
1.454800000000000000e+04 5.527680000000000371e-01
1.454900000000000000e+04 5.527539999999999676e-01
1.455000000000000000e+04 5.527389999999999803e-01
1.455100000000000000e+04 5.527250000000000218e-01
1.455200000000000000e+04 5.527109999999999523e-01
1.455300000000000000e+04 5.526959999999999651e-01
1.455400000000000000e+04 5.526820000000000066e-01
1.455500000000000000e+04 5.526680000000000481e-01
1.455600000000000000e+04 5.526529999999999498e-01
1.455700000000000000e+04 5.526389999999999914e-01
1.455800000000000000e+04 5.526250000000000329e-01
1.455900000000000000e+04 5.526109999999999634e-01
1.456000000000000000e+04 5.525959999999999761e-01
1.456100000000000000e+04 5.525820000000000176e-01
1.456200000000000000e+04 5.525679999999999481e-01
1.456300000000000000e+04 5.525529999999999609e-01
1.456400000000000000e+04 5.525379999999999736e-01
1.456500000000000000e+04 5.524850000000000039e-01
1.456600000000000000e+04 5.524310000000000054e-01
1.456700000000000000e+04 5.523780000000000356e-01
1.456800000000000000e+04 5.523249999999999549e-01
1.456900000000000000e+04 5.522709999999999564e-01
1.457000000000000000e+04 5.522179999999999866e-01
1.457100000000000000e+04 5.521190000000000264e-01
1.457200000000000000e+04 5.520199999999999552e-01
1.457300000000000000e+04 5.519220000000000237e-01
1.457400000000000000e+04 5.518229999999999524e-01
1.457500000000000000e+04 5.517239999999999922e-01
1.457600000000000000e+04 5.516250000000000320e-01
1.457700000000000000e+04 5.515269999999999895e-01
1.457800000000000000e+04 5.514280000000000292e-01
1.457900000000000000e+04 5.513299999999999867e-01
1.458000000000000000e+04 5.512310000000000265e-01
1.458100000000000000e+04 5.511770000000000280e-01
1.458200000000000000e+04 5.511239999999999473e-01
1.458300000000000000e+04 5.510709999999999775e-01
1.458400000000000000e+04 5.510169999999999790e-01
1.458500000000000000e+04 5.509779999999999678e-01
1.458600000000000000e+04 5.509380000000000388e-01
1.458700000000000000e+04 5.508990000000000276e-01
1.458800000000000000e+04 5.508589999999999876e-01
1.458900000000000000e+04 5.508199999999999763e-01
1.459000000000000000e+04 5.507800000000000473e-01
1.459100000000000000e+04 5.507400000000000073e-01
1.459200000000000000e+04 5.507009999999999961e-01
1.459300000000000000e+04 5.506609999999999561e-01
1.459400000000000000e+04 5.506219999999999448e-01
1.459500000000000000e+04 5.505820000000000158e-01
1.459600000000000000e+04 5.505430000000000046e-01
1.459700000000000000e+04 5.505029999999999646e-01
1.459800000000000000e+04 5.504639999999999533e-01
1.459900000000000000e+04 5.504240000000000244e-01
1.460000000000000000e+04 5.503839999999999844e-01
1.460100000000000000e+04 5.503390000000000226e-01
1.460200000000000000e+04 5.502930000000000321e-01
1.460300000000000000e+04 5.502479999999999594e-01
1.460400000000000000e+04 5.502010000000000511e-01
1.460500000000000000e+04 5.501279999999999504e-01
1.460600000000000000e+04 5.500540000000000429e-01
1.460700000000000000e+04 5.499810000000000532e-01
1.460800000000000000e+04 5.499070000000000347e-01
1.460900000000000000e+04 5.498330000000000162e-01
1.461000000000000000e+04 5.497600000000000264e-01
1.461100000000000000e+04 5.496860000000000079e-01
1.461200000000000000e+04 5.496119999999999894e-01
1.461300000000000000e+04 5.495379999999999709e-01
1.461400000000000000e+04 5.494649999999999812e-01
1.461500000000000000e+04 5.493909999999999627e-01
1.461600000000000000e+04 5.493170000000000552e-01
1.461700000000000000e+04 5.492439999999999545e-01
1.461800000000000000e+04 5.491700000000000470e-01
1.461900000000000000e+04 5.490960000000000285e-01
1.462000000000000000e+04 5.490230000000000388e-01
1.462100000000000000e+04 5.489490000000000203e-01
1.462200000000000000e+04 5.488750000000000018e-01
1.462300000000000000e+04 5.488009999999999833e-01
1.462400000000000000e+04 5.487279999999999935e-01
1.462500000000000000e+04 5.486900000000000110e-01
1.462600000000000000e+04 5.486529999999999463e-01
1.462700000000000000e+04 5.486159999999999926e-01
1.462800000000000000e+04 5.485780000000000101e-01
1.462900000000000000e+04 5.485409999999999453e-01
1.463000000000000000e+04 5.485039999999999916e-01
1.463100000000000000e+04 5.484660000000000091e-01
1.463200000000000000e+04 5.484290000000000553e-01
1.463300000000000000e+04 5.483909999999999618e-01
1.463400000000000000e+04 5.483540000000000081e-01
1.463500000000000000e+04 5.483160000000000256e-01
1.463600000000000000e+04 5.482789999999999608e-01
1.463700000000000000e+04 5.482420000000000071e-01
1.463800000000000000e+04 5.482040000000000246e-01
1.463900000000000000e+04 5.481669999999999598e-01
1.464000000000000000e+04 5.481289999999999774e-01
1.464100000000000000e+04 5.480469999999999509e-01
1.464200000000000000e+04 5.479650000000000354e-01
1.464300000000000000e+04 5.478819999999999801e-01
1.464400000000000000e+04 5.477999999999999536e-01
1.464500000000000000e+04 5.476750000000000229e-01
1.464600000000000000e+04 5.475510000000000099e-01
1.464700000000000000e+04 5.474269999999999969e-01
1.464800000000000000e+04 5.473029999999999839e-01
1.464900000000000000e+04 5.471789999999999710e-01
1.465000000000000000e+04 5.470540000000000402e-01
1.465100000000000000e+04 5.469749999999999890e-01
1.465200000000000000e+04 5.468960000000000488e-01
1.465300000000000000e+04 5.468159999999999688e-01
1.465400000000000000e+04 5.467370000000000285e-01
1.465500000000000000e+04 5.466579999999999773e-01
1.465600000000000000e+04 5.465780000000000083e-01
1.465700000000000000e+04 5.464989999999999570e-01
1.465800000000000000e+04 5.464189999999999880e-01
1.465900000000000000e+04 5.463400000000000478e-01
1.466000000000000000e+04 5.462609999999999966e-01
1.466100000000000000e+04 5.461810000000000276e-01
1.466200000000000000e+04 5.461019999999999763e-01
1.466300000000000000e+04 5.460220000000000073e-01
1.466400000000000000e+04 5.459429999999999561e-01
1.466500000000000000e+04 5.459220000000000184e-01
1.466600000000000000e+04 5.459009999999999696e-01
1.466700000000000000e+04 5.458809999999999496e-01
1.466800000000000000e+04 5.458600000000000119e-01
1.466900000000000000e+04 5.458389999999999631e-01
1.467000000000000000e+04 5.458190000000000541e-01
1.467100000000000000e+04 5.457980000000000054e-01
1.467200000000000000e+04 5.457769999999999566e-01
1.467300000000000000e+04 5.457560000000000189e-01
1.467400000000000000e+04 5.457359999999999989e-01
1.467500000000000000e+04 5.457149999999999501e-01
1.467600000000000000e+04 5.456940000000000124e-01
1.467700000000000000e+04 5.456739999999999924e-01
1.467800000000000000e+04 5.456530000000000546e-01
1.467900000000000000e+04 5.456320000000000059e-01
1.468000000000000000e+04 5.456119999999999859e-01
1.468100000000000000e+04 5.455910000000000482e-01
1.468200000000000000e+04 5.455699999999999994e-01
1.468300000000000000e+04 5.455489999999999506e-01
1.468400000000000000e+04 5.455290000000000417e-01
1.468500000000000000e+04 5.455079999999999929e-01
1.468600000000000000e+04 5.454870000000000552e-01
1.468700000000000000e+04 5.454660000000000064e-01
1.468800000000000000e+04 5.454459999999999864e-01
1.468900000000000000e+04 5.454250000000000487e-01
1.469000000000000000e+04 5.454039999999999999e-01
1.469100000000000000e+04 5.453839999999999799e-01
1.469200000000000000e+04 5.453630000000000422e-01
1.469300000000000000e+04 5.453419999999999934e-01
1.469400000000000000e+04 5.453209999999999447e-01
1.469500000000000000e+04 5.453010000000000357e-01
1.469600000000000000e+04 5.452799999999999869e-01
1.469700000000000000e+04 5.452590000000000492e-01
1.469800000000000000e+04 5.452380000000000004e-01
1.469900000000000000e+04 5.452179999999999804e-01
1.470000000000000000e+04 5.451970000000000427e-01
1.470100000000000000e+04 5.451310000000000322e-01
1.470200000000000000e+04 5.450660000000000505e-01
1.470300000000000000e+04 5.450000000000000400e-01
1.470400000000000000e+04 5.449349999999999472e-01
1.470500000000000000e+04 5.449439999999999840e-01
1.470600000000000000e+04 5.449540000000000495e-01
1.470700000000000000e+04 5.449640000000000040e-01
1.470800000000000000e+04 5.449739999999999585e-01
1.470900000000000000e+04 5.449840000000000240e-01
1.471000000000000000e+04 5.449939999999999785e-01
1.471100000000000000e+04 5.450490000000000057e-01
1.471200000000000000e+04 5.451040000000000330e-01
1.471300000000000000e+04 5.451580000000000314e-01
1.471400000000000000e+04 5.452129999999999477e-01
1.471500000000000000e+04 5.452679999999999749e-01
1.471600000000000000e+04 5.453230000000000022e-01
1.471700000000000000e+04 5.453780000000000294e-01
1.471800000000000000e+04 5.454329999999999457e-01
1.471900000000000000e+04 5.454870000000000552e-01
1.472000000000000000e+04 5.455419999999999714e-01
1.472100000000000000e+04 5.455969999999999986e-01
1.472200000000000000e+04 5.456520000000000259e-01
1.472300000000000000e+04 5.457070000000000531e-01
1.472400000000000000e+04 5.457610000000000516e-01
1.472500000000000000e+04 5.457999999999999519e-01
1.472600000000000000e+04 5.458380000000000454e-01
1.472700000000000000e+04 5.458760000000000279e-01
1.472800000000000000e+04 5.459140000000000104e-01
1.472900000000000000e+04 5.459519999999999929e-01
1.473000000000000000e+04 5.459899999999999753e-01
1.473100000000000000e+04 5.460279999999999578e-01
1.473200000000000000e+04 5.460660000000000514e-01
1.473300000000000000e+04 5.461040000000000338e-01
1.473400000000000000e+04 5.461420000000000163e-01
1.473500000000000000e+04 5.461799999999999988e-01
1.473600000000000000e+04 5.462179999999999813e-01
1.473700000000000000e+04 5.462569999999999926e-01
1.473800000000000000e+04 5.462939999999999463e-01
1.473900000000000000e+04 5.463320000000000398e-01
1.474000000000000000e+04 5.463700000000000223e-01
1.474100000000000000e+04 5.464090000000000336e-01
1.474200000000000000e+04 5.464470000000000161e-01
1.474300000000000000e+04 5.464849999999999985e-01
1.474400000000000000e+04 5.465229999999999810e-01
1.474500000000000000e+04 5.465389999999999970e-01
1.474600000000000000e+04 5.465550000000000130e-01
1.474700000000000000e+04 5.465700000000000003e-01
1.474800000000000000e+04 5.465860000000000163e-01
1.474900000000000000e+04 5.466020000000000323e-01
1.475000000000000000e+04 5.466170000000000195e-01
1.475100000000000000e+04 5.465879999999999628e-01
1.475200000000000000e+04 5.465590000000000170e-01
1.475300000000000000e+04 5.465299999999999603e-01
1.475400000000000000e+04 5.464999999999999858e-01
1.475500000000000000e+04 5.464710000000000401e-01
1.475600000000000000e+04 5.464419999999999833e-01
1.475700000000000000e+04 5.464130000000000376e-01
1.475800000000000000e+04 5.463839999999999808e-01
1.475900000000000000e+04 5.463540000000000063e-01
1.476000000000000000e+04 5.463249999999999496e-01
1.476100000000000000e+04 5.463409999999999656e-01
1.476200000000000000e+04 5.463559999999999528e-01
1.476300000000000000e+04 5.463719999999999688e-01
1.476400000000000000e+04 5.463879999999999848e-01
1.476500000000000000e+04 5.464350000000000041e-01
1.476600000000000000e+04 5.464849999999999985e-01
1.476700000000000000e+04 5.465339999999999643e-01
1.476800000000000000e+04 5.465839999999999588e-01
1.476900000000000000e+04 5.466330000000000355e-01
1.477000000000000000e+04 5.466820000000000013e-01
1.477100000000000000e+04 5.467309999999999670e-01
1.477200000000000000e+04 5.467809999999999615e-01
1.477300000000000000e+04 5.468300000000000383e-01
1.477400000000000000e+04 5.468790000000000040e-01
1.477500000000000000e+04 5.469279999999999697e-01
1.477600000000000000e+04 5.469770000000000465e-01
1.477700000000000000e+04 5.470270000000000410e-01
1.477800000000000000e+04 5.470760000000000067e-01
1.477900000000000000e+04 5.471249999999999725e-01
1.478000000000000000e+04 5.471740000000000492e-01
1.478100000000000000e+04 5.472240000000000437e-01
1.478200000000000000e+04 5.472730000000000095e-01
1.478300000000000000e+04 5.473219999999999752e-01
1.478400000000000000e+04 5.473719999999999697e-01
1.478500000000000000e+04 5.474449999999999594e-01
1.478600000000000000e+04 5.475189999999999779e-01
1.478700000000000000e+04 5.475940000000000252e-01
1.478800000000000000e+04 5.476680000000000437e-01
1.478900000000000000e+04 5.477429999999999799e-01
1.479000000000000000e+04 5.478169999999999984e-01
1.479100000000000000e+04 5.478469999999999729e-01
1.479200000000000000e+04 5.478760000000000296e-01
1.479300000000000000e+04 5.479060000000000041e-01
1.479400000000000000e+04 5.479349999999999499e-01
1.479500000000000000e+04 5.479650000000000354e-01
1.479600000000000000e+04 5.479939999999999811e-01
1.479700000000000000e+04 5.480230000000000379e-01
1.479800000000000000e+04 5.480530000000000124e-01
1.479900000000000000e+04 5.480819999999999581e-01
1.480000000000000000e+04 5.481110000000000149e-01
1.480100000000000000e+04 5.481800000000000006e-01
1.480200000000000000e+04 5.482489999999999863e-01
1.480300000000000000e+04 5.483179999999999721e-01
1.480400000000000000e+04 5.483869999999999578e-01
1.480500000000000000e+04 5.484299999999999731e-01
1.480600000000000000e+04 5.484700000000000131e-01
1.480700000000000000e+04 5.485109999999999708e-01
1.480800000000000000e+04 5.485520000000000396e-01
1.480900000000000000e+04 5.485929999999999973e-01
1.481000000000000000e+04 5.486339999999999550e-01
1.481100000000000000e+04 5.486750000000000238e-01
1.481200000000000000e+04 5.487159999999999815e-01
1.481300000000000000e+04 5.487570000000000503e-01
1.481400000000000000e+04 5.487980000000000080e-01
1.481500000000000000e+04 5.488389999999999658e-01
1.481600000000000000e+04 5.488800000000000345e-01
1.481700000000000000e+04 5.489209999999999923e-01
1.481800000000000000e+04 5.489619999999999500e-01
1.481900000000000000e+04 5.490030000000000188e-01
1.482000000000000000e+04 5.490439999999999765e-01
1.482100000000000000e+04 5.490850000000000453e-01
1.482200000000000000e+04 5.491260000000000030e-01
1.482300000000000000e+04 5.491669999999999607e-01
1.482400000000000000e+04 5.492080000000000295e-01
1.482500000000000000e+04 5.492700000000000360e-01
1.482600000000000000e+04 5.493329999999999602e-01
1.482700000000000000e+04 5.493970000000000242e-01
1.482800000000000000e+04 5.494599999999999485e-01
1.482900000000000000e+04 5.495240000000000125e-01
1.483000000000000000e+04 5.495870000000000477e-01
1.483100000000000000e+04 5.496050000000000102e-01
1.483200000000000000e+04 5.496229999999999727e-01
1.483300000000000000e+04 5.496410000000000462e-01
1.483400000000000000e+04 5.496590000000000087e-01
1.483500000000000000e+04 5.496779999999999999e-01
1.483600000000000000e+04 5.496959999999999624e-01
1.483700000000000000e+04 5.497140000000000359e-01
1.483800000000000000e+04 5.497319999999999984e-01
1.483900000000000000e+04 5.497499999999999609e-01
1.484000000000000000e+04 5.497680000000000344e-01
1.484100000000000000e+04 5.498309999999999587e-01
1.484200000000000000e+04 5.498950000000000227e-01
1.484300000000000000e+04 5.499579999999999469e-01
1.484400000000000000e+04 5.500209999999999821e-01
1.484500000000000000e+04 5.500559999999999894e-01
1.484600000000000000e+04 5.500880000000000214e-01
1.484700000000000000e+04 5.501209999999999711e-01
1.484800000000000000e+04 5.501530000000000031e-01
1.484900000000000000e+04 5.501859999999999529e-01
1.485000000000000000e+04 5.502179999999999849e-01
1.485100000000000000e+04 5.502510000000000456e-01
1.485200000000000000e+04 5.502839999999999954e-01
1.485300000000000000e+04 5.503160000000000274e-01
1.485400000000000000e+04 5.503489999999999771e-01
1.485500000000000000e+04 5.503810000000000091e-01
1.485600000000000000e+04 5.504139999999999588e-01
1.485700000000000000e+04 5.504459999999999908e-01
1.485800000000000000e+04 5.504790000000000516e-01
1.485900000000000000e+04 5.505120000000000013e-01
1.486000000000000000e+04 5.505440000000000333e-01
1.486100000000000000e+04 5.505769999999999831e-01
1.486200000000000000e+04 5.506090000000000151e-01
1.486300000000000000e+04 5.506419999999999648e-01
1.486400000000000000e+04 5.506739999999999968e-01
1.486500000000000000e+04 5.506910000000000416e-01
1.486600000000000000e+04 5.507069999999999466e-01
1.486700000000000000e+04 5.507229999999999626e-01
1.486800000000000000e+04 5.507389999999999786e-01
1.486900000000000000e+04 5.507539999999999658e-01
1.487000000000000000e+04 5.507699999999999818e-01
1.487100000000000000e+04 5.507400000000000073e-01
1.487200000000000000e+04 5.507109999999999506e-01
1.487300000000000000e+04 5.506809999999999761e-01
1.487400000000000000e+04 5.506510000000000016e-01
1.487500000000000000e+04 5.506219999999999448e-01
1.487600000000000000e+04 5.505929999999999991e-01
1.487700000000000000e+04 5.505630000000000246e-01
1.487800000000000000e+04 5.505330000000000501e-01
1.487900000000000000e+04 5.505039999999999933e-01
1.488000000000000000e+04 5.504740000000000189e-01
1.488100000000000000e+04 5.504900000000000349e-01
1.488200000000000000e+04 5.505060000000000509e-01
1.488300000000000000e+04 5.505210000000000381e-01
1.488400000000000000e+04 5.505370000000000541e-01
1.488500000000000000e+04 5.505630000000000246e-01
1.488600000000000000e+04 5.505900000000000238e-01
1.488700000000000000e+04 5.506170000000000231e-01
1.488800000000000000e+04 5.506440000000000223e-01
1.488900000000000000e+04 5.506710000000000216e-01
1.489000000000000000e+04 5.506980000000000208e-01
1.489100000000000000e+04 5.507250000000000201e-01
1.489200000000000000e+04 5.507520000000000193e-01
1.489300000000000000e+04 5.507790000000000186e-01
1.489400000000000000e+04 5.508060000000000178e-01
1.489500000000000000e+04 5.508330000000000171e-01
1.489600000000000000e+04 5.508600000000000163e-01
1.489700000000000000e+04 5.508870000000000156e-01
1.489800000000000000e+04 5.509140000000000148e-01
1.489900000000000000e+04 5.509410000000000140e-01
1.490000000000000000e+04 5.509680000000000133e-01
1.490100000000000000e+04 5.509950000000000125e-01
1.490200000000000000e+04 5.510220000000000118e-01
1.490300000000000000e+04 5.510490000000000110e-01
1.490400000000000000e+04 5.510749999999999815e-01
1.490500000000000000e+04 5.511519999999999753e-01
1.490600000000000000e+04 5.512320000000000553e-01
1.490700000000000000e+04 5.513120000000000243e-01
1.490800000000000000e+04 5.513919999999999932e-01
1.490900000000000000e+04 5.514719999999999622e-01
1.491000000000000000e+04 5.515529999999999600e-01
1.491100000000000000e+04 5.515870000000000495e-01
1.491200000000000000e+04 5.516219999999999457e-01
1.491300000000000000e+04 5.516560000000000352e-01
1.491400000000000000e+04 5.516910000000000425e-01
1.491500000000000000e+04 5.517260000000000497e-01
1.491600000000000000e+04 5.517609999999999459e-01
1.491700000000000000e+04 5.517950000000000355e-01
1.491800000000000000e+04 5.518290000000000139e-01
1.491900000000000000e+04 5.518640000000000212e-01
1.492000000000000000e+04 5.518990000000000284e-01
1.492100000000000000e+04 5.519789999999999974e-01
1.492200000000000000e+04 5.520589999999999664e-01
1.492300000000000000e+04 5.521390000000000464e-01
1.492400000000000000e+04 5.522190000000000154e-01
1.492500000000000000e+04 5.522369999999999779e-01
1.492600000000000000e+04 5.522500000000000187e-01
1.492700000000000000e+04 5.522629999999999484e-01
1.492800000000000000e+04 5.522759999999999891e-01
1.492900000000000000e+04 5.522890000000000299e-01
1.493000000000000000e+04 5.523019999999999596e-01
1.493100000000000000e+04 5.523150000000000004e-01
1.493200000000000000e+04 5.523280000000000411e-01
1.493300000000000000e+04 5.523409999999999709e-01
1.493400000000000000e+04 5.523540000000000116e-01
1.493500000000000000e+04 5.523670000000000524e-01
1.493600000000000000e+04 5.523799999999999821e-01
1.493700000000000000e+04 5.523930000000000229e-01
1.493800000000000000e+04 5.524059999999999526e-01
1.493900000000000000e+04 5.524189999999999934e-01
1.494000000000000000e+04 5.524320000000000341e-01
1.494100000000000000e+04 5.524449999999999639e-01
1.494200000000000000e+04 5.524580000000000046e-01
1.494300000000000000e+04 5.524710000000000454e-01
1.494400000000000000e+04 5.524839999999999751e-01
1.494500000000000000e+04 5.525870000000000504e-01
1.494600000000000000e+04 5.526969999999999938e-01
1.494700000000000000e+04 5.528079999999999661e-01
1.494800000000000000e+04 5.529190000000000493e-01
1.494900000000000000e+04 5.530300000000000216e-01
1.495000000000000000e+04 5.531409999999999938e-01
1.495100000000000000e+04 5.532059999999999755e-01
1.495200000000000000e+04 5.532709999999999573e-01
1.495300000000000000e+04 5.533369999999999678e-01
1.495400000000000000e+04 5.534019999999999495e-01
1.495500000000000000e+04 5.534670000000000423e-01
1.495600000000000000e+04 5.535320000000000240e-01
1.495700000000000000e+04 5.535970000000000057e-01
1.495800000000000000e+04 5.536619999999999875e-01
1.495900000000000000e+04 5.537279999999999980e-01
1.496000000000000000e+04 5.537929999999999797e-01
1.496100000000000000e+04 5.539039999999999520e-01
1.496200000000000000e+04 5.540140000000000065e-01
1.496300000000000000e+04 5.541249999999999787e-01
1.496400000000000000e+04 5.542359999999999509e-01
1.496500000000000000e+04 5.542550000000000532e-01
1.496600000000000000e+04 5.542650000000000077e-01
1.496700000000000000e+04 5.542759999999999909e-01
1.496800000000000000e+04 5.542859999999999454e-01
1.496900000000000000e+04 5.542960000000000109e-01
1.497000000000000000e+04 5.543059999999999654e-01
1.497100000000000000e+04 5.543160000000000309e-01
1.497200000000000000e+04 5.543270000000000142e-01
1.497300000000000000e+04 5.543369999999999687e-01
1.497400000000000000e+04 5.543470000000000342e-01
1.497500000000000000e+04 5.543569999999999887e-01
1.497600000000000000e+04 5.543670000000000542e-01
1.497700000000000000e+04 5.543770000000000087e-01
1.497800000000000000e+04 5.543869999999999632e-01
1.497900000000000000e+04 5.543970000000000287e-01
1.498000000000000000e+04 5.544080000000000119e-01
1.498100000000000000e+04 5.543719999999999759e-01
1.498200000000000000e+04 5.543369999999999687e-01
1.498300000000000000e+04 5.543010000000000437e-01
1.498400000000000000e+04 5.542660000000000364e-01
1.498500000000000000e+04 5.542909999999999782e-01
1.498600000000000000e+04 5.543219999999999814e-01
1.498700000000000000e+04 5.543540000000000134e-01
1.498800000000000000e+04 5.543850000000000167e-01
1.498900000000000000e+04 5.544170000000000487e-01
1.499000000000000000e+04 5.544480000000000519e-01
1.499100000000000000e+04 5.545259999999999634e-01
1.499200000000000000e+04 5.546029999999999571e-01
1.499300000000000000e+04 5.546799999999999509e-01
1.499400000000000000e+04 5.547569999999999446e-01
1.499500000000000000e+04 5.548340000000000494e-01
1.499600000000000000e+04 5.549119999999999608e-01
1.499700000000000000e+04 5.549889999999999546e-01
1.499800000000000000e+04 5.550659999999999483e-01
1.499900000000000000e+04 5.551439999999999708e-01
1.500000000000000000e+04 5.552209999999999646e-01
1.500100000000000000e+04 5.552709999999999591e-01
1.500200000000000000e+04 5.553219999999999823e-01
1.500300000000000000e+04 5.553730000000000055e-01
1.500400000000000000e+04 5.554230000000000000e-01
1.500500000000000000e+04 5.554240000000000288e-01
1.500600000000000000e+04 5.554179999999999673e-01
1.500700000000000000e+04 5.554130000000000456e-01
1.500800000000000000e+04 5.554080000000000128e-01
1.500900000000000000e+04 5.554029999999999800e-01
1.501000000000000000e+04 5.553970000000000296e-01
1.501100000000000000e+04 5.553460000000000063e-01
1.501200000000000000e+04 5.552949999999999831e-01
1.501300000000000000e+04 5.552439999999999598e-01
1.501400000000000000e+04 5.551930000000000476e-01
1.501500000000000000e+04 5.551420000000000243e-01
1.501600000000000000e+04 5.550910000000000011e-01
1.501700000000000000e+04 5.550399999999999778e-01
1.501800000000000000e+04 5.549880000000000368e-01
1.501900000000000000e+04 5.549370000000000136e-01
1.502000000000000000e+04 5.548859999999999904e-01
1.502100000000000000e+04 5.548809999999999576e-01
1.502200000000000000e+04 5.548760000000000359e-01
1.502300000000000000e+04 5.548710000000000031e-01
1.502400000000000000e+04 5.548650000000000526e-01
1.502500000000000000e+04 5.548669999999999991e-01
1.502600000000000000e+04 5.548710000000000031e-01
1.502700000000000000e+04 5.548739999999999783e-01
1.502800000000000000e+04 5.548769999999999536e-01
1.502900000000000000e+04 5.548800000000000399e-01
1.503000000000000000e+04 5.548830000000000151e-01
1.503100000000000000e+04 5.548859999999999904e-01
1.503200000000000000e+04 5.548889999999999656e-01
1.503300000000000000e+04 5.548920000000000519e-01
1.503400000000000000e+04 5.548950000000000271e-01
1.503500000000000000e+04 5.548990000000000311e-01
1.503600000000000000e+04 5.549020000000000064e-01
1.503700000000000000e+04 5.549049999999999816e-01
1.503800000000000000e+04 5.549079999999999568e-01
1.503900000000000000e+04 5.549110000000000431e-01
1.504000000000000000e+04 5.549140000000000184e-01
1.504100000000000000e+04 5.548710000000000031e-01
1.504200000000000000e+04 5.548290000000000166e-01
1.504300000000000000e+04 5.547860000000000014e-01
1.504400000000000000e+04 5.547429999999999861e-01
1.504500000000000000e+04 5.546429999999999971e-01
1.504600000000000000e+04 5.545360000000000289e-01
1.504700000000000000e+04 5.544299999999999784e-01
1.504800000000000000e+04 5.543230000000000102e-01
1.504900000000000000e+04 5.542160000000000419e-01
1.505000000000000000e+04 5.541089999999999627e-01
1.505100000000000000e+04 5.540479999999999849e-01
1.505200000000000000e+04 5.539870000000000072e-01
1.505300000000000000e+04 5.539260000000000295e-01
1.505400000000000000e+04 5.538650000000000517e-01
1.505500000000000000e+04 5.538039999999999630e-01
1.505600000000000000e+04 5.537440000000000140e-01
1.505700000000000000e+04 5.536820000000000075e-01
1.505800000000000000e+04 5.536210000000000298e-01
1.505900000000000000e+04 5.535609999999999697e-01
1.506000000000000000e+04 5.534999999999999920e-01
1.506100000000000000e+04 5.534390000000000143e-01
1.506200000000000000e+04 5.533780000000000365e-01
1.506300000000000000e+04 5.533169999999999478e-01
1.506400000000000000e+04 5.532559999999999700e-01
1.506500000000000000e+04 5.531800000000000050e-01
1.506600000000000000e+04 5.531030000000000113e-01
1.506700000000000000e+04 5.530249999999999888e-01
1.506800000000000000e+04 5.529479999999999951e-01
1.506900000000000000e+04 5.528699999999999726e-01
1.507000000000000000e+04 5.527919999999999501e-01
1.507100000000000000e+04 5.526689999999999658e-01
1.507200000000000000e+04 5.525459999999999816e-01
1.507300000000000000e+04 5.524219999999999686e-01
1.507400000000000000e+04 5.522989999999999844e-01
1.507500000000000000e+04 5.521760000000000002e-01
1.507600000000000000e+04 5.520530000000000159e-01
1.507700000000000000e+04 5.519290000000000029e-01
1.507800000000000000e+04 5.518060000000000187e-01
1.507900000000000000e+04 5.516830000000000345e-01
1.508000000000000000e+04 5.515600000000000502e-01
1.508100000000000000e+04 5.514820000000000277e-01
1.508200000000000000e+04 5.514050000000000340e-01
1.508300000000000000e+04 5.513270000000000115e-01
1.508400000000000000e+04 5.512500000000000178e-01
1.508500000000000000e+04 5.511549999999999505e-01
1.508600000000000000e+04 5.510589999999999655e-01
1.508700000000000000e+04 5.509619999999999518e-01
1.508800000000000000e+04 5.508650000000000491e-01
1.508900000000000000e+04 5.507680000000000353e-01
1.509000000000000000e+04 5.506710000000000216e-01
1.509100000000000000e+04 5.505740000000000078e-01
1.509200000000000000e+04 5.504769999999999941e-01
1.509300000000000000e+04 5.503799999999999804e-01
1.509400000000000000e+04 5.502829999999999666e-01
1.509500000000000000e+04 5.501859999999999529e-01
1.509600000000000000e+04 5.500899999999999679e-01
1.509700000000000000e+04 5.499929999999999541e-01
1.509800000000000000e+04 5.498960000000000514e-01
1.509900000000000000e+04 5.497990000000000377e-01
1.510000000000000000e+04 5.497020000000000239e-01
1.510100000000000000e+04 5.495600000000000485e-01
1.510200000000000000e+04 5.494179999999999620e-01
1.510300000000000000e+04 5.492749999999999577e-01
1.510400000000000000e+04 5.491329999999999822e-01
1.510500000000000000e+04 5.489810000000000523e-01
1.510600000000000000e+04 5.488279999999999825e-01
1.510700000000000000e+04 5.486739999999999950e-01
1.510800000000000000e+04 5.485210000000000363e-01
1.510900000000000000e+04 5.483679999999999666e-01
1.511000000000000000e+04 5.482150000000000079e-01
1.511100000000000000e+04 5.481070000000000109e-01
1.511200000000000000e+04 5.479990000000000139e-01
1.511300000000000000e+04 5.478910000000000169e-01
1.511400000000000000e+04 5.477840000000000487e-01
1.511500000000000000e+04 5.476760000000000517e-01
1.511600000000000000e+04 5.475680000000000547e-01
1.511700000000000000e+04 5.474599999999999467e-01
1.511800000000000000e+04 5.473529999999999784e-01
1.511900000000000000e+04 5.472449999999999815e-01
1.512000000000000000e+04 5.471369999999999845e-01
1.512100000000000000e+04 5.470300000000000162e-01
1.512200000000000000e+04 5.469220000000000192e-01
1.512300000000000000e+04 5.468140000000000223e-01
1.512400000000000000e+04 5.467060000000000253e-01
1.512500000000000000e+04 5.465579999999999883e-01
1.512600000000000000e+04 5.464029999999999720e-01
1.512700000000000000e+04 5.462479999999999558e-01
1.512800000000000000e+04 5.460930000000000506e-01
1.512900000000000000e+04 5.459380000000000344e-01
1.513000000000000000e+04 5.457840000000000469e-01
1.513100000000000000e+04 5.455830000000000402e-01
1.513200000000000000e+04 5.453839999999999799e-01
1.513300000000000000e+04 5.451840000000000019e-01
1.513400000000000000e+04 5.449840000000000240e-01
1.513500000000000000e+04 5.447840000000000460e-01
1.513600000000000000e+04 5.445839999999999570e-01
1.513700000000000000e+04 5.443839999999999790e-01
1.513800000000000000e+04 5.441850000000000298e-01
1.513900000000000000e+04 5.439850000000000518e-01
1.514000000000000000e+04 5.437849999999999628e-01
1.514100000000000000e+04 5.436309999999999754e-01
1.514200000000000000e+04 5.434759999999999591e-01
1.514300000000000000e+04 5.433219999999999716e-01
1.514400000000000000e+04 5.431669999999999554e-01
1.514500000000000000e+04 5.429880000000000262e-01
1.514600000000000000e+04 5.428070000000000395e-01
1.514700000000000000e+04 5.426239999999999952e-01
1.514800000000000000e+04 5.424419999999999797e-01
1.514900000000000000e+04 5.422599999999999643e-01
1.515000000000000000e+04 5.420779999999999488e-01
1.515100000000000000e+04 5.418950000000000156e-01
1.515200000000000000e+04 5.417130000000000001e-01
1.515300000000000000e+04 5.415309999999999846e-01
1.515400000000000000e+04 5.413489999999999691e-01
1.515500000000000000e+04 5.411669999999999536e-01
1.515600000000000000e+04 5.409850000000000492e-01
1.515700000000000000e+04 5.408030000000000337e-01
1.515800000000000000e+04 5.406210000000000182e-01
1.515900000000000000e+04 5.404390000000000027e-01
1.516000000000000000e+04 5.402569999999999872e-01
1.516100000000000000e+04 5.400300000000000100e-01
1.516200000000000000e+04 5.398030000000000328e-01
1.516300000000000000e+04 5.395759999999999446e-01
1.516400000000000000e+04 5.393499999999999961e-01
1.516500000000000000e+04 5.391399999999999526e-01
1.516600000000000000e+04 5.389329999999999954e-01
1.516700000000000000e+04 5.387250000000000094e-01
1.516800000000000000e+04 5.385180000000000522e-01
1.516900000000000000e+04 5.383109999999999840e-01
1.517000000000000000e+04 5.381040000000000267e-01
1.517100000000000000e+04 5.379420000000000313e-01
1.517200000000000000e+04 5.377790000000000070e-01
1.517300000000000000e+04 5.376170000000000115e-01
1.517400000000000000e+04 5.374539999999999873e-01
1.517500000000000000e+04 5.372919999999999918e-01
1.517600000000000000e+04 5.371299999999999963e-01
1.517700000000000000e+04 5.369669999999999721e-01
1.517800000000000000e+04 5.368049999999999766e-01
1.517900000000000000e+04 5.366429999999999811e-01
1.518000000000000000e+04 5.364799999999999569e-01
1.518100000000000000e+04 5.362729999999999997e-01
1.518200000000000000e+04 5.360669999999999602e-01
1.518300000000000000e+04 5.358600000000000030e-01
1.518400000000000000e+04 5.356539999999999635e-01
1.518500000000000000e+04 5.354659999999999975e-01
1.518600000000000000e+04 5.352810000000000068e-01
1.518700000000000000e+04 5.350960000000000161e-01
1.518800000000000000e+04 5.349120000000000541e-01
1.518900000000000000e+04 5.347269999999999524e-01
1.519000000000000000e+04 5.345429999999999904e-01
1.519100000000000000e+04 5.344029999999999614e-01
1.519200000000000000e+04 5.342630000000000434e-01
1.519300000000000000e+04 5.341230000000000144e-01
1.519400000000000000e+04 5.339829999999999854e-01
1.519500000000000000e+04 5.338429999999999565e-01
1.519600000000000000e+04 5.337030000000000385e-01
1.519700000000000000e+04 5.335640000000000382e-01
1.519800000000000000e+04 5.334229999999999805e-01
1.519900000000000000e+04 5.332839999999999803e-01
1.520000000000000000e+04 5.331439999999999513e-01
1.520100000000000000e+04 5.329990000000000006e-01
1.520200000000000000e+04 5.328549999999999676e-01
1.520300000000000000e+04 5.327110000000000456e-01
1.520400000000000000e+04 5.325670000000000126e-01
1.520500000000000000e+04 5.324240000000000084e-01
1.520600000000000000e+04 5.322829999999999506e-01
1.520700000000000000e+04 5.321420000000000039e-01
1.520800000000000000e+04 5.320000000000000284e-01
1.520900000000000000e+04 5.318589999999999707e-01
1.521000000000000000e+04 5.317169999999999952e-01
1.521100000000000000e+04 5.315320000000000045e-01
1.521200000000000000e+04 5.313459999999999850e-01
1.521300000000000000e+04 5.311609999999999943e-01
1.521400000000000000e+04 5.309749999999999748e-01
1.521500000000000000e+04 5.307899999999999840e-01
1.521600000000000000e+04 5.306039999999999646e-01
1.521700000000000000e+04 5.304189999999999738e-01
1.521800000000000000e+04 5.302329999999999544e-01
1.521900000000000000e+04 5.300479999999999636e-01
1.522000000000000000e+04 5.298629999999999729e-01
1.522100000000000000e+04 5.297220000000000262e-01
1.522200000000000000e+04 5.295800000000000507e-01
1.522300000000000000e+04 5.294389999999999930e-01
1.522400000000000000e+04 5.292980000000000462e-01
1.522500000000000000e+04 5.292170000000000485e-01
1.522600000000000000e+04 5.291479999999999517e-01
1.522700000000000000e+04 5.290780000000000483e-01
1.522800000000000000e+04 5.290080000000000338e-01
1.522900000000000000e+04 5.289390000000000480e-01
1.523000000000000000e+04 5.288690000000000335e-01
1.523100000000000000e+04 5.287560000000000038e-01
1.523200000000000000e+04 5.286429999999999740e-01
1.523300000000000000e+04 5.285290000000000266e-01
1.523400000000000000e+04 5.284149999999999681e-01
1.523500000000000000e+04 5.283020000000000493e-01
1.523600000000000000e+04 5.281890000000000196e-01
1.523700000000000000e+04 5.280749999999999611e-01
1.523800000000000000e+04 5.279620000000000424e-01
1.523900000000000000e+04 5.278490000000000126e-01
1.524000000000000000e+04 5.277349999999999541e-01
1.524100000000000000e+04 5.276659999999999684e-01
1.524200000000000000e+04 5.275959999999999539e-01
1.524300000000000000e+04 5.275269999999999682e-01
1.524400000000000000e+04 5.274579999999999824e-01
1.524500000000000000e+04 5.274039999999999839e-01
1.524600000000000000e+04 5.273539999999999894e-01
1.524700000000000000e+04 5.273039999999999949e-01
1.524800000000000000e+04 5.272540000000000004e-01
1.524900000000000000e+04 5.272040000000000060e-01
1.525000000000000000e+04 5.271540000000000115e-01
1.525100000000000000e+04 5.271029999999999882e-01
1.525200000000000000e+04 5.270529999999999937e-01
1.525300000000000000e+04 5.270029999999999992e-01
1.525400000000000000e+04 5.269530000000000047e-01
1.525500000000000000e+04 5.269030000000000102e-01
1.525600000000000000e+04 5.268530000000000157e-01
1.525700000000000000e+04 5.268019999999999925e-01
1.525800000000000000e+04 5.267519999999999980e-01
1.525900000000000000e+04 5.267020000000000035e-01
1.526000000000000000e+04 5.266520000000000090e-01
1.526100000000000000e+04 5.265579999999999705e-01
1.526200000000000000e+04 5.264640000000000430e-01
1.526300000000000000e+04 5.263700000000000045e-01
1.526400000000000000e+04 5.262769999999999948e-01
1.526500000000000000e+04 5.261850000000000138e-01
1.526600000000000000e+04 5.260939999999999506e-01
1.526700000000000000e+04 5.260029999999999983e-01
1.526800000000000000e+04 5.259120000000000461e-01
1.526900000000000000e+04 5.258209999999999829e-01
1.527000000000000000e+04 5.257290000000000019e-01
1.527100000000000000e+04 5.256819999999999826e-01
1.527200000000000000e+04 5.256349999999999634e-01
1.527300000000000000e+04 5.255870000000000264e-01
1.527400000000000000e+04 5.255400000000000071e-01
1.527500000000000000e+04 5.254929999999999879e-01
1.527600000000000000e+04 5.254459999999999686e-01
1.527700000000000000e+04 5.253980000000000317e-01
1.527800000000000000e+04 5.253510000000000124e-01
1.527900000000000000e+04 5.253039999999999932e-01
1.528000000000000000e+04 5.252569999999999739e-01
1.528100000000000000e+04 5.251660000000000217e-01
1.528200000000000000e+04 5.250740000000000407e-01
1.528300000000000000e+04 5.249840000000000062e-01
1.528400000000000000e+04 5.248930000000000540e-01
1.528500000000000000e+04 5.248359999999999692e-01
1.528600000000000000e+04 5.247859999999999747e-01
1.528700000000000000e+04 5.247359999999999802e-01
1.528800000000000000e+04 5.246859999999999857e-01
1.528900000000000000e+04 5.246359999999999912e-01
1.529000000000000000e+04 5.245870000000000255e-01
1.529100000000000000e+04 5.245800000000000463e-01
1.529200000000000000e+04 5.245739999999999847e-01
1.529300000000000000e+04 5.245680000000000343e-01
1.529400000000000000e+04 5.245619999999999727e-01
1.529500000000000000e+04 5.245560000000000223e-01
1.529600000000000000e+04 5.245499999999999607e-01
1.529700000000000000e+04 5.245440000000000103e-01
1.529800000000000000e+04 5.245379999999999487e-01
1.529900000000000000e+04 5.245309999999999695e-01
1.530000000000000000e+04 5.245250000000000190e-01
1.530100000000000000e+04 5.244760000000000533e-01
1.530200000000000000e+04 5.244259999999999478e-01
1.530300000000000000e+04 5.243759999999999533e-01
1.530400000000000000e+04 5.243259999999999588e-01
1.530500000000000000e+04 5.242940000000000378e-01
1.530600000000000000e+04 5.242660000000000098e-01
1.530700000000000000e+04 5.242379999999999818e-01
1.530800000000000000e+04 5.242099999999999538e-01
1.530900000000000000e+04 5.241820000000000368e-01
1.531000000000000000e+04 5.241540000000000088e-01
1.531100000000000000e+04 5.241700000000000248e-01
1.531200000000000000e+04 5.241860000000000408e-01
1.531300000000000000e+04 5.242010000000000280e-01
1.531400000000000000e+04 5.242170000000000440e-01
1.531500000000000000e+04 5.242329999999999490e-01
1.531600000000000000e+04 5.242489999999999650e-01
1.531700000000000000e+04 5.242649999999999810e-01
1.531800000000000000e+04 5.242799999999999683e-01
1.531900000000000000e+04 5.242959999999999843e-01
1.532000000000000000e+04 5.243120000000000003e-01
1.532100000000000000e+04 5.242839999999999723e-01
1.532200000000000000e+04 5.242550000000000265e-01
1.532300000000000000e+04 5.242269999999999985e-01
1.532400000000000000e+04 5.241999999999999993e-01
1.532500000000000000e+04 5.241869999999999585e-01
1.532600000000000000e+04 5.241780000000000328e-01
1.532700000000000000e+04 5.241689999999999960e-01
1.532800000000000000e+04 5.241599999999999593e-01
1.532900000000000000e+04 5.241510000000000336e-01
1.533000000000000000e+04 5.241419999999999968e-01
1.533100000000000000e+04 5.241770000000000040e-01
1.533200000000000000e+04 5.242120000000000113e-01
1.533300000000000000e+04 5.242470000000000185e-01
1.533400000000000000e+04 5.242809999999999970e-01
1.533500000000000000e+04 5.243160000000000043e-01
1.533600000000000000e+04 5.243510000000000115e-01
1.533700000000000000e+04 5.243860000000000188e-01
1.533800000000000000e+04 5.244199999999999973e-01
1.533900000000000000e+04 5.244550000000000045e-01
1.534000000000000000e+04 5.244900000000000118e-01
1.534100000000000000e+04 5.244809999999999750e-01
1.534200000000000000e+04 5.244720000000000493e-01
1.534300000000000000e+04 5.244630000000000125e-01
1.534400000000000000e+04 5.244539999999999758e-01
1.534500000000000000e+04 5.244419999999999638e-01
1.534600000000000000e+04 5.244309999999999805e-01
1.534700000000000000e+04 5.244189999999999685e-01
1.534800000000000000e+04 5.244069999999999565e-01
1.534900000000000000e+04 5.243949999999999445e-01
1.535000000000000000e+04 5.243830000000000435e-01
1.535100000000000000e+04 5.244149999999999645e-01
1.535200000000000000e+04 5.244469999999999965e-01
1.535300000000000000e+04 5.244790000000000285e-01
1.535400000000000000e+04 5.245109999999999495e-01
1.535500000000000000e+04 5.245429999999999815e-01
1.535600000000000000e+04 5.245750000000000135e-01
1.535700000000000000e+04 5.246070000000000455e-01
1.535800000000000000e+04 5.246389999999999665e-01
1.535900000000000000e+04 5.246709999999999985e-01
1.536000000000000000e+04 5.247020000000000017e-01
1.536100000000000000e+04 5.247340000000000337e-01
1.536200000000000000e+04 5.247659999999999547e-01
1.536300000000000000e+04 5.247979999999999867e-01
1.536400000000000000e+04 5.248300000000000187e-01
1.536500000000000000e+04 5.248690000000000300e-01
1.536600000000000000e+04 5.249089999999999590e-01
1.536700000000000000e+04 5.249489999999999990e-01
1.536800000000000000e+04 5.249890000000000390e-01
1.536900000000000000e+04 5.250289999999999679e-01
1.537000000000000000e+04 5.250690000000000079e-01
1.537100000000000000e+04 5.250650000000000039e-01
1.537200000000000000e+04 5.250609999999999999e-01
1.537300000000000000e+04 5.250569999999999959e-01
1.537400000000000000e+04 5.250529999999999919e-01
1.537500000000000000e+04 5.250489999999999879e-01
1.537600000000000000e+04 5.250460000000000127e-01
1.537700000000000000e+04 5.250420000000000087e-01
1.537800000000000000e+04 5.250380000000000047e-01
1.537900000000000000e+04 5.250340000000000007e-01
1.538000000000000000e+04 5.250299999999999967e-01
1.538100000000000000e+04 5.250700000000000367e-01
1.538200000000000000e+04 5.251099999999999657e-01
1.538300000000000000e+04 5.251500000000000057e-01
1.538400000000000000e+04 5.251900000000000457e-01
1.538500000000000000e+04 5.252510000000000234e-01
1.538600000000000000e+04 5.253179999999999517e-01
1.538700000000000000e+04 5.253860000000000197e-01
1.538800000000000000e+04 5.254529999999999479e-01
1.538900000000000000e+04 5.255199999999999871e-01
1.539000000000000000e+04 5.255870000000000264e-01
1.539100000000000000e+04 5.256100000000000216e-01
1.539200000000000000e+04 5.256330000000000169e-01
1.539300000000000000e+04 5.256560000000000121e-01
1.539400000000000000e+04 5.256790000000000074e-01
1.539500000000000000e+04 5.257020000000000026e-01
1.539600000000000000e+04 5.257249999999999979e-01
1.539700000000000000e+04 5.257479999999999931e-01
1.539800000000000000e+04 5.257720000000000171e-01
1.539900000000000000e+04 5.257939999999999836e-01
1.540000000000000000e+04 5.258169999999999789e-01
1.540100000000000000e+04 5.258869999999999933e-01
1.540200000000000000e+04 5.259570000000000078e-01
1.540300000000000000e+04 5.260259999999999936e-01
1.540400000000000000e+04 5.260960000000000081e-01
1.540500000000000000e+04 5.261339999999999906e-01
1.540600000000000000e+04 5.261620000000000186e-01
1.540700000000000000e+04 5.261909999999999643e-01
1.540800000000000000e+04 5.262200000000000211e-01
1.540900000000000000e+04 5.262489999999999668e-01
1.541000000000000000e+04 5.262780000000000236e-01
1.541100000000000000e+04 5.262630000000000363e-01
1.541200000000000000e+04 5.262480000000000491e-01
1.541300000000000000e+04 5.262320000000000331e-01
1.541400000000000000e+04 5.262170000000000458e-01
1.541500000000000000e+04 5.262019999999999476e-01
1.541600000000000000e+04 5.261869999999999603e-01
1.541700000000000000e+04 5.261719999999999731e-01
1.541800000000000000e+04 5.261569999999999858e-01
1.541900000000000000e+04 5.261409999999999698e-01
1.542000000000000000e+04 5.261259999999999826e-01
1.542100000000000000e+04 5.261550000000000393e-01
1.542200000000000000e+04 5.261839999999999851e-01
1.542300000000000000e+04 5.262130000000000418e-01
1.542400000000000000e+04 5.262409999999999588e-01
1.542500000000000000e+04 5.262700000000000156e-01
1.542600000000000000e+04 5.262989999999999613e-01
1.542700000000000000e+04 5.263280000000000181e-01
1.542800000000000000e+04 5.263569999999999638e-01
1.542900000000000000e+04 5.263849999999999918e-01
1.543000000000000000e+04 5.264140000000000486e-01
1.543100000000000000e+04 5.263989999999999503e-01
1.543200000000000000e+04 5.263839999999999630e-01
1.543300000000000000e+04 5.263679999999999470e-01
1.543400000000000000e+04 5.263529999999999598e-01
1.543500000000000000e+04 5.263379999999999725e-01
1.543600000000000000e+04 5.263229999999999853e-01
1.543700000000000000e+04 5.263069999999999693e-01
1.543800000000000000e+04 5.262919999999999821e-01
1.543900000000000000e+04 5.262759999999999661e-01
1.544000000000000000e+04 5.262609999999999788e-01
1.544100000000000000e+04 5.262900000000000356e-01
1.544200000000000000e+04 5.263189999999999813e-01
1.544300000000000000e+04 5.263470000000000093e-01
1.544400000000000000e+04 5.263759999999999550e-01
1.544500000000000000e+04 5.264199999999999990e-01
1.544600000000000000e+04 5.264670000000000183e-01
1.544700000000000000e+04 5.265149999999999553e-01
1.544800000000000000e+04 5.265630000000000033e-01
1.544900000000000000e+04 5.266100000000000225e-01
1.545000000000000000e+04 5.266579999999999595e-01
1.545100000000000000e+04 5.266619999999999635e-01
1.545200000000000000e+04 5.266650000000000498e-01
1.545300000000000000e+04 5.266680000000000250e-01
1.545400000000000000e+04 5.266720000000000290e-01
1.545500000000000000e+04 5.266750000000000043e-01
1.545600000000000000e+04 5.266790000000000083e-01
1.545700000000000000e+04 5.266819999999999835e-01
1.545800000000000000e+04 5.266859999999999875e-01
1.545900000000000000e+04 5.266889999999999628e-01
1.546000000000000000e+04 5.266920000000000490e-01
1.546100000000000000e+04 5.266960000000000530e-01
1.546200000000000000e+04 5.266990000000000283e-01
1.546300000000000000e+04 5.267030000000000323e-01
1.546400000000000000e+04 5.267060000000000075e-01
1.546500000000000000e+04 5.266899999999999915e-01
1.546600000000000000e+04 5.266690000000000538e-01
1.546700000000000000e+04 5.266480000000000050e-01
1.546800000000000000e+04 5.266269999999999563e-01
1.546900000000000000e+04 5.266060000000000185e-01
1.547000000000000000e+04 5.265849999999999698e-01
1.547100000000000000e+04 5.266089999999999938e-01
1.547200000000000000e+04 5.266319999999999890e-01
1.547300000000000000e+04 5.266549999999999843e-01
1.547400000000000000e+04 5.266779999999999795e-01
1.547500000000000000e+04 5.267009999999999748e-01
1.547600000000000000e+04 5.267249999999999988e-01
1.547700000000000000e+04 5.267479999999999940e-01
1.547800000000000000e+04 5.267709999999999892e-01
1.547900000000000000e+04 5.267939999999999845e-01
1.548000000000000000e+04 5.268169999999999797e-01
1.548100000000000000e+04 5.267960000000000420e-01
1.548200000000000000e+04 5.267749999999999932e-01
1.548300000000000000e+04 5.267539999999999445e-01
1.548400000000000000e+04 5.267330000000000068e-01
1.548500000000000000e+04 5.266929999999999668e-01
1.548600000000000000e+04 5.266480000000000050e-01
1.548700000000000000e+04 5.266020000000000145e-01
1.548800000000000000e+04 5.265570000000000528e-01
1.548900000000000000e+04 5.265119999999999800e-01
1.549000000000000000e+04 5.264659999999999895e-01
1.549100000000000000e+04 5.264649999999999608e-01
1.549200000000000000e+04 5.264640000000000430e-01
1.549300000000000000e+04 5.264630000000000143e-01
1.549400000000000000e+04 5.264619999999999855e-01
1.549500000000000000e+04 5.264609999999999568e-01
1.549600000000000000e+04 5.264590000000000103e-01
1.549700000000000000e+04 5.264579999999999815e-01
1.549800000000000000e+04 5.264569999999999528e-01
1.549900000000000000e+04 5.264560000000000350e-01
1.550000000000000000e+04 5.264550000000000063e-01
1.550100000000000000e+04 5.264240000000000030e-01
1.550200000000000000e+04 5.263929999999999998e-01
1.550300000000000000e+04 5.263609999999999678e-01
1.550400000000000000e+04 5.263299999999999645e-01
1.550500000000000000e+04 5.263069999999999693e-01
1.550600000000000000e+04 5.262860000000000316e-01
1.550700000000000000e+04 5.262660000000000116e-01
1.550800000000000000e+04 5.262459999999999916e-01
1.550900000000000000e+04 5.262250000000000538e-01
1.551000000000000000e+04 5.262040000000000051e-01
1.551100000000000000e+04 5.262280000000000291e-01
1.551200000000000000e+04 5.262520000000000531e-01
1.551300000000000000e+04 5.262759999999999661e-01
1.551400000000000000e+04 5.262999999999999901e-01
1.551500000000000000e+04 5.263229999999999853e-01
1.551600000000000000e+04 5.263470000000000093e-01
1.551700000000000000e+04 5.263710000000000333e-01
1.551800000000000000e+04 5.263949999999999463e-01
1.551900000000000000e+04 5.264180000000000526e-01
1.552000000000000000e+04 5.264419999999999655e-01
1.552100000000000000e+04 5.264219999999999455e-01
1.552200000000000000e+04 5.264010000000000078e-01
1.552300000000000000e+04 5.263799999999999590e-01
1.552400000000000000e+04 5.263600000000000501e-01
1.552500000000000000e+04 5.263149999999999773e-01
1.552600000000000000e+04 5.262620000000000076e-01
1.552700000000000000e+04 5.262090000000000378e-01
1.552800000000000000e+04 5.261559999999999571e-01
1.552900000000000000e+04 5.261029999999999873e-01
1.553000000000000000e+04 5.260510000000000463e-01
1.553100000000000000e+04 5.260420000000000096e-01
1.553200000000000000e+04 5.260340000000000016e-01
1.553300000000000000e+04 5.260249999999999648e-01
1.553400000000000000e+04 5.260160000000000391e-01
1.553500000000000000e+04 5.260080000000000311e-01
1.553600000000000000e+04 5.259989999999999943e-01
1.553700000000000000e+04 5.259909999999999863e-01
1.553800000000000000e+04 5.259819999999999496e-01
1.553900000000000000e+04 5.259740000000000526e-01
1.554000000000000000e+04 5.259650000000000158e-01
1.554100000000000000e+04 5.259129999999999638e-01
1.554200000000000000e+04 5.258599999999999941e-01
1.554300000000000000e+04 5.258070000000000244e-01
1.554400000000000000e+04 5.257540000000000546e-01
1.554500000000000000e+04 5.256750000000000034e-01
1.554600000000000000e+04 5.255870000000000264e-01
1.554700000000000000e+04 5.254999999999999671e-01
1.554800000000000000e+04 5.254119999999999902e-01
1.554900000000000000e+04 5.253240000000000132e-01
1.555000000000000000e+04 5.252360000000000362e-01
1.555100000000000000e+04 5.251489999999999769e-01
1.555200000000000000e+04 5.250609999999999999e-01
1.555300000000000000e+04 5.249730000000000230e-01
1.555400000000000000e+04 5.248859999999999637e-01
1.555500000000000000e+04 5.247979999999999867e-01
1.555600000000000000e+04 5.247100000000000097e-01
1.555700000000000000e+04 5.246229999999999505e-01
1.555800000000000000e+04 5.245349999999999735e-01
1.555900000000000000e+04 5.244469999999999965e-01
1.556000000000000000e+04 5.243600000000000483e-01
1.556100000000000000e+04 5.243170000000000330e-01
1.556200000000000000e+04 5.242729999999999890e-01
1.556300000000000000e+04 5.242299999999999738e-01
1.556400000000000000e+04 5.241860000000000408e-01
1.556500000000000000e+04 5.241409999999999680e-01
1.556600000000000000e+04 5.240949999999999775e-01
1.556700000000000000e+04 5.240489999999999871e-01
1.556800000000000000e+04 5.240029999999999966e-01
1.556900000000000000e+04 5.239570000000000061e-01
1.557000000000000000e+04 5.239110000000000156e-01
1.557100000000000000e+04 5.238209999999999811e-01
1.557200000000000000e+04 5.237300000000000288e-01
1.557300000000000000e+04 5.236399999999999944e-01
1.557400000000000000e+04 5.235499999999999599e-01
1.557500000000000000e+04 5.234590000000000076e-01
1.557600000000000000e+04 5.233689999999999731e-01
1.557700000000000000e+04 5.232790000000000497e-01
1.557800000000000000e+04 5.231890000000000152e-01
1.557900000000000000e+04 5.230989999999999807e-01
1.558000000000000000e+04 5.230080000000000284e-01
1.558100000000000000e+04 5.229620000000000379e-01
1.558200000000000000e+04 5.229160000000000474e-01
1.558300000000000000e+04 5.228709999999999747e-01
1.558400000000000000e+04 5.228249999999999842e-01
1.558500000000000000e+04 5.227600000000000025e-01
1.558600000000000000e+04 5.226899999999999880e-01
1.558700000000000000e+04 5.226199999999999735e-01
1.558800000000000000e+04 5.225499999999999590e-01
1.558900000000000000e+04 5.224800000000000555e-01
1.559000000000000000e+04 5.224100000000000410e-01
1.559100000000000000e+04 5.222959999999999825e-01
1.559200000000000000e+04 5.221810000000000063e-01
1.559300000000000000e+04 5.220669999999999478e-01
1.559400000000000000e+04 5.219530000000000003e-01
1.559500000000000000e+04 5.218390000000000528e-01
1.559600000000000000e+04 5.217249999999999943e-01
1.559700000000000000e+04 5.216110000000000468e-01
1.559800000000000000e+04 5.214969999999999883e-01
1.559900000000000000e+04 5.213820000000000121e-01
1.560000000000000000e+04 5.212679999999999536e-01
1.560100000000000000e+04 5.211959999999999926e-01
1.560200000000000000e+04 5.211230000000000029e-01
1.560300000000000000e+04 5.210500000000000131e-01
1.560400000000000000e+04 5.209770000000000234e-01
1.560500000000000000e+04 5.208829999999999849e-01
1.560600000000000000e+04 5.207800000000000207e-01
1.560700000000000000e+04 5.206779999999999742e-01
1.560800000000000000e+04 5.205760000000000387e-01
1.560900000000000000e+04 5.204739999999999922e-01
1.561000000000000000e+04 5.203719999999999457e-01
1.561100000000000000e+04 5.202250000000000485e-01
1.561200000000000000e+04 5.200789999999999580e-01
1.561300000000000000e+04 5.199329999999999785e-01
1.561400000000000000e+04 5.197869999999999990e-01
1.561500000000000000e+04 5.196410000000000196e-01
1.561600000000000000e+04 5.194940000000000113e-01
1.561700000000000000e+04 5.193489999999999496e-01
1.561800000000000000e+04 5.192020000000000524e-01
1.561900000000000000e+04 5.190559999999999619e-01
1.562000000000000000e+04 5.189099999999999824e-01
1.562100000000000000e+04 5.187640000000000029e-01
1.562200000000000000e+04 5.186180000000000234e-01
1.562300000000000000e+04 5.184729999999999617e-01
1.562400000000000000e+04 5.183269999999999822e-01
1.562500000000000000e+04 5.181750000000000522e-01
1.562600000000000000e+04 5.180209999999999537e-01
1.562700000000000000e+04 5.178669999999999662e-01
1.562800000000000000e+04 5.177129999999999788e-01
1.562900000000000000e+04 5.175589999999999913e-01
1.563000000000000000e+04 5.174060000000000326e-01
1.563100000000000000e+04 5.172959999999999781e-01
1.563200000000000000e+04 5.171850000000000058e-01
1.563300000000000000e+04 5.170759999999999801e-01
1.563400000000000000e+04 5.169660000000000366e-01
1.563500000000000000e+04 5.168559999999999821e-01
1.563600000000000000e+04 5.167460000000000386e-01
1.563700000000000000e+04 5.166359999999999841e-01
1.563800000000000000e+04 5.165260000000000407e-01
1.563900000000000000e+04 5.164159999999999862e-01
1.564000000000000000e+04 5.163060000000000427e-01
1.564100000000000000e+04 5.161520000000000552e-01
1.564200000000000000e+04 5.159979999999999567e-01
1.564300000000000000e+04 5.158449999999999980e-01
1.564400000000000000e+04 5.156910000000000105e-01
1.564500000000000000e+04 5.155070000000000485e-01
1.564600000000000000e+04 5.153100000000000458e-01
1.564700000000000000e+04 5.151139999999999608e-01
1.564800000000000000e+04 5.149179999999999868e-01
1.564900000000000000e+04 5.147220000000000129e-01
1.565000000000000000e+04 5.145250000000000101e-01
1.565100000000000000e+04 5.143290000000000362e-01
1.565200000000000000e+04 5.141329999999999512e-01
1.565300000000000000e+04 5.139369999999999772e-01
1.565400000000000000e+04 5.137410000000000032e-01
1.565500000000000000e+04 5.135450000000000292e-01
1.565600000000000000e+04 5.133499999999999730e-01
1.565700000000000000e+04 5.131539999999999990e-01
1.565800000000000000e+04 5.129580000000000251e-01
1.565900000000000000e+04 5.127620000000000511e-01
1.566000000000000000e+04 5.125659999999999661e-01
1.566100000000000000e+04 5.124130000000000074e-01
1.566200000000000000e+04 5.122609999999999664e-01
1.566300000000000000e+04 5.121090000000000364e-01
1.566400000000000000e+04 5.119569999999999954e-01
1.566500000000000000e+04 5.117920000000000247e-01
1.566600000000000000e+04 5.116239999999999677e-01
1.566700000000000000e+04 5.114560000000000217e-01
1.566800000000000000e+04 5.112879999999999647e-01
1.566900000000000000e+04 5.111189999999999900e-01
1.567000000000000000e+04 5.109510000000000440e-01
1.567100000000000000e+04 5.107390000000000541e-01
1.567200000000000000e+04 5.105279999999999818e-01
1.567300000000000000e+04 5.103159999999999918e-01
1.567400000000000000e+04 5.101050000000000306e-01
1.567500000000000000e+04 5.098930000000000407e-01
1.567600000000000000e+04 5.096819999999999684e-01
1.567700000000000000e+04 5.094710000000000072e-01
1.567800000000000000e+04 5.092590000000000172e-01
1.567900000000000000e+04 5.090479999999999450e-01
1.568000000000000000e+04 5.088369999999999838e-01
1.568100000000000000e+04 5.086680000000000090e-01
1.568200000000000000e+04 5.084999999999999520e-01
1.568300000000000000e+04 5.083320000000000061e-01
1.568400000000000000e+04 5.081639999999999491e-01
1.568500000000000000e+04 5.080259999999999776e-01
1.568600000000000000e+04 5.079010000000000469e-01
1.568700000000000000e+04 5.077749999999999764e-01
1.568800000000000000e+04 5.076500000000000457e-01
1.568900000000000000e+04 5.075250000000000039e-01
1.569000000000000000e+04 5.073990000000000444e-01
1.569100000000000000e+04 5.072309999999999874e-01
1.569200000000000000e+04 5.070620000000000127e-01
1.569300000000000000e+04 5.068939999999999557e-01
1.569400000000000000e+04 5.067249999999999810e-01
1.569500000000000000e+04 5.065570000000000350e-01
1.569600000000000000e+04 5.063879999999999493e-01
1.569700000000000000e+04 5.062200000000000033e-01
1.569800000000000000e+04 5.060519999999999463e-01
1.569900000000000000e+04 5.058840000000000003e-01
1.570000000000000000e+04 5.057150000000000256e-01
1.570100000000000000e+04 5.055469999999999686e-01
1.570200000000000000e+04 5.053790000000000227e-01
1.570300000000000000e+04 5.052100000000000479e-01
1.570400000000000000e+04 5.050419999999999909e-01
1.570500000000000000e+04 5.048420000000000130e-01
1.570600000000000000e+04 5.046289999999999942e-01
1.570700000000000000e+04 5.044149999999999467e-01
1.570800000000000000e+04 5.042020000000000390e-01
1.570900000000000000e+04 5.039890000000000203e-01
1.571000000000000000e+04 5.037760000000000016e-01
1.571100000000000000e+04 5.036059999999999981e-01
1.571200000000000000e+04 5.034349999999999659e-01
1.571300000000000000e+04 5.032649999999999624e-01
1.571400000000000000e+04 5.030949999999999589e-01
1.571500000000000000e+04 5.029240000000000377e-01
1.571600000000000000e+04 5.027540000000000342e-01
1.571700000000000000e+04 5.025840000000000307e-01
1.571800000000000000e+04 5.024129999999999985e-01
1.571900000000000000e+04 5.022429999999999950e-01
1.572000000000000000e+04 5.020729999999999915e-01
1.572100000000000000e+04 5.018599999999999728e-01
1.572200000000000000e+04 5.016469999999999541e-01
1.572300000000000000e+04 5.014340000000000463e-01
1.572400000000000000e+04 5.012210000000000276e-01
1.572500000000000000e+04 5.010270000000000001e-01
1.572600000000000000e+04 5.008409999999999807e-01
1.572700000000000000e+04 5.006549999999999612e-01
1.572800000000000000e+04 5.004690000000000527e-01
1.572900000000000000e+04 5.002820000000000045e-01
1.573000000000000000e+04 5.000959999999999850e-01
1.573100000000000000e+04 4.999100000000000210e-01
1.573200000000000000e+04 4.997240000000000015e-01
1.573300000000000000e+04 4.995379999999999820e-01
1.573400000000000000e+04 4.993520000000000181e-01
1.573500000000000000e+04 4.991659999999999986e-01
1.573600000000000000e+04 4.989799999999999791e-01
1.573700000000000000e+04 4.987940000000000151e-01
1.573800000000000000e+04 4.986079999999999957e-01
1.573900000000000000e+04 4.984230000000000049e-01
1.574000000000000000e+04 4.982369999999999854e-01
1.574100000000000000e+04 4.980939999999999812e-01
1.574200000000000000e+04 4.979500000000000037e-01
1.574300000000000000e+04 4.978069999999999995e-01
1.574400000000000000e+04 4.976630000000000220e-01
1.574500000000000000e+04 4.975939999999999808e-01
1.574600000000000000e+04 4.975570000000000270e-01
1.574700000000000000e+04 4.975189999999999890e-01
1.574800000000000000e+04 4.974819999999999798e-01
1.574900000000000000e+04 4.974450000000000260e-01
1.575000000000000000e+04 4.974069999999999880e-01
1.575100000000000000e+04 4.973270000000000191e-01
1.575200000000000000e+04 4.972480000000000233e-01
1.575300000000000000e+04 4.971679999999999988e-01
1.575400000000000000e+04 4.970879999999999743e-01
1.575500000000000000e+04 4.970089999999999786e-01
1.575600000000000000e+04 4.969290000000000096e-01
1.575700000000000000e+04 4.968489999999999851e-01
1.575800000000000000e+04 4.967699999999999894e-01
1.575900000000000000e+04 4.966909999999999936e-01
1.576000000000000000e+04 4.966110000000000246e-01
1.576100000000000000e+04 4.965310000000000001e-01
1.576200000000000000e+04 4.964509999999999756e-01
1.576300000000000000e+04 4.963719999999999799e-01
1.576400000000000000e+04 4.962920000000000109e-01
1.576500000000000000e+04 4.962619999999999809e-01
1.576600000000000000e+04 4.962539999999999729e-01
1.576700000000000000e+04 4.962460000000000204e-01
1.576800000000000000e+04 4.962380000000000124e-01
1.576900000000000000e+04 4.962300000000000044e-01
1.577000000000000000e+04 4.962219999999999964e-01
1.577100000000000000e+04 4.962139999999999884e-01
1.577200000000000000e+04 4.962050000000000072e-01
1.577300000000000000e+04 4.961969999999999992e-01
1.577400000000000000e+04 4.961889999999999912e-01
1.577500000000000000e+04 4.961809999999999832e-01
1.577600000000000000e+04 4.961729999999999752e-01
1.577700000000000000e+04 4.961639999999999939e-01
1.577800000000000000e+04 4.961559999999999859e-01
1.577900000000000000e+04 4.961479999999999779e-01
1.578000000000000000e+04 4.961400000000000254e-01
1.578100000000000000e+04 4.961740000000000039e-01
1.578200000000000000e+04 4.962079999999999824e-01
1.578300000000000000e+04 4.962420000000000164e-01
1.578400000000000000e+04 4.962759999999999949e-01
1.578500000000000000e+04 4.963790000000000147e-01
1.578600000000000000e+04 4.965140000000000109e-01
1.578700000000000000e+04 4.966479999999999784e-01
1.578800000000000000e+04 4.967829999999999746e-01
1.578900000000000000e+04 4.969169999999999976e-01
1.579000000000000000e+04 4.970510000000000206e-01
1.579100000000000000e+04 4.971439999999999748e-01
1.579200000000000000e+04 4.972349999999999826e-01
1.579300000000000000e+04 4.973270000000000191e-01
1.579400000000000000e+04 4.974190000000000000e-01
1.579500000000000000e+04 4.975109999999999810e-01
1.579600000000000000e+04 4.976030000000000175e-01
1.579700000000000000e+04 4.976949999999999985e-01
1.579800000000000000e+04 4.977869999999999795e-01
1.579900000000000000e+04 4.978790000000000160e-01
1.580000000000000000e+04 4.979700000000000237e-01
1.580100000000000000e+04 4.980640000000000067e-01
1.580200000000000000e+04 4.981579999999999897e-01
1.580300000000000000e+04 4.982509999999999994e-01
1.580400000000000000e+04 4.983449999999999824e-01
1.580500000000000000e+04 4.985430000000000139e-01
1.580600000000000000e+04 4.987900000000000111e-01
1.580700000000000000e+04 4.990359999999999796e-01
1.580800000000000000e+04 4.992829999999999768e-01
1.580900000000000000e+04 4.995290000000000008e-01
1.581000000000000000e+04 4.997750000000000248e-01
1.581100000000000000e+04 5.000639999999999530e-01
1.581200000000000000e+04 5.003530000000000477e-01
1.581300000000000000e+04 5.006420000000000314e-01
1.581400000000000000e+04 5.009310000000000151e-01
1.581500000000000000e+04 5.012199999999999989e-01
1.581600000000000000e+04 5.015089999999999826e-01
1.581700000000000000e+04 5.017979999999999663e-01
1.581800000000000000e+04 5.020869999999999500e-01
1.581900000000000000e+04 5.023760000000000447e-01
1.582000000000000000e+04 5.026650000000000285e-01
1.582100000000000000e+04 5.029109999999999969e-01
1.582200000000000000e+04 5.031569999999999654e-01
1.582300000000000000e+04 5.034030000000000449e-01
1.582400000000000000e+04 5.036490000000000133e-01
1.582500000000000000e+04 5.039350000000000218e-01
1.582600000000000000e+04 5.042419999999999680e-01
1.582700000000000000e+04 5.045479999999999965e-01
1.582800000000000000e+04 5.048540000000000250e-01
1.582900000000000000e+04 5.051600000000000534e-01
1.583000000000000000e+04 5.054659999999999709e-01
1.583100000000000000e+04 5.057719999999999994e-01
1.583200000000000000e+04 5.060769999999999991e-01
1.583300000000000000e+04 5.063830000000000275e-01
1.583400000000000000e+04 5.066889999999999450e-01
1.583500000000000000e+04 5.069949999999999735e-01
1.583600000000000000e+04 5.072999999999999732e-01
1.583700000000000000e+04 5.076060000000000016e-01
1.583800000000000000e+04 5.079110000000000014e-01
1.583900000000000000e+04 5.082160000000000011e-01
1.584000000000000000e+04 5.085220000000000296e-01
1.584100000000000000e+04 5.088270000000000293e-01
1.584200000000000000e+04 5.091320000000000290e-01
1.584300000000000000e+04 5.094370000000000287e-01
1.584400000000000000e+04 5.097420000000000284e-01
1.584500000000000000e+04 5.099500000000000144e-01
1.584600000000000000e+04 5.101099999999999524e-01
1.584700000000000000e+04 5.102700000000000014e-01
1.584800000000000000e+04 5.104309999999999681e-01
1.584900000000000000e+04 5.105910000000000171e-01
1.585000000000000000e+04 5.107509999999999550e-01
1.585100000000000000e+04 5.109550000000000480e-01
1.585200000000000000e+04 5.111590000000000300e-01
1.585300000000000000e+04 5.113630000000000120e-01
1.585400000000000000e+04 5.115659999999999652e-01
1.585500000000000000e+04 5.117699999999999472e-01
1.585600000000000000e+04 5.119740000000000402e-01
1.585700000000000000e+04 5.121780000000000221e-01
1.585800000000000000e+04 5.123820000000000041e-01
1.585900000000000000e+04 5.125849999999999573e-01
1.586000000000000000e+04 5.127899999999999681e-01
1.586100000000000000e+04 5.129489999999999883e-01
1.586200000000000000e+04 5.131090000000000373e-01
1.586300000000000000e+04 5.132689999999999753e-01
1.586400000000000000e+04 5.134279999999999955e-01
1.586500000000000000e+04 5.131130000000000413e-01
1.586600000000000000e+04 5.125610000000000444e-01
1.586700000000000000e+04 5.120090000000000474e-01
1.586800000000000000e+04 5.114579999999999682e-01
1.586900000000000000e+04 5.109059999999999713e-01
1.587000000000000000e+04 5.103539999999999743e-01
1.587100000000000000e+04 5.098030000000000062e-01
1.587200000000000000e+04 5.092510000000000092e-01
1.587300000000000000e+04 5.087000000000000410e-01
1.587400000000000000e+04 5.081480000000000441e-01
1.587500000000000000e+04 5.075969999999999649e-01
1.587600000000000000e+04 5.070459999999999967e-01
1.587700000000000000e+04 5.064959999999999463e-01
1.587800000000000000e+04 5.059439999999999493e-01
1.587900000000000000e+04 5.053940000000000099e-01
1.588000000000000000e+04 5.048430000000000417e-01
1.588100000000000000e+04 5.042929999999999913e-01
1.588200000000000000e+04 5.037420000000000231e-01
1.588300000000000000e+04 5.031910000000000549e-01
1.588400000000000000e+04 5.026410000000000045e-01
1.588500000000000000e+04 5.011600000000000499e-01
1.588600000000000000e+04 4.992039999999999811e-01
1.588700000000000000e+04 4.972440000000000193e-01
1.588800000000000000e+04 4.952889999999999793e-01
1.588900000000000000e+04 4.933319999999999927e-01
1.589000000000000000e+04 4.913779999999999815e-01
1.589100000000000000e+04 4.894620000000000082e-01
1.589200000000000000e+04 4.875459999999999794e-01
1.589300000000000000e+04 4.856349999999999834e-01
1.589400000000000000e+04 4.837210000000000121e-01
1.589500000000000000e+04 4.818089999999999873e-01
1.589600000000000000e+04 4.798919999999999852e-01
1.589700000000000000e+04 4.779809999999999892e-01
1.589800000000000000e+04 4.760670000000000179e-01
1.589900000000000000e+04 4.741560000000000219e-01
1.590000000000000000e+04 4.722390000000000199e-01
1.590100000000000000e+04 4.702870000000000106e-01
1.590200000000000000e+04 4.683339999999999725e-01
1.590300000000000000e+04 4.663809999999999900e-01
1.590400000000000000e+04 4.644300000000000095e-01
1.590500000000000000e+04 4.612180000000000168e-01
1.590600000000000000e+04 4.573579999999999868e-01
1.590700000000000000e+04 4.534960000000000102e-01
1.590800000000000000e+04 4.496379999999999821e-01
1.590900000000000000e+04 4.457699999999999996e-01
1.591000000000000000e+04 4.419139999999999735e-01
1.591100000000000000e+04 4.380539999999999989e-01
1.591200000000000000e+04 4.341949999999999976e-01
1.591300000000000000e+04 4.303409999999999735e-01
1.591400000000000000e+04 4.264769999999999950e-01
1.591500000000000000e+04 4.226239999999999997e-01
1.591600000000000000e+04 4.187690000000000023e-01
1.591700000000000000e+04 4.149180000000000090e-01
1.591800000000000000e+04 4.110559999999999770e-01
1.591900000000000000e+04 4.072069999999999856e-01
1.592000000000000000e+04 4.033539999999999903e-01
1.592100000000000000e+04 3.995059999999999722e-01
1.592200000000000000e+04 3.956509999999999749e-01
1.592300000000000000e+04 3.917970000000000064e-01
1.592400000000000000e+04 3.879509999999999903e-01
1.592500000000000000e+04 3.833909999999999818e-01
1.592600000000000000e+04 3.784560000000000146e-01
1.592700000000000000e+04 3.735069999999999779e-01
1.592800000000000000e+04 3.685740000000000127e-01
1.592900000000000000e+04 3.636369999999999880e-01
1.593000000000000000e+04 3.587060000000000248e-01
1.593100000000000000e+04 3.537660000000000249e-01
1.593200000000000000e+04 3.488280000000000269e-01
1.593300000000000000e+04 3.438990000000000102e-01
1.593400000000000000e+04 3.389670000000000183e-01
1.593500000000000000e+04 3.340409999999999768e-01
1.593600000000000000e+04 3.291009999999999769e-01
1.593700000000000000e+04 3.241769999999999929e-01
1.593800000000000000e+04 3.192479999999999762e-01
1.593900000000000000e+04 3.143259999999999943e-01
1.594000000000000000e+04 3.093949999999999756e-01
1.594100000000000000e+04 3.044959999999999889e-01
1.594200000000000000e+04 2.995970000000000022e-01
1.594300000000000000e+04 2.946980000000000155e-01
1.594400000000000000e+04 2.897989999999999733e-01
1.594500000000000000e+04 2.850449999999999928e-01
1.594600000000000000e+04 2.803829999999999933e-01
1.594700000000000000e+04 2.757160000000000166e-01
1.594800000000000000e+04 2.710549999999999904e-01
1.594900000000000000e+04 2.663840000000000097e-01
1.595000000000000000e+04 2.617169999999999774e-01
1.595100000000000000e+04 2.570290000000000075e-01
1.595200000000000000e+04 2.523420000000000107e-01
1.595300000000000000e+04 2.476549999999999863e-01
1.595400000000000000e+04 2.429649999999999865e-01
1.595500000000000000e+04 2.382849999999999968e-01
1.595600000000000000e+04 2.336010000000000031e-01
1.595700000000000000e+04 2.289239999999999886e-01
1.595800000000000000e+04 2.242369999999999919e-01
1.595900000000000000e+04 2.195560000000000012e-01
1.596000000000000000e+04 2.148760000000000114e-01
1.596100000000000000e+04 2.102020000000000000e-01
1.596200000000000000e+04 2.055190000000000072e-01
1.596300000000000000e+04 2.008369999999999878e-01
1.596400000000000000e+04 1.961650000000000060e-01
1.596500000000000000e+04 1.922250000000000070e-01
1.596600000000000000e+04 1.887000000000000066e-01
1.596700000000000000e+04 1.851750000000000063e-01
1.596800000000000000e+04 1.816510000000000069e-01
1.596900000000000000e+04 1.781270000000000076e-01
1.597000000000000000e+04 1.746080000000000132e-01
1.597100000000000000e+04 1.710830000000000128e-01
1.597200000000000000e+04 1.675580000000000125e-01
1.597300000000000000e+04 1.640409999999999924e-01
1.597400000000000000e+04 1.605209999999999970e-01
1.597500000000000000e+04 1.570020000000000027e-01
1.597600000000000000e+04 1.534830000000000083e-01
1.597700000000000000e+04 1.499649999999999872e-01
1.597800000000000000e+04 1.464479999999999948e-01
1.597900000000000000e+04 1.429350000000000065e-01
1.598000000000000000e+04 1.394160000000000121e-01
1.598100000000000000e+04 1.359009999999999940e-01
1.598200000000000000e+04 1.323870000000000047e-01
1.598300000000000000e+04 1.288729999999999876e-01
1.598400000000000000e+04 1.253599999999999992e-01
1.598500000000000000e+04 1.226040000000000046e-01
1.598600000000000000e+04 1.202860000000000040e-01
1.598700000000000000e+04 1.179680000000000034e-01
1.598800000000000000e+04 1.156500000000000028e-01
1.598900000000000000e+04 1.133330000000000032e-01
1.599000000000000000e+04 1.110170000000000046e-01
1.599100000000000000e+04 1.087100000000000011e-01
1.599200000000000000e+04 1.064029999999999976e-01
1.599300000000000000e+04 1.040959999999999941e-01
1.599400000000000000e+04 1.017900000000000055e-01
1.599500000000000000e+04 9.948360000000000536e-02
1.599600000000000000e+04 9.717710000000000237e-02
1.599700000000000000e+04 9.487080000000000513e-02
1.599800000000000000e+04 9.256440000000000501e-02
1.599900000000000000e+04 9.025819999999999677e-02
1.600000000000000000e+04 8.795200000000000240e-02
1.600100000000000000e+04 8.564109999999999778e-02
1.600200000000000000e+04 8.332599999999999729e-02
1.600300000000000000e+04 8.101369999999999405e-02
1.600400000000000000e+04 7.870180000000000231e-02
1.600500000000000000e+04 7.691069999999999851e-02
1.600600000000000000e+04 7.542699999999999405e-02
1.600700000000000000e+04 7.394349999999999534e-02
1.600800000000000000e+04 7.246030000000000526e-02
1.600900000000000000e+04 7.097729999999999317e-02
1.601000000000000000e+04 6.949470000000000647e-02
1.601100000000000000e+04 6.801229999999999776e-02
1.601200000000000000e+04 6.653019999999999767e-02
1.601300000000000000e+04 6.504849999999999521e-02
1.601400000000000000e+04 6.356689999999999563e-02
1.601500000000000000e+04 6.208570000000000061e-02
1.601600000000000000e+04 6.060469999999999746e-02
1.601700000000000000e+04 5.912400000000000294e-02
1.601800000000000000e+04 5.764360000000000317e-02
1.601900000000000000e+04 5.616349999999999815e-02
1.602000000000000000e+04 5.468370000000000175e-02
1.602100000000000000e+04 5.320559999999999873e-02
1.602200000000000000e+04 5.172489999999999727e-02
1.602300000000000000e+04 5.024440000000000156e-02
1.602400000000000000e+04 4.876719999999999666e-02
1.602500000000000000e+04 4.765210000000000279e-02
1.602600000000000000e+04 4.675710000000000283e-02
1.602700000000000000e+04 4.586230000000000168e-02
1.602800000000000000e+04 4.496769999999999934e-02
1.602900000000000000e+04 4.407319999999999988e-02
1.603000000000000000e+04 4.317979999999999735e-02
1.603100000000000000e+04 4.228470000000000145e-02
1.603200000000000000e+04 4.138990000000000030e-02
1.603300000000000000e+04 4.049699999999999828e-02
1.603400000000000000e+04 3.960330000000000100e-02
1.603500000000000000e+04 3.870980000000000254e-02
1.603600000000000000e+04 3.781659999999999883e-02
1.603700000000000000e+04 3.692340000000000205e-02
1.603800000000000000e+04 3.603050000000000003e-02
1.603900000000000000e+04 3.513859999999999900e-02
1.604000000000000000e+04 3.424510000000000054e-02
1.604100000000000000e+04 3.335260000000000308e-02
1.604200000000000000e+04 3.246040000000000036e-02
1.604300000000000000e+04 3.156830000000000053e-02
1.604400000000000000e+04 3.067630000000000010e-02
1.604500000000000000e+04 3.000080000000000108e-02
1.604600000000000000e+04 2.946029999999999829e-02
1.604700000000000000e+04 2.891940000000000136e-02
1.604800000000000000e+04 2.837910000000000085e-02
1.604900000000000000e+04 2.783789999999999876e-02
1.605000000000000000e+04 2.729730000000000004e-02
1.605100000000000000e+04 2.675910000000000094e-02
1.605200000000000000e+04 2.622100000000000125e-02
1.605300000000000000e+04 2.568290000000000156e-02
1.605400000000000000e+04 2.514419999999999850e-02
1.605500000000000000e+04 2.460659999999999931e-02
1.605600000000000000e+04 2.406849999999999962e-02
1.605700000000000000e+04 2.353090000000000043e-02
1.605800000000000000e+04 2.299170000000000033e-02
1.605900000000000000e+04 2.245410000000000114e-02
1.606000000000000000e+04 2.191610000000000086e-02
1.606100000000000000e+04 2.137669999999999848e-02
1.606200000000000000e+04 2.083629999999999857e-02
1.606300000000000000e+04 2.029600000000000154e-02
1.606400000000000000e+04 1.975690000000000085e-02
1.606500000000000000e+04 1.934639999999999971e-02
1.606600000000000000e+04 1.901790000000000078e-02
1.606700000000000000e+04 1.868850000000000025e-02
1.606800000000000000e+04 1.836020000000000013e-02
1.606900000000000000e+04 1.803159999999999832e-02
1.607000000000000000e+04 1.770330000000000167e-02
1.607100000000000000e+04 1.737450000000000105e-02
1.607200000000000000e+04 1.704570000000000043e-02
1.607300000000000000e+04 1.671769999999999853e-02
1.607400000000000000e+04 1.638939999999999841e-02
1.607500000000000000e+04 1.606149999999999939e-02
1.607600000000000000e+04 1.573269999999999877e-02
1.607700000000000000e+04 1.540479999999999974e-02
1.607800000000000000e+04 1.507679999999999958e-02
1.607900000000000000e+04 1.474909999999999936e-02
1.608000000000000000e+04 1.442060000000000043e-02
1.608100000000000000e+04 1.409299999999999962e-02
1.608200000000000000e+04 1.376520000000000001e-02
1.608300000000000000e+04 1.343740000000000039e-02
1.608400000000000000e+04 1.311009999999999953e-02
1.608500000000000000e+04 1.285069999999999962e-02
1.608600000000000000e+04 1.263659999999999957e-02
1.608700000000000000e+04 1.242240000000000011e-02
1.608800000000000000e+04 1.220839999999999946e-02
1.608900000000000000e+04 1.199380000000000064e-02
1.609000000000000000e+04 1.177979999999999999e-02
1.609100000000000000e+04 1.156569999999999994e-02
1.609200000000000000e+04 1.135169999999999929e-02
1.609300000000000000e+04 1.113789999999999919e-02
1.609400000000000000e+04 1.092349999999999918e-02
1.609500000000000000e+04 1.070970000000000082e-02
1.609600000000000000e+04 1.049579999999999957e-02
1.609700000000000000e+04 1.028220000000000002e-02
1.609800000000000000e+04 1.006800000000000056e-02
1.609900000000000000e+04 9.854399999999999271e-03
1.610000000000000000e+04 9.640670000000000489e-03
1.610100000000000000e+04 9.427180000000000282e-03
1.610200000000000000e+04 9.213320000000000537e-03
1.610300000000000000e+04 8.999510000000000495e-03
1.610400000000000000e+04 8.786139999999999575e-03
1.610500000000000000e+04 8.619550000000000128e-03
1.610600000000000000e+04 8.484200000000000769e-03
1.610700000000000000e+04 8.348480000000000137e-03
1.610800000000000000e+04 8.213180000000000480e-03
1.610900000000000000e+04 8.077779999999999683e-03
1.611000000000000000e+04 7.942539999999999670e-03
1.611100000000000000e+04 7.807050000000000274e-03
1.611200000000000000e+04 7.671589999999999833e-03
1.611300000000000000e+04 7.536430000000000212e-03
1.611400000000000000e+04 7.401149999999999569e-03
1.611500000000000000e+04 7.266039999999999652e-03
1.611600000000000000e+04 7.130550000000000256e-03
1.611700000000000000e+04 6.995490000000000042e-03
1.611800000000000000e+04 6.860319999999999613e-03
1.611900000000000000e+04 6.725300000000000028e-03
1.612000000000000000e+04 6.590050000000000074e-03
1.612100000000000000e+04 6.454960000000000038e-03
1.612200000000000000e+04 6.319889999999999883e-03
1.612300000000000000e+04 6.184850000000000417e-03
1.612400000000000000e+04 6.049829999999999965e-03
1.612500000000000000e+04 5.939080000000000227e-03
1.612600000000000000e+04 5.845030000000000191e-03
1.612700000000000000e+04 5.750909999999999703e-03
1.612800000000000000e+04 5.656900000000000296e-03
1.612900000000000000e+04 5.562720000000000165e-03
1.613000000000000000e+04 5.468650000000000247e-03
1.613100000000000000e+04 5.374610000000000151e-03
1.613200000000000000e+04 5.280579999999999996e-03
1.613300000000000000e+04 5.186559999999999782e-03
1.613400000000000000e+04 5.092479999999999923e-03
1.613500000000000000e+04 4.998589999999999804e-03
1.613600000000000000e+04 4.904630000000000101e-03
1.613700000000000000e+04 4.810779999999999744e-03
1.613800000000000000e+04 4.716770000000000337e-03
1.613900000000000000e+04 4.622870000000000278e-03
1.614000000000000000e+04 4.528980000000000158e-03
1.614100000000000000e+04 4.435200000000000253e-03
1.614200000000000000e+04 4.341260000000000431e-03
1.614300000000000000e+04 4.247339999999999623e-03
1.614400000000000000e+04 4.153610000000000288e-03
1.614500000000000000e+04 4.078319999999999862e-03
1.614600000000000000e+04 4.015859999999999569e-03
1.614700000000000000e+04 3.953420000000000024e-03
1.614800000000000000e+04 3.890980000000000046e-03
1.614900000000000000e+04 3.828550000000000009e-03
1.615000000000000000e+04 3.766199999999999930e-03
1.615100000000000000e+04 3.704069999999999845e-03
1.615200000000000000e+04 3.641929999999999820e-03
1.615300000000000000e+04 3.579919999999999890e-03
1.615400000000000000e+04 3.517839999999999943e-03
1.615500000000000000e+04 3.455769999999999936e-03
1.615600000000000000e+04 3.393699999999999928e-03
1.615700000000000000e+04 3.331629999999999921e-03
1.615800000000000000e+04 3.269569999999999855e-03
1.615900000000000000e+04 3.207559999999999925e-03
1.616000000000000000e+04 3.145429999999999841e-03
1.616100000000000000e+04 3.083100000000000077e-03
1.616200000000000000e+04 3.020769999999999879e-03
1.616300000000000000e+04 2.958459999999999996e-03
1.616400000000000000e+04 2.896160000000000054e-03
1.616500000000000000e+04 2.847660000000000122e-03
1.616600000000000000e+04 2.808960000000000103e-03
1.616700000000000000e+04 2.770260000000000083e-03
1.616800000000000000e+04 2.731560000000000064e-03
1.616900000000000000e+04 2.692879999999999927e-03
1.617000000000000000e+04 2.654199999999999789e-03
1.617100000000000000e+04 2.615530000000000025e-03
1.617200000000000000e+04 2.576870000000000202e-03
1.617300000000000000e+04 2.538209999999999945e-03
1.617400000000000000e+04 2.499560000000000063e-03
1.617500000000000000e+04 2.460920000000000121e-03
1.617600000000000000e+04 2.422290000000000120e-03
1.617700000000000000e+04 2.383660000000000119e-03
1.617800000000000000e+04 2.345040000000000058e-03
1.617900000000000000e+04 2.306429999999999939e-03
1.618000000000000000e+04 2.267830000000000193e-03
1.618100000000000000e+04 2.229270000000000210e-03
1.618200000000000000e+04 2.190640000000000209e-03
1.618300000000000000e+04 2.152059999999999911e-03
1.618400000000000000e+04 2.113489999999999987e-03
1.618500000000000000e+04 2.080859999999999915e-03
1.618600000000000000e+04 2.052529999999999893e-03
1.618700000000000000e+04 2.024199999999999871e-03
1.618800000000000000e+04 1.995879999999999790e-03
1.618900000000000000e+04 1.967570000000000083e-03
1.619000000000000000e+04 1.939259999999999942e-03
1.619100000000000000e+04 1.910959999999999959e-03
1.619200000000000000e+04 1.882659999999999976e-03
1.619300000000000000e+04 1.854369999999999933e-03
1.619400000000000000e+04 1.826090000000000048e-03
1.619500000000000000e+04 1.797809999999999946e-03
1.619600000000000000e+04 1.769530000000000061e-03
1.619700000000000000e+04 1.741259999999999900e-03
1.619800000000000000e+04 1.712999999999999896e-03
1.619900000000000000e+04 1.684739999999999892e-03
1.620000000000000000e+04 1.656490000000000046e-03
1.620100000000000000e+04 1.628209999999999944e-03
1.620200000000000000e+04 1.599939999999999999e-03
1.620300000000000000e+04 1.571640000000000016e-03
1.620400000000000000e+04 1.543410000000000051e-03
1.620500000000000000e+04 1.520440000000000073e-03
1.620600000000000000e+04 1.501380000000000076e-03
1.620700000000000000e+04 1.482320000000000079e-03
1.620800000000000000e+04 1.463270000000000022e-03
1.620900000000000000e+04 1.444219999999999966e-03
1.621000000000000000e+04 1.425199999999999948e-03
1.621100000000000000e+04 1.406139999999999951e-03
1.621200000000000000e+04 1.387089999999999894e-03
1.621300000000000000e+04 1.368080000000000034e-03
1.621400000000000000e+04 1.349050000000000075e-03
1.621500000000000000e+04 1.330030000000000058e-03
1.621600000000000000e+04 1.311010000000000040e-03
1.621700000000000000e+04 1.291999999999999963e-03
1.621800000000000000e+04 1.272990000000000102e-03
1.621900000000000000e+04 1.254010000000000064e-03
1.622000000000000000e+04 1.234990000000000046e-03
1.622100000000000000e+04 1.216000000000000067e-03
1.622200000000000000e+04 1.196999999999999930e-03
1.622300000000000000e+04 1.178019999999999892e-03
1.622400000000000000e+04 1.159040000000000070e-03
1.622500000000000000e+04 1.141489999999999996e-03
1.622600000000000000e+04 1.125080000000000090e-03
1.622700000000000000e+04 1.108660000000000027e-03
1.622800000000000000e+04 1.092260000000000062e-03
1.622900000000000000e+04 1.075819999999999901e-03
1.623000000000000000e+04 1.059409999999999996e-03
1.623100000000000000e+04 1.043000000000000090e-03
1.623200000000000000e+04 1.026599999999999908e-03
1.623300000000000000e+04 1.010199999999999943e-03
1.623400000000000000e+04 9.937850000000000676e-04
1.623500000000000000e+04 9.774070000000000154e-04
1.623600000000000000e+04 9.610180000000000068e-04
1.623700000000000000e+04 9.446479999999999721e-04
1.623800000000000000e+04 9.282500000000000386e-04
1.623900000000000000e+04 9.118719999999999864e-04
1.624000000000000000e+04 8.954969999999999814e-04
1.624100000000000000e+04 8.791260000000000394e-04
1.624200000000000000e+04 8.627599999999999592e-04
1.624300000000000000e+04 8.463799999999999839e-04
1.624400000000000000e+04 8.300370000000000491e-04
1.624500000000000000e+04 8.185570000000000302e-04
1.624600000000000000e+04 8.108500000000000039e-04
1.624700000000000000e+04 8.031219999999999722e-04
1.624800000000000000e+04 7.954179999999999931e-04
1.624900000000000000e+04 7.877090000000000437e-04
1.625000000000000000e+04 7.800090000000000192e-04
1.625100000000000000e+04 7.722960000000000068e-04
1.625200000000000000e+04 7.645840000000000101e-04
1.625300000000000000e+04 7.568889999999999559e-04
1.625400000000000000e+04 7.491890000000000398e-04
1.625500000000000000e+04 7.414980000000000486e-04
1.625600000000000000e+04 7.337850000000000362e-04
1.625700000000000000e+04 7.260979999999999995e-04
1.625800000000000000e+04 7.184039999999999610e-04
1.625900000000000000e+04 7.107199999999999716e-04
1.626000000000000000e+04 7.030219999999999785e-04
1.626100000000000000e+04 6.953270000000000327e-04
1.626200000000000000e+04 6.876480000000000136e-04
1.626300000000000000e+04 6.799630000000000084e-04
1.626400000000000000e+04 6.722870000000000365e-04
1.626500000000000000e+04 6.637480000000000289e-04
1.626600000000000000e+04 6.545690000000000276e-04
1.626700000000000000e+04 6.453830000000000244e-04
1.626800000000000000e+04 6.362089999999999933e-04
1.626900000000000000e+04 6.270089999999999865e-04
1.627000000000000000e+04 6.178380000000000026e-04
1.627100000000000000e+04 6.086600000000000170e-04
1.627200000000000000e+04 5.994849999999999702e-04
1.627300000000000000e+04 5.903199999999999724e-04
1.627400000000000000e+04 5.811310000000000303e-04
1.627500000000000000e+04 5.719710000000000029e-04
1.627600000000000000e+04 5.628039999999999736e-04
1.627700000000000000e+04 5.536480000000000090e-04
1.627800000000000000e+04 5.444669999999999762e-04
1.627900000000000000e+04 5.353159999999999820e-04
1.628000000000000000e+04 5.261569999999999702e-04
1.628100000000000000e+04 5.169999999999999899e-04
1.628200000000000000e+04 5.078459999999999485e-04
1.628300000000000000e+04 4.986850000000000137e-04
1.628400000000000000e+04 4.895430000000000528e-04
1.628500000000000000e+04 4.845849999999999962e-04
1.628600000000000000e+04 4.830179999999999890e-04
1.628700000000000000e+04 4.814469999999999731e-04
1.628800000000000000e+04 4.798809999999999816e-04
1.628900000000000000e+04 4.783139999999999744e-04
1.629000000000000000e+04 4.767489999999999987e-04
1.629100000000000000e+04 4.751809999999999758e-04
1.629200000000000000e+04 4.736140000000000228e-04
1.629300000000000000e+04 4.720500000000000087e-04
1.629400000000000000e+04 4.704849999999999787e-04
1.629500000000000000e+04 4.689210000000000188e-04
1.629600000000000000e+04 4.673540000000000116e-04
1.629700000000000000e+04 4.657910000000000132e-04
1.629800000000000000e+04 4.642269999999999990e-04
1.629900000000000000e+04 4.626650000000000163e-04
1.630000000000000000e+04 4.610999999999999864e-04
1.630100000000000000e+04 4.595360000000000265e-04
1.630200000000000000e+04 4.579750000000000053e-04
1.630300000000000000e+04 4.564130000000000227e-04
1.630400000000000000e+04 4.548509999999999858e-04
1.630500000000000000e+04 4.499710000000000190e-04
1.630600000000000000e+04 4.423629999999999793e-04
1.630700000000000000e+04 4.347490000000000078e-04
1.630800000000000000e+04 4.271449999999999770e-04
1.630900000000000000e+04 4.195269999999999967e-04
1.631000000000000000e+04 4.119190000000000113e-04
1.631100000000000000e+04 4.043119999999999874e-04
1.631200000000000000e+04 3.967069999999999950e-04
1.631300000000000000e+04 3.891039999999999798e-04
1.631400000000000000e+04 3.814949999999999787e-04
1.631500000000000000e+04 3.739029999999999741e-04
1.631600000000000000e+04 3.663049999999999835e-04
1.631700000000000000e+04 3.587160000000000262e-04
1.631800000000000000e+04 3.511149999999999883e-04
1.631900000000000000e+04 3.435220000000000222e-04
1.632000000000000000e+04 3.359309999999999792e-04
1.632100000000000000e+04 3.283420000000000219e-04
1.632200000000000000e+04 3.207540000000000261e-04
1.632300000000000000e+04 3.131610000000000058e-04
1.632400000000000000e+04 3.055849999999999821e-04
1.632500000000000000e+04 2.993660000000000201e-04
1.632600000000000000e+04 2.942999999999999978e-04
1.632700000000000000e+04 2.892349999999999912e-04
1.632800000000000000e+04 2.841720000000000162e-04
1.632900000000000000e+04 2.791089999999999869e-04
1.633000000000000000e+04 2.740530000000000136e-04
1.633100000000000000e+04 2.689880000000000070e-04
1.633200000000000000e+04 2.639240000000000162e-04
1.633300000000000000e+04 2.588719999999999975e-04
1.633400000000000000e+04 2.538150000000000085e-04
1.633500000000000000e+04 2.487599999999999967e-04
1.633600000000000000e+04 2.437060000000000008e-04
1.633700000000000000e+04 2.386529999999999934e-04
1.633800000000000000e+04 2.336010000000000018e-04
1.633900000000000000e+04 2.285549999999999962e-04
1.634000000000000000e+04 2.235010000000000002e-04
1.634100000000000000e+04 2.184470000000000042e-04
1.634200000000000000e+04 2.134050000000000074e-04
1.634300000000000000e+04 2.083590000000000019e-04
1.634400000000000000e+04 2.033140000000000121e-04
1.634500000000000000e+04 1.982689999999999952e-04
1.634600000000000000e+04 1.932229999999999896e-04
1.634700000000000000e+04 1.881789999999999884e-04
1.634800000000000000e+04 1.831360000000000030e-04
1.634900000000000000e+04 1.780940000000000062e-04
1.635000000000000000e+04 1.730529999999999981e-04
1.635100000000000000e+04 1.680139999999999943e-04
1.635200000000000000e+04 1.629749999999999905e-04
1.635300000000000000e+04 1.579379999999999912e-04
1.635400000000000000e+04 1.529009999999999918e-04
1.635500000000000000e+04 1.503320000000000101e-04
1.635600000000000000e+04 1.499129999999999994e-04
1.635700000000000000e+04 1.494939999999999887e-04
1.635800000000000000e+04 1.490759999999999937e-04
1.635900000000000000e+04 1.486570000000000101e-04
1.636000000000000000e+04 1.482389999999999880e-04
1.636100000000000000e+04 1.478069999999999894e-04
1.636200000000000000e+04 1.473760000000000066e-04
1.636300000000000000e+04 1.469440000000000080e-04
1.636400000000000000e+04 1.465139999999999867e-04
1.636500000000000000e+04 1.460819999999999881e-04
1.636600000000000000e+04 1.456519999999999939e-04
1.636700000000000000e+04 1.452210000000000111e-04
1.636800000000000000e+04 1.447909999999999898e-04
1.636900000000000000e+04 1.443609999999999956e-04
1.637000000000000000e+04 1.439300000000000128e-04
1.637100000000000000e+04 1.435130000000000064e-04
1.637200000000000000e+04 1.430960000000000001e-04
1.637300000000000000e+04 1.426800000000000095e-04
1.637400000000000000e+04 1.422630000000000032e-04
1.637500000000000000e+04 1.418459999999999968e-04
1.637600000000000000e+04 1.414289999999999905e-04
1.637700000000000000e+04 1.410129999999999999e-04
1.637800000000000000e+04 1.405959999999999935e-04
1.637900000000000000e+04 1.401800000000000030e-04
1.638000000000000000e+04 1.397640000000000124e-04
1.638100000000000000e+04 1.393470000000000060e-04
1.638200000000000000e+04 1.389309999999999883e-04
1.638300000000000000e+04 1.385149999999999977e-04
1.638400000000000000e+04 1.380999999999999958e-04
1.638500000000000000e+04 1.376840000000000052e-04
1.638600000000000000e+04 1.372679999999999875e-04
1.638700000000000000e+04 1.368530000000000126e-04
1.638800000000000000e+04 1.364369999999999949e-04
1.638900000000000000e+04 1.360219999999999930e-04
1.639000000000000000e+04 1.356060000000000024e-04
1.639100000000000000e+04 1.351910000000000004e-04
1.639200000000000000e+04 1.347759999999999984e-04
1.639300000000000000e+04 1.343609999999999965e-04
1.639400000000000000e+04 1.339459999999999945e-04
1.639500000000000000e+04 1.335309999999999926e-04
1.639600000000000000e+04 1.331159999999999906e-04
1.639700000000000000e+04 1.327020000000000044e-04
1.639800000000000000e+04 1.322870000000000025e-04
1.639900000000000000e+04 1.318729999999999891e-04
1.640000000000000000e+04 1.314579999999999872e-04
1.640100000000000000e+04 1.310519999999999914e-04
1.640200000000000000e+04 1.306450000000000070e-04
1.640300000000000000e+04 1.302390000000000112e-04
1.640400000000000000e+04 1.298319999999999997e-04
1.640500000000000000e+04 1.294260000000000039e-04
1.640600000000000000e+04 1.290200000000000082e-04
1.640700000000000000e+04 1.286129999999999966e-04
1.640800000000000000e+04 1.282070000000000009e-04
1.640900000000000000e+04 1.278010000000000051e-04
1.641000000000000000e+04 1.273950000000000093e-04
1.641100000000000000e+04 1.269890000000000135e-04
1.641200000000000000e+04 1.265829999999999907e-04
1.641300000000000000e+04 1.261769999999999949e-04
1.641400000000000000e+04 1.257709999999999991e-04
1.641500000000000000e+04 1.253650000000000033e-04
1.641600000000000000e+04 1.249590000000000076e-04
1.641700000000000000e+04 1.245530000000000118e-04
1.641800000000000000e+04 1.241469999999999889e-04
1.641900000000000000e+04 1.237420000000000089e-04
1.642000000000000000e+04 1.233360000000000131e-04
1.642100000000000000e+04 1.229299999999999902e-04
1.642200000000000000e+04 1.225250000000000102e-04
1.642300000000000000e+04 1.221189999999999873e-04
1.642400000000000000e+04 1.217130000000000051e-04
1.642500000000000000e+04 1.213079999999999980e-04
1.642600000000000000e+04 1.209030000000000044e-04
1.642700000000000000e+04 1.204969999999999951e-04
1.642800000000000000e+04 1.200920000000000015e-04
1.642900000000000000e+04 1.196869999999999943e-04
1.643000000000000000e+04 1.192809999999999986e-04
1.643100000000000000e+04 1.188760000000000050e-04
1.643200000000000000e+04 1.184709999999999979e-04
1.643300000000000000e+04 1.180660000000000043e-04
1.643400000000000000e+04 1.176609999999999971e-04
1.643500000000000000e+04 1.172560000000000036e-04
1.643600000000000000e+04 1.168509999999999964e-04
1.643700000000000000e+04 1.164460000000000028e-04
1.643800000000000000e+04 1.160409999999999957e-04
1.643900000000000000e+04 1.156360000000000021e-04
1.644000000000000000e+04 1.152309999999999950e-04
1.644100000000000000e+04 1.148270000000000036e-04
1.644200000000000000e+04 1.144219999999999965e-04
1.644300000000000000e+04 1.140170000000000029e-04
1.644400000000000000e+04 1.136129999999999980e-04
1.644500000000000000e+04 1.132080000000000044e-04
1.644600000000000000e+04 1.128039999999999994e-04
1.644700000000000000e+04 1.123980000000000037e-04
1.644800000000000000e+04 1.119950000000000009e-04
1.644900000000000000e+04 1.115899999999999938e-04
1.645000000000000000e+04 1.111860000000000024e-04
1.645100000000000000e+04 1.107720000000000026e-04
1.645200000000000000e+04 1.103580000000000029e-04
1.645300000000000000e+04 1.099440000000000031e-04
1.645400000000000000e+04 1.095300000000000033e-04
1.645500000000000000e+04 1.091170000000000058e-04
1.645600000000000000e+04 1.087010000000000016e-04
1.645700000000000000e+04 1.082890000000000062e-04
1.645800000000000000e+04 1.078750000000000065e-04
1.645900000000000000e+04 1.074619999999999954e-04
1.646000000000000000e+04 1.070489999999999978e-04
1.646100000000000000e+04 1.066450000000000064e-04
1.646200000000000000e+04 1.062420000000000036e-04
1.646300000000000000e+04 1.058379999999999987e-04
1.646400000000000000e+04 1.054359999999999981e-04
1.646500000000000000e+04 1.050310000000000046e-04
1.646600000000000000e+04 1.046280000000000018e-04
1.646700000000000000e+04 1.042249999999999991e-04
1.646800000000000000e+04 1.038219999999999963e-04
1.646900000000000000e+04 1.034189999999999936e-04
1.647000000000000000e+04 1.030160000000000044e-04
1.647100000000000000e+04 1.026130000000000016e-04
1.647200000000000000e+04 1.022099999999999989e-04
1.647300000000000000e+04 1.018079999999999983e-04
1.647400000000000000e+04 1.014030000000000047e-04
1.647500000000000000e+04 1.010010000000000042e-04
1.647600000000000000e+04 1.005990000000000036e-04
1.647700000000000000e+04 1.001960000000000009e-04
1.647800000000000000e+04 9.979310000000000513e-05
1.647900000000000000e+04 9.939039999999999626e-05
1.648000000000000000e+04 9.898779999999999439e-05
1.648100000000000000e+04 9.858529999999999952e-05
1.648200000000000000e+04 9.818269999999999764e-05
1.648300000000000000e+04 9.777949999999999446e-05
1.648400000000000000e+04 9.737789999999999478e-05
1.648500000000000000e+04 9.697549999999999335e-05
1.648600000000000000e+04 9.657310000000000547e-05
1.648700000000000000e+04 9.617090000000000447e-05
1.648800000000000000e+04 9.576859999999999648e-05
1.648900000000000000e+04 9.536639999999999549e-05
1.649000000000000000e+04 9.496499999999999625e-05
1.649100000000000000e+04 9.456210000000000050e-05
1.649200000000000000e+04 9.415929999999999819e-05
1.649300000000000000e+04 9.375809999999999938e-05
1.649400000000000000e+04 9.335609999999999883e-05
1.649500000000000000e+04 9.295420000000000527e-05
1.649600000000000000e+04 9.255229999999999816e-05
1.649700000000000000e+04 9.215049999999999804e-05
1.649800000000000000e+04 9.174869999999999792e-05
1.649900000000000000e+04 9.134769999999999956e-05
1.650000000000000000e+04 9.094529999999999813e-05
1.650100000000000000e+04 9.054289999999999669e-05
1.650200000000000000e+04 9.014200000000000533e-05
1.650300000000000000e+04 8.974049999999999909e-05
1.650400000000000000e+04 8.933889999999999941e-05
1.650500000000000000e+04 8.893750000000000017e-05
1.650600000000000000e+04 8.853610000000000093e-05
1.650700000000000000e+04 8.813470000000000169e-05
1.650800000000000000e+04 8.773419999999999765e-05
1.650900000000000000e+04 8.733210000000000365e-05
1.651000000000000000e+04 8.693090000000000485e-05
1.651100000000000000e+04 8.652970000000000605e-05
1.651200000000000000e+04 8.612860000000000069e-05
1.651300000000000000e+04 8.572749999999999533e-05
1.651400000000000000e+04 8.532640000000000352e-05
1.651500000000000000e+04 8.492540000000000516e-05
1.651600000000000000e+04 8.452450000000000024e-05
1.651700000000000000e+04 8.412359999999999532e-05
1.651800000000000000e+04 8.372270000000000395e-05
1.651900000000000000e+04 8.332190000000000603e-05
1.652000000000000000e+04 8.292109999999999455e-05
1.652100000000000000e+04 8.251289999999999395e-05
1.652200000000000000e+04 8.210480000000000035e-05
1.652300000000000000e+04 8.169689999999999363e-05
1.652400000000000000e+04 8.128900000000000047e-05
1.652500000000000000e+04 8.088129999999999419e-05
1.652600000000000000e+04 8.047369999999999491e-05
1.652700000000000000e+04 8.006620000000000262e-05
1.652800000000000000e+04 7.965880000000000378e-05
1.652900000000000000e+04 7.925149999999999838e-05
1.653000000000000000e+04 7.884439999999999342e-05
1.653100000000000000e+04 7.844450000000000424e-05
1.653200000000000000e+04 7.804460000000000152e-05
1.653300000000000000e+04 7.764480000000000578e-05
1.653400000000000000e+04 7.724499999999999650e-05
1.653500000000000000e+04 7.684529999999999421e-05
1.653600000000000000e+04 7.644569999999999892e-05
1.653700000000000000e+04 7.604599999999999663e-05
1.653800000000000000e+04 7.564649999999999478e-05
1.653900000000000000e+04 7.524689999999999949e-05
1.654000000000000000e+04 7.484739999999999764e-05
1.654100000000000000e+04 7.444800000000000278e-05
1.654200000000000000e+04 7.404859999999999437e-05
1.654300000000000000e+04 7.364930000000000651e-05
1.654400000000000000e+04 7.324989999999999811e-05
1.654500000000000000e+04 7.285070000000000369e-05
1.654600000000000000e+04 7.245149999999999572e-05
1.654700000000000000e+04 7.205230000000000131e-05
1.654800000000000000e+04 7.165320000000000033e-05
1.654900000000000000e+04 7.125409999999999936e-05
1.655000000000000000e+04 7.085510000000000538e-05
1.655100000000000000e+04 7.045609999999999785e-05
1.655200000000000000e+04 7.005719999999999732e-05
1.655300000000000000e+04 6.965829999999999678e-05
1.655400000000000000e+04 6.925939999999999625e-05
1.655500000000000000e+04 6.886060000000000271e-05
1.655600000000000000e+04 6.846190000000000261e-05
1.655700000000000000e+04 6.806320000000000252e-05
1.655800000000000000e+04 6.766459999999999587e-05
1.655900000000000000e+04 6.726589999999999577e-05
1.656000000000000000e+04 6.686739999999999611e-05
1.656100000000000000e+04 6.646889999999999645e-05
1.656200000000000000e+04 6.607039999999999680e-05
1.656300000000000000e+04 6.567200000000000413e-05
1.656400000000000000e+04 6.527359999999999792e-05
1.656500000000000000e+04 6.487529999999999870e-05
1.656600000000000000e+04 6.447699999999999948e-05
1.656700000000000000e+04 6.407879999999999371e-05
1.656800000000000000e+04 6.368060000000000148e-05
1.656900000000000000e+04 6.328239999999999571e-05
1.657000000000000000e+04 6.288429999999999693e-05
1.657100000000000000e+04 6.248059999999999942e-05
1.657200000000000000e+04 6.207699999999999536e-05
1.657300000000000000e+04 6.167349999999999829e-05
1.657400000000000000e+04 6.126930000000000646e-05
1.657500000000000000e+04 6.086679999999999803e-05
1.657600000000000000e+04 6.046360000000000162e-05
1.657700000000000000e+04 6.006059999999999887e-05
1.657800000000000000e+04 5.965770000000000312e-05
1.657900000000000000e+04 5.925490000000000081e-05
1.658000000000000000e+04 5.885219999999999872e-05
1.658100000000000000e+04 5.845500000000000191e-05
1.658200000000000000e+04 5.805779999999999833e-05
1.658300000000000000e+04 5.765989999999999999e-05
1.658400000000000000e+04 5.726359999999999838e-05
1.658500000000000000e+04 5.686660000000000201e-05
1.658600000000000000e+04 5.646959999999999887e-05
1.658700000000000000e+04 5.607260000000000250e-05
1.658800000000000000e+04 5.567569999999999957e-05
1.658900000000000000e+04 5.527889999999999687e-05
1.659000000000000000e+04 5.488290000000000269e-05
1.659100000000000000e+04 5.448529999999999823e-05
1.659200000000000000e+04 5.408780000000000076e-05
1.659300000000000000e+04 5.369190000000000003e-05
1.659400000000000000e+04 5.329529999999999776e-05
1.659500000000000000e+04 5.289870000000000227e-05
1.659600000000000000e+04 5.250220000000000022e-05
1.659700000000000000e+04 5.210579999999999840e-05
1.659800000000000000e+04 5.170930000000000312e-05
1.659900000000000000e+04 5.131370000000000305e-05
1.660000000000000000e+04 5.091659999999999968e-05
1.660100000000000000e+04 5.050670000000000214e-05
1.660200000000000000e+04 5.009870000000000198e-05
1.660300000000000000e+04 4.969010000000000050e-05
1.660400000000000000e+04 4.928179999999999968e-05
1.660500000000000000e+04 4.905700000000000143e-05
1.660600000000000000e+04 4.904170000000000176e-05
1.660700000000000000e+04 4.902630000000000188e-05
1.660800000000000000e+04 4.901100000000000221e-05
1.660900000000000000e+04 4.899560000000000232e-05
1.661000000000000000e+04 4.898030000000000266e-05
1.661100000000000000e+04 4.896039999999999968e-05
1.661200000000000000e+04 4.894059999999999692e-05
1.661300000000000000e+04 4.892080000000000094e-05
1.661400000000000000e+04 4.890099999999999818e-05
1.661500000000000000e+04 4.888120000000000220e-05
1.661600000000000000e+04 4.886139999999999944e-05
1.661700000000000000e+04 4.884159999999999668e-05
1.661800000000000000e+04 4.882180000000000070e-05
1.661900000000000000e+04 4.880199999999999794e-05
1.662000000000000000e+04 4.878220000000000196e-05
1.662100000000000000e+04 4.876690000000000229e-05
1.662200000000000000e+04 4.875160000000000263e-05
1.662300000000000000e+04 4.873630000000000296e-05
1.662400000000000000e+04 4.872100000000000329e-05
1.662500000000000000e+04 4.870569999999999685e-05
1.662600000000000000e+04 4.869049999999999740e-05
1.662700000000000000e+04 4.867509999999999751e-05
1.662800000000000000e+04 4.865989999999999807e-05
1.662900000000000000e+04 4.864459999999999840e-05
1.663000000000000000e+04 4.862929999999999873e-05
1.663100000000000000e+04 4.861399999999999906e-05
1.663200000000000000e+04 4.859869999999999940e-05
1.663300000000000000e+04 4.858349999999999995e-05
1.663400000000000000e+04 4.856820000000000028e-05
1.663500000000000000e+04 4.855300000000000083e-05
1.663600000000000000e+04 4.853760000000000095e-05
1.663700000000000000e+04 4.852240000000000150e-05
1.663800000000000000e+04 4.850720000000000205e-05
1.663900000000000000e+04 4.849190000000000238e-05
1.664000000000000000e+04 4.847660000000000272e-05
1.664100000000000000e+04 4.846140000000000327e-05
1.664200000000000000e+04 4.844619999999999705e-05
1.664300000000000000e+04 4.843089999999999738e-05
1.664400000000000000e+04 4.841569999999999793e-05
1.664500000000000000e+04 4.840039999999999826e-05
1.664600000000000000e+04 4.838519999999999882e-05
1.664700000000000000e+04 4.836999999999999937e-05
1.664800000000000000e+04 4.835479999999999992e-05
1.664900000000000000e+04 4.833950000000000025e-05
1.665000000000000000e+04 4.832430000000000080e-05
1.665100000000000000e+04 4.830469999999999849e-05
1.665200000000000000e+04 4.828500000000000272e-05
1.665300000000000000e+04 4.826540000000000040e-05
1.665400000000000000e+04 4.824569999999999786e-05
1.665500000000000000e+04 4.822610000000000232e-05
1.665600000000000000e+04 4.820639999999999978e-05
1.665700000000000000e+04 4.818679999999999746e-05
1.665800000000000000e+04 4.816720000000000192e-05
1.665900000000000000e+04 4.814749999999999938e-05
1.666000000000000000e+04 4.812789999999999706e-05
1.666100000000000000e+04 4.811279999999999783e-05
1.666200000000000000e+04 4.809759999999999838e-05
1.666300000000000000e+04 4.808239999999999894e-05
1.666400000000000000e+04 4.806719999999999949e-05
1.666500000000000000e+04 4.805210000000000026e-05
1.666600000000000000e+04 4.803690000000000081e-05
1.666700000000000000e+04 4.802170000000000136e-05
1.666800000000000000e+04 4.800660000000000214e-05
1.666900000000000000e+04 4.799140000000000269e-05
1.667000000000000000e+04 4.797629999999999668e-05
1.667100000000000000e+04 4.796109999999999723e-05
1.667200000000000000e+04 4.794589999999999779e-05
1.667300000000000000e+04 4.793079999999999856e-05
1.667400000000000000e+04 4.791569999999999933e-05
1.667500000000000000e+04 4.790060000000000010e-05
1.667600000000000000e+04 4.788540000000000065e-05
1.667700000000000000e+04 4.787030000000000142e-05
1.667800000000000000e+04 4.785520000000000220e-05
1.667900000000000000e+04 4.784000000000000275e-05
1.668000000000000000e+04 4.782489999999999674e-05
1.668100000000000000e+04 4.780530000000000120e-05
1.668200000000000000e+04 4.778579999999999910e-05
1.668300000000000000e+04 4.776629999999999700e-05
1.668400000000000000e+04 4.774680000000000168e-05
1.668500000000000000e+04 4.772729999999999957e-05
1.668600000000000000e+04 4.770779999999999747e-05
1.668700000000000000e+04 4.768830000000000215e-05
1.668800000000000000e+04 4.766880000000000005e-05
1.668900000000000000e+04 4.764929999999999795e-05
1.669000000000000000e+04 4.762980000000000263e-05
1.669100000000000000e+04 4.761469999999999662e-05
1.669200000000000000e+04 4.759959999999999739e-05
1.669300000000000000e+04 4.758459999999999838e-05
1.669400000000000000e+04 4.756949999999999915e-05
1.669500000000000000e+04 4.755439999999999993e-05
1.669600000000000000e+04 4.753940000000000092e-05
1.669700000000000000e+04 4.752430000000000169e-05
1.669800000000000000e+04 4.750920000000000246e-05
1.669900000000000000e+04 4.749419999999999667e-05
1.670000000000000000e+04 4.747909999999999745e-05
1.670100000000000000e+04 4.746399999999999822e-05
1.670200000000000000e+04 4.744899999999999921e-05
1.670300000000000000e+04 4.743400000000000020e-05
1.670400000000000000e+04 4.741890000000000097e-05
1.670500000000000000e+04 4.740390000000000196e-05
1.670600000000000000e+04 4.738880000000000273e-05
1.670700000000000000e+04 4.737379999999999695e-05
1.670800000000000000e+04 4.735879999999999794e-05
1.670900000000000000e+04 4.734369999999999871e-05
1.671000000000000000e+04 4.732869999999999970e-05
1.671100000000000000e+04 4.730929999999999782e-05
1.671200000000000000e+04 4.728990000000000271e-05
1.671300000000000000e+04 4.727050000000000083e-05
1.671400000000000000e+04 4.725109999999999895e-05
1.671500000000000000e+04 4.723169999999999707e-05
1.671600000000000000e+04 4.721230000000000196e-05
1.671700000000000000e+04 4.719300000000000030e-05
1.671800000000000000e+04 4.717359999999999842e-05
1.671900000000000000e+04 4.715420000000000332e-05
1.672000000000000000e+04 4.713490000000000166e-05
1.672100000000000000e+04 4.711990000000000265e-05
1.672200000000000000e+04 4.710489999999999686e-05
1.672300000000000000e+04 4.708989999999999785e-05
1.672400000000000000e+04 4.707499999999999906e-05
1.672500000000000000e+04 4.706000000000000005e-05
1.672600000000000000e+04 4.704500000000000104e-05
1.672700000000000000e+04 4.703000000000000203e-05
1.672800000000000000e+04 4.701510000000000324e-05
1.672900000000000000e+04 4.700009999999999746e-05
1.673000000000000000e+04 4.698519999999999867e-05
1.673100000000000000e+04 4.697019999999999966e-05
1.673200000000000000e+04 4.695520000000000065e-05
1.673300000000000000e+04 4.694030000000000186e-05
1.673400000000000000e+04 4.692530000000000285e-05
1.673500000000000000e+04 4.691039999999999728e-05
1.673600000000000000e+04 4.689549999999999849e-05
1.673700000000000000e+04 4.688049999999999948e-05
1.673800000000000000e+04 4.686560000000000069e-05
1.673900000000000000e+04 4.685060000000000168e-05
1.674000000000000000e+04 4.683570000000000289e-05
1.674100000000000000e+04 4.681640000000000123e-05
1.674200000000000000e+04 4.679719999999999979e-05
1.674300000000000000e+04 4.677789999999999813e-05
1.674400000000000000e+04 4.675860000000000324e-05
1.674500000000000000e+04 4.673940000000000180e-05
1.674600000000000000e+04 4.672010000000000014e-05
1.674700000000000000e+04 4.670089999999999870e-05
1.674800000000000000e+04 4.668159999999999703e-05
1.674900000000000000e+04 4.666240000000000237e-05
1.675000000000000000e+04 4.664310000000000071e-05
1.675100000000000000e+04 4.662820000000000192e-05
1.675200000000000000e+04 4.661340000000000334e-05
1.675300000000000000e+04 4.659849999999999778e-05
1.675400000000000000e+04 4.658359999999999899e-05
1.675500000000000000e+04 4.656870000000000020e-05
1.675600000000000000e+04 4.655380000000000141e-05
1.675700000000000000e+04 4.653900000000000284e-05
1.675800000000000000e+04 4.652409999999999727e-05
1.675900000000000000e+04 4.650929999999999870e-05
1.676000000000000000e+04 4.649439999999999991e-05
1.676100000000000000e+04 4.647950000000000112e-05
1.676200000000000000e+04 4.646470000000000255e-05
1.676300000000000000e+04 4.644979999999999698e-05
1.676400000000000000e+04 4.643499999999999841e-05
1.676500000000000000e+04 4.642009999999999962e-05
1.676600000000000000e+04 4.640530000000000105e-05
1.676700000000000000e+04 4.639040000000000226e-05
1.676800000000000000e+04 4.637559999999999691e-05
1.676900000000000000e+04 4.636079999999999834e-05
1.677000000000000000e+04 4.634599999999999977e-05
1.677100000000000000e+04 4.632679999999999833e-05
1.677200000000000000e+04 4.630759999999999689e-05
1.677300000000000000e+04 4.628850000000000244e-05
1.677400000000000000e+04 4.626930000000000100e-05
1.677500000000000000e+04 4.625019999999999978e-05
1.677600000000000000e+04 4.623109999999999855e-05
1.677700000000000000e+04 4.621199999999999733e-05
1.677800000000000000e+04 4.619280000000000266e-05
1.677900000000000000e+04 4.617370000000000144e-05
1.678000000000000000e+04 4.615460000000000022e-05
1.678100000000000000e+04 4.613980000000000165e-05
1.678200000000000000e+04 4.612500000000000307e-05
1.678300000000000000e+04 4.611019999999999773e-05
1.678400000000000000e+04 4.609549999999999938e-05
1.678500000000000000e+04 4.608070000000000080e-05
1.678600000000000000e+04 4.606590000000000223e-05
1.678700000000000000e+04 4.605109999999999689e-05
1.678800000000000000e+04 4.603639999999999854e-05
1.678900000000000000e+04 4.602159999999999996e-05
1.679000000000000000e+04 4.600680000000000139e-05
1.679100000000000000e+04 4.598770000000000017e-05
1.679200000000000000e+04 4.596869999999999917e-05
1.679300000000000000e+04 4.594959999999999794e-05
1.679400000000000000e+04 4.593059999999999694e-05
1.679500000000000000e+04 4.591150000000000249e-05
1.679600000000000000e+04 4.589250000000000149e-05
1.679700000000000000e+04 4.587350000000000048e-05
1.679800000000000000e+04 4.585439999999999926e-05
1.679900000000000000e+04 4.583539999999999826e-05
1.680000000000000000e+04 4.581639999999999725e-05
1.680100000000000000e+04 4.580189999999999934e-05
1.680200000000000000e+04 4.578730000000000121e-05
1.680300000000000000e+04 4.577280000000000330e-05
1.680400000000000000e+04 4.575829999999999861e-05
1.680500000000000000e+04 4.574380000000000069e-05
1.680600000000000000e+04 4.572930000000000278e-05
1.680700000000000000e+04 4.571469999999999787e-05
1.680800000000000000e+04 4.570019999999999996e-05
1.680900000000000000e+04 4.568570000000000205e-05
1.681000000000000000e+04 4.567119999999999736e-05
1.681100000000000000e+04 4.565669999999999944e-05
1.681200000000000000e+04 4.564220000000000153e-05
1.681300000000000000e+04 4.562769999999999684e-05
1.681400000000000000e+04 4.561319999999999893e-05
1.681500000000000000e+04 4.559870000000000102e-05
1.681600000000000000e+04 4.558420000000000310e-05
1.681700000000000000e+04 4.556969999999999841e-05
1.681800000000000000e+04 4.555520000000000050e-05
1.681900000000000000e+04 4.554080000000000281e-05
1.682000000000000000e+04 4.552629999999999812e-05
1.682100000000000000e+04 4.550749999999999755e-05
1.682200000000000000e+04 4.548879999999999721e-05
1.682300000000000000e+04 4.546999999999999664e-05
1.682400000000000000e+04 4.545130000000000307e-05
1.682500000000000000e+04 4.543250000000000250e-05
1.682600000000000000e+04 4.541380000000000216e-05
1.682700000000000000e+04 4.539510000000000181e-05
1.682800000000000000e+04 4.537640000000000147e-05
1.682900000000000000e+04 4.535760000000000090e-05
1.683000000000000000e+04 4.533890000000000055e-05
1.683100000000000000e+04 4.532450000000000286e-05
1.683200000000000000e+04 4.530999999999999817e-05
1.683300000000000000e+04 4.529560000000000048e-05
1.683400000000000000e+04 4.528110000000000257e-05
1.683500000000000000e+04 4.526669999999999810e-05
1.683600000000000000e+04 4.525230000000000040e-05
1.683700000000000000e+04 4.523790000000000271e-05
1.683800000000000000e+04 4.522339999999999802e-05
1.683900000000000000e+04 4.520900000000000032e-05
1.684000000000000000e+04 4.519460000000000263e-05
1.684100000000000000e+04 4.517590000000000228e-05
1.684200000000000000e+04 4.515720000000000194e-05
1.684300000000000000e+04 4.513850000000000159e-05
1.684400000000000000e+04 4.511990000000000147e-05
1.684500000000000000e+04 4.510120000000000112e-05
1.684600000000000000e+04 4.508250000000000077e-05
1.684700000000000000e+04 4.506390000000000065e-05
1.684800000000000000e+04 4.504530000000000052e-05
1.684900000000000000e+04 4.502660000000000017e-05
1.685000000000000000e+04 4.500800000000000005e-05
1.685100000000000000e+04 4.499360000000000235e-05
1.685200000000000000e+04 4.497919999999999788e-05
1.685300000000000000e+04 4.496480000000000019e-05
1.685400000000000000e+04 4.495040000000000250e-05
1.685500000000000000e+04 4.493609999999999825e-05
1.685600000000000000e+04 4.492170000000000055e-05
1.685700000000000000e+04 4.490730000000000286e-05
1.685800000000000000e+04 4.489289999999999839e-05
1.685900000000000000e+04 4.487860000000000091e-05
1.686000000000000000e+04 4.486420000000000322e-05
1.686100000000000000e+04 4.484550000000000287e-05
1.686200000000000000e+04 4.482700000000000297e-05
1.686300000000000000e+04 4.480840000000000284e-05
1.686400000000000000e+04 4.478980000000000271e-05
1.686500000000000000e+04 4.477120000000000259e-05
1.686600000000000000e+04 4.475260000000000246e-05
1.686700000000000000e+04 4.473400000000000233e-05
1.686800000000000000e+04 4.471550000000000242e-05
1.686900000000000000e+04 4.469690000000000230e-05
1.687000000000000000e+04 4.467830000000000217e-05
1.687100000000000000e+04 4.466399999999999792e-05
1.687200000000000000e+04 4.464970000000000045e-05
1.687300000000000000e+04 4.463530000000000275e-05
1.687400000000000000e+04 4.462099999999999850e-05
1.687500000000000000e+04 4.460670000000000103e-05
1.687600000000000000e+04 4.459239999999999678e-05
1.687700000000000000e+04 4.457809999999999930e-05
1.687800000000000000e+04 4.456370000000000161e-05
1.687900000000000000e+04 4.454939999999999736e-05
1.688000000000000000e+04 4.453509999999999988e-05
1.688100000000000000e+04 4.452080000000000241e-05
1.688200000000000000e+04 4.450649999999999816e-05
1.688300000000000000e+04 4.449220000000000068e-05
1.688400000000000000e+04 4.447790000000000321e-05
1.688500000000000000e+04 4.446359999999999896e-05
1.688600000000000000e+04 4.444930000000000148e-05
1.688700000000000000e+04 4.443499999999999723e-05
1.688800000000000000e+04 4.442069999999999976e-05
1.688900000000000000e+04 4.440640000000000228e-05
1.689000000000000000e+04 4.439209999999999803e-05
1.689100000000000000e+04 4.437359999999999812e-05
1.689200000000000000e+04 4.435509999999999822e-05
1.689300000000000000e+04 4.433659999999999831e-05
1.689400000000000000e+04 4.431809999999999840e-05
1.689500000000000000e+04 4.429959999999999849e-05
1.689600000000000000e+04 4.428119999999999881e-05
1.689700000000000000e+04 4.426269999999999890e-05
1.689800000000000000e+04 4.424429999999999921e-05
1.689900000000000000e+04 4.422579999999999930e-05
1.690000000000000000e+04 4.420729999999999940e-05
1.690100000000000000e+04 4.419310000000000214e-05
1.690200000000000000e+04 4.417879999999999789e-05
1.690300000000000000e+04 4.416460000000000063e-05
1.690400000000000000e+04 4.415030000000000316e-05
1.690500000000000000e+04 4.413609999999999913e-05
1.690600000000000000e+04 4.412180000000000165e-05
1.690700000000000000e+04 4.410759999999999762e-05
1.690800000000000000e+04 4.409330000000000015e-05
1.690900000000000000e+04 4.407910000000000289e-05
1.691000000000000000e+04 4.406489999999999886e-05
1.691100000000000000e+04 4.404649999999999917e-05
1.691200000000000000e+04 4.402799999999999927e-05
1.691300000000000000e+04 4.400959999999999958e-05
1.691400000000000000e+04 4.399119999999999989e-05
1.691500000000000000e+04 4.397280000000000020e-05
1.691600000000000000e+04 4.395440000000000051e-05
1.691700000000000000e+04 4.393600000000000082e-05
1.691800000000000000e+04 4.391760000000000114e-05
1.691900000000000000e+04 4.389920000000000145e-05
1.692000000000000000e+04 4.388090000000000198e-05
1.692100000000000000e+04 4.386669999999999795e-05
1.692200000000000000e+04 4.385250000000000069e-05
1.692300000000000000e+04 4.383829999999999666e-05
1.692400000000000000e+04 4.382409999999999941e-05
1.692500000000000000e+04 4.380990000000000215e-05
1.692600000000000000e+04 4.379569999999999812e-05
1.692700000000000000e+04 4.378150000000000086e-05
1.692800000000000000e+04 4.376729999999999683e-05
1.692900000000000000e+04 4.375309999999999958e-05
1.693000000000000000e+04 4.373890000000000232e-05
1.693100000000000000e+04 4.372060000000000285e-05
1.693200000000000000e+04 4.370220000000000316e-05
1.693300000000000000e+04 4.368389999999999692e-05
1.693400000000000000e+04 4.366559999999999745e-05
1.693500000000000000e+04 4.364729999999999798e-05
1.693600000000000000e+04 4.362899999999999851e-05
1.693700000000000000e+04 4.361059999999999882e-05
1.693800000000000000e+04 4.359229999999999935e-05
1.693900000000000000e+04 4.357399999999999989e-05
1.694000000000000000e+04 4.355570000000000042e-05
1.694100000000000000e+04 4.354160000000000338e-05
1.694200000000000000e+04 4.352739999999999935e-05
1.694300000000000000e+04 4.351330000000000231e-05
1.694400000000000000e+04 4.349919999999999850e-05
1.694500000000000000e+04 4.348500000000000125e-05
1.694600000000000000e+04 4.347089999999999743e-05
1.694700000000000000e+04 4.345670000000000018e-05
1.694800000000000000e+04 4.344260000000000314e-05
1.694900000000000000e+04 4.342849999999999933e-05
1.695000000000000000e+04 4.341440000000000229e-05
1.695100000000000000e+04 4.339610000000000283e-05
1.695200000000000000e+04 4.337780000000000336e-05
1.695300000000000000e+04 4.335959999999999733e-05
1.695400000000000000e+04 4.334129999999999786e-05
1.695500000000000000e+04 4.332299999999999839e-05
1.695600000000000000e+04 4.330479999999999914e-05
1.695700000000000000e+04 4.328649999999999967e-05
1.695800000000000000e+04 4.326830000000000042e-05
1.695900000000000000e+04 4.325010000000000117e-05
1.696000000000000000e+04 4.323190000000000192e-05
1.696100000000000000e+04 4.321360000000000246e-05
1.696200000000000000e+04 4.319540000000000321e-05
1.696300000000000000e+04 4.317719999999999718e-05
1.696400000000000000e+04 4.315899999999999793e-05
1.696500000000000000e+04 4.314069999999999846e-05
1.696600000000000000e+04 4.312249999999999921e-05
1.696700000000000000e+04 4.310429999999999996e-05
1.696800000000000000e+04 4.308620000000000093e-05
1.696900000000000000e+04 4.306800000000000168e-05
1.697000000000000000e+04 4.304980000000000243e-05
1.697100000000000000e+04 4.303569999999999862e-05
1.697200000000000000e+04 4.302160000000000158e-05
1.697300000000000000e+04 4.300759999999999799e-05
1.697400000000000000e+04 4.299350000000000095e-05
1.697500000000000000e+04 4.297949999999999736e-05
1.697600000000000000e+04 4.296540000000000033e-05
1.697700000000000000e+04 4.295139999999999673e-05
1.697800000000000000e+04 4.293739999999999992e-05
1.697900000000000000e+04 4.292330000000000288e-05
1.698000000000000000e+04 4.290929999999999929e-05
1.698100000000000000e+04 4.289110000000000004e-05
1.698200000000000000e+04 4.287300000000000101e-05
1.698300000000000000e+04 4.285480000000000176e-05
1.698400000000000000e+04 4.283670000000000273e-05
1.698500000000000000e+04 4.281859999999999692e-05
1.698600000000000000e+04 4.280049999999999789e-05
1.698700000000000000e+04 4.278229999999999864e-05
1.698800000000000000e+04 4.276419999999999961e-05
1.698900000000000000e+04 4.274610000000000058e-05
1.699000000000000000e+04 4.272790000000000133e-05
1.699100000000000000e+04 4.271389999999999774e-05
1.699200000000000000e+04 4.269990000000000092e-05
1.699300000000000000e+04 4.268589999999999733e-05
1.699400000000000000e+04 4.267200000000000073e-05
1.699500000000000000e+04 4.265799999999999714e-05
1.699600000000000000e+04 4.264400000000000032e-05
1.699700000000000000e+04 4.262999999999999673e-05
1.699800000000000000e+04 4.261599999999999991e-05
1.699900000000000000e+04 4.260200000000000309e-05
1.700000000000000000e+04 4.258799999999999950e-05
