7.999000000000000000e+03 0.000000000000000000e+00
8.000000000000000000e+03 5.981999999999999986e-05
8.001000000000000000e+03 5.981999999999999986e-05
8.002000000000000000e+03 5.981999999999999986e-05
8.003000000000000000e+03 5.981999999999999986e-05
8.004000000000000000e+03 5.980999999999999826e-05
8.005000000000000000e+03 5.980999999999999826e-05
8.006000000000000000e+03 5.980999999999999826e-05
8.007000000000000000e+03 5.980999999999999826e-05
8.008000000000000000e+03 5.980999999999999826e-05
8.009000000000000000e+03 5.979999999999999666e-05
8.010000000000000000e+03 5.979999999999999666e-05
8.011000000000000000e+03 5.979999999999999666e-05
8.012000000000000000e+03 5.979999999999999666e-05
8.013000000000000000e+03 5.979999999999999666e-05
8.014000000000000000e+03 5.979999999999999666e-05
8.015000000000000000e+03 5.979000000000000184e-05
8.016000000000000000e+03 5.979000000000000184e-05
8.017000000000000000e+03 5.979000000000000184e-05
8.018000000000000000e+03 5.979000000000000184e-05
8.019000000000000000e+03 5.979000000000000184e-05
8.020000000000000000e+03 5.979000000000000184e-05
8.021000000000000000e+03 5.979000000000000184e-05
8.022000000000000000e+03 5.979000000000000184e-05
8.023000000000000000e+03 5.978000000000000024e-05
8.024000000000000000e+03 5.978000000000000024e-05
8.025000000000000000e+03 5.978000000000000024e-05
8.026000000000000000e+03 5.978000000000000024e-05
8.027000000000000000e+03 5.978000000000000024e-05
8.028000000000000000e+03 5.978000000000000024e-05
8.029000000000000000e+03 5.978000000000000024e-05
8.030000000000000000e+03 5.978000000000000024e-05
8.031000000000000000e+03 5.976999999999999864e-05
8.032000000000000000e+03 5.976999999999999864e-05
8.033000000000000000e+03 5.976999999999999864e-05
8.034000000000000000e+03 5.976999999999999864e-05
8.035000000000000000e+03 5.976999999999999864e-05
8.036000000000000000e+03 5.976999999999999864e-05
8.037000000000000000e+03 5.975999999999999704e-05
8.038000000000000000e+03 5.975999999999999704e-05
8.039000000000000000e+03 5.975999999999999704e-05
8.040000000000000000e+03 5.975999999999999704e-05
8.041000000000000000e+03 5.975999999999999704e-05
8.042000000000000000e+03 5.975000000000000222e-05
8.043000000000000000e+03 5.975000000000000222e-05
8.044000000000000000e+03 5.975000000000000222e-05
8.045000000000000000e+03 5.975000000000000222e-05
8.046000000000000000e+03 5.975000000000000222e-05
8.047000000000000000e+03 5.975000000000000222e-05
8.048000000000000000e+03 5.974000000000000062e-05
8.049000000000000000e+03 5.974000000000000062e-05
8.050000000000000000e+03 5.974000000000000062e-05
8.051000000000000000e+03 5.974000000000000062e-05
8.052000000000000000e+03 5.974000000000000062e-05
8.053000000000000000e+03 5.974000000000000062e-05
8.054000000000000000e+03 5.972999999999999902e-05
8.055000000000000000e+03 5.972999999999999902e-05
8.056000000000000000e+03 5.972999999999999902e-05
8.057000000000000000e+03 5.972999999999999902e-05
8.058000000000000000e+03 5.972999999999999902e-05
8.059000000000000000e+03 5.971999999999999742e-05
8.060000000000000000e+03 5.971999999999999742e-05
8.061000000000000000e+03 5.971999999999999742e-05
8.062000000000000000e+03 5.971999999999999742e-05
8.063000000000000000e+03 5.971999999999999742e-05
8.064000000000000000e+03 5.971999999999999742e-05
8.065000000000000000e+03 5.971000000000000260e-05
8.066000000000000000e+03 5.971000000000000260e-05
8.067000000000000000e+03 5.971000000000000260e-05
8.068000000000000000e+03 5.971000000000000260e-05
8.069000000000000000e+03 5.971000000000000260e-05
8.070000000000000000e+03 5.970000000000000100e-05
8.071000000000000000e+03 5.970000000000000100e-05
8.072000000000000000e+03 5.970000000000000100e-05
8.073000000000000000e+03 5.970000000000000100e-05
8.074000000000000000e+03 5.970000000000000100e-05
8.075000000000000000e+03 5.970000000000000100e-05
8.076000000000000000e+03 5.968999999999999941e-05
8.077000000000000000e+03 5.968999999999999941e-05
8.078000000000000000e+03 5.968999999999999941e-05
8.079000000000000000e+03 5.968999999999999941e-05
8.080000000000000000e+03 5.968999999999999941e-05
8.081000000000000000e+03 5.967999999999999781e-05
8.082000000000000000e+03 5.967999999999999781e-05
8.083000000000000000e+03 5.967999999999999781e-05
8.084000000000000000e+03 5.967999999999999781e-05
8.085000000000000000e+03 5.967999999999999781e-05
8.086000000000000000e+03 5.967999999999999781e-05
8.087000000000000000e+03 5.967000000000000299e-05
8.088000000000000000e+03 5.967000000000000299e-05
8.089000000000000000e+03 5.967000000000000299e-05
8.090000000000000000e+03 5.967000000000000299e-05
8.091000000000000000e+03 5.967000000000000299e-05
8.092000000000000000e+03 5.966000000000000139e-05
8.093000000000000000e+03 5.966000000000000139e-05
8.094000000000000000e+03 5.966000000000000139e-05
8.095000000000000000e+03 5.966000000000000139e-05
8.096000000000000000e+03 5.966000000000000139e-05
8.097000000000000000e+03 5.964999999999999979e-05
8.098000000000000000e+03 5.964999999999999979e-05
8.099000000000000000e+03 5.964999999999999979e-05
8.100000000000000000e+03 5.964999999999999979e-05
8.101000000000000000e+03 5.964999999999999979e-05
8.102000000000000000e+03 5.963999999999999819e-05
8.103000000000000000e+03 5.963999999999999819e-05
8.104000000000000000e+03 5.963999999999999819e-05
8.105000000000000000e+03 5.963999999999999819e-05
8.106000000000000000e+03 5.963999999999999819e-05
8.107000000000000000e+03 5.963999999999999819e-05
8.108000000000000000e+03 5.963000000000000337e-05
8.109000000000000000e+03 5.963000000000000337e-05
8.110000000000000000e+03 5.963000000000000337e-05
8.111000000000000000e+03 5.963000000000000337e-05
8.112000000000000000e+03 5.963000000000000337e-05
8.113000000000000000e+03 5.962000000000000177e-05
8.114000000000000000e+03 5.962000000000000177e-05
8.115000000000000000e+03 5.962000000000000177e-05
8.116000000000000000e+03 5.962000000000000177e-05
8.117000000000000000e+03 5.962000000000000177e-05
8.118000000000000000e+03 5.961000000000000017e-05
8.119000000000000000e+03 5.961000000000000017e-05
8.120000000000000000e+03 5.961000000000000017e-05
8.121000000000000000e+03 5.961000000000000017e-05
8.122000000000000000e+03 5.961000000000000017e-05
8.123000000000000000e+03 5.959999999999999857e-05
8.124000000000000000e+03 5.959999999999999857e-05
8.125000000000000000e+03 5.959999999999999857e-05
8.126000000000000000e+03 5.959999999999999857e-05
8.127000000000000000e+03 5.959999999999999857e-05
8.128000000000000000e+03 5.958999999999999698e-05
8.129000000000000000e+03 5.958999999999999698e-05
8.130000000000000000e+03 5.958999999999999698e-05
8.131000000000000000e+03 5.958999999999999698e-05
8.132000000000000000e+03 5.958000000000000215e-05
8.133000000000000000e+03 5.958000000000000215e-05
8.134000000000000000e+03 5.958000000000000215e-05
8.135000000000000000e+03 5.958000000000000215e-05
8.136000000000000000e+03 5.958000000000000215e-05
8.137000000000000000e+03 5.957000000000000055e-05
8.138000000000000000e+03 5.957000000000000055e-05
8.139000000000000000e+03 5.957000000000000055e-05
8.140000000000000000e+03 5.957000000000000055e-05
8.141000000000000000e+03 5.957000000000000055e-05
8.142000000000000000e+03 5.955999999999999896e-05
8.143000000000000000e+03 5.955999999999999896e-05
8.144000000000000000e+03 5.955999999999999896e-05
8.145000000000000000e+03 5.955999999999999896e-05
8.146000000000000000e+03 5.955999999999999896e-05
8.147000000000000000e+03 5.954999999999999736e-05
8.148000000000000000e+03 5.954999999999999736e-05
8.149000000000000000e+03 5.954999999999999736e-05
8.150000000000000000e+03 5.954999999999999736e-05
8.151000000000000000e+03 5.954999999999999736e-05
8.152000000000000000e+03 5.954000000000000254e-05
8.153000000000000000e+03 5.954000000000000254e-05
8.154000000000000000e+03 5.954000000000000254e-05
8.155000000000000000e+03 5.954000000000000254e-05
8.156000000000000000e+03 5.953000000000000094e-05
8.157000000000000000e+03 5.953000000000000094e-05
8.158000000000000000e+03 5.953000000000000094e-05
8.159000000000000000e+03 5.953000000000000094e-05
8.160000000000000000e+03 5.953000000000000094e-05
8.161000000000000000e+03 5.951999999999999934e-05
8.162000000000000000e+03 5.951999999999999934e-05
8.163000000000000000e+03 5.951999999999999934e-05
8.164000000000000000e+03 5.951999999999999934e-05
8.165000000000000000e+03 5.950999999999999774e-05
8.166000000000000000e+03 5.950999999999999774e-05
8.167000000000000000e+03 5.950999999999999774e-05
8.168000000000000000e+03 5.950999999999999774e-05
8.169000000000000000e+03 5.950999999999999774e-05
8.170000000000000000e+03 5.950000000000000292e-05
8.171000000000000000e+03 5.950000000000000292e-05
8.172000000000000000e+03 5.950000000000000292e-05
8.173000000000000000e+03 5.950000000000000292e-05
8.174000000000000000e+03 5.950000000000000292e-05
8.175000000000000000e+03 5.949000000000000132e-05
8.176000000000000000e+03 5.949000000000000132e-05
8.177000000000000000e+03 5.949000000000000132e-05
8.178000000000000000e+03 5.949000000000000132e-05
8.179000000000000000e+03 5.947999999999999972e-05
8.180000000000000000e+03 5.947999999999999972e-05
8.181000000000000000e+03 5.949000000000000132e-05
8.182000000000000000e+03 5.950000000000000292e-05
8.183000000000000000e+03 5.950999999999999774e-05
8.184000000000000000e+03 5.951999999999999934e-05
8.185000000000000000e+03 5.953000000000000094e-05
8.186000000000000000e+03 5.954000000000000254e-05
8.187000000000000000e+03 5.954999999999999736e-05
8.188000000000000000e+03 5.955999999999999896e-05
8.189000000000000000e+03 5.957000000000000055e-05
8.190000000000000000e+03 5.957000000000000055e-05
8.191000000000000000e+03 5.958000000000000215e-05
8.192000000000000000e+03 5.958999999999999698e-05
8.193000000000000000e+03 5.959999999999999857e-05
8.194000000000000000e+03 5.961000000000000017e-05
8.195000000000000000e+03 5.962000000000000177e-05
8.196000000000000000e+03 5.963000000000000337e-05
8.197000000000000000e+03 5.963999999999999819e-05
8.198000000000000000e+03 5.964999999999999979e-05
8.199000000000000000e+03 5.966000000000000139e-05
8.200000000000000000e+03 5.967000000000000299e-05
8.201000000000000000e+03 5.967999999999999781e-05
8.202000000000000000e+03 5.967999999999999781e-05
8.203000000000000000e+03 5.968999999999999941e-05
8.204000000000000000e+03 5.970000000000000100e-05
8.205000000000000000e+03 5.971000000000000260e-05
8.206000000000000000e+03 5.971999999999999742e-05
8.207000000000000000e+03 5.971999999999999742e-05
8.208000000000000000e+03 5.972999999999999902e-05
8.209000000000000000e+03 5.974000000000000062e-05
8.210000000000000000e+03 5.975000000000000222e-05
8.211000000000000000e+03 5.975999999999999704e-05
8.212000000000000000e+03 5.975999999999999704e-05
8.213000000000000000e+03 5.976999999999999864e-05
8.214000000000000000e+03 5.978000000000000024e-05
8.215000000000000000e+03 5.979000000000000184e-05
8.216000000000000000e+03 5.979999999999999666e-05
8.217000000000000000e+03 5.979999999999999666e-05
8.218000000000000000e+03 5.980999999999999826e-05
8.219000000000000000e+03 5.981999999999999986e-05
8.220000000000000000e+03 5.983000000000000145e-05
8.221000000000000000e+03 5.984000000000000305e-05
8.222000000000000000e+03 5.984000000000000305e-05
8.223000000000000000e+03 5.984999999999999787e-05
8.224000000000000000e+03 5.985999999999999947e-05
8.225000000000000000e+03 5.987000000000000107e-05
8.226000000000000000e+03 5.988000000000000267e-05
8.227000000000000000e+03 5.988000000000000267e-05
8.228000000000000000e+03 5.988999999999999749e-05
8.229000000000000000e+03 5.989999999999999909e-05
8.230000000000000000e+03 5.991000000000000069e-05
8.231000000000000000e+03 5.991000000000000069e-05
8.232000000000000000e+03 5.992000000000000229e-05
8.233000000000000000e+03 5.992000000000000229e-05
8.234000000000000000e+03 5.992000000000000229e-05
8.235000000000000000e+03 5.992999999999999711e-05
8.236000000000000000e+03 5.992999999999999711e-05
8.237000000000000000e+03 5.992999999999999711e-05
8.238000000000000000e+03 5.993999999999999871e-05
8.239000000000000000e+03 5.993999999999999871e-05
8.240000000000000000e+03 5.993999999999999871e-05
8.241000000000000000e+03 5.995000000000000030e-05
8.242000000000000000e+03 5.995000000000000030e-05
8.243000000000000000e+03 5.995000000000000030e-05
8.244000000000000000e+03 5.996000000000000190e-05
8.245000000000000000e+03 5.996000000000000190e-05
8.246000000000000000e+03 5.996999999999999673e-05
8.247000000000000000e+03 5.996999999999999673e-05
8.248000000000000000e+03 5.996999999999999673e-05
8.249000000000000000e+03 5.997999999999999832e-05
8.250000000000000000e+03 5.997999999999999832e-05
8.251000000000000000e+03 5.997999999999999832e-05
8.252000000000000000e+03 5.998999999999999992e-05
8.253000000000000000e+03 5.998999999999999992e-05
8.254000000000000000e+03 5.998999999999999992e-05
8.255000000000000000e+03 6.000000000000000152e-05
8.256000000000000000e+03 6.000000000000000152e-05
8.257000000000000000e+03 6.000000000000000152e-05
8.258000000000000000e+03 6.001000000000000312e-05
8.259000000000000000e+03 6.001000000000000312e-05
8.260000000000000000e+03 6.001000000000000312e-05
8.261000000000000000e+03 6.001999999999999794e-05
8.262000000000000000e+03 6.001999999999999794e-05
8.263000000000000000e+03 6.002999999999999954e-05
8.264000000000000000e+03 6.002999999999999954e-05
8.265000000000000000e+03 6.002999999999999954e-05
8.266000000000000000e+03 6.004000000000000114e-05
8.267000000000000000e+03 6.004000000000000114e-05
8.268000000000000000e+03 6.004000000000000114e-05
8.269000000000000000e+03 6.005000000000000274e-05
8.270000000000000000e+03 6.005000000000000274e-05
8.271000000000000000e+03 6.005000000000000274e-05
8.272000000000000000e+03 6.005999999999999756e-05
8.273000000000000000e+03 6.005999999999999756e-05
8.274000000000000000e+03 6.005999999999999756e-05
8.275000000000000000e+03 6.006999999999999916e-05
8.276000000000000000e+03 6.006999999999999916e-05
8.277000000000000000e+03 6.006999999999999916e-05
8.278000000000000000e+03 6.008000000000000075e-05
8.279000000000000000e+03 6.008000000000000075e-05
8.280000000000000000e+03 6.008000000000000075e-05
8.281000000000000000e+03 6.009000000000000235e-05
8.282000000000000000e+03 6.009000000000000235e-05
8.283000000000000000e+03 6.009000000000000235e-05
8.284000000000000000e+03 6.009999999999999717e-05
8.285000000000000000e+03 6.009999999999999717e-05
8.286000000000000000e+03 6.009999999999999717e-05
8.287000000000000000e+03 6.010999999999999877e-05
8.288000000000000000e+03 6.010999999999999877e-05
8.289000000000000000e+03 6.010999999999999877e-05
8.290000000000000000e+03 6.012000000000000037e-05
8.291000000000000000e+03 6.012000000000000037e-05
8.292000000000000000e+03 6.012000000000000037e-05
8.293000000000000000e+03 6.013000000000000197e-05
8.294000000000000000e+03 6.013000000000000197e-05
8.295000000000000000e+03 6.013000000000000197e-05
8.296000000000000000e+03 6.013999999999999679e-05
8.297000000000000000e+03 6.013999999999999679e-05
8.298000000000000000e+03 6.013999999999999679e-05
8.299000000000000000e+03 6.014999999999999839e-05
8.300000000000000000e+03 6.014999999999999839e-05
8.301000000000000000e+03 6.014999999999999839e-05
8.302000000000000000e+03 6.015999999999999999e-05
8.303000000000000000e+03 6.015999999999999999e-05
8.304000000000000000e+03 6.015999999999999999e-05
8.305000000000000000e+03 6.015999999999999999e-05
8.306000000000000000e+03 6.017000000000000159e-05
8.307000000000000000e+03 6.017000000000000159e-05
8.308000000000000000e+03 6.017000000000000159e-05
8.309000000000000000e+03 6.018000000000000318e-05
8.310000000000000000e+03 6.018000000000000318e-05
8.311000000000000000e+03 6.018000000000000318e-05
8.312000000000000000e+03 6.018999999999999801e-05
8.313000000000000000e+03 6.018999999999999801e-05
8.314000000000000000e+03 6.018999999999999801e-05
8.315000000000000000e+03 6.019999999999999961e-05
8.316000000000000000e+03 6.019999999999999961e-05
8.317000000000000000e+03 6.019999999999999961e-05
8.318000000000000000e+03 6.021000000000000120e-05
8.319000000000000000e+03 6.021000000000000120e-05
8.320000000000000000e+03 6.021000000000000120e-05
8.321000000000000000e+03 6.021000000000000120e-05
8.322000000000000000e+03 6.022000000000000280e-05
8.323000000000000000e+03 6.022000000000000280e-05
8.324000000000000000e+03 6.022000000000000280e-05
8.325000000000000000e+03 6.022999999999999762e-05
8.326000000000000000e+03 6.022999999999999762e-05
8.327000000000000000e+03 6.022999999999999762e-05
8.328000000000000000e+03 6.023999999999999922e-05
8.329000000000000000e+03 6.023999999999999922e-05
8.330000000000000000e+03 6.023999999999999922e-05
8.331000000000000000e+03 6.025000000000000082e-05
8.332000000000000000e+03 6.025000000000000082e-05
8.333000000000000000e+03 6.025000000000000082e-05
8.334000000000000000e+03 6.025000000000000082e-05
8.335000000000000000e+03 6.026000000000000242e-05
8.336000000000000000e+03 6.026000000000000242e-05
8.337000000000000000e+03 6.026000000000000242e-05
8.338000000000000000e+03 6.026999999999999724e-05
8.339000000000000000e+03 6.026999999999999724e-05
8.340000000000000000e+03 6.026999999999999724e-05
8.341000000000000000e+03 6.027999999999999884e-05
8.342000000000000000e+03 6.027999999999999884e-05
8.343000000000000000e+03 6.027999999999999884e-05
8.344000000000000000e+03 6.027999999999999884e-05
8.345000000000000000e+03 6.029000000000000044e-05
8.346000000000000000e+03 6.029000000000000044e-05
8.347000000000000000e+03 6.029000000000000044e-05
8.348000000000000000e+03 6.030000000000000204e-05
8.349000000000000000e+03 6.030000000000000204e-05
8.350000000000000000e+03 6.030000000000000204e-05
8.351000000000000000e+03 6.030000000000000204e-05
8.352000000000000000e+03 6.030999999999999686e-05
8.353000000000000000e+03 6.030999999999999686e-05
8.354000000000000000e+03 6.030999999999999686e-05
8.355000000000000000e+03 6.031999999999999846e-05
8.356000000000000000e+03 6.031999999999999846e-05
8.357000000000000000e+03 6.031999999999999846e-05
8.358000000000000000e+03 6.031999999999999846e-05
8.359000000000000000e+03 6.033000000000000005e-05
8.360000000000000000e+03 6.033000000000000005e-05
8.361000000000000000e+03 6.031999999999999846e-05
8.362000000000000000e+03 6.030999999999999686e-05
8.363000000000000000e+03 6.030000000000000204e-05
8.364000000000000000e+03 6.029000000000000044e-05
8.365000000000000000e+03 6.027999999999999884e-05
8.366000000000000000e+03 6.026999999999999724e-05
8.367000000000000000e+03 6.026000000000000242e-05
8.368000000000000000e+03 6.025000000000000082e-05
8.369000000000000000e+03 6.023999999999999922e-05
8.370000000000000000e+03 6.022999999999999762e-05
8.371000000000000000e+03 6.022000000000000280e-05
8.372000000000000000e+03 6.021000000000000120e-05
8.373000000000000000e+03 6.019999999999999961e-05
8.374000000000000000e+03 6.018999999999999801e-05
8.375000000000000000e+03 6.018000000000000318e-05
8.376000000000000000e+03 6.017000000000000159e-05
8.377000000000000000e+03 6.015999999999999999e-05
8.378000000000000000e+03 6.014999999999999839e-05
8.379000000000000000e+03 6.013999999999999679e-05
8.380000000000000000e+03 6.013000000000000197e-05
8.381000000000000000e+03 6.012000000000000037e-05
8.382000000000000000e+03 6.010999999999999877e-05
8.383000000000000000e+03 6.009999999999999717e-05
8.384000000000000000e+03 6.009000000000000235e-05
8.385000000000000000e+03 6.008000000000000075e-05
8.386000000000000000e+03 6.006999999999999916e-05
8.387000000000000000e+03 6.005999999999999756e-05
8.388000000000000000e+03 6.005000000000000274e-05
8.389000000000000000e+03 6.004000000000000114e-05
8.390000000000000000e+03 6.002999999999999954e-05
8.391000000000000000e+03 6.001999999999999794e-05
8.392000000000000000e+03 6.001000000000000312e-05
8.393000000000000000e+03 6.000000000000000152e-05
8.394000000000000000e+03 5.998999999999999992e-05
8.395000000000000000e+03 5.997999999999999832e-05
8.396000000000000000e+03 5.996999999999999673e-05
8.397000000000000000e+03 5.996000000000000190e-05
8.398000000000000000e+03 5.995000000000000030e-05
8.399000000000000000e+03 5.993999999999999871e-05
8.400000000000000000e+03 5.992999999999999711e-05
8.401000000000000000e+03 5.992000000000000229e-05
8.402000000000000000e+03 5.991000000000000069e-05
8.403000000000000000e+03 5.988999999999999749e-05
8.404000000000000000e+03 5.988000000000000267e-05
8.405000000000000000e+03 5.987000000000000107e-05
8.406000000000000000e+03 5.985999999999999947e-05
8.407000000000000000e+03 5.984999999999999787e-05
8.408000000000000000e+03 5.984000000000000305e-05
8.409000000000000000e+03 5.983000000000000145e-05
8.410000000000000000e+03 5.981999999999999986e-05
8.411000000000000000e+03 5.979999999999999666e-05
8.412000000000000000e+03 5.979000000000000184e-05
8.413000000000000000e+03 5.978000000000000024e-05
8.414000000000000000e+03 5.976999999999999864e-05
8.415000000000000000e+03 5.975999999999999704e-05
8.416000000000000000e+03 5.975000000000000222e-05
8.417000000000000000e+03 5.974000000000000062e-05
8.418000000000000000e+03 5.971999999999999742e-05
8.419000000000000000e+03 5.971000000000000260e-05
8.420000000000000000e+03 5.970000000000000100e-05
8.421000000000000000e+03 5.968999999999999941e-05
8.422000000000000000e+03 5.967999999999999781e-05
8.423000000000000000e+03 5.967000000000000299e-05
8.424000000000000000e+03 5.966000000000000139e-05
8.425000000000000000e+03 5.964999999999999979e-05
8.426000000000000000e+03 5.963000000000000337e-05
8.427000000000000000e+03 5.962000000000000177e-05
8.428000000000000000e+03 5.961000000000000017e-05
8.429000000000000000e+03 5.959999999999999857e-05
8.430000000000000000e+03 5.958999999999999698e-05
8.431000000000000000e+03 5.958000000000000215e-05
8.432000000000000000e+03 5.957000000000000055e-05
8.433000000000000000e+03 5.954999999999999736e-05
8.434000000000000000e+03 5.954000000000000254e-05
8.435000000000000000e+03 5.953000000000000094e-05
8.436000000000000000e+03 5.951999999999999934e-05
8.437000000000000000e+03 5.950999999999999774e-05
8.438000000000000000e+03 5.950000000000000292e-05
8.439000000000000000e+03 5.949000000000000132e-05
8.440000000000000000e+03 5.946999999999999812e-05
8.441000000000000000e+03 5.946000000000000330e-05
8.442000000000000000e+03 5.945000000000000170e-05
8.443000000000000000e+03 5.944000000000000011e-05
8.444000000000000000e+03 5.942999999999999851e-05
8.445000000000000000e+03 5.941999999999999691e-05
8.446000000000000000e+03 5.941000000000000209e-05
8.447000000000000000e+03 5.940000000000000049e-05
8.448000000000000000e+03 5.937999999999999729e-05
8.449000000000000000e+03 5.937000000000000247e-05
8.450000000000000000e+03 5.936000000000000087e-05
8.451000000000000000e+03 5.934999999999999927e-05
8.452000000000000000e+03 5.933999999999999767e-05
8.453000000000000000e+03 5.933000000000000285e-05
8.454000000000000000e+03 5.932000000000000125e-05
8.455000000000000000e+03 5.929999999999999806e-05
8.456000000000000000e+03 5.929000000000000324e-05
8.457000000000000000e+03 5.928000000000000164e-05
8.458000000000000000e+03 5.927000000000000004e-05
8.459000000000000000e+03 5.925999999999999844e-05
8.460000000000000000e+03 5.924999999999999684e-05
8.461000000000000000e+03 5.924000000000000202e-05
8.462000000000000000e+03 5.921999999999999882e-05
8.463000000000000000e+03 5.920999999999999723e-05
8.464000000000000000e+03 5.920000000000000240e-05
8.465000000000000000e+03 5.919000000000000080e-05
8.466000000000000000e+03 5.917999999999999921e-05
8.467000000000000000e+03 5.916999999999999761e-05
8.468000000000000000e+03 5.916000000000000279e-05
8.469000000000000000e+03 5.913999999999999959e-05
8.470000000000000000e+03 5.912999999999999799e-05
8.471000000000000000e+03 5.912000000000000317e-05
8.472000000000000000e+03 5.911000000000000157e-05
8.473000000000000000e+03 5.909999999999999997e-05
8.474000000000000000e+03 5.908999999999999837e-05
8.475000000000000000e+03 5.907999999999999678e-05
8.476000000000000000e+03 5.906000000000000036e-05
8.477000000000000000e+03 5.904999999999999876e-05
8.478000000000000000e+03 5.903999999999999716e-05
8.479000000000000000e+03 5.903000000000000234e-05
8.480000000000000000e+03 5.902000000000000074e-05
8.481000000000000000e+03 5.900999999999999914e-05
8.482000000000000000e+03 5.899999999999999754e-05
8.483000000000000000e+03 5.898000000000000112e-05
8.484000000000000000e+03 5.896999999999999952e-05
8.485000000000000000e+03 5.895999999999999792e-05
8.486000000000000000e+03 5.895000000000000310e-05
8.487000000000000000e+03 5.894000000000000150e-05
8.488000000000000000e+03 5.892999999999999991e-05
8.489000000000000000e+03 5.891999999999999831e-05
8.490000000000000000e+03 5.890999999999999671e-05
8.491000000000000000e+03 5.889000000000000029e-05
8.492000000000000000e+03 5.887999999999999869e-05
8.493000000000000000e+03 5.886999999999999709e-05
8.494000000000000000e+03 5.886000000000000227e-05
8.495000000000000000e+03 5.885000000000000067e-05
8.496000000000000000e+03 5.883999999999999907e-05
8.497000000000000000e+03 5.882999999999999748e-05
8.498000000000000000e+03 5.882000000000000265e-05
8.499000000000000000e+03 5.879999999999999946e-05
8.500000000000000000e+03 5.878999999999999786e-05
8.501000000000000000e+03 5.878999999999999786e-05
8.502000000000000000e+03 5.878000000000000304e-05
8.503000000000000000e+03 5.877000000000000144e-05
8.504000000000000000e+03 5.875999999999999984e-05
8.505000000000000000e+03 5.874999999999999824e-05
8.506000000000000000e+03 5.874999999999999824e-05
8.507000000000000000e+03 5.873999999999999664e-05
8.508000000000000000e+03 5.873000000000000182e-05
8.509000000000000000e+03 5.872000000000000022e-05
8.510000000000000000e+03 5.872000000000000022e-05
8.511000000000000000e+03 5.870999999999999862e-05
8.512000000000000000e+03 5.869999999999999703e-05
8.513000000000000000e+03 5.869000000000000220e-05
8.514000000000000000e+03 5.869000000000000220e-05
8.515000000000000000e+03 5.868000000000000061e-05
8.516000000000000000e+03 5.866999999999999901e-05
8.517000000000000000e+03 5.865999999999999741e-05
8.518000000000000000e+03 5.865999999999999741e-05
8.519000000000000000e+03 5.865000000000000259e-05
8.520000000000000000e+03 5.864000000000000099e-05
8.521000000000000000e+03 5.864000000000000099e-05
8.522000000000000000e+03 5.862999999999999939e-05
8.523000000000000000e+03 5.861999999999999779e-05
8.524000000000000000e+03 5.861000000000000297e-05
8.525000000000000000e+03 5.861000000000000297e-05
8.526000000000000000e+03 5.860000000000000137e-05
8.527000000000000000e+03 5.858999999999999977e-05
8.528000000000000000e+03 5.857999999999999818e-05
8.529000000000000000e+03 5.857999999999999818e-05
8.530000000000000000e+03 5.857000000000000335e-05
8.531000000000000000e+03 5.856000000000000175e-05
8.532000000000000000e+03 5.855000000000000016e-05
8.533000000000000000e+03 5.855000000000000016e-05
8.534000000000000000e+03 5.853999999999999856e-05
8.535000000000000000e+03 5.852999999999999696e-05
8.536000000000000000e+03 5.852000000000000214e-05
8.537000000000000000e+03 5.852000000000000214e-05
8.538000000000000000e+03 5.851000000000000054e-05
8.539000000000000000e+03 5.849999999999999894e-05
8.540000000000000000e+03 5.848999999999999734e-05
8.541000000000000000e+03 5.848000000000000252e-05
8.542000000000000000e+03 5.847000000000000092e-05
8.543000000000000000e+03 5.844999999999999773e-05
8.544000000000000000e+03 5.844000000000000290e-05
8.545000000000000000e+03 5.841999999999999971e-05
8.546000000000000000e+03 5.840999999999999811e-05
8.547000000000000000e+03 5.839000000000000169e-05
8.548000000000000000e+03 5.838000000000000009e-05
8.549000000000000000e+03 5.836999999999999849e-05
8.550000000000000000e+03 5.835000000000000207e-05
8.551000000000000000e+03 5.834000000000000047e-05
8.552000000000000000e+03 5.831999999999999728e-05
8.553000000000000000e+03 5.831000000000000245e-05
8.554000000000000000e+03 5.830000000000000086e-05
8.555000000000000000e+03 5.827999999999999766e-05
8.556000000000000000e+03 5.827000000000000284e-05
8.557000000000000000e+03 5.824999999999999964e-05
8.558000000000000000e+03 5.823999999999999804e-05
8.559000000000000000e+03 5.822000000000000162e-05
8.560000000000000000e+03 5.821000000000000002e-05
8.561000000000000000e+03 5.819999999999999843e-05
8.562000000000000000e+03 5.818000000000000200e-05
8.563000000000000000e+03 5.817000000000000041e-05
8.564000000000000000e+03 5.814999999999999721e-05
8.565000000000000000e+03 5.814000000000000239e-05
8.566000000000000000e+03 5.813000000000000079e-05
8.567000000000000000e+03 5.810999999999999759e-05
8.568000000000000000e+03 5.810000000000000277e-05
8.569000000000000000e+03 5.807999999999999957e-05
8.570000000000000000e+03 5.806999999999999798e-05
8.571000000000000000e+03 5.805000000000000156e-05
8.572000000000000000e+03 5.803999999999999996e-05
8.573000000000000000e+03 5.802999999999999836e-05
8.574000000000000000e+03 5.801000000000000194e-05
8.575000000000000000e+03 5.800000000000000034e-05
8.576000000000000000e+03 5.797999999999999714e-05
8.577000000000000000e+03 5.797000000000000232e-05
8.578000000000000000e+03 5.796000000000000072e-05
8.579000000000000000e+03 5.793999999999999753e-05
8.580000000000000000e+03 5.793000000000000270e-05
8.581000000000000000e+03 5.790999999999999951e-05
8.582000000000000000e+03 5.789999999999999791e-05
8.583000000000000000e+03 5.788000000000000149e-05
8.584000000000000000e+03 5.786999999999999989e-05
8.585000000000000000e+03 5.785999999999999829e-05
8.586000000000000000e+03 5.784000000000000187e-05
8.587000000000000000e+03 5.783000000000000027e-05
8.588000000000000000e+03 5.780999999999999708e-05
8.589000000000000000e+03 5.780000000000000225e-05
8.590000000000000000e+03 5.777999999999999906e-05
8.591000000000000000e+03 5.776999999999999746e-05
8.592000000000000000e+03 5.776000000000000264e-05
8.593000000000000000e+03 5.773999999999999944e-05
8.594000000000000000e+03 5.772999999999999784e-05
8.595000000000000000e+03 5.771000000000000142e-05
8.596000000000000000e+03 5.769999999999999982e-05
8.597000000000000000e+03 5.767999999999999663e-05
8.598000000000000000e+03 5.767000000000000181e-05
8.599000000000000000e+03 5.766000000000000021e-05
8.600000000000000000e+03 5.763999999999999701e-05
8.601000000000000000e+03 5.763000000000000219e-05
8.602000000000000000e+03 5.760999999999999899e-05
8.603000000000000000e+03 5.759999999999999739e-05
8.604000000000000000e+03 5.758000000000000097e-05
8.605000000000000000e+03 5.756999999999999937e-05
8.606000000000000000e+03 5.755000000000000295e-05
8.607000000000000000e+03 5.754000000000000136e-05
8.608000000000000000e+03 5.751999999999999816e-05
8.609000000000000000e+03 5.750000000000000174e-05
8.610000000000000000e+03 5.749000000000000014e-05
8.611000000000000000e+03 5.746999999999999694e-05
8.612000000000000000e+03 5.746000000000000212e-05
8.613000000000000000e+03 5.743999999999999893e-05
8.614000000000000000e+03 5.742999999999999733e-05
8.615000000000000000e+03 5.741000000000000091e-05
8.616000000000000000e+03 5.739999999999999931e-05
8.617000000000000000e+03 5.738000000000000289e-05
8.618000000000000000e+03 5.737000000000000129e-05
8.619000000000000000e+03 5.734999999999999809e-05
8.620000000000000000e+03 5.734000000000000327e-05
8.621000000000000000e+03 5.732000000000000007e-05
8.622000000000000000e+03 5.730999999999999848e-05
8.623000000000000000e+03 5.729000000000000206e-05
8.624000000000000000e+03 5.728000000000000046e-05
8.625000000000000000e+03 5.725999999999999726e-05
8.626000000000000000e+03 5.725000000000000244e-05
8.627000000000000000e+03 5.722999999999999924e-05
8.628000000000000000e+03 5.721999999999999764e-05
8.629000000000000000e+03 5.720000000000000122e-05
8.630000000000000000e+03 5.717999999999999803e-05
8.631000000000000000e+03 5.717999999999999803e-05
8.632000000000000000e+03 5.717000000000000320e-05
8.633000000000000000e+03 5.717000000000000320e-05
8.634000000000000000e+03 5.716000000000000161e-05
8.635000000000000000e+03 5.715000000000000001e-05
8.636000000000000000e+03 5.715000000000000001e-05
8.637000000000000000e+03 5.713999999999999841e-05
8.638000000000000000e+03 5.712999999999999681e-05
8.639000000000000000e+03 5.712999999999999681e-05
8.640000000000000000e+03 5.712000000000000199e-05
8.641000000000000000e+03 5.711000000000000039e-05
8.642000000000000000e+03 5.711000000000000039e-05
8.643000000000000000e+03 5.709999999999999879e-05
8.644000000000000000e+03 5.708999999999999719e-05
8.645000000000000000e+03 5.708999999999999719e-05
8.646000000000000000e+03 5.708000000000000237e-05
8.647000000000000000e+03 5.707000000000000077e-05
8.648000000000000000e+03 5.707000000000000077e-05
8.649000000000000000e+03 5.705999999999999918e-05
8.650000000000000000e+03 5.704999999999999758e-05
8.651000000000000000e+03 5.704999999999999758e-05
8.652000000000000000e+03 5.704000000000000276e-05
8.653000000000000000e+03 5.703000000000000116e-05
8.654000000000000000e+03 5.703000000000000116e-05
8.655000000000000000e+03 5.701999999999999956e-05
8.656000000000000000e+03 5.700999999999999796e-05
8.657000000000000000e+03 5.700999999999999796e-05
8.658000000000000000e+03 5.700000000000000314e-05
8.659000000000000000e+03 5.699000000000000154e-05
8.660000000000000000e+03 5.699000000000000154e-05
8.661000000000000000e+03 5.697999999999999994e-05
8.662000000000000000e+03 5.696999999999999834e-05
8.663000000000000000e+03 5.696999999999999834e-05
8.664000000000000000e+03 5.695999999999999674e-05
8.665000000000000000e+03 5.695000000000000192e-05
8.666000000000000000e+03 5.695000000000000192e-05
8.667000000000000000e+03 5.694000000000000032e-05
8.668000000000000000e+03 5.692999999999999873e-05
8.669000000000000000e+03 5.692999999999999873e-05
8.670000000000000000e+03 5.691999999999999713e-05
8.671000000000000000e+03 5.691000000000000231e-05
8.672000000000000000e+03 5.691000000000000231e-05
8.673000000000000000e+03 5.690000000000000071e-05
8.674000000000000000e+03 5.688999999999999911e-05
8.675000000000000000e+03 5.688999999999999911e-05
8.676000000000000000e+03 5.687999999999999751e-05
8.677000000000000000e+03 5.687000000000000269e-05
8.678000000000000000e+03 5.687000000000000269e-05
8.679000000000000000e+03 5.686000000000000109e-05
8.680000000000000000e+03 5.684999999999999949e-05
8.681000000000000000e+03 5.684999999999999949e-05
8.682000000000000000e+03 5.683999999999999789e-05
8.683000000000000000e+03 5.683000000000000307e-05
8.684000000000000000e+03 5.683000000000000307e-05
8.685000000000000000e+03 5.682000000000000147e-05
8.686000000000000000e+03 5.680999999999999988e-05
8.687000000000000000e+03 5.680999999999999988e-05
8.688000000000000000e+03 5.679999999999999828e-05
8.689000000000000000e+03 5.678999999999999668e-05
8.690000000000000000e+03 5.678999999999999668e-05
8.691000000000000000e+03 5.678000000000000186e-05
8.692000000000000000e+03 5.677000000000000026e-05
8.693000000000000000e+03 5.675999999999999866e-05
8.694000000000000000e+03 5.675999999999999866e-05
8.695000000000000000e+03 5.674999999999999706e-05
8.696000000000000000e+03 5.674000000000000224e-05
8.697000000000000000e+03 5.674000000000000224e-05
8.698000000000000000e+03 5.673000000000000064e-05
8.699000000000000000e+03 5.671999999999999904e-05
8.700000000000000000e+03 5.671999999999999904e-05
8.701000000000000000e+03 5.670999999999999744e-05
8.702000000000000000e+03 5.670000000000000262e-05
8.703000000000000000e+03 5.670000000000000262e-05
8.704000000000000000e+03 5.669000000000000102e-05
8.705000000000000000e+03 5.667999999999999943e-05
8.706000000000000000e+03 5.666999999999999783e-05
8.707000000000000000e+03 5.666999999999999783e-05
8.708000000000000000e+03 5.666000000000000301e-05
8.709000000000000000e+03 5.665000000000000141e-05
8.710000000000000000e+03 5.665000000000000141e-05
8.711000000000000000e+03 5.663999999999999981e-05
8.712000000000000000e+03 5.662999999999999821e-05
8.713000000000000000e+03 5.662999999999999821e-05
8.714000000000000000e+03 5.661999999999999661e-05
8.715000000000000000e+03 5.661000000000000179e-05
8.716000000000000000e+03 5.660000000000000019e-05
8.717000000000000000e+03 5.660000000000000019e-05
8.718000000000000000e+03 5.658999999999999859e-05
8.719000000000000000e+03 5.657999999999999699e-05
8.720000000000000000e+03 5.657999999999999699e-05
8.721000000000000000e+03 5.660000000000000019e-05
8.722000000000000000e+03 5.661000000000000179e-05
8.723000000000000000e+03 5.662999999999999821e-05
8.724000000000000000e+03 5.665000000000000141e-05
8.725000000000000000e+03 5.666999999999999783e-05
8.726000000000000000e+03 5.669000000000000102e-05
8.727000000000000000e+03 5.670999999999999744e-05
8.728000000000000000e+03 5.673000000000000064e-05
8.729000000000000000e+03 5.674999999999999706e-05
8.730000000000000000e+03 5.677000000000000026e-05
8.731000000000000000e+03 5.678999999999999668e-05
8.732000000000000000e+03 5.680999999999999988e-05
8.733000000000000000e+03 5.683000000000000307e-05
8.734000000000000000e+03 5.684999999999999949e-05
8.735000000000000000e+03 5.687000000000000269e-05
8.736000000000000000e+03 5.688999999999999911e-05
8.737000000000000000e+03 5.691000000000000231e-05
8.738000000000000000e+03 5.692999999999999873e-05
8.739000000000000000e+03 5.695000000000000192e-05
8.740000000000000000e+03 5.696999999999999834e-05
8.741000000000000000e+03 5.699000000000000154e-05
8.742000000000000000e+03 5.700000000000000314e-05
8.743000000000000000e+03 5.701999999999999956e-05
8.744000000000000000e+03 5.704000000000000276e-05
8.745000000000000000e+03 5.705999999999999918e-05
8.746000000000000000e+03 5.708000000000000237e-05
8.747000000000000000e+03 5.709999999999999879e-05
8.748000000000000000e+03 5.712000000000000199e-05
8.749000000000000000e+03 5.713999999999999841e-05
8.750000000000000000e+03 5.716000000000000161e-05
8.751000000000000000e+03 5.717999999999999803e-05
8.752000000000000000e+03 5.720000000000000122e-05
8.753000000000000000e+03 5.721999999999999764e-05
8.754000000000000000e+03 5.724000000000000084e-05
8.755000000000000000e+03 5.725999999999999726e-05
8.756000000000000000e+03 5.728000000000000046e-05
8.757000000000000000e+03 5.729999999999999688e-05
8.758000000000000000e+03 5.730999999999999848e-05
8.759000000000000000e+03 5.733000000000000167e-05
8.760000000000000000e+03 5.734999999999999809e-05
8.761000000000000000e+03 5.737000000000000129e-05
8.762000000000000000e+03 5.738999999999999771e-05
8.763000000000000000e+03 5.741000000000000091e-05
8.764000000000000000e+03 5.742999999999999733e-05
8.765000000000000000e+03 5.745000000000000052e-05
8.766000000000000000e+03 5.746999999999999694e-05
8.767000000000000000e+03 5.749000000000000014e-05
8.768000000000000000e+03 5.751000000000000334e-05
8.769000000000000000e+03 5.752999999999999976e-05
8.770000000000000000e+03 5.755000000000000295e-05
8.771000000000000000e+03 5.756999999999999937e-05
8.772000000000000000e+03 5.758000000000000097e-05
8.773000000000000000e+03 5.759999999999999739e-05
8.774000000000000000e+03 5.762000000000000059e-05
8.775000000000000000e+03 5.763999999999999701e-05
8.776000000000000000e+03 5.766000000000000021e-05
8.777000000000000000e+03 5.767999999999999663e-05
8.778000000000000000e+03 5.769999999999999982e-05
8.779000000000000000e+03 5.772000000000000302e-05
8.780000000000000000e+03 5.773999999999999944e-05
8.781000000000000000e+03 5.776000000000000264e-05
8.782000000000000000e+03 5.777999999999999906e-05
8.783000000000000000e+03 5.780000000000000225e-05
8.784000000000000000e+03 5.780999999999999708e-05
8.785000000000000000e+03 5.783000000000000027e-05
8.786000000000000000e+03 5.784999999999999669e-05
8.787000000000000000e+03 5.786999999999999989e-05
8.788000000000000000e+03 5.789000000000000309e-05
8.789000000000000000e+03 5.790999999999999951e-05
8.790000000000000000e+03 5.793000000000000270e-05
8.791000000000000000e+03 5.794999999999999912e-05
8.792000000000000000e+03 5.797000000000000232e-05
8.793000000000000000e+03 5.798999999999999874e-05
8.794000000000000000e+03 5.801000000000000194e-05
8.795000000000000000e+03 5.801999999999999676e-05
8.796000000000000000e+03 5.803999999999999996e-05
8.797000000000000000e+03 5.806000000000000315e-05
8.798000000000000000e+03 5.807999999999999957e-05
8.799000000000000000e+03 5.810000000000000277e-05
8.800000000000000000e+03 5.811999999999999919e-05
8.801000000000000000e+03 5.813000000000000079e-05
8.802000000000000000e+03 5.814000000000000239e-05
8.803000000000000000e+03 5.814999999999999721e-05
8.804000000000000000e+03 5.815999999999999881e-05
8.805000000000000000e+03 5.817000000000000041e-05
8.806000000000000000e+03 5.818999999999999683e-05
8.807000000000000000e+03 5.819999999999999843e-05
8.808000000000000000e+03 5.821000000000000002e-05
8.809000000000000000e+03 5.822000000000000162e-05
8.810000000000000000e+03 5.823000000000000322e-05
8.811000000000000000e+03 5.823999999999999804e-05
8.812000000000000000e+03 5.824999999999999964e-05
8.813000000000000000e+03 5.826000000000000124e-05
8.814000000000000000e+03 5.827000000000000284e-05
8.815000000000000000e+03 5.827999999999999766e-05
8.816000000000000000e+03 5.828999999999999926e-05
8.817000000000000000e+03 5.830000000000000086e-05
8.818000000000000000e+03 5.831999999999999728e-05
8.819000000000000000e+03 5.832999999999999887e-05
8.820000000000000000e+03 5.834000000000000047e-05
8.821000000000000000e+03 5.835000000000000207e-05
8.822000000000000000e+03 5.835999999999999689e-05
8.823000000000000000e+03 5.836999999999999849e-05
8.824000000000000000e+03 5.838000000000000009e-05
8.825000000000000000e+03 5.839000000000000169e-05
8.826000000000000000e+03 5.840000000000000329e-05
8.827000000000000000e+03 5.840999999999999811e-05
8.828000000000000000e+03 5.841999999999999971e-05
8.829000000000000000e+03 5.843000000000000131e-05
8.830000000000000000e+03 5.844000000000000290e-05
8.831000000000000000e+03 5.845999999999999932e-05
8.832000000000000000e+03 5.848999999999999734e-05
8.833000000000000000e+03 5.851000000000000054e-05
8.834000000000000000e+03 5.852999999999999696e-05
8.835000000000000000e+03 5.855000000000000016e-05
8.836000000000000000e+03 5.857000000000000335e-05
8.837000000000000000e+03 5.858999999999999977e-05
8.838000000000000000e+03 5.861000000000000297e-05
8.839000000000000000e+03 5.862999999999999939e-05
8.840000000000000000e+03 5.865000000000000259e-05
8.841000000000000000e+03 5.866999999999999901e-05
8.842000000000000000e+03 5.869000000000000220e-05
8.843000000000000000e+03 5.870999999999999862e-05
8.844000000000000000e+03 5.873000000000000182e-05
8.845000000000000000e+03 5.874999999999999824e-05
8.846000000000000000e+03 5.877000000000000144e-05
8.847000000000000000e+03 5.878999999999999786e-05
8.848000000000000000e+03 5.881000000000000106e-05
8.849000000000000000e+03 5.882999999999999748e-05
8.850000000000000000e+03 5.885000000000000067e-05
8.851000000000000000e+03 5.886999999999999709e-05
8.852000000000000000e+03 5.889000000000000029e-05
8.853000000000000000e+03 5.890999999999999671e-05
8.854000000000000000e+03 5.892999999999999991e-05
8.855000000000000000e+03 5.895000000000000310e-05
8.856000000000000000e+03 5.896999999999999952e-05
8.857000000000000000e+03 5.899999999999999754e-05
8.858000000000000000e+03 5.902000000000000074e-05
8.859000000000000000e+03 5.903999999999999716e-05
8.860000000000000000e+03 5.906000000000000036e-05
8.861000000000000000e+03 5.907999999999999678e-05
8.862000000000000000e+03 5.909999999999999997e-05
8.863000000000000000e+03 5.912000000000000317e-05
8.864000000000000000e+03 5.913999999999999959e-05
8.865000000000000000e+03 5.916000000000000279e-05
8.866000000000000000e+03 5.917999999999999921e-05
8.867000000000000000e+03 5.920000000000000240e-05
8.868000000000000000e+03 5.921999999999999882e-05
8.869000000000000000e+03 5.924000000000000202e-05
8.870000000000000000e+03 5.925999999999999844e-05
8.871000000000000000e+03 5.928000000000000164e-05
8.872000000000000000e+03 5.929999999999999806e-05
8.873000000000000000e+03 5.932000000000000125e-05
8.874000000000000000e+03 5.933999999999999767e-05
8.875000000000000000e+03 5.936000000000000087e-05
8.876000000000000000e+03 5.937999999999999729e-05
8.877000000000000000e+03 5.940000000000000049e-05
8.878000000000000000e+03 5.941999999999999691e-05
8.879000000000000000e+03 5.944000000000000011e-05
8.880000000000000000e+03 5.946000000000000330e-05
8.881000000000000000e+03 5.947999999999999972e-05
8.882000000000000000e+03 5.950000000000000292e-05
8.883000000000000000e+03 5.951999999999999934e-05
8.884000000000000000e+03 5.954000000000000254e-05
8.885000000000000000e+03 5.955999999999999896e-05
8.886000000000000000e+03 5.958000000000000215e-05
8.887000000000000000e+03 5.959999999999999857e-05
8.888000000000000000e+03 5.962000000000000177e-05
8.889000000000000000e+03 5.963999999999999819e-05
8.890000000000000000e+03 5.966000000000000139e-05
8.891000000000000000e+03 5.967999999999999781e-05
8.892000000000000000e+03 5.970000000000000100e-05
8.893000000000000000e+03 5.971999999999999742e-05
8.894000000000000000e+03 5.974000000000000062e-05
8.895000000000000000e+03 5.975999999999999704e-05
8.896000000000000000e+03 5.978000000000000024e-05
8.897000000000000000e+03 5.979999999999999666e-05
8.898000000000000000e+03 5.981999999999999986e-05
8.899000000000000000e+03 5.984000000000000305e-05
8.900000000000000000e+03 5.985999999999999947e-05
8.901000000000000000e+03 5.985999999999999947e-05
8.902000000000000000e+03 5.985999999999999947e-05
8.903000000000000000e+03 5.984999999999999787e-05
8.904000000000000000e+03 5.984999999999999787e-05
8.905000000000000000e+03 5.984000000000000305e-05
8.906000000000000000e+03 5.984000000000000305e-05
8.907000000000000000e+03 5.984000000000000305e-05
8.908000000000000000e+03 5.983000000000000145e-05
8.909000000000000000e+03 5.983000000000000145e-05
8.910000000000000000e+03 5.983000000000000145e-05
8.911000000000000000e+03 5.981999999999999986e-05
8.912000000000000000e+03 5.981999999999999986e-05
8.913000000000000000e+03 5.981999999999999986e-05
8.914000000000000000e+03 5.980999999999999826e-05
8.915000000000000000e+03 5.980999999999999826e-05
8.916000000000000000e+03 5.979999999999999666e-05
8.917000000000000000e+03 5.979999999999999666e-05
8.918000000000000000e+03 5.979999999999999666e-05
8.919000000000000000e+03 5.979000000000000184e-05
8.920000000000000000e+03 5.979000000000000184e-05
8.921000000000000000e+03 5.979000000000000184e-05
8.922000000000000000e+03 5.979000000000000184e-05
8.923000000000000000e+03 5.979000000000000184e-05
8.924000000000000000e+03 5.979000000000000184e-05
8.925000000000000000e+03 5.979999999999999666e-05
8.926000000000000000e+03 5.979999999999999666e-05
8.927000000000000000e+03 5.979999999999999666e-05
8.928000000000000000e+03 5.979999999999999666e-05
8.929000000000000000e+03 5.979999999999999666e-05
8.930000000000000000e+03 5.979999999999999666e-05
8.931000000000000000e+03 5.979999999999999666e-05
8.932000000000000000e+03 5.979000000000000184e-05
8.933000000000000000e+03 5.979000000000000184e-05
8.934000000000000000e+03 5.979000000000000184e-05
8.935000000000000000e+03 5.978000000000000024e-05
8.936000000000000000e+03 5.978000000000000024e-05
8.937000000000000000e+03 5.976999999999999864e-05
8.938000000000000000e+03 5.976999999999999864e-05
8.939000000000000000e+03 5.976999999999999864e-05
8.940000000000000000e+03 5.975999999999999704e-05
8.941000000000000000e+03 5.975999999999999704e-05
8.942000000000000000e+03 5.975000000000000222e-05
8.943000000000000000e+03 5.975000000000000222e-05
8.944000000000000000e+03 5.975000000000000222e-05
8.945000000000000000e+03 5.974000000000000062e-05
8.946000000000000000e+03 5.974000000000000062e-05
8.947000000000000000e+03 5.974000000000000062e-05
8.948000000000000000e+03 5.972999999999999902e-05
8.949000000000000000e+03 5.972999999999999902e-05
8.950000000000000000e+03 5.971999999999999742e-05
8.951000000000000000e+03 5.971999999999999742e-05
8.952000000000000000e+03 5.972999999999999902e-05
8.953000000000000000e+03 5.972999999999999902e-05
8.954000000000000000e+03 5.972999999999999902e-05
8.955000000000000000e+03 5.972999999999999902e-05
8.956000000000000000e+03 5.972999999999999902e-05
8.957000000000000000e+03 5.972999999999999902e-05
8.958000000000000000e+03 5.972999999999999902e-05
8.959000000000000000e+03 5.972999999999999902e-05
8.960000000000000000e+03 5.972999999999999902e-05
8.961000000000000000e+03 5.972999999999999902e-05
8.962000000000000000e+03 5.971999999999999742e-05
8.963000000000000000e+03 5.971999999999999742e-05
8.964000000000000000e+03 5.971999999999999742e-05
8.965000000000000000e+03 5.971000000000000260e-05
8.966000000000000000e+03 5.971000000000000260e-05
8.967000000000000000e+03 5.970000000000000100e-05
8.968000000000000000e+03 5.970000000000000100e-05
8.969000000000000000e+03 5.970000000000000100e-05
8.970000000000000000e+03 5.968999999999999941e-05
8.971000000000000000e+03 5.968999999999999941e-05
8.972000000000000000e+03 5.968999999999999941e-05
8.973000000000000000e+03 5.968999999999999941e-05
8.974000000000000000e+03 5.970000000000000100e-05
8.975000000000000000e+03 5.970000000000000100e-05
8.976000000000000000e+03 5.970000000000000100e-05
8.977000000000000000e+03 5.970000000000000100e-05
8.978000000000000000e+03 5.970000000000000100e-05
8.979000000000000000e+03 5.970000000000000100e-05
8.980000000000000000e+03 5.970000000000000100e-05
8.981000000000000000e+03 5.970000000000000100e-05
8.982000000000000000e+03 5.968999999999999941e-05
8.983000000000000000e+03 5.968999999999999941e-05
8.984000000000000000e+03 5.967999999999999781e-05
8.985000000000000000e+03 5.967999999999999781e-05
8.986000000000000000e+03 5.967999999999999781e-05
8.987000000000000000e+03 5.967000000000000299e-05
8.988000000000000000e+03 5.967000000000000299e-05
8.989000000000000000e+03 5.966000000000000139e-05
8.990000000000000000e+03 5.966000000000000139e-05
8.991000000000000000e+03 5.964999999999999979e-05
8.992000000000000000e+03 5.964999999999999979e-05
8.993000000000000000e+03 5.964999999999999979e-05
8.994000000000000000e+03 5.963999999999999819e-05
8.995000000000000000e+03 5.963999999999999819e-05
8.996000000000000000e+03 5.963000000000000337e-05
8.997000000000000000e+03 5.963000000000000337e-05
8.998000000000000000e+03 5.963000000000000337e-05
8.999000000000000000e+03 5.962000000000000177e-05
9.000000000000000000e+03 5.962000000000000177e-05
9.001000000000000000e+03 5.959999999999999857e-05
9.002000000000000000e+03 5.958999999999999698e-05
9.003000000000000000e+03 5.958000000000000215e-05
9.004000000000000000e+03 5.955999999999999896e-05
9.005000000000000000e+03 5.954999999999999736e-05
9.006000000000000000e+03 5.954000000000000254e-05
9.007000000000000000e+03 5.951999999999999934e-05
9.008000000000000000e+03 5.950999999999999774e-05
9.009000000000000000e+03 5.950000000000000292e-05
9.010000000000000000e+03 5.949000000000000132e-05
9.011000000000000000e+03 5.946999999999999812e-05
9.012000000000000000e+03 5.945000000000000170e-05
9.013000000000000000e+03 5.942999999999999851e-05
9.014000000000000000e+03 5.941000000000000209e-05
9.015000000000000000e+03 5.940000000000000049e-05
9.016000000000000000e+03 5.937999999999999729e-05
9.017000000000000000e+03 5.936000000000000087e-05
9.018000000000000000e+03 5.933999999999999767e-05
9.019000000000000000e+03 5.932000000000000125e-05
9.020000000000000000e+03 5.930999999999999966e-05
9.021000000000000000e+03 5.929000000000000324e-05
9.022000000000000000e+03 5.928000000000000164e-05
9.023000000000000000e+03 5.927000000000000004e-05
9.024000000000000000e+03 5.924999999999999684e-05
9.025000000000000000e+03 5.924000000000000202e-05
9.026000000000000000e+03 5.923000000000000042e-05
9.027000000000000000e+03 5.920999999999999723e-05
9.028000000000000000e+03 5.920000000000000240e-05
9.029000000000000000e+03 5.919000000000000080e-05
9.030000000000000000e+03 5.917999999999999921e-05
9.031000000000000000e+03 5.916000000000000279e-05
9.032000000000000000e+03 5.915000000000000119e-05
9.033000000000000000e+03 5.913999999999999959e-05
9.034000000000000000e+03 5.912000000000000317e-05
9.035000000000000000e+03 5.911000000000000157e-05
9.036000000000000000e+03 5.909999999999999997e-05
9.037000000000000000e+03 5.908999999999999837e-05
9.038000000000000000e+03 5.907000000000000195e-05
9.039000000000000000e+03 5.906000000000000036e-05
9.040000000000000000e+03 5.904999999999999876e-05
9.041000000000000000e+03 5.903000000000000234e-05
9.042000000000000000e+03 5.902000000000000074e-05
9.043000000000000000e+03 5.900999999999999914e-05
9.044000000000000000e+03 5.899999999999999754e-05
9.045000000000000000e+03 5.898000000000000112e-05
9.046000000000000000e+03 5.896999999999999952e-05
9.047000000000000000e+03 5.895999999999999792e-05
9.048000000000000000e+03 5.894000000000000150e-05
9.049000000000000000e+03 5.892999999999999991e-05
9.050000000000000000e+03 5.891999999999999831e-05
9.051000000000000000e+03 5.890999999999999671e-05
9.052000000000000000e+03 5.890000000000000189e-05
9.053000000000000000e+03 5.890000000000000189e-05
9.054000000000000000e+03 5.889000000000000029e-05
9.055000000000000000e+03 5.887999999999999869e-05
9.056000000000000000e+03 5.886999999999999709e-05
9.057000000000000000e+03 5.886000000000000227e-05
9.058000000000000000e+03 5.886000000000000227e-05
9.059000000000000000e+03 5.885000000000000067e-05
9.060000000000000000e+03 5.883999999999999907e-05
9.061000000000000000e+03 5.882999999999999748e-05
9.062000000000000000e+03 5.882000000000000265e-05
9.063000000000000000e+03 5.879999999999999946e-05
9.064000000000000000e+03 5.878999999999999786e-05
9.065000000000000000e+03 5.878000000000000304e-05
9.066000000000000000e+03 5.875999999999999984e-05
9.067000000000000000e+03 5.874999999999999824e-05
9.068000000000000000e+03 5.873999999999999664e-05
9.069000000000000000e+03 5.873000000000000182e-05
9.070000000000000000e+03 5.870999999999999862e-05
9.071000000000000000e+03 5.870999999999999862e-05
9.072000000000000000e+03 5.869999999999999703e-05
9.073000000000000000e+03 5.869000000000000220e-05
9.074000000000000000e+03 5.868000000000000061e-05
9.075000000000000000e+03 5.866999999999999901e-05
9.076000000000000000e+03 5.866999999999999901e-05
9.077000000000000000e+03 5.865999999999999741e-05
9.078000000000000000e+03 5.865000000000000259e-05
9.079000000000000000e+03 5.864000000000000099e-05
9.080000000000000000e+03 5.864000000000000099e-05
9.081000000000000000e+03 5.861999999999999779e-05
9.082000000000000000e+03 5.861000000000000297e-05
9.083000000000000000e+03 5.860000000000000137e-05
9.084000000000000000e+03 5.857999999999999818e-05
9.085000000000000000e+03 5.857000000000000335e-05
9.086000000000000000e+03 5.856000000000000175e-05
9.087000000000000000e+03 5.855000000000000016e-05
9.088000000000000000e+03 5.852999999999999696e-05
9.089000000000000000e+03 5.852000000000000214e-05
9.090000000000000000e+03 5.851000000000000054e-05
9.091000000000000000e+03 5.849999999999999894e-05
9.092000000000000000e+03 5.848000000000000252e-05
9.093000000000000000e+03 5.847000000000000092e-05
9.094000000000000000e+03 5.845999999999999932e-05
9.095000000000000000e+03 5.844999999999999773e-05
9.096000000000000000e+03 5.843000000000000131e-05
9.097000000000000000e+03 5.841999999999999971e-05
9.098000000000000000e+03 5.840999999999999811e-05
9.099000000000000000e+03 5.839000000000000169e-05
9.100000000000000000e+03 5.838000000000000009e-05
9.101000000000000000e+03 5.836999999999999849e-05
9.102000000000000000e+03 5.836999999999999849e-05
9.103000000000000000e+03 5.835999999999999689e-05
9.104000000000000000e+03 5.835000000000000207e-05
9.105000000000000000e+03 5.834000000000000047e-05
9.106000000000000000e+03 5.834000000000000047e-05
9.107000000000000000e+03 5.832999999999999887e-05
9.108000000000000000e+03 5.831999999999999728e-05
9.109000000000000000e+03 5.831000000000000245e-05
9.110000000000000000e+03 5.830000000000000086e-05
9.111000000000000000e+03 5.828999999999999926e-05
9.112000000000000000e+03 5.827999999999999766e-05
9.113000000000000000e+03 5.827000000000000284e-05
9.114000000000000000e+03 5.824999999999999964e-05
9.115000000000000000e+03 5.823999999999999804e-05
9.116000000000000000e+03 5.823000000000000322e-05
9.117000000000000000e+03 5.822000000000000162e-05
9.118000000000000000e+03 5.819999999999999843e-05
9.119000000000000000e+03 5.818999999999999683e-05
9.120000000000000000e+03 5.818000000000000200e-05
9.121000000000000000e+03 5.817000000000000041e-05
9.122000000000000000e+03 5.815999999999999881e-05
9.123000000000000000e+03 5.815999999999999881e-05
9.124000000000000000e+03 5.814999999999999721e-05
9.125000000000000000e+03 5.814000000000000239e-05
9.126000000000000000e+03 5.813000000000000079e-05
9.127000000000000000e+03 5.813000000000000079e-05
9.128000000000000000e+03 5.811999999999999919e-05
9.129000000000000000e+03 5.810999999999999759e-05
9.130000000000000000e+03 5.810000000000000277e-05
9.131000000000000000e+03 5.809000000000000117e-05
9.132000000000000000e+03 5.807999999999999957e-05
9.133000000000000000e+03 5.806000000000000315e-05
9.134000000000000000e+03 5.805000000000000156e-05
9.135000000000000000e+03 5.803999999999999996e-05
9.136000000000000000e+03 5.802999999999999836e-05
9.137000000000000000e+03 5.801000000000000194e-05
9.138000000000000000e+03 5.800000000000000034e-05
9.139000000000000000e+03 5.798999999999999874e-05
9.140000000000000000e+03 5.797999999999999714e-05
9.141000000000000000e+03 5.797000000000000232e-05
9.142000000000000000e+03 5.796000000000000072e-05
9.143000000000000000e+03 5.794999999999999912e-05
9.144000000000000000e+03 5.794999999999999912e-05
9.145000000000000000e+03 5.793999999999999753e-05
9.146000000000000000e+03 5.793000000000000270e-05
9.147000000000000000e+03 5.792000000000000111e-05
9.148000000000000000e+03 5.790999999999999951e-05
9.149000000000000000e+03 5.790999999999999951e-05
9.150000000000000000e+03 5.789999999999999791e-05
9.151000000000000000e+03 5.789000000000000309e-05
9.152000000000000000e+03 5.786999999999999989e-05
9.153000000000000000e+03 5.785999999999999829e-05
9.154000000000000000e+03 5.784999999999999669e-05
9.155000000000000000e+03 5.784000000000000187e-05
9.156000000000000000e+03 5.781999999999999868e-05
9.157000000000000000e+03 5.780999999999999708e-05
9.158000000000000000e+03 5.780000000000000225e-05
9.159000000000000000e+03 5.779000000000000066e-05
9.160000000000000000e+03 5.776999999999999746e-05
9.161000000000000000e+03 5.776999999999999746e-05
9.162000000000000000e+03 5.776000000000000264e-05
9.163000000000000000e+03 5.775000000000000104e-05
9.164000000000000000e+03 5.773999999999999944e-05
9.165000000000000000e+03 5.773999999999999944e-05
9.166000000000000000e+03 5.772999999999999784e-05
9.167000000000000000e+03 5.772000000000000302e-05
9.168000000000000000e+03 5.771000000000000142e-05
9.169000000000000000e+03 5.769999999999999982e-05
9.170000000000000000e+03 5.769999999999999982e-05
9.171000000000000000e+03 5.767999999999999663e-05
9.172000000000000000e+03 5.767000000000000181e-05
9.173000000000000000e+03 5.766000000000000021e-05
9.174000000000000000e+03 5.764999999999999861e-05
9.175000000000000000e+03 5.763000000000000219e-05
9.176000000000000000e+03 5.762000000000000059e-05
9.177000000000000000e+03 5.760999999999999899e-05
9.178000000000000000e+03 5.759999999999999739e-05
9.179000000000000000e+03 5.758000000000000097e-05
9.180000000000000000e+03 5.756999999999999937e-05
9.181000000000000000e+03 5.755999999999999778e-05
9.182000000000000000e+03 5.755999999999999778e-05
9.183000000000000000e+03 5.755000000000000295e-05
9.184000000000000000e+03 5.754000000000000136e-05
9.185000000000000000e+03 5.752999999999999976e-05
9.186000000000000000e+03 5.752999999999999976e-05
9.187000000000000000e+03 5.751999999999999816e-05
9.188000000000000000e+03 5.751000000000000334e-05
9.189000000000000000e+03 5.750000000000000174e-05
9.190000000000000000e+03 5.750000000000000174e-05
9.191000000000000000e+03 5.747999999999999854e-05
9.192000000000000000e+03 5.746999999999999694e-05
9.193000000000000000e+03 5.746000000000000212e-05
9.194000000000000000e+03 5.745000000000000052e-05
9.195000000000000000e+03 5.742999999999999733e-05
9.196000000000000000e+03 5.742000000000000251e-05
9.197000000000000000e+03 5.741000000000000091e-05
9.198000000000000000e+03 5.738999999999999771e-05
9.199000000000000000e+03 5.738000000000000289e-05
9.200000000000000000e+03 5.737000000000000129e-05
9.201000000000000000e+03 5.735999999999999969e-05
9.202000000000000000e+03 5.734999999999999809e-05
9.203000000000000000e+03 5.734000000000000327e-05
9.204000000000000000e+03 5.732000000000000007e-05
9.205000000000000000e+03 5.730999999999999848e-05
9.206000000000000000e+03 5.729999999999999688e-05
9.207000000000000000e+03 5.729000000000000206e-05
9.208000000000000000e+03 5.728000000000000046e-05
9.209000000000000000e+03 5.726999999999999886e-05
9.210000000000000000e+03 5.725000000000000244e-05
9.211000000000000000e+03 5.724000000000000084e-05
9.212000000000000000e+03 5.721999999999999764e-05
9.213000000000000000e+03 5.720000000000000122e-05
9.214000000000000000e+03 5.718999999999999962e-05
9.215000000000000000e+03 5.717000000000000320e-05
9.216000000000000000e+03 5.716000000000000161e-05
9.217000000000000000e+03 5.713999999999999841e-05
9.218000000000000000e+03 5.712000000000000199e-05
9.219000000000000000e+03 5.711000000000000039e-05
9.220000000000000000e+03 5.708999999999999719e-05
9.221000000000000000e+03 5.708000000000000237e-05
9.222000000000000000e+03 5.707000000000000077e-05
9.223000000000000000e+03 5.705999999999999918e-05
9.224000000000000000e+03 5.704000000000000276e-05
9.225000000000000000e+03 5.703000000000000116e-05
9.226000000000000000e+03 5.701999999999999956e-05
9.227000000000000000e+03 5.700999999999999796e-05
9.228000000000000000e+03 5.700000000000000314e-05
9.229000000000000000e+03 5.699000000000000154e-05
9.230000000000000000e+03 5.696999999999999834e-05
9.231000000000000000e+03 5.695999999999999674e-05
9.232000000000000000e+03 5.695000000000000192e-05
9.233000000000000000e+03 5.694000000000000032e-05
9.234000000000000000e+03 5.692999999999999873e-05
9.235000000000000000e+03 5.691999999999999713e-05
9.236000000000000000e+03 5.691000000000000231e-05
9.237000000000000000e+03 5.688999999999999911e-05
9.238000000000000000e+03 5.687999999999999751e-05
9.239000000000000000e+03 5.687000000000000269e-05
9.240000000000000000e+03 5.686000000000000109e-05
9.241000000000000000e+03 5.684999999999999949e-05
9.242000000000000000e+03 5.684999999999999949e-05
9.243000000000000000e+03 5.683999999999999789e-05
9.244000000000000000e+03 5.683000000000000307e-05
9.245000000000000000e+03 5.683000000000000307e-05
9.246000000000000000e+03 5.682000000000000147e-05
9.247000000000000000e+03 5.680999999999999988e-05
9.248000000000000000e+03 5.680999999999999988e-05
9.249000000000000000e+03 5.679999999999999828e-05
9.250000000000000000e+03 5.678999999999999668e-05
9.251000000000000000e+03 5.678000000000000186e-05
9.252000000000000000e+03 5.677000000000000026e-05
9.253000000000000000e+03 5.675999999999999866e-05
9.254000000000000000e+03 5.674999999999999706e-05
9.255000000000000000e+03 5.674000000000000224e-05
9.256000000000000000e+03 5.673000000000000064e-05
9.257000000000000000e+03 5.670999999999999744e-05
9.258000000000000000e+03 5.670000000000000262e-05
9.259000000000000000e+03 5.669000000000000102e-05
9.260000000000000000e+03 5.667999999999999943e-05
9.261000000000000000e+03 5.666999999999999783e-05
9.262000000000000000e+03 5.666999999999999783e-05
9.263000000000000000e+03 5.666000000000000301e-05
9.264000000000000000e+03 5.665000000000000141e-05
9.265000000000000000e+03 5.665000000000000141e-05
9.266000000000000000e+03 5.663999999999999981e-05
9.267000000000000000e+03 5.662999999999999821e-05
9.268000000000000000e+03 5.662999999999999821e-05
9.269000000000000000e+03 5.661999999999999661e-05
9.270000000000000000e+03 5.661000000000000179e-05
9.271000000000000000e+03 5.660000000000000019e-05
9.272000000000000000e+03 5.658999999999999859e-05
9.273000000000000000e+03 5.657999999999999699e-05
9.274000000000000000e+03 5.657000000000000217e-05
9.275000000000000000e+03 5.656000000000000057e-05
9.276000000000000000e+03 5.653999999999999738e-05
9.277000000000000000e+03 5.653000000000000256e-05
9.278000000000000000e+03 5.652000000000000096e-05
9.279000000000000000e+03 5.650999999999999936e-05
9.280000000000000000e+03 5.649999999999999776e-05
9.281000000000000000e+03 5.649000000000000294e-05
9.282000000000000000e+03 5.648000000000000134e-05
9.283000000000000000e+03 5.648000000000000134e-05
9.284000000000000000e+03 5.646999999999999974e-05
9.285000000000000000e+03 5.645999999999999814e-05
9.286000000000000000e+03 5.645999999999999814e-05
9.287000000000000000e+03 5.645000000000000332e-05
9.288000000000000000e+03 5.644000000000000172e-05
9.289000000000000000e+03 5.644000000000000172e-05
9.290000000000000000e+03 5.643000000000000013e-05
9.291000000000000000e+03 5.641999999999999853e-05
9.292000000000000000e+03 5.640999999999999693e-05
9.293000000000000000e+03 5.640000000000000211e-05
9.294000000000000000e+03 5.637999999999999891e-05
9.295000000000000000e+03 5.636999999999999731e-05
9.296000000000000000e+03 5.636000000000000249e-05
9.297000000000000000e+03 5.635000000000000089e-05
9.298000000000000000e+03 5.633999999999999929e-05
9.299000000000000000e+03 5.632999999999999769e-05
9.300000000000000000e+03 5.631000000000000127e-05
9.301000000000000000e+03 5.631000000000000127e-05
9.302000000000000000e+03 5.629999999999999968e-05
9.303000000000000000e+03 5.628999999999999808e-05
9.304000000000000000e+03 5.628999999999999808e-05
9.305000000000000000e+03 5.628000000000000326e-05
9.306000000000000000e+03 5.627000000000000166e-05
9.307000000000000000e+03 5.627000000000000166e-05
9.308000000000000000e+03 5.626000000000000006e-05
9.309000000000000000e+03 5.624999999999999846e-05
9.310000000000000000e+03 5.624999999999999846e-05
9.311000000000000000e+03 5.623000000000000204e-05
9.312000000000000000e+03 5.622000000000000044e-05
9.313000000000000000e+03 5.620999999999999884e-05
9.314000000000000000e+03 5.619999999999999725e-05
9.315000000000000000e+03 5.619000000000000242e-05
9.316000000000000000e+03 5.618000000000000082e-05
9.317000000000000000e+03 5.616999999999999923e-05
9.318000000000000000e+03 5.615000000000000281e-05
9.319000000000000000e+03 5.614000000000000121e-05
9.320000000000000000e+03 5.612999999999999961e-05
9.321000000000000000e+03 5.611999999999999801e-05
9.322000000000000000e+03 5.611999999999999801e-05
9.323000000000000000e+03 5.611000000000000319e-05
9.324000000000000000e+03 5.610000000000000159e-05
9.325000000000000000e+03 5.610000000000000159e-05
9.326000000000000000e+03 5.608999999999999999e-05
9.327000000000000000e+03 5.607999999999999839e-05
9.328000000000000000e+03 5.606999999999999680e-05
9.329000000000000000e+03 5.606999999999999680e-05
9.330000000000000000e+03 5.606000000000000197e-05
9.331000000000000000e+03 5.605000000000000038e-05
9.332000000000000000e+03 5.603999999999999878e-05
9.333000000000000000e+03 5.602999999999999718e-05
9.334000000000000000e+03 5.601000000000000076e-05
9.335000000000000000e+03 5.599999999999999916e-05
9.336000000000000000e+03 5.598999999999999756e-05
9.337000000000000000e+03 5.598000000000000274e-05
9.338000000000000000e+03 5.597000000000000114e-05
9.339000000000000000e+03 5.595999999999999954e-05
9.340000000000000000e+03 5.594000000000000312e-05
9.341000000000000000e+03 5.594000000000000312e-05
9.342000000000000000e+03 5.593000000000000152e-05
9.343000000000000000e+03 5.591999999999999993e-05
9.344000000000000000e+03 5.591999999999999993e-05
9.345000000000000000e+03 5.590999999999999833e-05
9.346000000000000000e+03 5.589999999999999673e-05
9.347000000000000000e+03 5.589000000000000191e-05
9.348000000000000000e+03 5.589000000000000191e-05
9.349000000000000000e+03 5.588000000000000031e-05
9.350000000000000000e+03 5.586999999999999871e-05
9.351000000000000000e+03 5.585999999999999711e-05
9.352000000000000000e+03 5.585000000000000229e-05
9.353000000000000000e+03 5.584000000000000069e-05
9.354000000000000000e+03 5.582999999999999909e-05
9.355000000000000000e+03 5.581000000000000267e-05
9.356000000000000000e+03 5.580000000000000107e-05
9.357000000000000000e+03 5.578999999999999948e-05
9.358000000000000000e+03 5.577999999999999788e-05
9.359000000000000000e+03 5.577000000000000306e-05
9.360000000000000000e+03 5.574999999999999986e-05
9.361000000000000000e+03 5.574999999999999986e-05
9.362000000000000000e+03 5.573999999999999826e-05
9.363000000000000000e+03 5.572999999999999666e-05
9.364000000000000000e+03 5.572999999999999666e-05
9.365000000000000000e+03 5.572000000000000184e-05
9.366000000000000000e+03 5.571000000000000024e-05
9.367000000000000000e+03 5.569999999999999864e-05
9.368000000000000000e+03 5.569999999999999864e-05
9.369000000000000000e+03 5.568999999999999705e-05
9.370000000000000000e+03 5.568000000000000222e-05
9.371000000000000000e+03 5.567000000000000063e-05
9.372000000000000000e+03 5.565999999999999903e-05
9.373000000000000000e+03 5.564999999999999743e-05
9.374000000000000000e+03 5.564000000000000261e-05
9.375000000000000000e+03 5.561999999999999941e-05
9.376000000000000000e+03 5.560999999999999781e-05
9.377000000000000000e+03 5.560000000000000299e-05
9.378000000000000000e+03 5.559000000000000139e-05
9.379000000000000000e+03 5.557999999999999979e-05
9.380000000000000000e+03 5.556000000000000337e-05
9.381000000000000000e+03 5.556000000000000337e-05
9.382000000000000000e+03 5.555000000000000177e-05
9.383000000000000000e+03 5.554000000000000018e-05
9.384000000000000000e+03 5.554000000000000018e-05
9.385000000000000000e+03 5.552999999999999858e-05
9.386000000000000000e+03 5.551999999999999698e-05
9.387000000000000000e+03 5.551000000000000216e-05
9.388000000000000000e+03 5.551000000000000216e-05
9.389000000000000000e+03 5.550000000000000056e-05
9.390000000000000000e+03 5.548999999999999896e-05
9.391000000000000000e+03 5.547999999999999736e-05
9.392000000000000000e+03 5.547999999999999736e-05
9.393000000000000000e+03 5.547000000000000254e-05
9.394000000000000000e+03 5.546000000000000094e-05
9.395000000000000000e+03 5.544999999999999934e-05
9.396000000000000000e+03 5.544999999999999934e-05
9.397000000000000000e+03 5.543999999999999775e-05
9.398000000000000000e+03 5.543000000000000292e-05
9.399000000000000000e+03 5.543000000000000292e-05
9.400000000000000000e+03 5.542000000000000132e-05
9.401000000000000000e+03 5.539999999999999813e-05
9.402000000000000000e+03 5.538000000000000171e-05
9.403000000000000000e+03 5.537000000000000011e-05
9.404000000000000000e+03 5.534999999999999691e-05
9.405000000000000000e+03 5.533000000000000049e-05
9.406000000000000000e+03 5.530999999999999730e-05
9.407000000000000000e+03 5.530000000000000247e-05
9.408000000000000000e+03 5.527999999999999928e-05
9.409000000000000000e+03 5.526000000000000286e-05
9.410000000000000000e+03 5.525000000000000126e-05
9.411000000000000000e+03 5.522999999999999806e-05
9.412000000000000000e+03 5.522000000000000324e-05
9.413000000000000000e+03 5.521000000000000164e-05
9.414000000000000000e+03 5.518999999999999844e-05
9.415000000000000000e+03 5.517999999999999685e-05
9.416000000000000000e+03 5.517000000000000202e-05
9.417000000000000000e+03 5.516000000000000043e-05
9.418000000000000000e+03 5.513999999999999723e-05
9.419000000000000000e+03 5.513000000000000241e-05
9.420000000000000000e+03 5.512000000000000081e-05
9.421000000000000000e+03 5.509999999999999761e-05
9.422000000000000000e+03 5.508000000000000119e-05
9.423000000000000000e+03 5.506999999999999959e-05
9.424000000000000000e+03 5.505000000000000317e-05
9.425000000000000000e+03 5.502999999999999998e-05
9.426000000000000000e+03 5.500999999999999678e-05
9.427000000000000000e+03 5.500000000000000196e-05
9.428000000000000000e+03 5.497999999999999876e-05
9.429000000000000000e+03 5.496000000000000234e-05
9.430000000000000000e+03 5.495000000000000074e-05
9.431000000000000000e+03 5.493999999999999914e-05
9.432000000000000000e+03 5.492999999999999755e-05
9.433000000000000000e+03 5.492000000000000272e-05
9.434000000000000000e+03 5.491000000000000113e-05
9.435000000000000000e+03 5.489999999999999953e-05
9.436000000000000000e+03 5.488999999999999793e-05
9.437000000000000000e+03 5.488000000000000311e-05
9.438000000000000000e+03 5.487000000000000151e-05
9.439000000000000000e+03 5.485999999999999991e-05
9.440000000000000000e+03 5.484999999999999831e-05
9.441000000000000000e+03 5.483000000000000189e-05
9.442000000000000000e+03 5.482000000000000029e-05
9.443000000000000000e+03 5.480999999999999870e-05
9.444000000000000000e+03 5.479000000000000227e-05
9.445000000000000000e+03 5.478000000000000068e-05
9.446000000000000000e+03 5.475999999999999748e-05
9.447000000000000000e+03 5.475000000000000266e-05
9.448000000000000000e+03 5.472999999999999946e-05
9.449000000000000000e+03 5.471999999999999786e-05
9.450000000000000000e+03 5.470000000000000144e-05
9.451000000000000000e+03 5.468999999999999984e-05
9.452000000000000000e+03 5.467999999999999825e-05
9.453000000000000000e+03 5.467999999999999825e-05
9.454000000000000000e+03 5.466999999999999665e-05
9.455000000000000000e+03 5.466000000000000183e-05
9.456000000000000000e+03 5.465000000000000023e-05
9.457000000000000000e+03 5.463999999999999863e-05
9.458000000000000000e+03 5.462999999999999703e-05
9.459000000000000000e+03 5.462000000000000221e-05
9.460000000000000000e+03 5.461000000000000061e-05
9.461000000000000000e+03 5.459999999999999901e-05
9.462000000000000000e+03 5.458999999999999741e-05
9.463000000000000000e+03 5.458000000000000259e-05
9.464000000000000000e+03 5.457000000000000099e-05
9.465000000000000000e+03 5.455999999999999939e-05
9.466000000000000000e+03 5.454999999999999780e-05
9.467000000000000000e+03 5.454000000000000297e-05
9.468000000000000000e+03 5.453000000000000138e-05
9.469000000000000000e+03 5.451999999999999978e-05
9.470000000000000000e+03 5.450999999999999818e-05
9.471000000000000000e+03 5.449000000000000176e-05
9.472000000000000000e+03 5.448000000000000016e-05
9.473000000000000000e+03 5.445999999999999696e-05
9.474000000000000000e+03 5.445000000000000214e-05
9.475000000000000000e+03 5.442999999999999895e-05
9.476000000000000000e+03 5.441999999999999735e-05
9.477000000000000000e+03 5.441000000000000252e-05
9.478000000000000000e+03 5.438999999999999933e-05
9.479000000000000000e+03 5.437999999999999773e-05
9.480000000000000000e+03 5.436000000000000131e-05
9.481000000000000000e+03 5.434999999999999971e-05
9.482000000000000000e+03 5.433999999999999811e-05
9.483000000000000000e+03 5.433000000000000329e-05
9.484000000000000000e+03 5.432000000000000169e-05
9.485000000000000000e+03 5.431000000000000009e-05
9.486000000000000000e+03 5.429999999999999850e-05
9.487000000000000000e+03 5.428999999999999690e-05
9.488000000000000000e+03 5.428000000000000208e-05
9.489000000000000000e+03 5.427000000000000048e-05
9.490000000000000000e+03 5.425999999999999888e-05
9.491000000000000000e+03 5.424999999999999728e-05
9.492000000000000000e+03 5.424000000000000246e-05
9.493000000000000000e+03 5.423000000000000086e-05
9.494000000000000000e+03 5.421999999999999926e-05
9.495000000000000000e+03 5.420999999999999766e-05
9.496000000000000000e+03 5.420000000000000284e-05
9.497000000000000000e+03 5.419000000000000124e-05
9.498000000000000000e+03 5.417999999999999964e-05
9.499000000000000000e+03 5.416999999999999805e-05
9.500000000000000000e+03 5.416000000000000322e-05
9.501000000000000000e+03 5.414000000000000003e-05
9.502000000000000000e+03 5.412999999999999843e-05
9.503000000000000000e+03 5.411000000000000201e-05
9.504000000000000000e+03 5.410000000000000041e-05
9.505000000000000000e+03 5.407999999999999721e-05
9.506000000000000000e+03 5.407000000000000239e-05
9.507000000000000000e+03 5.404999999999999920e-05
9.508000000000000000e+03 5.403999999999999760e-05
9.509000000000000000e+03 5.402000000000000118e-05
9.510000000000000000e+03 5.399999999999999798e-05
9.511000000000000000e+03 5.399000000000000316e-05
9.512000000000000000e+03 5.398000000000000156e-05
9.513000000000000000e+03 5.396999999999999996e-05
9.514000000000000000e+03 5.395999999999999836e-05
9.515000000000000000e+03 5.394999999999999676e-05
9.516000000000000000e+03 5.394000000000000194e-05
9.517000000000000000e+03 5.393000000000000034e-05
9.518000000000000000e+03 5.391999999999999875e-05
9.519000000000000000e+03 5.390000000000000233e-05
9.520000000000000000e+03 5.389000000000000073e-05
9.521000000000000000e+03 5.387999999999999913e-05
9.522000000000000000e+03 5.386000000000000271e-05
9.523000000000000000e+03 5.385000000000000111e-05
9.524000000000000000e+03 5.382999999999999791e-05
9.525000000000000000e+03 5.381000000000000149e-05
9.526000000000000000e+03 5.379999999999999989e-05
9.527000000000000000e+03 5.377999999999999670e-05
9.528000000000000000e+03 5.377000000000000188e-05
9.529000000000000000e+03 5.374999999999999868e-05
9.530000000000000000e+03 5.373999999999999708e-05
9.531000000000000000e+03 5.372000000000000066e-05
9.532000000000000000e+03 5.370999999999999906e-05
9.533000000000000000e+03 5.369999999999999746e-05
9.534000000000000000e+03 5.369000000000000264e-05
9.535000000000000000e+03 5.368000000000000104e-05
9.536000000000000000e+03 5.366999999999999945e-05
9.537000000000000000e+03 5.365999999999999785e-05
9.538000000000000000e+03 5.365000000000000303e-05
9.539000000000000000e+03 5.362999999999999983e-05
9.540000000000000000e+03 5.361999999999999823e-05
9.541000000000000000e+03 5.360999999999999663e-05
9.542000000000000000e+03 5.360000000000000181e-05
9.543000000000000000e+03 5.359000000000000021e-05
9.544000000000000000e+03 5.357999999999999861e-05
9.545000000000000000e+03 5.356999999999999701e-05
9.546000000000000000e+03 5.356000000000000219e-05
9.547000000000000000e+03 5.353999999999999900e-05
9.548000000000000000e+03 5.352999999999999740e-05
9.549000000000000000e+03 5.352000000000000258e-05
9.550000000000000000e+03 5.351000000000000098e-05
9.551000000000000000e+03 5.348999999999999778e-05
9.552000000000000000e+03 5.348000000000000296e-05
9.553000000000000000e+03 5.345999999999999976e-05
9.554000000000000000e+03 5.344999999999999816e-05
9.555000000000000000e+03 5.343000000000000174e-05
9.556000000000000000e+03 5.340999999999999855e-05
9.557000000000000000e+03 5.339999999999999695e-05
9.558000000000000000e+03 5.338000000000000053e-05
9.559000000000000000e+03 5.336999999999999893e-05
9.560000000000000000e+03 5.335000000000000251e-05
9.561000000000000000e+03 5.334000000000000091e-05
9.562000000000000000e+03 5.332999999999999931e-05
9.563000000000000000e+03 5.331999999999999771e-05
9.564000000000000000e+03 5.330000000000000129e-05
9.565000000000000000e+03 5.328999999999999970e-05
9.566000000000000000e+03 5.327999999999999810e-05
9.567000000000000000e+03 5.327000000000000328e-05
9.568000000000000000e+03 5.326000000000000168e-05
9.569000000000000000e+03 5.325000000000000008e-05
9.570000000000000000e+03 5.323999999999999848e-05
9.571000000000000000e+03 5.322000000000000206e-05
9.572000000000000000e+03 5.321000000000000046e-05
9.573000000000000000e+03 5.319999999999999886e-05
9.574000000000000000e+03 5.318999999999999726e-05
9.575000000000000000e+03 5.318000000000000244e-05
9.576000000000000000e+03 5.317000000000000084e-05
9.577000000000000000e+03 5.314999999999999765e-05
9.578000000000000000e+03 5.314000000000000283e-05
9.579000000000000000e+03 5.313000000000000123e-05
9.580000000000000000e+03 5.311999999999999963e-05
9.581000000000000000e+03 5.310000000000000321e-05
9.582000000000000000e+03 5.309000000000000161e-05
9.583000000000000000e+03 5.306999999999999841e-05
9.584000000000000000e+03 5.305000000000000199e-05
9.585000000000000000e+03 5.304000000000000040e-05
9.586000000000000000e+03 5.301999999999999720e-05
9.587000000000000000e+03 5.301000000000000238e-05
9.588000000000000000e+03 5.298999999999999918e-05
9.589000000000000000e+03 5.297000000000000276e-05
9.590000000000000000e+03 5.296000000000000116e-05
9.591000000000000000e+03 5.294999999999999956e-05
9.592000000000000000e+03 5.293000000000000314e-05
9.593000000000000000e+03 5.292000000000000154e-05
9.594000000000000000e+03 5.290999999999999995e-05
9.595000000000000000e+03 5.289999999999999835e-05
9.596000000000000000e+03 5.288999999999999675e-05
9.597000000000000000e+03 5.288000000000000193e-05
9.598000000000000000e+03 5.285999999999999873e-05
9.599000000000000000e+03 5.284999999999999713e-05
9.600000000000000000e+03 5.284000000000000231e-05
9.601000000000000000e+03 5.283000000000000071e-05
9.602000000000000000e+03 5.280999999999999751e-05
9.603000000000000000e+03 5.280000000000000269e-05
9.604000000000000000e+03 5.279000000000000109e-05
9.605000000000000000e+03 5.276999999999999790e-05
9.606000000000000000e+03 5.276000000000000308e-05
9.607000000000000000e+03 5.273999999999999988e-05
9.608000000000000000e+03 5.272999999999999828e-05
9.609000000000000000e+03 5.271999999999999668e-05
9.610000000000000000e+03 5.270000000000000026e-05
9.611000000000000000e+03 5.267999999999999707e-05
9.612000000000000000e+03 5.267000000000000224e-05
9.613000000000000000e+03 5.264999999999999905e-05
9.614000000000000000e+03 5.263000000000000263e-05
9.615000000000000000e+03 5.260999999999999943e-05
9.616000000000000000e+03 5.259000000000000301e-05
9.617000000000000000e+03 5.256999999999999981e-05
9.618000000000000000e+03 5.255999999999999821e-05
9.619000000000000000e+03 5.254000000000000179e-05
9.620000000000000000e+03 5.251999999999999860e-05
9.621000000000000000e+03 5.250999999999999700e-05
9.622000000000000000e+03 5.249000000000000058e-05
9.623000000000000000e+03 5.247999999999999898e-05
9.624000000000000000e+03 5.246000000000000256e-05
9.625000000000000000e+03 5.245000000000000096e-05
9.626000000000000000e+03 5.243999999999999936e-05
9.627000000000000000e+03 5.242000000000000294e-05
9.628000000000000000e+03 5.241000000000000134e-05
9.629000000000000000e+03 5.238999999999999815e-05
9.630000000000000000e+03 5.238000000000000333e-05
9.631000000000000000e+03 5.237000000000000173e-05
9.632000000000000000e+03 5.236000000000000013e-05
9.633000000000000000e+03 5.233999999999999693e-05
9.634000000000000000e+03 5.233000000000000211e-05
9.635000000000000000e+03 5.232000000000000051e-05
9.636000000000000000e+03 5.230999999999999891e-05
9.637000000000000000e+03 5.229999999999999732e-05
9.638000000000000000e+03 5.228000000000000090e-05
9.639000000000000000e+03 5.226999999999999930e-05
9.640000000000000000e+03 5.225999999999999770e-05
9.641000000000000000e+03 5.224000000000000128e-05
9.642000000000000000e+03 5.222999999999999968e-05
9.643000000000000000e+03 5.221000000000000326e-05
9.644000000000000000e+03 5.219000000000000006e-05
9.645000000000000000e+03 5.217999999999999846e-05
9.646000000000000000e+03 5.216000000000000204e-05
9.647000000000000000e+03 5.213999999999999885e-05
9.648000000000000000e+03 5.212999999999999725e-05
9.649000000000000000e+03 5.211000000000000083e-05
9.650000000000000000e+03 5.209999999999999923e-05
9.651000000000000000e+03 5.208000000000000281e-05
9.652000000000000000e+03 5.207000000000000121e-05
9.653000000000000000e+03 5.205999999999999961e-05
9.654000000000000000e+03 5.204999999999999802e-05
9.655000000000000000e+03 5.203000000000000159e-05
9.656000000000000000e+03 5.202000000000000000e-05
9.657000000000000000e+03 5.200999999999999840e-05
9.658000000000000000e+03 5.199999999999999680e-05
9.659000000000000000e+03 5.199000000000000198e-05
9.660000000000000000e+03 5.196999999999999878e-05
9.661000000000000000e+03 5.195999999999999718e-05
9.662000000000000000e+03 5.195000000000000236e-05
9.663000000000000000e+03 5.194000000000000076e-05
9.664000000000000000e+03 5.191999999999999757e-05
9.665000000000000000e+03 5.191000000000000274e-05
9.666000000000000000e+03 5.190000000000000115e-05
9.667000000000000000e+03 5.188999999999999955e-05
9.668000000000000000e+03 5.187999999999999795e-05
9.669000000000000000e+03 5.186000000000000153e-05
9.670000000000000000e+03 5.184999999999999993e-05
9.671000000000000000e+03 5.182999999999999673e-05
9.672000000000000000e+03 5.182000000000000191e-05
9.673000000000000000e+03 5.179999999999999871e-05
9.674000000000000000e+03 5.178000000000000229e-05
9.675000000000000000e+03 5.177000000000000070e-05
9.676000000000000000e+03 5.174999999999999750e-05
9.677000000000000000e+03 5.173000000000000108e-05
9.678000000000000000e+03 5.171999999999999948e-05
9.679000000000000000e+03 5.170000000000000306e-05
9.680000000000000000e+03 5.167999999999999986e-05
9.681000000000000000e+03 5.166999999999999827e-05
9.682000000000000000e+03 5.165999999999999667e-05
9.683000000000000000e+03 5.165000000000000184e-05
9.684000000000000000e+03 5.162999999999999865e-05
9.685000000000000000e+03 5.161999999999999705e-05
9.686000000000000000e+03 5.161000000000000223e-05
9.687000000000000000e+03 5.160000000000000063e-05
9.688000000000000000e+03 5.157999999999999743e-05
9.689000000000000000e+03 5.157000000000000261e-05
9.690000000000000000e+03 5.156000000000000101e-05
9.691000000000000000e+03 5.154999999999999941e-05
9.692000000000000000e+03 5.153000000000000299e-05
9.693000000000000000e+03 5.152000000000000140e-05
9.694000000000000000e+03 5.150999999999999980e-05
9.695000000000000000e+03 5.149999999999999820e-05
9.696000000000000000e+03 5.148000000000000178e-05
9.697000000000000000e+03 5.147000000000000018e-05
9.698000000000000000e+03 5.145999999999999858e-05
9.699000000000000000e+03 5.144999999999999698e-05
9.700000000000000000e+03 5.143000000000000056e-05
9.701000000000000000e+03 5.141999999999999896e-05
9.702000000000000000e+03 5.140000000000000254e-05
9.703000000000000000e+03 5.137999999999999935e-05
9.704000000000000000e+03 5.136999999999999775e-05
9.705000000000000000e+03 5.135000000000000133e-05
9.706000000000000000e+03 5.132999999999999813e-05
9.707000000000000000e+03 5.131000000000000171e-05
9.708000000000000000e+03 5.130000000000000011e-05
9.709000000000000000e+03 5.127999999999999692e-05
9.710000000000000000e+03 5.126000000000000050e-05
9.711000000000000000e+03 5.124999999999999890e-05
9.712000000000000000e+03 5.123999999999999730e-05
9.713000000000000000e+03 5.122000000000000088e-05
9.714000000000000000e+03 5.120999999999999928e-05
9.715000000000000000e+03 5.119999999999999768e-05
9.716000000000000000e+03 5.119000000000000286e-05
9.717000000000000000e+03 5.116999999999999966e-05
9.718000000000000000e+03 5.115999999999999807e-05
9.719000000000000000e+03 5.115000000000000324e-05
9.720000000000000000e+03 5.114000000000000165e-05
9.721000000000000000e+03 5.111999999999999845e-05
9.722000000000000000e+03 5.110999999999999685e-05
9.723000000000000000e+03 5.110000000000000203e-05
9.724000000000000000e+03 5.107999999999999883e-05
9.725000000000000000e+03 5.106999999999999723e-05
9.726000000000000000e+03 5.106000000000000241e-05
9.727000000000000000e+03 5.105000000000000081e-05
9.728000000000000000e+03 5.102999999999999762e-05
9.729000000000000000e+03 5.102000000000000279e-05
9.730000000000000000e+03 5.101000000000000120e-05
9.731000000000000000e+03 5.098999999999999800e-05
9.732000000000000000e+03 5.097000000000000158e-05
9.733000000000000000e+03 5.094999999999999838e-05
9.734000000000000000e+03 5.093999999999999678e-05
9.735000000000000000e+03 5.092000000000000036e-05
9.736000000000000000e+03 5.089999999999999717e-05
9.737000000000000000e+03 5.089000000000000235e-05
9.738000000000000000e+03 5.086999999999999915e-05
9.739000000000000000e+03 5.085000000000000273e-05
9.740000000000000000e+03 5.082999999999999953e-05
9.741000000000000000e+03 5.081999999999999793e-05
9.742000000000000000e+03 5.081000000000000311e-05
9.743000000000000000e+03 5.078999999999999991e-05
9.744000000000000000e+03 5.077999999999999832e-05
9.745000000000000000e+03 5.076999999999999672e-05
9.746000000000000000e+03 5.075000000000000030e-05
9.747000000000000000e+03 5.073999999999999870e-05
9.748000000000000000e+03 5.072999999999999710e-05
9.749000000000000000e+03 5.071000000000000068e-05
9.750000000000000000e+03 5.069999999999999908e-05
9.751000000000000000e+03 5.068999999999999748e-05
9.752000000000000000e+03 5.068000000000000266e-05
9.753000000000000000e+03 5.065999999999999947e-05
9.754000000000000000e+03 5.064999999999999787e-05
9.755000000000000000e+03 5.064000000000000304e-05
9.756000000000000000e+03 5.061999999999999985e-05
9.757000000000000000e+03 5.060999999999999825e-05
9.758000000000000000e+03 5.059999999999999665e-05
9.759000000000000000e+03 5.058000000000000023e-05
9.760000000000000000e+03 5.056999999999999863e-05
9.761000000000000000e+03 5.055999999999999703e-05
9.762000000000000000e+03 5.054000000000000061e-05
9.763000000000000000e+03 5.052999999999999902e-05
9.764000000000000000e+03 5.051999999999999742e-05
9.765000000000000000e+03 5.050000000000000100e-05
9.766000000000000000e+03 5.048999999999999940e-05
9.767000000000000000e+03 5.047999999999999780e-05
9.768000000000000000e+03 5.046000000000000138e-05
9.769000000000000000e+03 5.044999999999999978e-05
9.770000000000000000e+03 5.043999999999999818e-05
9.771000000000000000e+03 5.042000000000000176e-05
9.772000000000000000e+03 5.039999999999999857e-05
9.773000000000000000e+03 5.038000000000000215e-05
9.774000000000000000e+03 5.037000000000000055e-05
9.775000000000000000e+03 5.034999999999999735e-05
9.776000000000000000e+03 5.033000000000000093e-05
9.777000000000000000e+03 5.030999999999999773e-05
9.778000000000000000e+03 5.029000000000000131e-05
9.779000000000000000e+03 5.027999999999999972e-05
9.780000000000000000e+03 5.026000000000000329e-05
9.781000000000000000e+03 5.025000000000000170e-05
9.782000000000000000e+03 5.022999999999999850e-05
9.783000000000000000e+03 5.021999999999999690e-05
9.784000000000000000e+03 5.020000000000000048e-05
9.785000000000000000e+03 5.018999999999999888e-05
9.786000000000000000e+03 5.017999999999999728e-05
9.787000000000000000e+03 5.016000000000000086e-05
9.788000000000000000e+03 5.014999999999999927e-05
9.789000000000000000e+03 5.013999999999999767e-05
9.790000000000000000e+03 5.012000000000000125e-05
9.791000000000000000e+03 5.010999999999999965e-05
9.792000000000000000e+03 5.009999999999999805e-05
9.793000000000000000e+03 5.008000000000000163e-05
9.794000000000000000e+03 5.007000000000000003e-05
9.795000000000000000e+03 5.004999999999999684e-05
9.796000000000000000e+03 5.004000000000000201e-05
9.797000000000000000e+03 5.003000000000000041e-05
9.798000000000000000e+03 5.000999999999999722e-05
9.799000000000000000e+03 5.000000000000000240e-05
9.800000000000000000e+03 4.999000000000000080e-05
9.801000000000000000e+03 4.996999999999999760e-05
9.802000000000000000e+03 4.995000000000000118e-05
9.803000000000000000e+03 4.993999999999999958e-05
9.804000000000000000e+03 4.992000000000000316e-05
9.805000000000000000e+03 4.989999999999999997e-05
9.806000000000000000e+03 4.988999999999999837e-05
9.807000000000000000e+03 4.987000000000000195e-05
9.808000000000000000e+03 4.984999999999999875e-05
9.809000000000000000e+03 4.983999999999999715e-05
9.810000000000000000e+03 4.982000000000000073e-05
9.811000000000000000e+03 4.979999999999999753e-05
9.812000000000000000e+03 4.978000000000000111e-05
9.813000000000000000e+03 4.975999999999999792e-05
9.814000000000000000e+03 4.974000000000000150e-05
9.815000000000000000e+03 4.971999999999999830e-05
9.816000000000000000e+03 4.970000000000000188e-05
9.817000000000000000e+03 4.967999999999999868e-05
9.818000000000000000e+03 4.966000000000000226e-05
9.819000000000000000e+03 4.962999999999999747e-05
9.820000000000000000e+03 4.961000000000000105e-05
9.821000000000000000e+03 4.959999999999999945e-05
9.822000000000000000e+03 4.958000000000000303e-05
9.823000000000000000e+03 4.955999999999999983e-05
9.824000000000000000e+03 4.954999999999999823e-05
9.825000000000000000e+03 4.953000000000000181e-05
9.826000000000000000e+03 4.950999999999999862e-05
9.827000000000000000e+03 4.949999999999999702e-05
9.828000000000000000e+03 4.948000000000000060e-05
9.829000000000000000e+03 4.945999999999999740e-05
9.830000000000000000e+03 4.945000000000000258e-05
9.831000000000000000e+03 4.942999999999999938e-05
9.832000000000000000e+03 4.941999999999999778e-05
9.833000000000000000e+03 4.941000000000000296e-05
9.834000000000000000e+03 4.938999999999999977e-05
9.835000000000000000e+03 4.937999999999999817e-05
9.836000000000000000e+03 4.936000000000000175e-05
9.837000000000000000e+03 4.935000000000000015e-05
9.838000000000000000e+03 4.932999999999999695e-05
9.839000000000000000e+03 4.932000000000000213e-05
9.840000000000000000e+03 4.931000000000000053e-05
9.841000000000000000e+03 4.928999999999999734e-05
9.842000000000000000e+03 4.928000000000000251e-05
9.843000000000000000e+03 4.925999999999999932e-05
9.844000000000000000e+03 4.924999999999999772e-05
9.845000000000000000e+03 4.923000000000000130e-05
9.846000000000000000e+03 4.921999999999999970e-05
9.847000000000000000e+03 4.920999999999999810e-05
9.848000000000000000e+03 4.919000000000000168e-05
9.849000000000000000e+03 4.918000000000000008e-05
9.850000000000000000e+03 4.915999999999999689e-05
9.851000000000000000e+03 4.914000000000000047e-05
9.852000000000000000e+03 4.912999999999999887e-05
9.853000000000000000e+03 4.911000000000000245e-05
9.854000000000000000e+03 4.908999999999999925e-05
9.855000000000000000e+03 4.907000000000000283e-05
9.856000000000000000e+03 4.904999999999999963e-05
9.857000000000000000e+03 4.903000000000000321e-05
9.858000000000000000e+03 4.901000000000000002e-05
9.859000000000000000e+03 4.899999999999999842e-05
9.860000000000000000e+03 4.898000000000000200e-05
9.861000000000000000e+03 4.895999999999999880e-05
9.862000000000000000e+03 4.894999999999999720e-05
9.863000000000000000e+03 4.893000000000000078e-05
9.864000000000000000e+03 4.891999999999999918e-05
9.865000000000000000e+03 4.890000000000000276e-05
9.866000000000000000e+03 4.889000000000000117e-05
9.867000000000000000e+03 4.886999999999999797e-05
9.868000000000000000e+03 4.886000000000000315e-05
9.869000000000000000e+03 4.885000000000000155e-05
9.870000000000000000e+03 4.882999999999999835e-05
9.871000000000000000e+03 4.881999999999999675e-05
9.872000000000000000e+03 4.880000000000000033e-05
9.873000000000000000e+03 4.878999999999999873e-05
9.874000000000000000e+03 4.877000000000000231e-05
9.875000000000000000e+03 4.876000000000000072e-05
9.876000000000000000e+03 4.873999999999999752e-05
9.877000000000000000e+03 4.873000000000000270e-05
9.878000000000000000e+03 4.870999999999999950e-05
9.879000000000000000e+03 4.869999999999999790e-05
9.880000000000000000e+03 4.868000000000000148e-05
9.881000000000000000e+03 4.866999999999999988e-05
9.882000000000000000e+03 4.864999999999999669e-05
9.883000000000000000e+03 4.864000000000000186e-05
9.884000000000000000e+03 4.861999999999999867e-05
9.885000000000000000e+03 4.860999999999999707e-05
9.886000000000000000e+03 4.860000000000000225e-05
9.887000000000000000e+03 4.857999999999999905e-05
9.888000000000000000e+03 4.856999999999999745e-05
9.889000000000000000e+03 4.855000000000000103e-05
9.890000000000000000e+03 4.853999999999999943e-05
9.891000000000000000e+03 4.852000000000000301e-05
9.892000000000000000e+03 4.849999999999999982e-05
9.893000000000000000e+03 4.847999999999999662e-05
9.894000000000000000e+03 4.846000000000000020e-05
9.895000000000000000e+03 4.843999999999999700e-05
9.896000000000000000e+03 4.842000000000000058e-05
9.897000000000000000e+03 4.839999999999999739e-05
9.898000000000000000e+03 4.838000000000000097e-05
9.899000000000000000e+03 4.835999999999999777e-05
9.900000000000000000e+03 4.834000000000000135e-05
9.901000000000000000e+03 4.832999999999999975e-05
9.902000000000000000e+03 4.831000000000000333e-05
9.903000000000000000e+03 4.830000000000000173e-05
9.904000000000000000e+03 4.827999999999999854e-05
9.905000000000000000e+03 4.826999999999999694e-05
9.906000000000000000e+03 4.825000000000000052e-05
9.907000000000000000e+03 4.823999999999999892e-05
9.908000000000000000e+03 4.822000000000000250e-05
9.909000000000000000e+03 4.821000000000000090e-05
9.910000000000000000e+03 4.818999999999999770e-05
9.911000000000000000e+03 4.818000000000000288e-05
9.912000000000000000e+03 4.815999999999999968e-05
9.913000000000000000e+03 4.814999999999999809e-05
9.914000000000000000e+03 4.813000000000000167e-05
9.915000000000000000e+03 4.812000000000000007e-05
9.916000000000000000e+03 4.809999999999999687e-05
9.917000000000000000e+03 4.809000000000000205e-05
9.918000000000000000e+03 4.806999999999999885e-05
9.919000000000000000e+03 4.805999999999999725e-05
9.920000000000000000e+03 4.804000000000000083e-05
9.921000000000000000e+03 4.802999999999999923e-05
9.922000000000000000e+03 4.801000000000000281e-05
9.923000000000000000e+03 4.800000000000000122e-05
9.924000000000000000e+03 4.797999999999999802e-05
9.925000000000000000e+03 4.797000000000000320e-05
9.926000000000000000e+03 4.795000000000000000e-05
9.927000000000000000e+03 4.792999999999999680e-05
9.928000000000000000e+03 4.792000000000000198e-05
9.929000000000000000e+03 4.789999999999999879e-05
9.930000000000000000e+03 4.788999999999999719e-05
9.931000000000000000e+03 4.787000000000000077e-05
9.932000000000000000e+03 4.785999999999999917e-05
9.933000000000000000e+03 4.784000000000000275e-05
9.934000000000000000e+03 4.783000000000000115e-05
9.935000000000000000e+03 4.780999999999999795e-05
9.936000000000000000e+03 4.780000000000000313e-05
9.937000000000000000e+03 4.777999999999999993e-05
9.938000000000000000e+03 4.776999999999999834e-05
9.939000000000000000e+03 4.775000000000000192e-05
9.940000000000000000e+03 4.772999999999999872e-05
9.941000000000000000e+03 4.771000000000000230e-05
9.942000000000000000e+03 4.768999999999999910e-05
9.943000000000000000e+03 4.767999999999999750e-05
9.944000000000000000e+03 4.766000000000000108e-05
9.945000000000000000e+03 4.763999999999999789e-05
9.946000000000000000e+03 4.762000000000000147e-05
9.947000000000000000e+03 4.759999999999999827e-05
9.948000000000000000e+03 4.758000000000000185e-05
9.949000000000000000e+03 4.755999999999999865e-05
9.950000000000000000e+03 4.754000000000000223e-05
9.951000000000000000e+03 4.751999999999999904e-05
9.952000000000000000e+03 4.750999999999999744e-05
9.953000000000000000e+03 4.749000000000000102e-05
9.954000000000000000e+03 4.746999999999999782e-05
9.955000000000000000e+03 4.746000000000000300e-05
9.956000000000000000e+03 4.743999999999999980e-05
9.957000000000000000e+03 4.742999999999999820e-05
9.958000000000000000e+03 4.741000000000000178e-05
9.959000000000000000e+03 4.740000000000000018e-05
9.960000000000000000e+03 4.737999999999999699e-05
9.961000000000000000e+03 4.736000000000000057e-05
9.962000000000000000e+03 4.734999999999999897e-05
9.963000000000000000e+03 4.733000000000000255e-05
9.964000000000000000e+03 4.732000000000000095e-05
9.965000000000000000e+03 4.729999999999999775e-05
9.966000000000000000e+03 4.728000000000000133e-05
9.967000000000000000e+03 4.726999999999999974e-05
9.968000000000000000e+03 4.725000000000000331e-05
9.969000000000000000e+03 4.724000000000000172e-05
9.970000000000000000e+03 4.721999999999999852e-05
9.971000000000000000e+03 4.720999999999999692e-05
9.972000000000000000e+03 4.719000000000000050e-05
9.973000000000000000e+03 4.716999999999999730e-05
9.974000000000000000e+03 4.716000000000000248e-05
9.975000000000000000e+03 4.713999999999999929e-05
9.976000000000000000e+03 4.712999999999999769e-05
9.977000000000000000e+03 4.711000000000000127e-05
9.978000000000000000e+03 4.708999999999999807e-05
9.979000000000000000e+03 4.708000000000000325e-05
9.980000000000000000e+03 4.706000000000000005e-05
9.981000000000000000e+03 4.704999999999999845e-05
9.982000000000000000e+03 4.703000000000000203e-05
9.983000000000000000e+03 4.700999999999999884e-05
9.984000000000000000e+03 4.699999999999999724e-05
9.985000000000000000e+03 4.698000000000000082e-05
9.986000000000000000e+03 4.695999999999999762e-05
9.987000000000000000e+03 4.695000000000000280e-05
9.988000000000000000e+03 4.692999999999999960e-05
9.989000000000000000e+03 4.691999999999999800e-05
9.990000000000000000e+03 4.690000000000000158e-05
9.991000000000000000e+03 4.687999999999999839e-05
9.992000000000000000e+03 4.686000000000000197e-05
9.993000000000000000e+03 4.683999999999999877e-05
9.994000000000000000e+03 4.682000000000000235e-05
9.995000000000000000e+03 4.679999999999999915e-05
9.996000000000000000e+03 4.678000000000000273e-05
9.997000000000000000e+03 4.675999999999999954e-05
9.998000000000000000e+03 4.674000000000000312e-05
9.999000000000000000e+03 4.671999999999999992e-05
1.000000000000000000e+04 4.669999999999999672e-05
1.000100000000000000e+04 4.668000000000000030e-05
1.000200000000000000e+04 4.666999999999999870e-05
1.000300000000000000e+04 4.665999999999999711e-05
1.000400000000000000e+04 4.666999999999999870e-05
1.000500000000000000e+04 4.668000000000000030e-05
1.000600000000000000e+04 4.668000000000000030e-05
1.000700000000000000e+04 4.669000000000000190e-05
1.000800000000000000e+04 4.669999999999999672e-05
1.000900000000000000e+04 4.670999999999999832e-05
1.001000000000000000e+04 4.670999999999999832e-05
1.001100000000000000e+04 4.671999999999999992e-05
1.001200000000000000e+04 4.673000000000000152e-05
1.001300000000000000e+04 4.674000000000000312e-05
1.001400000000000000e+04 4.674000000000000312e-05
1.001500000000000000e+04 4.674999999999999794e-05
1.001600000000000000e+04 4.675999999999999954e-05
1.001700000000000000e+04 4.677000000000000113e-05
1.001800000000000000e+04 4.677000000000000113e-05
1.001900000000000000e+04 4.678000000000000273e-05
1.002000000000000000e+04 4.678999999999999755e-05
1.002100000000000000e+04 4.678999999999999755e-05
1.002200000000000000e+04 4.679999999999999915e-05
1.002300000000000000e+04 4.681000000000000075e-05
1.002400000000000000e+04 4.682000000000000235e-05
1.002500000000000000e+04 4.682000000000000235e-05
1.002600000000000000e+04 4.682999999999999717e-05
1.002700000000000000e+04 4.683999999999999877e-05
1.002800000000000000e+04 4.685000000000000037e-05
1.002900000000000000e+04 4.685000000000000037e-05
1.003000000000000000e+04 4.686000000000000197e-05
1.003100000000000000e+04 4.686999999999999679e-05
1.003200000000000000e+04 4.686999999999999679e-05
1.003300000000000000e+04 4.687999999999999839e-05
1.003400000000000000e+04 4.688999999999999999e-05
1.003500000000000000e+04 4.690000000000000158e-05
1.003600000000000000e+04 4.690000000000000158e-05
1.003700000000000000e+04 4.691000000000000318e-05
1.003800000000000000e+04 4.691999999999999800e-05
1.003900000000000000e+04 4.692999999999999960e-05
1.004000000000000000e+04 4.692999999999999960e-05
1.004100000000000000e+04 4.694000000000000120e-05
1.004200000000000000e+04 4.694000000000000120e-05
1.004300000000000000e+04 4.694000000000000120e-05
1.004400000000000000e+04 4.695000000000000280e-05
1.004500000000000000e+04 4.695000000000000280e-05
1.004600000000000000e+04 4.695000000000000280e-05
1.004700000000000000e+04 4.695000000000000280e-05
1.004800000000000000e+04 4.695999999999999762e-05
1.004900000000000000e+04 4.695999999999999762e-05
1.005000000000000000e+04 4.695999999999999762e-05
1.005100000000000000e+04 4.696999999999999922e-05
1.005200000000000000e+04 4.698000000000000082e-05
1.005300000000000000e+04 4.699000000000000242e-05
1.005400000000000000e+04 4.699000000000000242e-05
1.005500000000000000e+04 4.699999999999999724e-05
1.005600000000000000e+04 4.700999999999999884e-05
1.005700000000000000e+04 4.700999999999999884e-05
1.005800000000000000e+04 4.702000000000000043e-05
1.005900000000000000e+04 4.703000000000000203e-05
1.006000000000000000e+04 4.703999999999999685e-05
1.006100000000000000e+04 4.703999999999999685e-05
1.006200000000000000e+04 4.704999999999999845e-05
1.006300000000000000e+04 4.706000000000000005e-05
1.006400000000000000e+04 4.706000000000000005e-05
1.006500000000000000e+04 4.707000000000000165e-05
1.006600000000000000e+04 4.708000000000000325e-05
1.006700000000000000e+04 4.708000000000000325e-05
1.006800000000000000e+04 4.708999999999999807e-05
1.006900000000000000e+04 4.709999999999999967e-05
1.007000000000000000e+04 4.711000000000000127e-05
1.007100000000000000e+04 4.711000000000000127e-05
1.007200000000000000e+04 4.712000000000000287e-05
1.007300000000000000e+04 4.712999999999999769e-05
1.007400000000000000e+04 4.712999999999999769e-05
1.007500000000000000e+04 4.713999999999999929e-05
1.007600000000000000e+04 4.715000000000000088e-05
1.007700000000000000e+04 4.715000000000000088e-05
1.007800000000000000e+04 4.716000000000000248e-05
1.007900000000000000e+04 4.716999999999999730e-05
1.008000000000000000e+04 4.717999999999999890e-05
1.008100000000000000e+04 4.717999999999999890e-05
1.008200000000000000e+04 4.719000000000000050e-05
1.008300000000000000e+04 4.720000000000000210e-05
1.008400000000000000e+04 4.720000000000000210e-05
1.008500000000000000e+04 4.720999999999999692e-05
1.008600000000000000e+04 4.721999999999999852e-05
1.008700000000000000e+04 4.721999999999999852e-05
1.008800000000000000e+04 4.723000000000000012e-05
1.008900000000000000e+04 4.724000000000000172e-05
1.009000000000000000e+04 4.724000000000000172e-05
1.009100000000000000e+04 4.725000000000000331e-05
1.009200000000000000e+04 4.725999999999999814e-05
1.009300000000000000e+04 4.725999999999999814e-05
1.009400000000000000e+04 4.726999999999999974e-05
1.009500000000000000e+04 4.728000000000000133e-05
1.009600000000000000e+04 4.729000000000000293e-05
1.009700000000000000e+04 4.729000000000000293e-05
1.009800000000000000e+04 4.729999999999999775e-05
1.009900000000000000e+04 4.730999999999999935e-05
1.010000000000000000e+04 4.730999999999999935e-05
1.010100000000000000e+04 4.732000000000000095e-05
1.010200000000000000e+04 4.733000000000000255e-05
1.010300000000000000e+04 4.733000000000000255e-05
1.010400000000000000e+04 4.733999999999999737e-05
1.010500000000000000e+04 4.734999999999999897e-05
1.010600000000000000e+04 4.734999999999999897e-05
1.010700000000000000e+04 4.736000000000000057e-05
1.010800000000000000e+04 4.737000000000000217e-05
1.010900000000000000e+04 4.737000000000000217e-05
1.011000000000000000e+04 4.737999999999999699e-05
1.011100000000000000e+04 4.737999999999999699e-05
1.011200000000000000e+04 4.738999999999999859e-05
1.011300000000000000e+04 4.738999999999999859e-05
1.011400000000000000e+04 4.738999999999999859e-05
1.011500000000000000e+04 4.738999999999999859e-05
1.011600000000000000e+04 4.740000000000000018e-05
1.011700000000000000e+04 4.740000000000000018e-05
1.011800000000000000e+04 4.740000000000000018e-05
1.011900000000000000e+04 4.740000000000000018e-05
1.012000000000000000e+04 4.741000000000000178e-05
1.012100000000000000e+04 4.741000000000000178e-05
1.012200000000000000e+04 4.742000000000000338e-05
1.012300000000000000e+04 4.742999999999999820e-05
1.012400000000000000e+04 4.742999999999999820e-05
1.012500000000000000e+04 4.743999999999999980e-05
1.012600000000000000e+04 4.745000000000000140e-05
1.012700000000000000e+04 4.745000000000000140e-05
1.012800000000000000e+04 4.746000000000000300e-05
1.012900000000000000e+04 4.746999999999999782e-05
1.013000000000000000e+04 4.746999999999999782e-05
1.013100000000000000e+04 4.747999999999999942e-05
1.013200000000000000e+04 4.749000000000000102e-05
1.013300000000000000e+04 4.749000000000000102e-05
1.013400000000000000e+04 4.750000000000000262e-05
1.013500000000000000e+04 4.750999999999999744e-05
1.013600000000000000e+04 4.750999999999999744e-05
1.013700000000000000e+04 4.751999999999999904e-05
1.013800000000000000e+04 4.753000000000000063e-05
1.013900000000000000e+04 4.753000000000000063e-05
1.014000000000000000e+04 4.754000000000000223e-05
1.014100000000000000e+04 4.754999999999999705e-05
1.014200000000000000e+04 4.754999999999999705e-05
1.014300000000000000e+04 4.755999999999999865e-05
1.014400000000000000e+04 4.755999999999999865e-05
1.014500000000000000e+04 4.757000000000000025e-05
1.014600000000000000e+04 4.758000000000000185e-05
1.014700000000000000e+04 4.758000000000000185e-05
1.014800000000000000e+04 4.758999999999999667e-05
1.014900000000000000e+04 4.759999999999999827e-05
1.015000000000000000e+04 4.759999999999999827e-05
1.015100000000000000e+04 4.760999999999999987e-05
1.015200000000000000e+04 4.762000000000000147e-05
1.015300000000000000e+04 4.762000000000000147e-05
1.015400000000000000e+04 4.763000000000000306e-05
1.015500000000000000e+04 4.763999999999999789e-05
1.015600000000000000e+04 4.763999999999999789e-05
1.015700000000000000e+04 4.764999999999999948e-05
1.015800000000000000e+04 4.766000000000000108e-05
1.015900000000000000e+04 4.766000000000000108e-05
1.016000000000000000e+04 4.767000000000000268e-05
1.016100000000000000e+04 4.767999999999999750e-05
1.016200000000000000e+04 4.767999999999999750e-05
1.016300000000000000e+04 4.768999999999999910e-05
1.016400000000000000e+04 4.768999999999999910e-05
1.016500000000000000e+04 4.770000000000000070e-05
1.016600000000000000e+04 4.771000000000000230e-05
1.016700000000000000e+04 4.771000000000000230e-05
1.016800000000000000e+04 4.771999999999999712e-05
1.016900000000000000e+04 4.772999999999999872e-05
1.017000000000000000e+04 4.772999999999999872e-05
1.017100000000000000e+04 4.774000000000000032e-05
1.017200000000000000e+04 4.775000000000000192e-05
1.017300000000000000e+04 4.775000000000000192e-05
1.017400000000000000e+04 4.775999999999999674e-05
1.017500000000000000e+04 4.775999999999999674e-05
1.017600000000000000e+04 4.776999999999999834e-05
1.017700000000000000e+04 4.777999999999999993e-05
1.017800000000000000e+04 4.777999999999999993e-05
1.017900000000000000e+04 4.779000000000000153e-05
1.018000000000000000e+04 4.780000000000000313e-05
1.018100000000000000e+04 4.780000000000000313e-05
1.018200000000000000e+04 4.780000000000000313e-05
1.018300000000000000e+04 4.780000000000000313e-05
1.018400000000000000e+04 4.780999999999999795e-05
1.018500000000000000e+04 4.780999999999999795e-05
1.018600000000000000e+04 4.780999999999999795e-05
1.018700000000000000e+04 4.780999999999999795e-05
1.018800000000000000e+04 4.780999999999999795e-05
1.018900000000000000e+04 4.781999999999999955e-05
1.019000000000000000e+04 4.781999999999999955e-05
1.019100000000000000e+04 4.781999999999999955e-05
1.019200000000000000e+04 4.783000000000000115e-05
1.019300000000000000e+04 4.784000000000000275e-05
1.019400000000000000e+04 4.784000000000000275e-05
1.019500000000000000e+04 4.784999999999999757e-05
1.019600000000000000e+04 4.785999999999999917e-05
1.019700000000000000e+04 4.785999999999999917e-05
1.019800000000000000e+04 4.787000000000000077e-05
1.019900000000000000e+04 4.787000000000000077e-05
1.020000000000000000e+04 4.788000000000000236e-05
1.020100000000000000e+04 4.788999999999999719e-05
1.020200000000000000e+04 4.788999999999999719e-05
1.020300000000000000e+04 4.789999999999999879e-05
1.020400000000000000e+04 4.791000000000000038e-05
1.020500000000000000e+04 4.791000000000000038e-05
1.020600000000000000e+04 4.792000000000000198e-05
1.020700000000000000e+04 4.792999999999999680e-05
1.020800000000000000e+04 4.792999999999999680e-05
1.020900000000000000e+04 4.793999999999999840e-05
1.021000000000000000e+04 4.795000000000000000e-05
1.021100000000000000e+04 4.795000000000000000e-05
1.021200000000000000e+04 4.796000000000000160e-05
1.021300000000000000e+04 4.797000000000000320e-05
1.021400000000000000e+04 4.797000000000000320e-05
1.021500000000000000e+04 4.797999999999999802e-05
1.021600000000000000e+04 4.798999999999999962e-05
1.021700000000000000e+04 4.798999999999999962e-05
1.021800000000000000e+04 4.800000000000000122e-05
1.021900000000000000e+04 4.800000000000000122e-05
1.022000000000000000e+04 4.801000000000000281e-05
1.022100000000000000e+04 4.801999999999999764e-05
1.022200000000000000e+04 4.801999999999999764e-05
1.022300000000000000e+04 4.802999999999999923e-05
1.022400000000000000e+04 4.804000000000000083e-05
1.022500000000000000e+04 4.804000000000000083e-05
1.022600000000000000e+04 4.805000000000000243e-05
1.022700000000000000e+04 4.805999999999999725e-05
1.022800000000000000e+04 4.805999999999999725e-05
1.022900000000000000e+04 4.806999999999999885e-05
1.023000000000000000e+04 4.808000000000000045e-05
1.023100000000000000e+04 4.808000000000000045e-05
1.023200000000000000e+04 4.809000000000000205e-05
1.023300000000000000e+04 4.809000000000000205e-05
1.023400000000000000e+04 4.809999999999999687e-05
1.023500000000000000e+04 4.810999999999999847e-05
1.023600000000000000e+04 4.810999999999999847e-05
1.023700000000000000e+04 4.812000000000000007e-05
1.023800000000000000e+04 4.813000000000000167e-05
1.023900000000000000e+04 4.813000000000000167e-05
1.024000000000000000e+04 4.814000000000000326e-05
1.024100000000000000e+04 4.814999999999999809e-05
1.024200000000000000e+04 4.814999999999999809e-05
1.024300000000000000e+04 4.815999999999999968e-05
1.024400000000000000e+04 4.815999999999999968e-05
1.024500000000000000e+04 4.817000000000000128e-05
1.024600000000000000e+04 4.818000000000000288e-05
1.024700000000000000e+04 4.818000000000000288e-05
1.024800000000000000e+04 4.818999999999999770e-05
1.024900000000000000e+04 4.819999999999999930e-05
1.025000000000000000e+04 4.819999999999999930e-05
1.025100000000000000e+04 4.821000000000000090e-05
1.025200000000000000e+04 4.821000000000000090e-05
1.025300000000000000e+04 4.822000000000000250e-05
1.025400000000000000e+04 4.822999999999999732e-05
1.025500000000000000e+04 4.822999999999999732e-05
1.025600000000000000e+04 4.823999999999999892e-05
1.025700000000000000e+04 4.825000000000000052e-05
1.025800000000000000e+04 4.825000000000000052e-05
1.025900000000000000e+04 4.826000000000000211e-05
1.026000000000000000e+04 4.826999999999999694e-05
1.026100000000000000e+04 4.826999999999999694e-05
1.026200000000000000e+04 4.827999999999999854e-05
1.026300000000000000e+04 4.827999999999999854e-05
1.026400000000000000e+04 4.829000000000000013e-05
1.026500000000000000e+04 4.830000000000000173e-05
1.026600000000000000e+04 4.830000000000000173e-05
1.026700000000000000e+04 4.831000000000000333e-05
1.026800000000000000e+04 4.831000000000000333e-05
1.026900000000000000e+04 4.831999999999999815e-05
1.027000000000000000e+04 4.832999999999999975e-05
1.027100000000000000e+04 4.832999999999999975e-05
1.027200000000000000e+04 4.834000000000000135e-05
1.027300000000000000e+04 4.835000000000000295e-05
1.027400000000000000e+04 4.835000000000000295e-05
1.027500000000000000e+04 4.835999999999999777e-05
1.027600000000000000e+04 4.835999999999999777e-05
1.027700000000000000e+04 4.836999999999999937e-05
1.027800000000000000e+04 4.838000000000000097e-05
1.027900000000000000e+04 4.838000000000000097e-05
1.028000000000000000e+04 4.839000000000000256e-05
1.028100000000000000e+04 4.839000000000000256e-05
1.028200000000000000e+04 4.839000000000000256e-05
1.028300000000000000e+04 4.839999999999999739e-05
1.028400000000000000e+04 4.839999999999999739e-05
1.028500000000000000e+04 4.839999999999999739e-05
1.028600000000000000e+04 4.839999999999999739e-05
1.028700000000000000e+04 4.839999999999999739e-05
1.028800000000000000e+04 4.840999999999999898e-05
1.028900000000000000e+04 4.840999999999999898e-05
1.029000000000000000e+04 4.840999999999999898e-05
1.029100000000000000e+04 4.842000000000000058e-05
1.029200000000000000e+04 4.842000000000000058e-05
1.029300000000000000e+04 4.843000000000000218e-05
1.029400000000000000e+04 4.843000000000000218e-05
1.029500000000000000e+04 4.843999999999999700e-05
1.029600000000000000e+04 4.844999999999999860e-05
1.029700000000000000e+04 4.844999999999999860e-05
1.029800000000000000e+04 4.846000000000000020e-05
1.029900000000000000e+04 4.846000000000000020e-05
1.030000000000000000e+04 4.847000000000000180e-05
1.030100000000000000e+04 4.847999999999999662e-05
1.030200000000000000e+04 4.847999999999999662e-05
1.030300000000000000e+04 4.848999999999999822e-05
1.030400000000000000e+04 4.848999999999999822e-05
1.030500000000000000e+04 4.849999999999999982e-05
1.030600000000000000e+04 4.851000000000000142e-05
1.030700000000000000e+04 4.851000000000000142e-05
1.030800000000000000e+04 4.852000000000000301e-05
1.030900000000000000e+04 4.852000000000000301e-05
1.031000000000000000e+04 4.852999999999999784e-05
1.031100000000000000e+04 4.853999999999999943e-05
1.031200000000000000e+04 4.853999999999999943e-05
1.031300000000000000e+04 4.855000000000000103e-05
1.031400000000000000e+04 4.856000000000000263e-05
1.031500000000000000e+04 4.856000000000000263e-05
1.031600000000000000e+04 4.856999999999999745e-05
1.031700000000000000e+04 4.856999999999999745e-05
1.031800000000000000e+04 4.857999999999999905e-05
1.031900000000000000e+04 4.859000000000000065e-05
1.032000000000000000e+04 4.859000000000000065e-05
1.032100000000000000e+04 4.860000000000000225e-05
1.032200000000000000e+04 4.860000000000000225e-05
1.032300000000000000e+04 4.860999999999999707e-05
1.032400000000000000e+04 4.861999999999999867e-05
1.032500000000000000e+04 4.861999999999999867e-05
1.032600000000000000e+04 4.863000000000000027e-05
1.032700000000000000e+04 4.863000000000000027e-05
1.032800000000000000e+04 4.864000000000000186e-05
1.032900000000000000e+04 4.864999999999999669e-05
1.033000000000000000e+04 4.864999999999999669e-05
1.033100000000000000e+04 4.865999999999999829e-05
1.033200000000000000e+04 4.865999999999999829e-05
1.033300000000000000e+04 4.866999999999999988e-05
1.033400000000000000e+04 4.866999999999999988e-05
1.033500000000000000e+04 4.868000000000000148e-05
1.033600000000000000e+04 4.869000000000000308e-05
1.033700000000000000e+04 4.869000000000000308e-05
1.033800000000000000e+04 4.869999999999999790e-05
1.033900000000000000e+04 4.869999999999999790e-05
1.034000000000000000e+04 4.870999999999999950e-05
1.034100000000000000e+04 4.872000000000000110e-05
1.034200000000000000e+04 4.872000000000000110e-05
1.034300000000000000e+04 4.873000000000000270e-05
1.034400000000000000e+04 4.873000000000000270e-05
1.034500000000000000e+04 4.873999999999999752e-05
1.034600000000000000e+04 4.874999999999999912e-05
1.034700000000000000e+04 4.874999999999999912e-05
1.034800000000000000e+04 4.876000000000000072e-05
1.034900000000000000e+04 4.876000000000000072e-05
1.035000000000000000e+04 4.877000000000000231e-05
1.035100000000000000e+04 4.877999999999999714e-05
1.035200000000000000e+04 4.877999999999999714e-05
1.035300000000000000e+04 4.878999999999999873e-05
1.035400000000000000e+04 4.878999999999999873e-05
1.035500000000000000e+04 4.880000000000000033e-05
1.035600000000000000e+04 4.881000000000000193e-05
1.035700000000000000e+04 4.881000000000000193e-05
1.035800000000000000e+04 4.881999999999999675e-05
1.035900000000000000e+04 4.881999999999999675e-05
1.036000000000000000e+04 4.882999999999999835e-05
1.036100000000000000e+04 4.882999999999999835e-05
1.036200000000000000e+04 4.883999999999999995e-05
1.036300000000000000e+04 4.885000000000000155e-05
1.036400000000000000e+04 4.885000000000000155e-05
1.036500000000000000e+04 4.886000000000000315e-05
1.036600000000000000e+04 4.886000000000000315e-05
1.036700000000000000e+04 4.886999999999999797e-05
1.036800000000000000e+04 4.887999999999999957e-05
1.036900000000000000e+04 4.887999999999999957e-05
1.037000000000000000e+04 4.889000000000000117e-05
1.037100000000000000e+04 4.889000000000000117e-05
1.037200000000000000e+04 4.890000000000000276e-05
1.037300000000000000e+04 4.890000000000000276e-05
1.037400000000000000e+04 4.890999999999999759e-05
1.037500000000000000e+04 4.891999999999999918e-05
1.037600000000000000e+04 4.891999999999999918e-05
1.037700000000000000e+04 4.893000000000000078e-05
1.037800000000000000e+04 4.893000000000000078e-05
1.037900000000000000e+04 4.894000000000000238e-05
1.038000000000000000e+04 4.894999999999999720e-05
1.038100000000000000e+04 4.894999999999999720e-05
1.038200000000000000e+04 4.895999999999999880e-05
1.038300000000000000e+04 4.895999999999999880e-05
1.038400000000000000e+04 4.897000000000000040e-05
1.038500000000000000e+04 4.897000000000000040e-05
1.038600000000000000e+04 4.898000000000000200e-05
1.038700000000000000e+04 4.898999999999999682e-05
1.038800000000000000e+04 4.898999999999999682e-05
1.038900000000000000e+04 4.899999999999999842e-05
1.039000000000000000e+04 4.899999999999999842e-05
1.039100000000000000e+04 4.901000000000000002e-05
1.039200000000000000e+04 4.901000000000000002e-05
1.039300000000000000e+04 4.902000000000000161e-05
1.039400000000000000e+04 4.903000000000000321e-05
1.039500000000000000e+04 4.903000000000000321e-05
1.039600000000000000e+04 4.903999999999999803e-05
1.039700000000000000e+04 4.903999999999999803e-05
1.039800000000000000e+04 4.904999999999999963e-05
1.039900000000000000e+04 4.904999999999999963e-05
1.040000000000000000e+04 4.906000000000000123e-05
1.040100000000000000e+04 4.907000000000000283e-05
1.040200000000000000e+04 4.907000000000000283e-05
1.040300000000000000e+04 4.907999999999999765e-05
1.040400000000000000e+04 4.907999999999999765e-05
1.040500000000000000e+04 4.908999999999999925e-05
1.040600000000000000e+04 4.910000000000000085e-05
1.040700000000000000e+04 4.910000000000000085e-05
1.040800000000000000e+04 4.911000000000000245e-05
1.040900000000000000e+04 4.911000000000000245e-05
1.041000000000000000e+04 4.911999999999999727e-05
1.041100000000000000e+04 4.912999999999999887e-05
1.041200000000000000e+04 4.912999999999999887e-05
1.041300000000000000e+04 4.914000000000000047e-05
1.041400000000000000e+04 4.914000000000000047e-05
1.041500000000000000e+04 4.915000000000000206e-05
1.041600000000000000e+04 4.915000000000000206e-05
1.041700000000000000e+04 4.915999999999999689e-05
1.041800000000000000e+04 4.916999999999999848e-05
1.041900000000000000e+04 4.916999999999999848e-05
1.042000000000000000e+04 4.918000000000000008e-05
1.042100000000000000e+04 4.918000000000000008e-05
1.042200000000000000e+04 4.919000000000000168e-05
1.042300000000000000e+04 4.920000000000000328e-05
1.042400000000000000e+04 4.920000000000000328e-05
1.042500000000000000e+04 4.920999999999999810e-05
1.042600000000000000e+04 4.920999999999999810e-05
1.042700000000000000e+04 4.921999999999999970e-05
1.042800000000000000e+04 4.923000000000000130e-05
1.042900000000000000e+04 4.923000000000000130e-05
1.043000000000000000e+04 4.924000000000000290e-05
1.043100000000000000e+04 4.924000000000000290e-05
1.043200000000000000e+04 4.924999999999999772e-05
1.043300000000000000e+04 4.924999999999999772e-05
1.043400000000000000e+04 4.925999999999999932e-05
1.043500000000000000e+04 4.927000000000000092e-05
1.043600000000000000e+04 4.927000000000000092e-05
1.043700000000000000e+04 4.928000000000000251e-05
1.043800000000000000e+04 4.928000000000000251e-05
1.043900000000000000e+04 4.928999999999999734e-05
1.044000000000000000e+04 4.929999999999999893e-05
1.044100000000000000e+04 4.929999999999999893e-05
1.044200000000000000e+04 4.931000000000000053e-05
1.044300000000000000e+04 4.931000000000000053e-05
1.044400000000000000e+04 4.932000000000000213e-05
1.044500000000000000e+04 4.932000000000000213e-05
1.044600000000000000e+04 4.932999999999999695e-05
1.044700000000000000e+04 4.933999999999999855e-05
1.044800000000000000e+04 4.933999999999999855e-05
1.044900000000000000e+04 4.935000000000000015e-05
1.045000000000000000e+04 4.935000000000000015e-05
1.045100000000000000e+04 4.935000000000000015e-05
1.045200000000000000e+04 4.936000000000000175e-05
1.045300000000000000e+04 4.936000000000000175e-05
1.045400000000000000e+04 4.936000000000000175e-05
1.045500000000000000e+04 4.936000000000000175e-05
1.045600000000000000e+04 4.936000000000000175e-05
1.045700000000000000e+04 4.936000000000000175e-05
1.045800000000000000e+04 4.937000000000000335e-05
1.045900000000000000e+04 4.937000000000000335e-05
1.046000000000000000e+04 4.937000000000000335e-05
1.046100000000000000e+04 4.937000000000000335e-05
1.046200000000000000e+04 4.937999999999999817e-05
1.046300000000000000e+04 4.938999999999999977e-05
1.046400000000000000e+04 4.938999999999999977e-05
1.046500000000000000e+04 4.940000000000000136e-05
1.046600000000000000e+04 4.940000000000000136e-05
1.046700000000000000e+04 4.941000000000000296e-05
1.046800000000000000e+04 4.941000000000000296e-05
1.046900000000000000e+04 4.941999999999999778e-05
1.047000000000000000e+04 4.942999999999999938e-05
1.047100000000000000e+04 4.942999999999999938e-05
1.047200000000000000e+04 4.944000000000000098e-05
1.047300000000000000e+04 4.944000000000000098e-05
1.047400000000000000e+04 4.945000000000000258e-05
1.047500000000000000e+04 4.945000000000000258e-05
1.047600000000000000e+04 4.945999999999999740e-05
1.047700000000000000e+04 4.946999999999999900e-05
1.047800000000000000e+04 4.946999999999999900e-05
1.047900000000000000e+04 4.948000000000000060e-05
1.048000000000000000e+04 4.948000000000000060e-05
1.048100000000000000e+04 4.949000000000000220e-05
1.048200000000000000e+04 4.949000000000000220e-05
1.048300000000000000e+04 4.949999999999999702e-05
1.048400000000000000e+04 4.950999999999999862e-05
1.048500000000000000e+04 4.950999999999999862e-05
1.048600000000000000e+04 4.952000000000000022e-05
1.048700000000000000e+04 4.952000000000000022e-05
1.048800000000000000e+04 4.953000000000000181e-05
1.048900000000000000e+04 4.953000000000000181e-05
1.049000000000000000e+04 4.953999999999999664e-05
1.049100000000000000e+04 4.954999999999999823e-05
1.049200000000000000e+04 4.954999999999999823e-05
1.049300000000000000e+04 4.955999999999999983e-05
1.049400000000000000e+04 4.955999999999999983e-05
1.049500000000000000e+04 4.957000000000000143e-05
1.049600000000000000e+04 4.957000000000000143e-05
1.049700000000000000e+04 4.958000000000000303e-05
1.049800000000000000e+04 4.958999999999999785e-05
1.049900000000000000e+04 4.958999999999999785e-05
1.050000000000000000e+04 4.959999999999999945e-05
1.050100000000000000e+04 4.959999999999999945e-05
1.050200000000000000e+04 4.959999999999999945e-05
1.050300000000000000e+04 4.959999999999999945e-05
1.050400000000000000e+04 4.959999999999999945e-05
1.050500000000000000e+04 4.961000000000000105e-05
1.050600000000000000e+04 4.961000000000000105e-05
1.050700000000000000e+04 4.961000000000000105e-05
1.050800000000000000e+04 4.961000000000000105e-05
1.050900000000000000e+04 4.961000000000000105e-05
1.051000000000000000e+04 4.961000000000000105e-05
1.051100000000000000e+04 4.962000000000000265e-05
1.051200000000000000e+04 4.962000000000000265e-05
1.051300000000000000e+04 4.962000000000000265e-05
1.051400000000000000e+04 4.962000000000000265e-05
1.051500000000000000e+04 4.962000000000000265e-05
1.051600000000000000e+04 4.962000000000000265e-05
1.051700000000000000e+04 4.962999999999999747e-05
1.051800000000000000e+04 4.962999999999999747e-05
1.051900000000000000e+04 4.962999999999999747e-05
1.052000000000000000e+04 4.962999999999999747e-05
1.052100000000000000e+04 4.962999999999999747e-05
1.052200000000000000e+04 4.962999999999999747e-05
1.052300000000000000e+04 4.963999999999999907e-05
1.052400000000000000e+04 4.963999999999999907e-05
1.052500000000000000e+04 4.963999999999999907e-05
1.052600000000000000e+04 4.963999999999999907e-05
1.052700000000000000e+04 4.963999999999999907e-05
1.052800000000000000e+04 4.963999999999999907e-05
1.052900000000000000e+04 4.963999999999999907e-05
1.053000000000000000e+04 4.965000000000000066e-05
1.053100000000000000e+04 4.965000000000000066e-05
1.053200000000000000e+04 4.965000000000000066e-05
1.053300000000000000e+04 4.965000000000000066e-05
1.053400000000000000e+04 4.965000000000000066e-05
1.053500000000000000e+04 4.965000000000000066e-05
1.053600000000000000e+04 4.966000000000000226e-05
1.053700000000000000e+04 4.966000000000000226e-05
1.053800000000000000e+04 4.966000000000000226e-05
1.053900000000000000e+04 4.966000000000000226e-05
1.054000000000000000e+04 4.966000000000000226e-05
1.054100000000000000e+04 4.966000000000000226e-05
1.054200000000000000e+04 4.966999999999999709e-05
1.054300000000000000e+04 4.966999999999999709e-05
1.054400000000000000e+04 4.966999999999999709e-05
1.054500000000000000e+04 4.966999999999999709e-05
1.054600000000000000e+04 4.966999999999999709e-05
1.054700000000000000e+04 4.966999999999999709e-05
1.054800000000000000e+04 4.967999999999999868e-05
1.054900000000000000e+04 4.967999999999999868e-05
1.055000000000000000e+04 4.967999999999999868e-05
1.055100000000000000e+04 4.967999999999999868e-05
1.055200000000000000e+04 4.967999999999999868e-05
1.055300000000000000e+04 4.967999999999999868e-05
1.055400000000000000e+04 4.969000000000000028e-05
1.055500000000000000e+04 4.969000000000000028e-05
1.055600000000000000e+04 4.969000000000000028e-05
1.055700000000000000e+04 4.969000000000000028e-05
1.055800000000000000e+04 4.969000000000000028e-05
1.055900000000000000e+04 4.969000000000000028e-05
1.056000000000000000e+04 4.969000000000000028e-05
1.056100000000000000e+04 4.970000000000000188e-05
1.056200000000000000e+04 4.970000000000000188e-05
1.056300000000000000e+04 4.970000000000000188e-05
1.056400000000000000e+04 4.970000000000000188e-05
1.056500000000000000e+04 4.970000000000000188e-05
1.056600000000000000e+04 4.970000000000000188e-05
1.056700000000000000e+04 4.970999999999999670e-05
1.056800000000000000e+04 4.970999999999999670e-05
1.056900000000000000e+04 4.970999999999999670e-05
1.057000000000000000e+04 4.970999999999999670e-05
1.057100000000000000e+04 4.970999999999999670e-05
1.057200000000000000e+04 4.970999999999999670e-05
1.057300000000000000e+04 4.970999999999999670e-05
1.057400000000000000e+04 4.971999999999999830e-05
1.057500000000000000e+04 4.971999999999999830e-05
1.057600000000000000e+04 4.971999999999999830e-05
1.057700000000000000e+04 4.971999999999999830e-05
1.057800000000000000e+04 4.971999999999999830e-05
1.057900000000000000e+04 4.971999999999999830e-05
1.058000000000000000e+04 4.972999999999999990e-05
1.058100000000000000e+04 4.972999999999999990e-05
1.058200000000000000e+04 4.972999999999999990e-05
1.058300000000000000e+04 4.972999999999999990e-05
1.058400000000000000e+04 4.972999999999999990e-05
1.058500000000000000e+04 4.972999999999999990e-05
1.058600000000000000e+04 4.974000000000000150e-05
1.058700000000000000e+04 4.974000000000000150e-05
1.058800000000000000e+04 4.974000000000000150e-05
1.058900000000000000e+04 4.974000000000000150e-05
1.059000000000000000e+04 4.974000000000000150e-05
1.059100000000000000e+04 4.974000000000000150e-05
1.059200000000000000e+04 4.974000000000000150e-05
1.059300000000000000e+04 4.975000000000000310e-05
1.059400000000000000e+04 4.975000000000000310e-05
1.059500000000000000e+04 4.975000000000000310e-05
1.059600000000000000e+04 4.975000000000000310e-05
1.059700000000000000e+04 4.975000000000000310e-05
1.059800000000000000e+04 4.975000000000000310e-05
1.059900000000000000e+04 4.975999999999999792e-05
1.060000000000000000e+04 4.975999999999999792e-05
1.060100000000000000e+04 4.975999999999999792e-05
1.060200000000000000e+04 4.975999999999999792e-05
1.060300000000000000e+04 4.975999999999999792e-05
1.060400000000000000e+04 4.975999999999999792e-05
1.060500000000000000e+04 4.975999999999999792e-05
1.060600000000000000e+04 4.975999999999999792e-05
1.060700000000000000e+04 4.975999999999999792e-05
1.060800000000000000e+04 4.976999999999999952e-05
1.060900000000000000e+04 4.976999999999999952e-05
1.061000000000000000e+04 4.976999999999999952e-05
1.061100000000000000e+04 4.976999999999999952e-05
1.061200000000000000e+04 4.976999999999999952e-05
1.061300000000000000e+04 4.976999999999999952e-05
1.061400000000000000e+04 4.976999999999999952e-05
1.061500000000000000e+04 4.976999999999999952e-05
1.061600000000000000e+04 4.978000000000000111e-05
1.061700000000000000e+04 4.978000000000000111e-05
1.061800000000000000e+04 4.978000000000000111e-05
1.061900000000000000e+04 4.978000000000000111e-05
1.062000000000000000e+04 4.978000000000000111e-05
1.062100000000000000e+04 4.978000000000000111e-05
1.062200000000000000e+04 4.978000000000000111e-05
1.062300000000000000e+04 4.978000000000000111e-05
1.062400000000000000e+04 4.978000000000000111e-05
1.062500000000000000e+04 4.979000000000000271e-05
1.062600000000000000e+04 4.979000000000000271e-05
1.062700000000000000e+04 4.979000000000000271e-05
1.062800000000000000e+04 4.979000000000000271e-05
1.062900000000000000e+04 4.979000000000000271e-05
1.063000000000000000e+04 4.979000000000000271e-05
1.063100000000000000e+04 4.979000000000000271e-05
1.063200000000000000e+04 4.979000000000000271e-05
1.063300000000000000e+04 4.979999999999999753e-05
1.063400000000000000e+04 4.979999999999999753e-05
1.063500000000000000e+04 4.979999999999999753e-05
1.063600000000000000e+04 4.979999999999999753e-05
1.063700000000000000e+04 4.979999999999999753e-05
1.063800000000000000e+04 4.979999999999999753e-05
1.063900000000000000e+04 4.979999999999999753e-05
1.064000000000000000e+04 4.979999999999999753e-05
1.064100000000000000e+04 4.979999999999999753e-05
1.064200000000000000e+04 4.980999999999999913e-05
1.064300000000000000e+04 4.980999999999999913e-05
1.064400000000000000e+04 4.980999999999999913e-05
1.064500000000000000e+04 4.980999999999999913e-05
1.064600000000000000e+04 4.980999999999999913e-05
1.064700000000000000e+04 4.980999999999999913e-05
1.064800000000000000e+04 4.980999999999999913e-05
1.064900000000000000e+04 4.980999999999999913e-05
1.065000000000000000e+04 4.980999999999999913e-05
1.065100000000000000e+04 4.982000000000000073e-05
1.065200000000000000e+04 4.982000000000000073e-05
1.065300000000000000e+04 4.982000000000000073e-05
1.065400000000000000e+04 4.982000000000000073e-05
1.065500000000000000e+04 4.982000000000000073e-05
1.065600000000000000e+04 4.982000000000000073e-05
1.065700000000000000e+04 4.982000000000000073e-05
1.065800000000000000e+04 4.982000000000000073e-05
1.065900000000000000e+04 4.983000000000000233e-05
1.066000000000000000e+04 4.983000000000000233e-05
1.066100000000000000e+04 4.983000000000000233e-05
1.066200000000000000e+04 4.983000000000000233e-05
1.066300000000000000e+04 4.983000000000000233e-05
1.066400000000000000e+04 4.983000000000000233e-05
1.066500000000000000e+04 4.983000000000000233e-05
1.066600000000000000e+04 4.983000000000000233e-05
1.066700000000000000e+04 4.983000000000000233e-05
1.066800000000000000e+04 4.983999999999999715e-05
1.066900000000000000e+04 4.983999999999999715e-05
1.067000000000000000e+04 4.983999999999999715e-05
1.067100000000000000e+04 4.983999999999999715e-05
1.067200000000000000e+04 4.983999999999999715e-05
1.067300000000000000e+04 4.983999999999999715e-05
1.067400000000000000e+04 4.983999999999999715e-05
1.067500000000000000e+04 4.983999999999999715e-05
1.067600000000000000e+04 4.983999999999999715e-05
1.067700000000000000e+04 4.984999999999999875e-05
1.067800000000000000e+04 4.984999999999999875e-05
1.067900000000000000e+04 4.984999999999999875e-05
1.068000000000000000e+04 4.984999999999999875e-05
1.068100000000000000e+04 4.984999999999999875e-05
1.068200000000000000e+04 4.986000000000000035e-05
1.068300000000000000e+04 4.987000000000000195e-05
1.068400000000000000e+04 4.987000000000000195e-05
1.068500000000000000e+04 4.987999999999999677e-05
1.068600000000000000e+04 4.987999999999999677e-05
1.068700000000000000e+04 4.988999999999999837e-05
1.068800000000000000e+04 4.988999999999999837e-05
1.068900000000000000e+04 4.989999999999999997e-05
1.069000000000000000e+04 4.989999999999999997e-05
1.069100000000000000e+04 4.989999999999999997e-05
1.069200000000000000e+04 4.991000000000000156e-05
1.069300000000000000e+04 4.991000000000000156e-05
1.069400000000000000e+04 4.991000000000000156e-05
1.069500000000000000e+04 4.991000000000000156e-05
1.069600000000000000e+04 4.991000000000000156e-05
1.069700000000000000e+04 4.991000000000000156e-05
1.069800000000000000e+04 4.991000000000000156e-05
1.069900000000000000e+04 4.991000000000000156e-05
1.070000000000000000e+04 4.992000000000000316e-05
1.070100000000000000e+04 4.992000000000000316e-05
1.070200000000000000e+04 4.992000000000000316e-05
1.070300000000000000e+04 4.992000000000000316e-05
1.070400000000000000e+04 4.992000000000000316e-05
1.070500000000000000e+04 4.992000000000000316e-05
1.070600000000000000e+04 4.992000000000000316e-05
1.070700000000000000e+04 4.992000000000000316e-05
1.070800000000000000e+04 4.992000000000000316e-05
1.070900000000000000e+04 4.992999999999999798e-05
1.071000000000000000e+04 4.992999999999999798e-05
1.071100000000000000e+04 4.992999999999999798e-05
1.071200000000000000e+04 4.992999999999999798e-05
1.071300000000000000e+04 4.992999999999999798e-05
1.071400000000000000e+04 4.992999999999999798e-05
1.071500000000000000e+04 4.992999999999999798e-05
1.071600000000000000e+04 4.992999999999999798e-05
1.071700000000000000e+04 4.993999999999999958e-05
1.071800000000000000e+04 4.993999999999999958e-05
1.071900000000000000e+04 4.993999999999999958e-05
1.072000000000000000e+04 4.993999999999999958e-05
1.072100000000000000e+04 4.993999999999999958e-05
1.072200000000000000e+04 4.993999999999999958e-05
1.072300000000000000e+04 4.993999999999999958e-05
1.072400000000000000e+04 4.993999999999999958e-05
1.072500000000000000e+04 4.993999999999999958e-05
1.072600000000000000e+04 4.995000000000000118e-05
1.072700000000000000e+04 4.995000000000000118e-05
1.072800000000000000e+04 4.995000000000000118e-05
1.072900000000000000e+04 4.995000000000000118e-05
1.073000000000000000e+04 4.995000000000000118e-05
1.073100000000000000e+04 4.995000000000000118e-05
1.073200000000000000e+04 4.995000000000000118e-05
1.073300000000000000e+04 4.995000000000000118e-05
1.073400000000000000e+04 4.995000000000000118e-05
1.073500000000000000e+04 4.996000000000000278e-05
1.073600000000000000e+04 4.996000000000000278e-05
1.073700000000000000e+04 4.996000000000000278e-05
1.073800000000000000e+04 4.996000000000000278e-05
1.073900000000000000e+04 4.996000000000000278e-05
1.074000000000000000e+04 4.996000000000000278e-05
1.074100000000000000e+04 4.996000000000000278e-05
1.074200000000000000e+04 4.996000000000000278e-05
1.074300000000000000e+04 4.996999999999999760e-05
1.074400000000000000e+04 4.996999999999999760e-05
1.074500000000000000e+04 4.996999999999999760e-05
1.074600000000000000e+04 4.996999999999999760e-05
1.074700000000000000e+04 4.996999999999999760e-05
1.074800000000000000e+04 4.996999999999999760e-05
1.074900000000000000e+04 4.996999999999999760e-05
1.075000000000000000e+04 4.996999999999999760e-05
1.075100000000000000e+04 4.997999999999999920e-05
1.075200000000000000e+04 4.997999999999999920e-05
1.075300000000000000e+04 4.997999999999999920e-05
1.075400000000000000e+04 4.997999999999999920e-05
1.075500000000000000e+04 4.997999999999999920e-05
1.075600000000000000e+04 4.997999999999999920e-05
1.075700000000000000e+04 4.997999999999999920e-05
1.075800000000000000e+04 4.997999999999999920e-05
1.075900000000000000e+04 4.997999999999999920e-05
1.076000000000000000e+04 4.999000000000000080e-05
1.076100000000000000e+04 4.999000000000000080e-05
1.076200000000000000e+04 4.999000000000000080e-05
1.076300000000000000e+04 4.999000000000000080e-05
1.076400000000000000e+04 4.999000000000000080e-05
1.076500000000000000e+04 4.999000000000000080e-05
1.076600000000000000e+04 4.999000000000000080e-05
1.076700000000000000e+04 4.999000000000000080e-05
1.076800000000000000e+04 5.000000000000000240e-05
1.076900000000000000e+04 5.000000000000000240e-05
1.077000000000000000e+04 5.000000000000000240e-05
1.077100000000000000e+04 5.000000000000000240e-05
1.077200000000000000e+04 5.000000000000000240e-05
1.077300000000000000e+04 5.000000000000000240e-05
1.077400000000000000e+04 5.000000000000000240e-05
1.077500000000000000e+04 5.000000000000000240e-05
1.077600000000000000e+04 5.000999999999999722e-05
1.077700000000000000e+04 5.000999999999999722e-05
1.077800000000000000e+04 5.000999999999999722e-05
1.077900000000000000e+04 5.000999999999999722e-05
1.078000000000000000e+04 5.000999999999999722e-05
1.078100000000000000e+04 5.000999999999999722e-05
1.078200000000000000e+04 5.000999999999999722e-05
1.078300000000000000e+04 5.000999999999999722e-05
1.078400000000000000e+04 5.001999999999999882e-05
1.078500000000000000e+04 5.001999999999999882e-05
1.078600000000000000e+04 5.001999999999999882e-05
1.078700000000000000e+04 5.001999999999999882e-05
1.078800000000000000e+04 5.001999999999999882e-05
1.078900000000000000e+04 5.001999999999999882e-05
1.079000000000000000e+04 5.001999999999999882e-05
1.079100000000000000e+04 5.001999999999999882e-05
1.079200000000000000e+04 5.003000000000000041e-05
1.079300000000000000e+04 5.003000000000000041e-05
1.079400000000000000e+04 5.003000000000000041e-05
1.079500000000000000e+04 5.003000000000000041e-05
1.079600000000000000e+04 5.003000000000000041e-05
1.079700000000000000e+04 5.003000000000000041e-05
1.079800000000000000e+04 5.003000000000000041e-05
1.079900000000000000e+04 5.003000000000000041e-05
1.080000000000000000e+04 5.004000000000000201e-05
1.080100000000000000e+04 5.004000000000000201e-05
1.080200000000000000e+04 5.004000000000000201e-05
1.080300000000000000e+04 5.004000000000000201e-05
1.080400000000000000e+04 5.004000000000000201e-05
1.080500000000000000e+04 5.004000000000000201e-05
1.080600000000000000e+04 5.004000000000000201e-05
1.080700000000000000e+04 5.004999999999999684e-05
1.080800000000000000e+04 5.004999999999999684e-05
1.080900000000000000e+04 5.004999999999999684e-05
1.081000000000000000e+04 5.004999999999999684e-05
1.081100000000000000e+04 5.004999999999999684e-05
1.081200000000000000e+04 5.004999999999999684e-05
1.081300000000000000e+04 5.004999999999999684e-05
1.081400000000000000e+04 5.005999999999999843e-05
1.081500000000000000e+04 5.005999999999999843e-05
1.081600000000000000e+04 5.005999999999999843e-05
1.081700000000000000e+04 5.005999999999999843e-05
1.081800000000000000e+04 5.005999999999999843e-05
1.081900000000000000e+04 5.005999999999999843e-05
1.082000000000000000e+04 5.007000000000000003e-05
1.082100000000000000e+04 5.007000000000000003e-05
1.082200000000000000e+04 5.007000000000000003e-05
1.082300000000000000e+04 5.007000000000000003e-05
1.082400000000000000e+04 5.007000000000000003e-05
1.082500000000000000e+04 5.007000000000000003e-05
1.082600000000000000e+04 5.007000000000000003e-05
1.082700000000000000e+04 5.008000000000000163e-05
1.082800000000000000e+04 5.008000000000000163e-05
1.082900000000000000e+04 5.008000000000000163e-05
1.083000000000000000e+04 5.008000000000000163e-05
1.083100000000000000e+04 5.008000000000000163e-05
1.083200000000000000e+04 5.008000000000000163e-05
1.083300000000000000e+04 5.009000000000000323e-05
1.083400000000000000e+04 5.009000000000000323e-05
1.083500000000000000e+04 5.009000000000000323e-05
1.083600000000000000e+04 5.009000000000000323e-05
1.083700000000000000e+04 5.009000000000000323e-05
1.083800000000000000e+04 5.009000000000000323e-05
1.083900000000000000e+04 5.009999999999999805e-05
1.084000000000000000e+04 5.009999999999999805e-05
1.084100000000000000e+04 5.009999999999999805e-05
1.084200000000000000e+04 5.009999999999999805e-05
1.084300000000000000e+04 5.009999999999999805e-05
1.084400000000000000e+04 5.009999999999999805e-05
1.084500000000000000e+04 5.009999999999999805e-05
1.084600000000000000e+04 5.010999999999999965e-05
1.084700000000000000e+04 5.010999999999999965e-05
1.084800000000000000e+04 5.010999999999999965e-05
1.084900000000000000e+04 5.010999999999999965e-05
1.085000000000000000e+04 5.010999999999999965e-05
1.085100000000000000e+04 5.010999999999999965e-05
1.085200000000000000e+04 5.012000000000000125e-05
1.085300000000000000e+04 5.012000000000000125e-05
1.085400000000000000e+04 5.012000000000000125e-05
1.085500000000000000e+04 5.012000000000000125e-05
1.085600000000000000e+04 5.012000000000000125e-05
1.085700000000000000e+04 5.012000000000000125e-05
1.085800000000000000e+04 5.013000000000000285e-05
1.085900000000000000e+04 5.013000000000000285e-05
1.086000000000000000e+04 5.013000000000000285e-05
1.086100000000000000e+04 5.013000000000000285e-05
1.086200000000000000e+04 5.013999999999999767e-05
1.086300000000000000e+04 5.014999999999999927e-05
1.086400000000000000e+04 5.014999999999999927e-05
1.086500000000000000e+04 5.016000000000000086e-05
1.086600000000000000e+04 5.016000000000000086e-05
1.086700000000000000e+04 5.017000000000000246e-05
1.086800000000000000e+04 5.017999999999999728e-05
1.086900000000000000e+04 5.017999999999999728e-05
1.087000000000000000e+04 5.018999999999999888e-05
1.087100000000000000e+04 5.018999999999999888e-05
1.087200000000000000e+04 5.018999999999999888e-05
1.087300000000000000e+04 5.018999999999999888e-05
1.087400000000000000e+04 5.018999999999999888e-05
1.087500000000000000e+04 5.020000000000000048e-05
1.087600000000000000e+04 5.020000000000000048e-05
1.087700000000000000e+04 5.020000000000000048e-05
1.087800000000000000e+04 5.020000000000000048e-05
1.087900000000000000e+04 5.020000000000000048e-05
1.088000000000000000e+04 5.020000000000000048e-05
1.088100000000000000e+04 5.021000000000000208e-05
1.088200000000000000e+04 5.021000000000000208e-05
1.088300000000000000e+04 5.021000000000000208e-05
1.088400000000000000e+04 5.021000000000000208e-05
1.088500000000000000e+04 5.021000000000000208e-05
1.088600000000000000e+04 5.021000000000000208e-05
1.088700000000000000e+04 5.021999999999999690e-05
1.088800000000000000e+04 5.021999999999999690e-05
1.088900000000000000e+04 5.021999999999999690e-05
1.089000000000000000e+04 5.021999999999999690e-05
1.089100000000000000e+04 5.021999999999999690e-05
1.089200000000000000e+04 5.022999999999999850e-05
1.089300000000000000e+04 5.022999999999999850e-05
1.089400000000000000e+04 5.022999999999999850e-05
1.089500000000000000e+04 5.022999999999999850e-05
1.089600000000000000e+04 5.022999999999999850e-05
1.089700000000000000e+04 5.022999999999999850e-05
1.089800000000000000e+04 5.024000000000000010e-05
1.089900000000000000e+04 5.024000000000000010e-05
1.090000000000000000e+04 5.024000000000000010e-05
1.090100000000000000e+04 5.024000000000000010e-05
1.090200000000000000e+04 5.024000000000000010e-05
1.090300000000000000e+04 5.024000000000000010e-05
1.090400000000000000e+04 5.025000000000000170e-05
1.090500000000000000e+04 5.025000000000000170e-05
1.090600000000000000e+04 5.025000000000000170e-05
1.090700000000000000e+04 5.025000000000000170e-05
1.090800000000000000e+04 5.025000000000000170e-05
1.090900000000000000e+04 5.025000000000000170e-05
1.091000000000000000e+04 5.026000000000000329e-05
1.091100000000000000e+04 5.026000000000000329e-05
1.091200000000000000e+04 5.026000000000000329e-05
1.091300000000000000e+04 5.026000000000000329e-05
1.091400000000000000e+04 5.026000000000000329e-05
1.091500000000000000e+04 5.026999999999999812e-05
1.091600000000000000e+04 5.026999999999999812e-05
1.091700000000000000e+04 5.026999999999999812e-05
1.091800000000000000e+04 5.026999999999999812e-05
1.091900000000000000e+04 5.026999999999999812e-05
1.092000000000000000e+04 5.026999999999999812e-05
1.092100000000000000e+04 5.027999999999999972e-05
1.092200000000000000e+04 5.027999999999999972e-05
1.092300000000000000e+04 5.027999999999999972e-05
1.092400000000000000e+04 5.027999999999999972e-05
1.092500000000000000e+04 5.027999999999999972e-05
1.092600000000000000e+04 5.029000000000000131e-05
1.092700000000000000e+04 5.029000000000000131e-05
1.092800000000000000e+04 5.029000000000000131e-05
1.092900000000000000e+04 5.029000000000000131e-05
1.093000000000000000e+04 5.029000000000000131e-05
1.093100000000000000e+04 5.029000000000000131e-05
1.093200000000000000e+04 5.030000000000000291e-05
1.093300000000000000e+04 5.030000000000000291e-05
1.093400000000000000e+04 5.030000000000000291e-05
1.093500000000000000e+04 5.030000000000000291e-05
1.093600000000000000e+04 5.030000000000000291e-05
1.093700000000000000e+04 5.030999999999999773e-05
1.093800000000000000e+04 5.030999999999999773e-05
1.093900000000000000e+04 5.030999999999999773e-05
1.094000000000000000e+04 5.030999999999999773e-05
1.094100000000000000e+04 5.030999999999999773e-05
1.094200000000000000e+04 5.030999999999999773e-05
1.094300000000000000e+04 5.031999999999999933e-05
1.094400000000000000e+04 5.031999999999999933e-05
1.094500000000000000e+04 5.031999999999999933e-05
1.094600000000000000e+04 5.031999999999999933e-05
1.094700000000000000e+04 5.031999999999999933e-05
1.094800000000000000e+04 5.033000000000000093e-05
1.094900000000000000e+04 5.033000000000000093e-05
1.095000000000000000e+04 5.033000000000000093e-05
1.095100000000000000e+04 5.033000000000000093e-05
1.095200000000000000e+04 5.033000000000000093e-05
1.095300000000000000e+04 5.034000000000000253e-05
1.095400000000000000e+04 5.034000000000000253e-05
1.095500000000000000e+04 5.034000000000000253e-05
1.095600000000000000e+04 5.034000000000000253e-05
1.095700000000000000e+04 5.034000000000000253e-05
1.095800000000000000e+04 5.034000000000000253e-05
1.095900000000000000e+04 5.034999999999999735e-05
1.096000000000000000e+04 5.034999999999999735e-05
1.096100000000000000e+04 5.034999999999999735e-05
1.096200000000000000e+04 5.034999999999999735e-05
1.096300000000000000e+04 5.034999999999999735e-05
1.096400000000000000e+04 5.035999999999999895e-05
1.096500000000000000e+04 5.035999999999999895e-05
1.096600000000000000e+04 5.035999999999999895e-05
1.096700000000000000e+04 5.035999999999999895e-05
1.096800000000000000e+04 5.035999999999999895e-05
1.096900000000000000e+04 5.037000000000000055e-05
1.097000000000000000e+04 5.037000000000000055e-05
1.097100000000000000e+04 5.037000000000000055e-05
1.097200000000000000e+04 5.038000000000000215e-05
1.097300000000000000e+04 5.038999999999999697e-05
1.097400000000000000e+04 5.038999999999999697e-05
1.097500000000000000e+04 5.039999999999999857e-05
1.097600000000000000e+04 5.041000000000000016e-05
1.097700000000000000e+04 5.041000000000000016e-05
1.097800000000000000e+04 5.042000000000000176e-05
1.097900000000000000e+04 5.043000000000000336e-05
1.098000000000000000e+04 5.043000000000000336e-05
1.098100000000000000e+04 5.043000000000000336e-05
1.098200000000000000e+04 5.043999999999999818e-05
1.098300000000000000e+04 5.043999999999999818e-05
1.098400000000000000e+04 5.043999999999999818e-05
1.098500000000000000e+04 5.043999999999999818e-05
1.098600000000000000e+04 5.043999999999999818e-05
1.098700000000000000e+04 5.044999999999999978e-05
1.098800000000000000e+04 5.044999999999999978e-05
1.098900000000000000e+04 5.044999999999999978e-05
1.099000000000000000e+04 5.044999999999999978e-05
1.099100000000000000e+04 5.044999999999999978e-05
1.099200000000000000e+04 5.044999999999999978e-05
1.099300000000000000e+04 5.044999999999999978e-05
1.099400000000000000e+04 5.046000000000000138e-05
1.099500000000000000e+04 5.046000000000000138e-05
1.099600000000000000e+04 5.046000000000000138e-05
1.099700000000000000e+04 5.046000000000000138e-05
1.099800000000000000e+04 5.046000000000000138e-05
1.099900000000000000e+04 5.046000000000000138e-05
1.100000000000000000e+04 5.046000000000000138e-05
1.100100000000000000e+04 5.046000000000000138e-05
1.100200000000000000e+04 5.047000000000000298e-05
1.100300000000000000e+04 5.047000000000000298e-05
1.100400000000000000e+04 5.047000000000000298e-05
1.100500000000000000e+04 5.047000000000000298e-05
1.100600000000000000e+04 5.047000000000000298e-05
1.100700000000000000e+04 5.047000000000000298e-05
1.100800000000000000e+04 5.047999999999999780e-05
1.100900000000000000e+04 5.047999999999999780e-05
1.101000000000000000e+04 5.047999999999999780e-05
1.101100000000000000e+04 5.047999999999999780e-05
1.101200000000000000e+04 5.047999999999999780e-05
1.101300000000000000e+04 5.047999999999999780e-05
1.101400000000000000e+04 5.048999999999999940e-05
1.101500000000000000e+04 5.048999999999999940e-05
1.101600000000000000e+04 5.048999999999999940e-05
1.101700000000000000e+04 5.048999999999999940e-05
1.101800000000000000e+04 5.048999999999999940e-05
1.101900000000000000e+04 5.048999999999999940e-05
1.102000000000000000e+04 5.050000000000000100e-05
1.102100000000000000e+04 5.050000000000000100e-05
1.102200000000000000e+04 5.050000000000000100e-05
1.102300000000000000e+04 5.050000000000000100e-05
1.102400000000000000e+04 5.050000000000000100e-05
1.102500000000000000e+04 5.050000000000000100e-05
1.102600000000000000e+04 5.051000000000000260e-05
1.102700000000000000e+04 5.051000000000000260e-05
1.102800000000000000e+04 5.051000000000000260e-05
1.102900000000000000e+04 5.051000000000000260e-05
1.103000000000000000e+04 5.051000000000000260e-05
1.103100000000000000e+04 5.051000000000000260e-05
1.103200000000000000e+04 5.051999999999999742e-05
1.103300000000000000e+04 5.051999999999999742e-05
1.103400000000000000e+04 5.051999999999999742e-05
1.103500000000000000e+04 5.051999999999999742e-05
1.103600000000000000e+04 5.051999999999999742e-05
1.103700000000000000e+04 5.051999999999999742e-05
1.103800000000000000e+04 5.052999999999999902e-05
1.103900000000000000e+04 5.052999999999999902e-05
1.104000000000000000e+04 5.052999999999999902e-05
1.104100000000000000e+04 5.052999999999999902e-05
1.104200000000000000e+04 5.052999999999999902e-05
1.104300000000000000e+04 5.052999999999999902e-05
1.104400000000000000e+04 5.054000000000000061e-05
1.104500000000000000e+04 5.054000000000000061e-05
1.104600000000000000e+04 5.054000000000000061e-05
1.104700000000000000e+04 5.054000000000000061e-05
1.104800000000000000e+04 5.054000000000000061e-05
1.104900000000000000e+04 5.054000000000000061e-05
1.105000000000000000e+04 5.055000000000000221e-05
1.105100000000000000e+04 5.055000000000000221e-05
1.105200000000000000e+04 5.055000000000000221e-05
1.105300000000000000e+04 5.055000000000000221e-05
1.105400000000000000e+04 5.055000000000000221e-05
1.105500000000000000e+04 5.055000000000000221e-05
1.105600000000000000e+04 5.055999999999999703e-05
1.105700000000000000e+04 5.055999999999999703e-05
1.105800000000000000e+04 5.055999999999999703e-05
1.105900000000000000e+04 5.055999999999999703e-05
1.106000000000000000e+04 5.055999999999999703e-05
1.106100000000000000e+04 5.056999999999999863e-05
1.106200000000000000e+04 5.056999999999999863e-05
1.106300000000000000e+04 5.058000000000000023e-05
1.106400000000000000e+04 5.059000000000000183e-05
1.106500000000000000e+04 5.059000000000000183e-05
1.106600000000000000e+04 5.059999999999999665e-05
1.106700000000000000e+04 5.059999999999999665e-05
1.106800000000000000e+04 5.060999999999999825e-05
1.106900000000000000e+04 5.061999999999999985e-05
1.107000000000000000e+04 5.061999999999999985e-05
1.107100000000000000e+04 5.061999999999999985e-05
1.107200000000000000e+04 5.063000000000000145e-05
1.107300000000000000e+04 5.063000000000000145e-05
1.107400000000000000e+04 5.063000000000000145e-05
1.107500000000000000e+04 5.063000000000000145e-05
1.107600000000000000e+04 5.063000000000000145e-05
1.107700000000000000e+04 5.063000000000000145e-05
1.107800000000000000e+04 5.064000000000000304e-05
1.107900000000000000e+04 5.064000000000000304e-05
1.108000000000000000e+04 5.064000000000000304e-05
1.108100000000000000e+04 5.064000000000000304e-05
1.108200000000000000e+04 5.064000000000000304e-05
1.108300000000000000e+04 5.064000000000000304e-05
1.108400000000000000e+04 5.064999999999999787e-05
1.108500000000000000e+04 5.064999999999999787e-05
1.108600000000000000e+04 5.064999999999999787e-05
1.108700000000000000e+04 5.064999999999999787e-05
1.108800000000000000e+04 5.064999999999999787e-05
1.108900000000000000e+04 5.064999999999999787e-05
1.109000000000000000e+04 5.065999999999999947e-05
1.109100000000000000e+04 5.065999999999999947e-05
1.109200000000000000e+04 5.065999999999999947e-05
1.109300000000000000e+04 5.065999999999999947e-05
1.109400000000000000e+04 5.065999999999999947e-05
1.109500000000000000e+04 5.065999999999999947e-05
1.109600000000000000e+04 5.067000000000000106e-05
1.109700000000000000e+04 5.067000000000000106e-05
1.109800000000000000e+04 5.067000000000000106e-05
1.109900000000000000e+04 5.067000000000000106e-05
1.110000000000000000e+04 5.067000000000000106e-05
1.110100000000000000e+04 5.067000000000000106e-05
1.110200000000000000e+04 5.068000000000000266e-05
1.110300000000000000e+04 5.068000000000000266e-05
1.110400000000000000e+04 5.068000000000000266e-05
1.110500000000000000e+04 5.068000000000000266e-05
1.110600000000000000e+04 5.068000000000000266e-05
1.110700000000000000e+04 5.068000000000000266e-05
1.110800000000000000e+04 5.068999999999999748e-05
1.110900000000000000e+04 5.068999999999999748e-05
1.111000000000000000e+04 5.068999999999999748e-05
1.111100000000000000e+04 5.068999999999999748e-05
1.111200000000000000e+04 5.068999999999999748e-05
1.111300000000000000e+04 5.068999999999999748e-05
1.111400000000000000e+04 5.069999999999999908e-05
1.111500000000000000e+04 5.069999999999999908e-05
1.111600000000000000e+04 5.069999999999999908e-05
1.111700000000000000e+04 5.069999999999999908e-05
1.111800000000000000e+04 5.069999999999999908e-05
1.111900000000000000e+04 5.069999999999999908e-05
1.112000000000000000e+04 5.071000000000000068e-05
1.112100000000000000e+04 5.071000000000000068e-05
1.112200000000000000e+04 5.071000000000000068e-05
1.112300000000000000e+04 5.071000000000000068e-05
1.112400000000000000e+04 5.071000000000000068e-05
1.112500000000000000e+04 5.071000000000000068e-05
1.112600000000000000e+04 5.072000000000000228e-05
1.112700000000000000e+04 5.072000000000000228e-05
1.112800000000000000e+04 5.072000000000000228e-05
1.112900000000000000e+04 5.072000000000000228e-05
1.113000000000000000e+04 5.072000000000000228e-05
1.113100000000000000e+04 5.072000000000000228e-05
1.113200000000000000e+04 5.072999999999999710e-05
1.113300000000000000e+04 5.072999999999999710e-05
1.113400000000000000e+04 5.072999999999999710e-05
1.113500000000000000e+04 5.072999999999999710e-05
1.113600000000000000e+04 5.072999999999999710e-05
1.113700000000000000e+04 5.072999999999999710e-05
1.113800000000000000e+04 5.073999999999999870e-05
1.113900000000000000e+04 5.073999999999999870e-05
1.114000000000000000e+04 5.073999999999999870e-05
1.114100000000000000e+04 5.073999999999999870e-05
1.114200000000000000e+04 5.075000000000000030e-05
1.114300000000000000e+04 5.076000000000000190e-05
1.114400000000000000e+04 5.076000000000000190e-05
1.114500000000000000e+04 5.076999999999999672e-05
1.114600000000000000e+04 5.076999999999999672e-05
1.114700000000000000e+04 5.077999999999999832e-05
1.114800000000000000e+04 5.078999999999999991e-05
1.114900000000000000e+04 5.078999999999999991e-05
1.115000000000000000e+04 5.080000000000000151e-05
1.115100000000000000e+04 5.080000000000000151e-05
1.115200000000000000e+04 5.080000000000000151e-05
1.115300000000000000e+04 5.080000000000000151e-05
1.115400000000000000e+04 5.081000000000000311e-05
1.115500000000000000e+04 5.081000000000000311e-05
1.115600000000000000e+04 5.081000000000000311e-05
1.115700000000000000e+04 5.081000000000000311e-05
1.115800000000000000e+04 5.081000000000000311e-05
1.115900000000000000e+04 5.081000000000000311e-05
1.116000000000000000e+04 5.081999999999999793e-05
1.116100000000000000e+04 5.081999999999999793e-05
1.116200000000000000e+04 5.081999999999999793e-05
1.116300000000000000e+04 5.081999999999999793e-05
1.116400000000000000e+04 5.081999999999999793e-05
1.116500000000000000e+04 5.081999999999999793e-05
1.116600000000000000e+04 5.082999999999999953e-05
1.116700000000000000e+04 5.082999999999999953e-05
1.116800000000000000e+04 5.082999999999999953e-05
1.116900000000000000e+04 5.082999999999999953e-05
1.117000000000000000e+04 5.082999999999999953e-05
1.117100000000000000e+04 5.082999999999999953e-05
1.117200000000000000e+04 5.084000000000000113e-05
1.117300000000000000e+04 5.084000000000000113e-05
1.117400000000000000e+04 5.084000000000000113e-05
1.117500000000000000e+04 5.084000000000000113e-05
1.117600000000000000e+04 5.084000000000000113e-05
1.117700000000000000e+04 5.084000000000000113e-05
1.117800000000000000e+04 5.085000000000000273e-05
1.117900000000000000e+04 5.085000000000000273e-05
1.118000000000000000e+04 5.085000000000000273e-05
1.118100000000000000e+04 5.085000000000000273e-05
1.118200000000000000e+04 5.085000000000000273e-05
1.118300000000000000e+04 5.085000000000000273e-05
1.118400000000000000e+04 5.085999999999999755e-05
1.118500000000000000e+04 5.085999999999999755e-05
1.118600000000000000e+04 5.085999999999999755e-05
1.118700000000000000e+04 5.085999999999999755e-05
1.118800000000000000e+04 5.085999999999999755e-05
1.118900000000000000e+04 5.085999999999999755e-05
1.119000000000000000e+04 5.086999999999999915e-05
1.119100000000000000e+04 5.086999999999999915e-05
1.119200000000000000e+04 5.086999999999999915e-05
1.119300000000000000e+04 5.086999999999999915e-05
1.119400000000000000e+04 5.086999999999999915e-05
1.119500000000000000e+04 5.086999999999999915e-05
1.119600000000000000e+04 5.088000000000000075e-05
1.119700000000000000e+04 5.088000000000000075e-05
1.119800000000000000e+04 5.088000000000000075e-05
1.119900000000000000e+04 5.088000000000000075e-05
1.120000000000000000e+04 5.088000000000000075e-05
1.120100000000000000e+04 5.089000000000000235e-05
1.120200000000000000e+04 5.089000000000000235e-05
1.120300000000000000e+04 5.089999999999999717e-05
1.120400000000000000e+04 5.090999999999999877e-05
1.120500000000000000e+04 5.090999999999999877e-05
1.120600000000000000e+04 5.092000000000000036e-05
1.120700000000000000e+04 5.093000000000000196e-05
1.120800000000000000e+04 5.093000000000000196e-05
1.120900000000000000e+04 5.093999999999999678e-05
1.121000000000000000e+04 5.094999999999999838e-05
1.121100000000000000e+04 5.094999999999999838e-05
1.121200000000000000e+04 5.094999999999999838e-05
1.121300000000000000e+04 5.094999999999999838e-05
1.121400000000000000e+04 5.094999999999999838e-05
1.121500000000000000e+04 5.094999999999999838e-05
1.121600000000000000e+04 5.095999999999999998e-05
1.121700000000000000e+04 5.095999999999999998e-05
1.121800000000000000e+04 5.095999999999999998e-05
1.121900000000000000e+04 5.095999999999999998e-05
1.122000000000000000e+04 5.095999999999999998e-05
1.122100000000000000e+04 5.097000000000000158e-05
1.122200000000000000e+04 5.097000000000000158e-05
1.122300000000000000e+04 5.097000000000000158e-05
1.122400000000000000e+04 5.097000000000000158e-05
1.122500000000000000e+04 5.097000000000000158e-05
1.122600000000000000e+04 5.098000000000000318e-05
1.122700000000000000e+04 5.098000000000000318e-05
1.122800000000000000e+04 5.098000000000000318e-05
1.122900000000000000e+04 5.098000000000000318e-05
1.123000000000000000e+04 5.098000000000000318e-05
1.123100000000000000e+04 5.098999999999999800e-05
1.123200000000000000e+04 5.098999999999999800e-05
1.123300000000000000e+04 5.098999999999999800e-05
1.123400000000000000e+04 5.098999999999999800e-05
1.123500000000000000e+04 5.098999999999999800e-05
1.123600000000000000e+04 5.099999999999999960e-05
1.123700000000000000e+04 5.099999999999999960e-05
1.123800000000000000e+04 5.099999999999999960e-05
1.123900000000000000e+04 5.099999999999999960e-05
1.124000000000000000e+04 5.099999999999999960e-05
1.124100000000000000e+04 5.101000000000000120e-05
1.124200000000000000e+04 5.101000000000000120e-05
1.124300000000000000e+04 5.101000000000000120e-05
1.124400000000000000e+04 5.101000000000000120e-05
1.124500000000000000e+04 5.101000000000000120e-05
1.124600000000000000e+04 5.102000000000000279e-05
1.124700000000000000e+04 5.102000000000000279e-05
1.124800000000000000e+04 5.102000000000000279e-05
1.124900000000000000e+04 5.102000000000000279e-05
1.125000000000000000e+04 5.102000000000000279e-05
1.125100000000000000e+04 5.102000000000000279e-05
1.125200000000000000e+04 5.102999999999999762e-05
1.125300000000000000e+04 5.102999999999999762e-05
1.125400000000000000e+04 5.102999999999999762e-05
1.125500000000000000e+04 5.102999999999999762e-05
1.125600000000000000e+04 5.102999999999999762e-05
1.125700000000000000e+04 5.103999999999999922e-05
1.125800000000000000e+04 5.103999999999999922e-05
1.125900000000000000e+04 5.103999999999999922e-05
1.126000000000000000e+04 5.103999999999999922e-05
1.126100000000000000e+04 5.103999999999999922e-05
1.126200000000000000e+04 5.105000000000000081e-05
1.126300000000000000e+04 5.105000000000000081e-05
1.126400000000000000e+04 5.105000000000000081e-05
1.126500000000000000e+04 5.105000000000000081e-05
1.126600000000000000e+04 5.105000000000000081e-05
1.126700000000000000e+04 5.106000000000000241e-05
1.126800000000000000e+04 5.106000000000000241e-05
1.126900000000000000e+04 5.106000000000000241e-05
1.127000000000000000e+04 5.106000000000000241e-05
1.127100000000000000e+04 5.106999999999999723e-05
1.127200000000000000e+04 5.106999999999999723e-05
1.127300000000000000e+04 5.107999999999999883e-05
1.127400000000000000e+04 5.109000000000000043e-05
1.127500000000000000e+04 5.109000000000000043e-05
1.127600000000000000e+04 5.110000000000000203e-05
1.127700000000000000e+04 5.110999999999999685e-05
1.127800000000000000e+04 5.110999999999999685e-05
1.127900000000000000e+04 5.111999999999999845e-05
1.128000000000000000e+04 5.111999999999999845e-05
1.128100000000000000e+04 5.113000000000000005e-05
1.128200000000000000e+04 5.113000000000000005e-05
1.128300000000000000e+04 5.113000000000000005e-05
1.128400000000000000e+04 5.113000000000000005e-05
1.128500000000000000e+04 5.113000000000000005e-05
1.128600000000000000e+04 5.114000000000000165e-05
1.128700000000000000e+04 5.114000000000000165e-05
1.128800000000000000e+04 5.114000000000000165e-05
1.128900000000000000e+04 5.114000000000000165e-05
1.129000000000000000e+04 5.114000000000000165e-05
1.129100000000000000e+04 5.115000000000000324e-05
1.129200000000000000e+04 5.115000000000000324e-05
1.129300000000000000e+04 5.115000000000000324e-05
1.129400000000000000e+04 5.115000000000000324e-05
1.129500000000000000e+04 5.115000000000000324e-05
1.129600000000000000e+04 5.115999999999999807e-05
1.129700000000000000e+04 5.115999999999999807e-05
1.129800000000000000e+04 5.115999999999999807e-05
1.129900000000000000e+04 5.115999999999999807e-05
1.130000000000000000e+04 5.115999999999999807e-05
1.130100000000000000e+04 5.116999999999999966e-05
1.130200000000000000e+04 5.116999999999999966e-05
1.130300000000000000e+04 5.116999999999999966e-05
1.130400000000000000e+04 5.116999999999999966e-05
1.130500000000000000e+04 5.116999999999999966e-05
1.130600000000000000e+04 5.118000000000000126e-05
1.130700000000000000e+04 5.118000000000000126e-05
1.130800000000000000e+04 5.118000000000000126e-05
1.130900000000000000e+04 5.118000000000000126e-05
1.131000000000000000e+04 5.118000000000000126e-05
1.131100000000000000e+04 5.119000000000000286e-05
1.131200000000000000e+04 5.119000000000000286e-05
1.131300000000000000e+04 5.119000000000000286e-05
1.131400000000000000e+04 5.119000000000000286e-05
1.131500000000000000e+04 5.119000000000000286e-05
1.131600000000000000e+04 5.119000000000000286e-05
1.131700000000000000e+04 5.119999999999999768e-05
1.131800000000000000e+04 5.119999999999999768e-05
1.131900000000000000e+04 5.119999999999999768e-05
1.132000000000000000e+04 5.119999999999999768e-05
1.132100000000000000e+04 5.119999999999999768e-05
1.132200000000000000e+04 5.120999999999999928e-05
1.132300000000000000e+04 5.120999999999999928e-05
1.132400000000000000e+04 5.120999999999999928e-05
1.132500000000000000e+04 5.120999999999999928e-05
1.132600000000000000e+04 5.120999999999999928e-05
1.132700000000000000e+04 5.122000000000000088e-05
1.132800000000000000e+04 5.122000000000000088e-05
1.132900000000000000e+04 5.122000000000000088e-05
1.133000000000000000e+04 5.122000000000000088e-05
1.133100000000000000e+04 5.123000000000000248e-05
1.133200000000000000e+04 5.123000000000000248e-05
1.133300000000000000e+04 5.123999999999999730e-05
1.133400000000000000e+04 5.124999999999999890e-05
1.133500000000000000e+04 5.124999999999999890e-05
1.133600000000000000e+04 5.126000000000000050e-05
1.133700000000000000e+04 5.127000000000000210e-05
1.133800000000000000e+04 5.127000000000000210e-05
1.133900000000000000e+04 5.127999999999999692e-05
1.134000000000000000e+04 5.128999999999999852e-05
1.134100000000000000e+04 5.128999999999999852e-05
1.134200000000000000e+04 5.128999999999999852e-05
1.134300000000000000e+04 5.128999999999999852e-05
1.134400000000000000e+04 5.128999999999999852e-05
1.134500000000000000e+04 5.130000000000000011e-05
1.134600000000000000e+04 5.130000000000000011e-05
1.134700000000000000e+04 5.130000000000000011e-05
1.134800000000000000e+04 5.130000000000000011e-05
1.134900000000000000e+04 5.130000000000000011e-05
1.135000000000000000e+04 5.130000000000000011e-05
1.135100000000000000e+04 5.131000000000000171e-05
1.135200000000000000e+04 5.131000000000000171e-05
1.135300000000000000e+04 5.131000000000000171e-05
1.135400000000000000e+04 5.131000000000000171e-05
1.135500000000000000e+04 5.131000000000000171e-05
1.135600000000000000e+04 5.132000000000000331e-05
1.135700000000000000e+04 5.132000000000000331e-05
1.135800000000000000e+04 5.132000000000000331e-05
1.135900000000000000e+04 5.132000000000000331e-05
1.136000000000000000e+04 5.132000000000000331e-05
1.136100000000000000e+04 5.132999999999999813e-05
1.136200000000000000e+04 5.132999999999999813e-05
1.136300000000000000e+04 5.132999999999999813e-05
1.136400000000000000e+04 5.132999999999999813e-05
1.136500000000000000e+04 5.132999999999999813e-05
1.136600000000000000e+04 5.133999999999999973e-05
1.136700000000000000e+04 5.133999999999999973e-05
1.136800000000000000e+04 5.133999999999999973e-05
1.136900000000000000e+04 5.133999999999999973e-05
1.137000000000000000e+04 5.133999999999999973e-05
1.137100000000000000e+04 5.135000000000000133e-05
1.137200000000000000e+04 5.135000000000000133e-05
1.137300000000000000e+04 5.135000000000000133e-05
1.137400000000000000e+04 5.135000000000000133e-05
1.137500000000000000e+04 5.135000000000000133e-05
1.137600000000000000e+04 5.136000000000000293e-05
1.137700000000000000e+04 5.136000000000000293e-05
1.137800000000000000e+04 5.136000000000000293e-05
1.137900000000000000e+04 5.136000000000000293e-05
1.138000000000000000e+04 5.136000000000000293e-05
1.138100000000000000e+04 5.136999999999999775e-05
1.138200000000000000e+04 5.137999999999999935e-05
1.138300000000000000e+04 5.137999999999999935e-05
1.138400000000000000e+04 5.139000000000000095e-05
1.138500000000000000e+04 5.140000000000000254e-05
1.138600000000000000e+04 5.140000000000000254e-05
1.138700000000000000e+04 5.140999999999999737e-05
1.138800000000000000e+04 5.140999999999999737e-05
1.138900000000000000e+04 5.141999999999999896e-05
1.139000000000000000e+04 5.143000000000000056e-05
1.139100000000000000e+04 5.143000000000000056e-05
1.139200000000000000e+04 5.143000000000000056e-05
1.139300000000000000e+04 5.143000000000000056e-05
1.139400000000000000e+04 5.143000000000000056e-05
1.139500000000000000e+04 5.144000000000000216e-05
1.139600000000000000e+04 5.144000000000000216e-05
1.139700000000000000e+04 5.144000000000000216e-05
1.139800000000000000e+04 5.144000000000000216e-05
1.139900000000000000e+04 5.144000000000000216e-05
1.140000000000000000e+04 5.144999999999999698e-05
1.140100000000000000e+04 5.144999999999999698e-05
1.140200000000000000e+04 5.144999999999999698e-05
1.140300000000000000e+04 5.144999999999999698e-05
1.140400000000000000e+04 5.145999999999999858e-05
1.140500000000000000e+04 5.145999999999999858e-05
1.140600000000000000e+04 5.145999999999999858e-05
1.140700000000000000e+04 5.145999999999999858e-05
1.140800000000000000e+04 5.145999999999999858e-05
1.140900000000000000e+04 5.147000000000000018e-05
1.141000000000000000e+04 5.147000000000000018e-05
1.141100000000000000e+04 5.147000000000000018e-05
1.141200000000000000e+04 5.147000000000000018e-05
1.141300000000000000e+04 5.148000000000000178e-05
1.141400000000000000e+04 5.148000000000000178e-05
1.141500000000000000e+04 5.148000000000000178e-05
1.141600000000000000e+04 5.148000000000000178e-05
1.141700000000000000e+04 5.149000000000000338e-05
1.141800000000000000e+04 5.149000000000000338e-05
1.141900000000000000e+04 5.149000000000000338e-05
1.142000000000000000e+04 5.149000000000000338e-05
1.142100000000000000e+04 5.149999999999999820e-05
1.142200000000000000e+04 5.149999999999999820e-05
1.142300000000000000e+04 5.149999999999999820e-05
1.142400000000000000e+04 5.149999999999999820e-05
1.142500000000000000e+04 5.149999999999999820e-05
1.142600000000000000e+04 5.150999999999999980e-05
1.142700000000000000e+04 5.150999999999999980e-05
1.142800000000000000e+04 5.150999999999999980e-05
1.142900000000000000e+04 5.150999999999999980e-05
1.143000000000000000e+04 5.152000000000000140e-05
1.143100000000000000e+04 5.152000000000000140e-05
1.143200000000000000e+04 5.152000000000000140e-05
1.143300000000000000e+04 5.152000000000000140e-05
1.143400000000000000e+04 5.153000000000000299e-05
1.143500000000000000e+04 5.153000000000000299e-05
1.143600000000000000e+04 5.153000000000000299e-05
1.143700000000000000e+04 5.153000000000000299e-05
1.143800000000000000e+04 5.153000000000000299e-05
1.143900000000000000e+04 5.153999999999999782e-05
1.144000000000000000e+04 5.153999999999999782e-05
1.144100000000000000e+04 5.154999999999999941e-05
1.144200000000000000e+04 5.154999999999999941e-05
1.144300000000000000e+04 5.156000000000000101e-05
1.144400000000000000e+04 5.157000000000000261e-05
1.144500000000000000e+04 5.157000000000000261e-05
1.144600000000000000e+04 5.157999999999999743e-05
1.144700000000000000e+04 5.158999999999999903e-05
1.144800000000000000e+04 5.158999999999999903e-05
1.144900000000000000e+04 5.160000000000000063e-05
1.145000000000000000e+04 5.161000000000000223e-05
1.145100000000000000e+04 5.161000000000000223e-05
1.145200000000000000e+04 5.161000000000000223e-05
1.145300000000000000e+04 5.161000000000000223e-05
1.145400000000000000e+04 5.161999999999999705e-05
1.145500000000000000e+04 5.161999999999999705e-05
1.145600000000000000e+04 5.161999999999999705e-05
1.145700000000000000e+04 5.161999999999999705e-05
1.145800000000000000e+04 5.162999999999999865e-05
1.145900000000000000e+04 5.162999999999999865e-05
1.146000000000000000e+04 5.162999999999999865e-05
1.146100000000000000e+04 5.162999999999999865e-05
1.146200000000000000e+04 5.162999999999999865e-05
1.146300000000000000e+04 5.164000000000000025e-05
1.146400000000000000e+04 5.164000000000000025e-05
1.146500000000000000e+04 5.164000000000000025e-05
1.146600000000000000e+04 5.164000000000000025e-05
1.146700000000000000e+04 5.165000000000000184e-05
1.146800000000000000e+04 5.165000000000000184e-05
1.146900000000000000e+04 5.165000000000000184e-05
1.147000000000000000e+04 5.165000000000000184e-05
1.147100000000000000e+04 5.165999999999999667e-05
1.147200000000000000e+04 5.165999999999999667e-05
1.147300000000000000e+04 5.165999999999999667e-05
1.147400000000000000e+04 5.165999999999999667e-05
1.147500000000000000e+04 5.166999999999999827e-05
1.147600000000000000e+04 5.166999999999999827e-05
1.147700000000000000e+04 5.166999999999999827e-05
1.147800000000000000e+04 5.166999999999999827e-05
1.147900000000000000e+04 5.166999999999999827e-05
1.148000000000000000e+04 5.167999999999999986e-05
1.148100000000000000e+04 5.167999999999999986e-05
1.148200000000000000e+04 5.167999999999999986e-05
1.148300000000000000e+04 5.167999999999999986e-05
1.148400000000000000e+04 5.169000000000000146e-05
1.148500000000000000e+04 5.169000000000000146e-05
1.148600000000000000e+04 5.169000000000000146e-05
1.148700000000000000e+04 5.169000000000000146e-05
1.148800000000000000e+04 5.170000000000000306e-05
1.148900000000000000e+04 5.170000000000000306e-05
1.149000000000000000e+04 5.170000000000000306e-05
1.149100000000000000e+04 5.170999999999999788e-05
1.149200000000000000e+04 5.170999999999999788e-05
1.149300000000000000e+04 5.171999999999999948e-05
1.149400000000000000e+04 5.173000000000000108e-05
1.149500000000000000e+04 5.173000000000000108e-05
1.149600000000000000e+04 5.174000000000000268e-05
1.149700000000000000e+04 5.174999999999999750e-05
1.149800000000000000e+04 5.174999999999999750e-05
1.149900000000000000e+04 5.175999999999999910e-05
1.150000000000000000e+04 5.177000000000000070e-05
1.150100000000000000e+04 5.177000000000000070e-05
1.150200000000000000e+04 5.177000000000000070e-05
1.150300000000000000e+04 5.177000000000000070e-05
1.150400000000000000e+04 5.178000000000000229e-05
1.150500000000000000e+04 5.178000000000000229e-05
1.150600000000000000e+04 5.178000000000000229e-05
1.150700000000000000e+04 5.178000000000000229e-05
1.150800000000000000e+04 5.178000000000000229e-05
1.150900000000000000e+04 5.178999999999999712e-05
1.151000000000000000e+04 5.178999999999999712e-05
1.151100000000000000e+04 5.178999999999999712e-05
1.151200000000000000e+04 5.178999999999999712e-05
1.151300000000000000e+04 5.178999999999999712e-05
1.151400000000000000e+04 5.179999999999999871e-05
1.151500000000000000e+04 5.179999999999999871e-05
1.151600000000000000e+04 5.179999999999999871e-05
1.151700000000000000e+04 5.179999999999999871e-05
1.151800000000000000e+04 5.179999999999999871e-05
1.151900000000000000e+04 5.181000000000000031e-05
1.152000000000000000e+04 5.181000000000000031e-05
1.152100000000000000e+04 5.181000000000000031e-05
1.152200000000000000e+04 5.181000000000000031e-05
1.152300000000000000e+04 5.182000000000000191e-05
1.152400000000000000e+04 5.182000000000000191e-05
1.152500000000000000e+04 5.182000000000000191e-05
1.152600000000000000e+04 5.182000000000000191e-05
1.152700000000000000e+04 5.182000000000000191e-05
1.152800000000000000e+04 5.182999999999999673e-05
1.152900000000000000e+04 5.182999999999999673e-05
1.153000000000000000e+04 5.182999999999999673e-05
1.153100000000000000e+04 5.182999999999999673e-05
1.153200000000000000e+04 5.182999999999999673e-05
1.153300000000000000e+04 5.183999999999999833e-05
1.153400000000000000e+04 5.183999999999999833e-05
1.153500000000000000e+04 5.183999999999999833e-05
1.153600000000000000e+04 5.183999999999999833e-05
1.153700000000000000e+04 5.183999999999999833e-05
1.153800000000000000e+04 5.184999999999999993e-05
1.153900000000000000e+04 5.184999999999999993e-05
1.154000000000000000e+04 5.184999999999999993e-05
1.154100000000000000e+04 5.186000000000000153e-05
1.154200000000000000e+04 5.186000000000000153e-05
1.154300000000000000e+04 5.187000000000000313e-05
1.154400000000000000e+04 5.187999999999999795e-05
1.154500000000000000e+04 5.187999999999999795e-05
1.154600000000000000e+04 5.188999999999999955e-05
1.154700000000000000e+04 5.190000000000000115e-05
1.154800000000000000e+04 5.190000000000000115e-05
1.154900000000000000e+04 5.191000000000000274e-05
1.155000000000000000e+04 5.191999999999999757e-05
1.155100000000000000e+04 5.191999999999999757e-05
1.155200000000000000e+04 5.191999999999999757e-05
1.155300000000000000e+04 5.191999999999999757e-05
1.155400000000000000e+04 5.191999999999999757e-05
1.155500000000000000e+04 5.192999999999999916e-05
1.155600000000000000e+04 5.192999999999999916e-05
1.155700000000000000e+04 5.192999999999999916e-05
1.155800000000000000e+04 5.192999999999999916e-05
1.155900000000000000e+04 5.192999999999999916e-05
1.156000000000000000e+04 5.194000000000000076e-05
1.156100000000000000e+04 5.194000000000000076e-05
1.156200000000000000e+04 5.194000000000000076e-05
1.156300000000000000e+04 5.194000000000000076e-05
1.156400000000000000e+04 5.194000000000000076e-05
1.156500000000000000e+04 5.195000000000000236e-05
1.156600000000000000e+04 5.195000000000000236e-05
1.156700000000000000e+04 5.195000000000000236e-05
1.156800000000000000e+04 5.195000000000000236e-05
1.156900000000000000e+04 5.195000000000000236e-05
1.157000000000000000e+04 5.195999999999999718e-05
1.157100000000000000e+04 5.195999999999999718e-05
1.157200000000000000e+04 5.195999999999999718e-05
1.157300000000000000e+04 5.195999999999999718e-05
1.157400000000000000e+04 5.195999999999999718e-05
1.157500000000000000e+04 5.196999999999999878e-05
1.157600000000000000e+04 5.196999999999999878e-05
1.157700000000000000e+04 5.196999999999999878e-05
1.157800000000000000e+04 5.196999999999999878e-05
1.157900000000000000e+04 5.198000000000000038e-05
1.158000000000000000e+04 5.198000000000000038e-05
1.158100000000000000e+04 5.198000000000000038e-05
1.158200000000000000e+04 5.198000000000000038e-05
1.158300000000000000e+04 5.198000000000000038e-05
1.158400000000000000e+04 5.199000000000000198e-05
1.158500000000000000e+04 5.199000000000000198e-05
1.158600000000000000e+04 5.199000000000000198e-05
1.158700000000000000e+04 5.199000000000000198e-05
1.158800000000000000e+04 5.199000000000000198e-05
1.158900000000000000e+04 5.199999999999999680e-05
1.159000000000000000e+04 5.199999999999999680e-05
1.159100000000000000e+04 5.199999999999999680e-05
1.159200000000000000e+04 5.200999999999999840e-05
1.159300000000000000e+04 5.202000000000000000e-05
1.159400000000000000e+04 5.202000000000000000e-05
1.159500000000000000e+04 5.203000000000000159e-05
1.159600000000000000e+04 5.204000000000000319e-05
1.159700000000000000e+04 5.204000000000000319e-05
1.159800000000000000e+04 5.204999999999999802e-05
1.159900000000000000e+04 5.205999999999999961e-05
1.160000000000000000e+04 5.205999999999999961e-05
1.160100000000000000e+04 5.205999999999999961e-05
1.160200000000000000e+04 5.207000000000000121e-05
1.160300000000000000e+04 5.207000000000000121e-05
1.160400000000000000e+04 5.207000000000000121e-05
1.160500000000000000e+04 5.207000000000000121e-05
1.160600000000000000e+04 5.208000000000000281e-05
1.160700000000000000e+04 5.208000000000000281e-05
1.160800000000000000e+04 5.208000000000000281e-05
1.160900000000000000e+04 5.208000000000000281e-05
1.161000000000000000e+04 5.208000000000000281e-05
1.161100000000000000e+04 5.208999999999999763e-05
1.161200000000000000e+04 5.208999999999999763e-05
1.161300000000000000e+04 5.208999999999999763e-05
1.161400000000000000e+04 5.208999999999999763e-05
1.161500000000000000e+04 5.208999999999999763e-05
1.161600000000000000e+04 5.209999999999999923e-05
1.161700000000000000e+04 5.209999999999999923e-05
1.161800000000000000e+04 5.209999999999999923e-05
1.161900000000000000e+04 5.209999999999999923e-05
1.162000000000000000e+04 5.209999999999999923e-05
1.162100000000000000e+04 5.211000000000000083e-05
1.162200000000000000e+04 5.211000000000000083e-05
1.162300000000000000e+04 5.211000000000000083e-05
1.162400000000000000e+04 5.211000000000000083e-05
1.162500000000000000e+04 5.212000000000000243e-05
1.162600000000000000e+04 5.212000000000000243e-05
1.162700000000000000e+04 5.212000000000000243e-05
1.162800000000000000e+04 5.212000000000000243e-05
1.162900000000000000e+04 5.212000000000000243e-05
1.163000000000000000e+04 5.212999999999999725e-05
1.163100000000000000e+04 5.212999999999999725e-05
1.163200000000000000e+04 5.213999999999999885e-05
1.163300000000000000e+04 5.215000000000000045e-05
1.163400000000000000e+04 5.215000000000000045e-05
1.163500000000000000e+04 5.216000000000000204e-05
1.163600000000000000e+04 5.216999999999999687e-05
1.163700000000000000e+04 5.216999999999999687e-05
1.163800000000000000e+04 5.217999999999999846e-05
1.163900000000000000e+04 5.217999999999999846e-05
1.164000000000000000e+04 5.219000000000000006e-05
1.164100000000000000e+04 5.219000000000000006e-05
1.164200000000000000e+04 5.220000000000000166e-05
1.164300000000000000e+04 5.220000000000000166e-05
1.164400000000000000e+04 5.220000000000000166e-05
1.164500000000000000e+04 5.220000000000000166e-05
1.164600000000000000e+04 5.220000000000000166e-05
1.164700000000000000e+04 5.221000000000000326e-05
1.164800000000000000e+04 5.221000000000000326e-05
1.164900000000000000e+04 5.221000000000000326e-05
1.165000000000000000e+04 5.221000000000000326e-05
1.165100000000000000e+04 5.221000000000000326e-05
1.165200000000000000e+04 5.221999999999999808e-05
1.165300000000000000e+04 5.221999999999999808e-05
1.165400000000000000e+04 5.221999999999999808e-05
1.165500000000000000e+04 5.221999999999999808e-05
1.165600000000000000e+04 5.222999999999999968e-05
1.165700000000000000e+04 5.222999999999999968e-05
1.165800000000000000e+04 5.222999999999999968e-05
1.165900000000000000e+04 5.222999999999999968e-05
1.166000000000000000e+04 5.222999999999999968e-05
1.166100000000000000e+04 5.224000000000000128e-05
1.166200000000000000e+04 5.224000000000000128e-05
1.166300000000000000e+04 5.224000000000000128e-05
1.166400000000000000e+04 5.224000000000000128e-05
1.166500000000000000e+04 5.224000000000000128e-05
1.166600000000000000e+04 5.225000000000000288e-05
1.166700000000000000e+04 5.225000000000000288e-05
1.166800000000000000e+04 5.225000000000000288e-05
1.166900000000000000e+04 5.225000000000000288e-05
1.167000000000000000e+04 5.225000000000000288e-05
1.167100000000000000e+04 5.225999999999999770e-05
1.167200000000000000e+04 5.225999999999999770e-05
1.167300000000000000e+04 5.225999999999999770e-05
1.167400000000000000e+04 5.225999999999999770e-05
1.167500000000000000e+04 5.226999999999999930e-05
1.167600000000000000e+04 5.226999999999999930e-05
1.167700000000000000e+04 5.226999999999999930e-05
1.167800000000000000e+04 5.226999999999999930e-05
1.167900000000000000e+04 5.226999999999999930e-05
1.168000000000000000e+04 5.228000000000000090e-05
1.168100000000000000e+04 5.228000000000000090e-05
1.168200000000000000e+04 5.229000000000000249e-05
1.168300000000000000e+04 5.229999999999999732e-05
1.168400000000000000e+04 5.229999999999999732e-05
1.168500000000000000e+04 5.230999999999999891e-05
1.168600000000000000e+04 5.232000000000000051e-05
1.168700000000000000e+04 5.232000000000000051e-05
1.168800000000000000e+04 5.233000000000000211e-05
1.168900000000000000e+04 5.233000000000000211e-05
1.169000000000000000e+04 5.233999999999999693e-05
1.169100000000000000e+04 5.233999999999999693e-05
1.169200000000000000e+04 5.234999999999999853e-05
1.169300000000000000e+04 5.234999999999999853e-05
1.169400000000000000e+04 5.234999999999999853e-05
1.169500000000000000e+04 5.234999999999999853e-05
1.169600000000000000e+04 5.234999999999999853e-05
1.169700000000000000e+04 5.236000000000000013e-05
1.169800000000000000e+04 5.236000000000000013e-05
1.169900000000000000e+04 5.236000000000000013e-05
1.170000000000000000e+04 5.236000000000000013e-05
1.170100000000000000e+04 5.236000000000000013e-05
1.170200000000000000e+04 5.237000000000000173e-05
1.170300000000000000e+04 5.237000000000000173e-05
1.170400000000000000e+04 5.237000000000000173e-05
1.170500000000000000e+04 5.237000000000000173e-05
1.170600000000000000e+04 5.238000000000000333e-05
1.170700000000000000e+04 5.238000000000000333e-05
1.170800000000000000e+04 5.238000000000000333e-05
1.170900000000000000e+04 5.238000000000000333e-05
1.171000000000000000e+04 5.238000000000000333e-05
1.171100000000000000e+04 5.238999999999999815e-05
1.171200000000000000e+04 5.238999999999999815e-05
1.171300000000000000e+04 5.238999999999999815e-05
1.171400000000000000e+04 5.238999999999999815e-05
1.171500000000000000e+04 5.238999999999999815e-05
1.171600000000000000e+04 5.239999999999999975e-05
1.171700000000000000e+04 5.239999999999999975e-05
1.171800000000000000e+04 5.239999999999999975e-05
1.171900000000000000e+04 5.239999999999999975e-05
1.172000000000000000e+04 5.239999999999999975e-05
1.172100000000000000e+04 5.241000000000000134e-05
1.172200000000000000e+04 5.242000000000000294e-05
1.172300000000000000e+04 5.242000000000000294e-05
1.172400000000000000e+04 5.242999999999999777e-05
1.172500000000000000e+04 5.243999999999999936e-05
1.172600000000000000e+04 5.243999999999999936e-05
1.172700000000000000e+04 5.245000000000000096e-05
1.172800000000000000e+04 5.246000000000000256e-05
1.172900000000000000e+04 5.246000000000000256e-05
1.173000000000000000e+04 5.246999999999999738e-05
1.173100000000000000e+04 5.246999999999999738e-05
1.173200000000000000e+04 5.246999999999999738e-05
1.173300000000000000e+04 5.247999999999999898e-05
1.173400000000000000e+04 5.247999999999999898e-05
1.173500000000000000e+04 5.247999999999999898e-05
1.173600000000000000e+04 5.247999999999999898e-05
1.173700000000000000e+04 5.249000000000000058e-05
1.173800000000000000e+04 5.249000000000000058e-05
1.173900000000000000e+04 5.249000000000000058e-05
1.174000000000000000e+04 5.249000000000000058e-05
1.174100000000000000e+04 5.249000000000000058e-05
1.174200000000000000e+04 5.250000000000000218e-05
1.174300000000000000e+04 5.250000000000000218e-05
1.174400000000000000e+04 5.250000000000000218e-05
1.174500000000000000e+04 5.250000000000000218e-05
1.174600000000000000e+04 5.250000000000000218e-05
1.174700000000000000e+04 5.250999999999999700e-05
1.174800000000000000e+04 5.250999999999999700e-05
1.174900000000000000e+04 5.250999999999999700e-05
1.175000000000000000e+04 5.250999999999999700e-05
1.175100000000000000e+04 5.250999999999999700e-05
1.175200000000000000e+04 5.251999999999999860e-05
1.175300000000000000e+04 5.251999999999999860e-05
1.175400000000000000e+04 5.251999999999999860e-05
1.175500000000000000e+04 5.251999999999999860e-05
1.175600000000000000e+04 5.253000000000000020e-05
1.175700000000000000e+04 5.253000000000000020e-05
1.175800000000000000e+04 5.253000000000000020e-05
1.175900000000000000e+04 5.253000000000000020e-05
1.176000000000000000e+04 5.253000000000000020e-05
1.176100000000000000e+04 5.254000000000000179e-05
1.176200000000000000e+04 5.254000000000000179e-05
1.176300000000000000e+04 5.254000000000000179e-05
1.176400000000000000e+04 5.254000000000000179e-05
1.176500000000000000e+04 5.254000000000000179e-05
1.176600000000000000e+04 5.254999999999999662e-05
1.176700000000000000e+04 5.254999999999999662e-05
1.176800000000000000e+04 5.254999999999999662e-05
1.176900000000000000e+04 5.254999999999999662e-05
1.177000000000000000e+04 5.255999999999999821e-05
1.177100000000000000e+04 5.255999999999999821e-05
1.177200000000000000e+04 5.256999999999999981e-05
1.177300000000000000e+04 5.256999999999999981e-05
1.177400000000000000e+04 5.258000000000000141e-05
1.177500000000000000e+04 5.259000000000000301e-05
1.177600000000000000e+04 5.259000000000000301e-05
1.177700000000000000e+04 5.259999999999999783e-05
1.177800000000000000e+04 5.260999999999999943e-05
1.177900000000000000e+04 5.260999999999999943e-05
1.178000000000000000e+04 5.262000000000000103e-05
1.178100000000000000e+04 5.262000000000000103e-05
1.178200000000000000e+04 5.263000000000000263e-05
1.178300000000000000e+04 5.263000000000000263e-05
1.178400000000000000e+04 5.263000000000000263e-05
1.178500000000000000e+04 5.263000000000000263e-05
1.178600000000000000e+04 5.263000000000000263e-05
1.178700000000000000e+04 5.263999999999999745e-05
1.178800000000000000e+04 5.263999999999999745e-05
1.178900000000000000e+04 5.263999999999999745e-05
1.179000000000000000e+04 5.263999999999999745e-05
1.179100000000000000e+04 5.263999999999999745e-05
1.179200000000000000e+04 5.264999999999999905e-05
1.179300000000000000e+04 5.264999999999999905e-05
1.179400000000000000e+04 5.264999999999999905e-05
1.179500000000000000e+04 5.264999999999999905e-05
1.179600000000000000e+04 5.264999999999999905e-05
1.179700000000000000e+04 5.266000000000000065e-05
1.179800000000000000e+04 5.266000000000000065e-05
1.179900000000000000e+04 5.266000000000000065e-05
1.180000000000000000e+04 5.266000000000000065e-05
1.180100000000000000e+04 5.266000000000000065e-05
1.180200000000000000e+04 5.267000000000000224e-05
1.180300000000000000e+04 5.267000000000000224e-05
1.180400000000000000e+04 5.267000000000000224e-05
1.180500000000000000e+04 5.267000000000000224e-05
1.180600000000000000e+04 5.267000000000000224e-05
1.180700000000000000e+04 5.267000000000000224e-05
1.180800000000000000e+04 5.267000000000000224e-05
1.180900000000000000e+04 5.267999999999999707e-05
1.181000000000000000e+04 5.267999999999999707e-05
1.181100000000000000e+04 5.267999999999999707e-05
1.181200000000000000e+04 5.268999999999999866e-05
1.181300000000000000e+04 5.268999999999999866e-05
1.181400000000000000e+04 5.270000000000000026e-05
1.181500000000000000e+04 5.271000000000000186e-05
1.181600000000000000e+04 5.271000000000000186e-05
1.181700000000000000e+04 5.271999999999999668e-05
1.181800000000000000e+04 5.271999999999999668e-05
1.181900000000000000e+04 5.272999999999999828e-05
1.182000000000000000e+04 5.273999999999999988e-05
1.182100000000000000e+04 5.273999999999999988e-05
1.182200000000000000e+04 5.273999999999999988e-05
1.182300000000000000e+04 5.273999999999999988e-05
1.182400000000000000e+04 5.273999999999999988e-05
1.182500000000000000e+04 5.273999999999999988e-05
1.182600000000000000e+04 5.273999999999999988e-05
1.182700000000000000e+04 5.275000000000000148e-05
1.182800000000000000e+04 5.275000000000000148e-05
1.182900000000000000e+04 5.275000000000000148e-05
1.183000000000000000e+04 5.275000000000000148e-05
1.183100000000000000e+04 5.275000000000000148e-05
1.183200000000000000e+04 5.275000000000000148e-05
1.183300000000000000e+04 5.275000000000000148e-05
1.183400000000000000e+04 5.276000000000000308e-05
1.183500000000000000e+04 5.276000000000000308e-05
1.183600000000000000e+04 5.276000000000000308e-05
1.183700000000000000e+04 5.276000000000000308e-05
1.183800000000000000e+04 5.276000000000000308e-05
1.183900000000000000e+04 5.276000000000000308e-05
1.184000000000000000e+04 5.276000000000000308e-05
1.184100000000000000e+04 5.276999999999999790e-05
1.184200000000000000e+04 5.276999999999999790e-05
1.184300000000000000e+04 5.276999999999999790e-05
1.184400000000000000e+04 5.276999999999999790e-05
1.184500000000000000e+04 5.276999999999999790e-05
1.184600000000000000e+04 5.276999999999999790e-05
1.184700000000000000e+04 5.276999999999999790e-05
1.184800000000000000e+04 5.277999999999999950e-05
1.184900000000000000e+04 5.277999999999999950e-05
1.185000000000000000e+04 5.277999999999999950e-05
1.185100000000000000e+04 5.277999999999999950e-05
1.185200000000000000e+04 5.279000000000000109e-05
1.185300000000000000e+04 5.280000000000000269e-05
1.185400000000000000e+04 5.280000000000000269e-05
1.185500000000000000e+04 5.280999999999999751e-05
1.185600000000000000e+04 5.280999999999999751e-05
1.185700000000000000e+04 5.281999999999999911e-05
1.185800000000000000e+04 5.281999999999999911e-05
1.185900000000000000e+04 5.283000000000000071e-05
1.186000000000000000e+04 5.284000000000000231e-05
1.186100000000000000e+04 5.284000000000000231e-05
1.186200000000000000e+04 5.284000000000000231e-05
1.186300000000000000e+04 5.284000000000000231e-05
1.186400000000000000e+04 5.284000000000000231e-05
1.186500000000000000e+04 5.284000000000000231e-05
1.186600000000000000e+04 5.284999999999999713e-05
1.186700000000000000e+04 5.284999999999999713e-05
1.186800000000000000e+04 5.284999999999999713e-05
1.186900000000000000e+04 5.284999999999999713e-05
1.187000000000000000e+04 5.284999999999999713e-05
1.187100000000000000e+04 5.284999999999999713e-05
1.187200000000000000e+04 5.284999999999999713e-05
1.187300000000000000e+04 5.284999999999999713e-05
1.187400000000000000e+04 5.285999999999999873e-05
1.187500000000000000e+04 5.285999999999999873e-05
1.187600000000000000e+04 5.285999999999999873e-05
1.187700000000000000e+04 5.285999999999999873e-05
1.187800000000000000e+04 5.285999999999999873e-05
1.187900000000000000e+04 5.285999999999999873e-05
1.188000000000000000e+04 5.285999999999999873e-05
1.188100000000000000e+04 5.287000000000000033e-05
1.188200000000000000e+04 5.287000000000000033e-05
1.188300000000000000e+04 5.287000000000000033e-05
1.188400000000000000e+04 5.287000000000000033e-05
1.188500000000000000e+04 5.287000000000000033e-05
1.188600000000000000e+04 5.287000000000000033e-05
1.188700000000000000e+04 5.287000000000000033e-05
1.188800000000000000e+04 5.288000000000000193e-05
1.188900000000000000e+04 5.288000000000000193e-05
1.189000000000000000e+04 5.288000000000000193e-05
1.189100000000000000e+04 5.288000000000000193e-05
1.189200000000000000e+04 5.288999999999999675e-05
1.189300000000000000e+04 5.289999999999999835e-05
1.189400000000000000e+04 5.289999999999999835e-05
1.189500000000000000e+04 5.290999999999999995e-05
1.189600000000000000e+04 5.290999999999999995e-05
1.189700000000000000e+04 5.292000000000000154e-05
1.189800000000000000e+04 5.293000000000000314e-05
1.189900000000000000e+04 5.293000000000000314e-05
1.190000000000000000e+04 5.293999999999999796e-05
1.190100000000000000e+04 5.293999999999999796e-05
1.190200000000000000e+04 5.293999999999999796e-05
1.190300000000000000e+04 5.293999999999999796e-05
1.190400000000000000e+04 5.293999999999999796e-05
1.190500000000000000e+04 5.293999999999999796e-05
1.190600000000000000e+04 5.294999999999999956e-05
1.190700000000000000e+04 5.294999999999999956e-05
1.190800000000000000e+04 5.294999999999999956e-05
1.190900000000000000e+04 5.294999999999999956e-05
1.191000000000000000e+04 5.294999999999999956e-05
1.191100000000000000e+04 5.294999999999999956e-05
1.191200000000000000e+04 5.294999999999999956e-05
1.191300000000000000e+04 5.296000000000000116e-05
1.191400000000000000e+04 5.296000000000000116e-05
1.191500000000000000e+04 5.296000000000000116e-05
1.191600000000000000e+04 5.296000000000000116e-05
1.191700000000000000e+04 5.296000000000000116e-05
1.191800000000000000e+04 5.296000000000000116e-05
1.191900000000000000e+04 5.296000000000000116e-05
1.192000000000000000e+04 5.297000000000000276e-05
1.192100000000000000e+04 5.297000000000000276e-05
1.192200000000000000e+04 5.297000000000000276e-05
1.192300000000000000e+04 5.297000000000000276e-05
1.192400000000000000e+04 5.297000000000000276e-05
1.192500000000000000e+04 5.297000000000000276e-05
1.192600000000000000e+04 5.297000000000000276e-05
1.192700000000000000e+04 5.297999999999999758e-05
1.192800000000000000e+04 5.297999999999999758e-05
1.192900000000000000e+04 5.297999999999999758e-05
1.193000000000000000e+04 5.297999999999999758e-05
1.193100000000000000e+04 5.297999999999999758e-05
1.193200000000000000e+04 5.297999999999999758e-05
1.193300000000000000e+04 5.297999999999999758e-05
1.193400000000000000e+04 5.298999999999999918e-05
1.193500000000000000e+04 5.298999999999999918e-05
1.193600000000000000e+04 5.298999999999999918e-05
1.193700000000000000e+04 5.298999999999999918e-05
1.193800000000000000e+04 5.298999999999999918e-05
1.193900000000000000e+04 5.298999999999999918e-05
1.194000000000000000e+04 5.298999999999999918e-05
1.194100000000000000e+04 5.300000000000000078e-05
1.194200000000000000e+04 5.301000000000000238e-05
1.194300000000000000e+04 5.301000000000000238e-05
1.194400000000000000e+04 5.301999999999999720e-05
1.194500000000000000e+04 5.301999999999999720e-05
1.194600000000000000e+04 5.302999999999999880e-05
1.194700000000000000e+04 5.304000000000000040e-05
1.194800000000000000e+04 5.304000000000000040e-05
1.194900000000000000e+04 5.305000000000000199e-05
1.195000000000000000e+04 5.305000000000000199e-05
1.195100000000000000e+04 5.305000000000000199e-05
1.195200000000000000e+04 5.305999999999999682e-05
1.195300000000000000e+04 5.305999999999999682e-05
1.195400000000000000e+04 5.305999999999999682e-05
1.195500000000000000e+04 5.305999999999999682e-05
1.195600000000000000e+04 5.305999999999999682e-05
1.195700000000000000e+04 5.305999999999999682e-05
1.195800000000000000e+04 5.305999999999999682e-05
1.195900000000000000e+04 5.306999999999999841e-05
1.196000000000000000e+04 5.306999999999999841e-05
1.196100000000000000e+04 5.306999999999999841e-05
1.196200000000000000e+04 5.306999999999999841e-05
1.196300000000000000e+04 5.306999999999999841e-05
1.196400000000000000e+04 5.306999999999999841e-05
1.196500000000000000e+04 5.306999999999999841e-05
1.196600000000000000e+04 5.308000000000000001e-05
1.196700000000000000e+04 5.308000000000000001e-05
1.196800000000000000e+04 5.308000000000000001e-05
1.196900000000000000e+04 5.308000000000000001e-05
1.197000000000000000e+04 5.308000000000000001e-05
1.197100000000000000e+04 5.308000000000000001e-05
1.197200000000000000e+04 5.308000000000000001e-05
1.197300000000000000e+04 5.309000000000000161e-05
1.197400000000000000e+04 5.309000000000000161e-05
1.197500000000000000e+04 5.309000000000000161e-05
1.197600000000000000e+04 5.309000000000000161e-05
1.197700000000000000e+04 5.309000000000000161e-05
1.197800000000000000e+04 5.309000000000000161e-05
1.197900000000000000e+04 5.309000000000000161e-05
1.198000000000000000e+04 5.309000000000000161e-05
1.198100000000000000e+04 5.310000000000000321e-05
1.198200000000000000e+04 5.310999999999999803e-05
1.198300000000000000e+04 5.310999999999999803e-05
1.198400000000000000e+04 5.311999999999999963e-05
1.198500000000000000e+04 5.311999999999999963e-05
1.198600000000000000e+04 5.313000000000000123e-05
1.198700000000000000e+04 5.314000000000000283e-05
1.198800000000000000e+04 5.314000000000000283e-05
1.198900000000000000e+04 5.314999999999999765e-05
1.199000000000000000e+04 5.314999999999999765e-05
1.199100000000000000e+04 5.315999999999999925e-05
1.199200000000000000e+04 5.315999999999999925e-05
1.199300000000000000e+04 5.315999999999999925e-05
1.199400000000000000e+04 5.315999999999999925e-05
1.199500000000000000e+04 5.315999999999999925e-05
1.199600000000000000e+04 5.315999999999999925e-05
1.199700000000000000e+04 5.315999999999999925e-05
1.199800000000000000e+04 5.317000000000000084e-05
1.199900000000000000e+04 5.317000000000000084e-05
1.200000000000000000e+04 5.317000000000000084e-05
1.200100000000000000e+04 5.317000000000000084e-05
1.200200000000000000e+04 5.317000000000000084e-05
1.200300000000000000e+04 5.317000000000000084e-05
1.200400000000000000e+04 5.318000000000000244e-05
1.200500000000000000e+04 5.318000000000000244e-05
1.200600000000000000e+04 5.318000000000000244e-05
1.200700000000000000e+04 5.318000000000000244e-05
1.200800000000000000e+04 5.318000000000000244e-05
1.200900000000000000e+04 5.318999999999999726e-05
1.201000000000000000e+04 5.318999999999999726e-05
1.201100000000000000e+04 5.318999999999999726e-05
1.201200000000000000e+04 5.318999999999999726e-05
1.201300000000000000e+04 5.318999999999999726e-05
1.201400000000000000e+04 5.319999999999999886e-05
1.201500000000000000e+04 5.319999999999999886e-05
1.201600000000000000e+04 5.319999999999999886e-05
1.201700000000000000e+04 5.319999999999999886e-05
1.201800000000000000e+04 5.321000000000000046e-05
1.201900000000000000e+04 5.321000000000000046e-05
1.202000000000000000e+04 5.321000000000000046e-05
1.202100000000000000e+04 5.322000000000000206e-05
1.202200000000000000e+04 5.322000000000000206e-05
1.202300000000000000e+04 5.322999999999999688e-05
1.202400000000000000e+04 5.323999999999999848e-05
1.202500000000000000e+04 5.323999999999999848e-05
1.202600000000000000e+04 5.325000000000000008e-05
1.202700000000000000e+04 5.326000000000000168e-05
1.202800000000000000e+04 5.326000000000000168e-05
1.202900000000000000e+04 5.327000000000000328e-05
1.203000000000000000e+04 5.327000000000000328e-05
1.203100000000000000e+04 5.327999999999999810e-05
1.203200000000000000e+04 5.327999999999999810e-05
1.203300000000000000e+04 5.327999999999999810e-05
1.203400000000000000e+04 5.327999999999999810e-05
1.203500000000000000e+04 5.328999999999999970e-05
1.203600000000000000e+04 5.328999999999999970e-05
1.203700000000000000e+04 5.328999999999999970e-05
1.203800000000000000e+04 5.328999999999999970e-05
1.203900000000000000e+04 5.328999999999999970e-05
1.204000000000000000e+04 5.330000000000000129e-05
1.204100000000000000e+04 5.330000000000000129e-05
1.204200000000000000e+04 5.330000000000000129e-05
1.204300000000000000e+04 5.330000000000000129e-05
1.204400000000000000e+04 5.330000000000000129e-05
1.204500000000000000e+04 5.331000000000000289e-05
1.204600000000000000e+04 5.331000000000000289e-05
1.204700000000000000e+04 5.331000000000000289e-05
1.204800000000000000e+04 5.331000000000000289e-05
1.204900000000000000e+04 5.331000000000000289e-05
1.205000000000000000e+04 5.331999999999999771e-05
1.205100000000000000e+04 5.331999999999999771e-05
1.205200000000000000e+04 5.331999999999999771e-05
1.205300000000000000e+04 5.331999999999999771e-05
1.205400000000000000e+04 5.331999999999999771e-05
1.205500000000000000e+04 5.332999999999999931e-05
1.205600000000000000e+04 5.332999999999999931e-05
1.205700000000000000e+04 5.332999999999999931e-05
1.205800000000000000e+04 5.332999999999999931e-05
1.205900000000000000e+04 5.332999999999999931e-05
1.206000000000000000e+04 5.334000000000000091e-05
1.206100000000000000e+04 5.334000000000000091e-05
1.206200000000000000e+04 5.335000000000000251e-05
1.206300000000000000e+04 5.335999999999999733e-05
1.206400000000000000e+04 5.335999999999999733e-05
1.206500000000000000e+04 5.336999999999999893e-05
1.206600000000000000e+04 5.338000000000000053e-05
1.206700000000000000e+04 5.338000000000000053e-05
1.206800000000000000e+04 5.339000000000000213e-05
1.206900000000000000e+04 5.339999999999999695e-05
1.207000000000000000e+04 5.339999999999999695e-05
1.207100000000000000e+04 5.339999999999999695e-05
1.207200000000000000e+04 5.340999999999999855e-05
1.207300000000000000e+04 5.340999999999999855e-05
1.207400000000000000e+04 5.340999999999999855e-05
1.207500000000000000e+04 5.340999999999999855e-05
1.207600000000000000e+04 5.340999999999999855e-05
1.207700000000000000e+04 5.342000000000000014e-05
1.207800000000000000e+04 5.342000000000000014e-05
1.207900000000000000e+04 5.342000000000000014e-05
1.208000000000000000e+04 5.342000000000000014e-05
1.208100000000000000e+04 5.343000000000000174e-05
1.208200000000000000e+04 5.343000000000000174e-05
1.208300000000000000e+04 5.343000000000000174e-05
1.208400000000000000e+04 5.343000000000000174e-05
1.208500000000000000e+04 5.343000000000000174e-05
1.208600000000000000e+04 5.344000000000000334e-05
1.208700000000000000e+04 5.344000000000000334e-05
1.208800000000000000e+04 5.344000000000000334e-05
1.208900000000000000e+04 5.344000000000000334e-05
1.209000000000000000e+04 5.344000000000000334e-05
1.209100000000000000e+04 5.344999999999999816e-05
1.209200000000000000e+04 5.344999999999999816e-05
1.209300000000000000e+04 5.344999999999999816e-05
1.209400000000000000e+04 5.344999999999999816e-05
1.209500000000000000e+04 5.344999999999999816e-05
1.209600000000000000e+04 5.345999999999999976e-05
1.209700000000000000e+04 5.345999999999999976e-05
1.209800000000000000e+04 5.345999999999999976e-05
1.209900000000000000e+04 5.345999999999999976e-05
1.210000000000000000e+04 5.345999999999999976e-05
1.210100000000000000e+04 5.347000000000000136e-05
1.210200000000000000e+04 5.348000000000000296e-05
1.210300000000000000e+04 5.348000000000000296e-05
1.210400000000000000e+04 5.348999999999999778e-05
1.210500000000000000e+04 5.349999999999999938e-05
1.210600000000000000e+04 5.349999999999999938e-05
1.210700000000000000e+04 5.351000000000000098e-05
1.210800000000000000e+04 5.352000000000000258e-05
1.210900000000000000e+04 5.352000000000000258e-05
1.211000000000000000e+04 5.352999999999999740e-05
1.211100000000000000e+04 5.352999999999999740e-05
1.211200000000000000e+04 5.352999999999999740e-05
1.211300000000000000e+04 5.353999999999999900e-05
1.211400000000000000e+04 5.353999999999999900e-05
1.211500000000000000e+04 5.353999999999999900e-05
1.211600000000000000e+04 5.353999999999999900e-05
1.211700000000000000e+04 5.353999999999999900e-05
1.211800000000000000e+04 5.355000000000000059e-05
1.211900000000000000e+04 5.355000000000000059e-05
1.212000000000000000e+04 5.355000000000000059e-05
1.212100000000000000e+04 5.355000000000000059e-05
1.212200000000000000e+04 5.356000000000000219e-05
1.212300000000000000e+04 5.356000000000000219e-05
1.212400000000000000e+04 5.356000000000000219e-05
1.212500000000000000e+04 5.356000000000000219e-05
1.212600000000000000e+04 5.356000000000000219e-05
1.212700000000000000e+04 5.356999999999999701e-05
1.212800000000000000e+04 5.356999999999999701e-05
1.212900000000000000e+04 5.356999999999999701e-05
1.213000000000000000e+04 5.356999999999999701e-05
1.213100000000000000e+04 5.356999999999999701e-05
1.213200000000000000e+04 5.357999999999999861e-05
1.213300000000000000e+04 5.357999999999999861e-05
1.213400000000000000e+04 5.357999999999999861e-05
1.213500000000000000e+04 5.357999999999999861e-05
1.213600000000000000e+04 5.357999999999999861e-05
1.213700000000000000e+04 5.359000000000000021e-05
1.213800000000000000e+04 5.359000000000000021e-05
1.213900000000000000e+04 5.359000000000000021e-05
1.214000000000000000e+04 5.359000000000000021e-05
1.214100000000000000e+04 5.360000000000000181e-05
1.214200000000000000e+04 5.360999999999999663e-05
1.214300000000000000e+04 5.360999999999999663e-05
1.214400000000000000e+04 5.361999999999999823e-05
1.214500000000000000e+04 5.362999999999999983e-05
1.214600000000000000e+04 5.362999999999999983e-05
1.214700000000000000e+04 5.364000000000000143e-05
1.214800000000000000e+04 5.365000000000000303e-05
1.214900000000000000e+04 5.365000000000000303e-05
1.215000000000000000e+04 5.365999999999999785e-05
1.215100000000000000e+04 5.365999999999999785e-05
1.215200000000000000e+04 5.365999999999999785e-05
1.215300000000000000e+04 5.365999999999999785e-05
1.215400000000000000e+04 5.366999999999999945e-05
1.215500000000000000e+04 5.366999999999999945e-05
1.215600000000000000e+04 5.366999999999999945e-05
1.215700000000000000e+04 5.366999999999999945e-05
1.215800000000000000e+04 5.366999999999999945e-05
1.215900000000000000e+04 5.368000000000000104e-05
1.216000000000000000e+04 5.368000000000000104e-05
1.216100000000000000e+04 5.368000000000000104e-05
1.216200000000000000e+04 5.368000000000000104e-05
1.216300000000000000e+04 5.369000000000000264e-05
1.216400000000000000e+04 5.369000000000000264e-05
1.216500000000000000e+04 5.369000000000000264e-05
1.216600000000000000e+04 5.369000000000000264e-05
1.216700000000000000e+04 5.369000000000000264e-05
1.216800000000000000e+04 5.369999999999999746e-05
1.216900000000000000e+04 5.369999999999999746e-05
1.217000000000000000e+04 5.369999999999999746e-05
1.217100000000000000e+04 5.369999999999999746e-05
1.217200000000000000e+04 5.369999999999999746e-05
1.217300000000000000e+04 5.370999999999999906e-05
1.217400000000000000e+04 5.370999999999999906e-05
1.217500000000000000e+04 5.370999999999999906e-05
1.217600000000000000e+04 5.370999999999999906e-05
1.217700000000000000e+04 5.370999999999999906e-05
1.217800000000000000e+04 5.372000000000000066e-05
1.217900000000000000e+04 5.372000000000000066e-05
1.218000000000000000e+04 5.372000000000000066e-05
1.218100000000000000e+04 5.373000000000000226e-05
1.218200000000000000e+04 5.373000000000000226e-05
1.218300000000000000e+04 5.373999999999999708e-05
1.218400000000000000e+04 5.374999999999999868e-05
1.218500000000000000e+04 5.374999999999999868e-05
1.218600000000000000e+04 5.376000000000000028e-05
1.218700000000000000e+04 5.377000000000000188e-05
1.218800000000000000e+04 5.377000000000000188e-05
1.218900000000000000e+04 5.377999999999999670e-05
1.219000000000000000e+04 5.378999999999999830e-05
1.219100000000000000e+04 5.378999999999999830e-05
1.219200000000000000e+04 5.378999999999999830e-05
1.219300000000000000e+04 5.378999999999999830e-05
1.219400000000000000e+04 5.378999999999999830e-05
1.219500000000000000e+04 5.379999999999999989e-05
1.219600000000000000e+04 5.379999999999999989e-05
1.219700000000000000e+04 5.379999999999999989e-05
1.219800000000000000e+04 5.379999999999999989e-05
1.219900000000000000e+04 5.381000000000000149e-05
1.220000000000000000e+04 5.381000000000000149e-05
1.220100000000000000e+04 5.381000000000000149e-05
1.220200000000000000e+04 5.381000000000000149e-05
1.220300000000000000e+04 5.381000000000000149e-05
1.220400000000000000e+04 5.381000000000000149e-05
1.220500000000000000e+04 5.382000000000000309e-05
1.220600000000000000e+04 5.382000000000000309e-05
1.220700000000000000e+04 5.382000000000000309e-05
1.220800000000000000e+04 5.382000000000000309e-05
1.220900000000000000e+04 5.382000000000000309e-05
1.221000000000000000e+04 5.382000000000000309e-05
1.221100000000000000e+04 5.382999999999999791e-05
1.221200000000000000e+04 5.383999999999999951e-05
1.221300000000000000e+04 5.383999999999999951e-05
1.221400000000000000e+04 5.385000000000000111e-05
1.221500000000000000e+04 5.385000000000000111e-05
1.221600000000000000e+04 5.386000000000000271e-05
1.221700000000000000e+04 5.386999999999999753e-05
1.221800000000000000e+04 5.386999999999999753e-05
1.221900000000000000e+04 5.387999999999999913e-05
1.222000000000000000e+04 5.387999999999999913e-05
1.222100000000000000e+04 5.389000000000000073e-05
1.222200000000000000e+04 5.389000000000000073e-05
1.222300000000000000e+04 5.389000000000000073e-05
1.222400000000000000e+04 5.389000000000000073e-05
1.222500000000000000e+04 5.389000000000000073e-05
1.222600000000000000e+04 5.389000000000000073e-05
1.222700000000000000e+04 5.390000000000000233e-05
1.222800000000000000e+04 5.390000000000000233e-05
1.222900000000000000e+04 5.390000000000000233e-05
1.223000000000000000e+04 5.390000000000000233e-05
1.223100000000000000e+04 5.390000000000000233e-05
1.223200000000000000e+04 5.390000000000000233e-05
1.223300000000000000e+04 5.390000000000000233e-05
1.223400000000000000e+04 5.390999999999999715e-05
1.223500000000000000e+04 5.390999999999999715e-05
1.223600000000000000e+04 5.390999999999999715e-05
1.223700000000000000e+04 5.390999999999999715e-05
1.223800000000000000e+04 5.390999999999999715e-05
1.223900000000000000e+04 5.390999999999999715e-05
1.224000000000000000e+04 5.391999999999999875e-05
1.224100000000000000e+04 5.391999999999999875e-05
1.224200000000000000e+04 5.391999999999999875e-05
1.224300000000000000e+04 5.391999999999999875e-05
1.224400000000000000e+04 5.391999999999999875e-05
1.224500000000000000e+04 5.391999999999999875e-05
1.224600000000000000e+04 5.393000000000000034e-05
1.224700000000000000e+04 5.393000000000000034e-05
1.224800000000000000e+04 5.393000000000000034e-05
1.224900000000000000e+04 5.393000000000000034e-05
1.225000000000000000e+04 5.393000000000000034e-05
1.225100000000000000e+04 5.394000000000000194e-05
1.225200000000000000e+04 5.394000000000000194e-05
1.225300000000000000e+04 5.394999999999999676e-05
1.225400000000000000e+04 5.395999999999999836e-05
1.225500000000000000e+04 5.395999999999999836e-05
1.225600000000000000e+04 5.396999999999999996e-05
1.225700000000000000e+04 5.396999999999999996e-05
1.225800000000000000e+04 5.398000000000000156e-05
1.225900000000000000e+04 5.399000000000000316e-05
1.226000000000000000e+04 5.399000000000000316e-05
1.226100000000000000e+04 5.399000000000000316e-05
1.226200000000000000e+04 5.399999999999999798e-05
1.226300000000000000e+04 5.399999999999999798e-05
1.226400000000000000e+04 5.399999999999999798e-05
1.226500000000000000e+04 5.399999999999999798e-05
1.226600000000000000e+04 5.399999999999999798e-05
1.226700000000000000e+04 5.399999999999999798e-05
1.226800000000000000e+04 5.400999999999999958e-05
1.226900000000000000e+04 5.400999999999999958e-05
1.227000000000000000e+04 5.400999999999999958e-05
1.227100000000000000e+04 5.400999999999999958e-05
1.227200000000000000e+04 5.400999999999999958e-05
1.227300000000000000e+04 5.400999999999999958e-05
1.227400000000000000e+04 5.402000000000000118e-05
1.227500000000000000e+04 5.402000000000000118e-05
1.227600000000000000e+04 5.402000000000000118e-05
1.227700000000000000e+04 5.402000000000000118e-05
1.227800000000000000e+04 5.402000000000000118e-05
1.227900000000000000e+04 5.402000000000000118e-05
1.228000000000000000e+04 5.402000000000000118e-05
1.228100000000000000e+04 5.403000000000000277e-05
1.228200000000000000e+04 5.403000000000000277e-05
1.228300000000000000e+04 5.403000000000000277e-05
1.228400000000000000e+04 5.403000000000000277e-05
1.228500000000000000e+04 5.403000000000000277e-05
1.228600000000000000e+04 5.403000000000000277e-05
1.228700000000000000e+04 5.403999999999999760e-05
1.228800000000000000e+04 5.403999999999999760e-05
1.228900000000000000e+04 5.403999999999999760e-05
1.229000000000000000e+04 5.403999999999999760e-05
1.229100000000000000e+04 5.404999999999999920e-05
1.229200000000000000e+04 5.404999999999999920e-05
1.229300000000000000e+04 5.406000000000000079e-05
1.229400000000000000e+04 5.407000000000000239e-05
1.229500000000000000e+04 5.407000000000000239e-05
1.229600000000000000e+04 5.407999999999999721e-05
1.229700000000000000e+04 5.407999999999999721e-05
1.229800000000000000e+04 5.408999999999999881e-05
1.229900000000000000e+04 5.410000000000000041e-05
1.230000000000000000e+04 5.410000000000000041e-05
1.230100000000000000e+04 5.410000000000000041e-05
1.230200000000000000e+04 5.411000000000000201e-05
1.230300000000000000e+04 5.411000000000000201e-05
1.230400000000000000e+04 5.411000000000000201e-05
1.230500000000000000e+04 5.411000000000000201e-05
1.230600000000000000e+04 5.411000000000000201e-05
1.230700000000000000e+04 5.411000000000000201e-05
1.230800000000000000e+04 5.411000000000000201e-05
1.230900000000000000e+04 5.411999999999999683e-05
1.231000000000000000e+04 5.411999999999999683e-05
1.231100000000000000e+04 5.411999999999999683e-05
1.231200000000000000e+04 5.411999999999999683e-05
1.231300000000000000e+04 5.411999999999999683e-05
1.231400000000000000e+04 5.411999999999999683e-05
1.231500000000000000e+04 5.412999999999999843e-05
1.231600000000000000e+04 5.412999999999999843e-05
1.231700000000000000e+04 5.412999999999999843e-05
1.231800000000000000e+04 5.412999999999999843e-05
1.231900000000000000e+04 5.412999999999999843e-05
1.232000000000000000e+04 5.412999999999999843e-05
1.232100000000000000e+04 5.414000000000000003e-05
1.232200000000000000e+04 5.414000000000000003e-05
1.232300000000000000e+04 5.414000000000000003e-05
1.232400000000000000e+04 5.414000000000000003e-05
1.232500000000000000e+04 5.414000000000000003e-05
1.232600000000000000e+04 5.414000000000000003e-05
1.232700000000000000e+04 5.415000000000000163e-05
1.232800000000000000e+04 5.415000000000000163e-05
1.232900000000000000e+04 5.415000000000000163e-05
1.233000000000000000e+04 5.415000000000000163e-05
1.233100000000000000e+04 5.416000000000000322e-05
1.233200000000000000e+04 5.416000000000000322e-05
1.233300000000000000e+04 5.416999999999999805e-05
1.233400000000000000e+04 5.416999999999999805e-05
1.233500000000000000e+04 5.417999999999999964e-05
1.233600000000000000e+04 5.419000000000000124e-05
1.233700000000000000e+04 5.419000000000000124e-05
1.233800000000000000e+04 5.420000000000000284e-05
1.233900000000000000e+04 5.420999999999999766e-05
1.234000000000000000e+04 5.420999999999999766e-05
1.234100000000000000e+04 5.420999999999999766e-05
1.234200000000000000e+04 5.420999999999999766e-05
1.234300000000000000e+04 5.421999999999999926e-05
1.234400000000000000e+04 5.421999999999999926e-05
1.234500000000000000e+04 5.421999999999999926e-05
1.234600000000000000e+04 5.421999999999999926e-05
1.234700000000000000e+04 5.421999999999999926e-05
1.234800000000000000e+04 5.421999999999999926e-05
1.234900000000000000e+04 5.423000000000000086e-05
1.235000000000000000e+04 5.423000000000000086e-05
1.235100000000000000e+04 5.423000000000000086e-05
1.235200000000000000e+04 5.423000000000000086e-05
1.235300000000000000e+04 5.423000000000000086e-05
1.235400000000000000e+04 5.423000000000000086e-05
1.235500000000000000e+04 5.424000000000000246e-05
1.235600000000000000e+04 5.424000000000000246e-05
1.235700000000000000e+04 5.424000000000000246e-05
1.235800000000000000e+04 5.424000000000000246e-05
1.235900000000000000e+04 5.424000000000000246e-05
1.236000000000000000e+04 5.424000000000000246e-05
1.236100000000000000e+04 5.424000000000000246e-05
1.236200000000000000e+04 5.424999999999999728e-05
1.236300000000000000e+04 5.424999999999999728e-05
1.236400000000000000e+04 5.424999999999999728e-05
1.236500000000000000e+04 5.424999999999999728e-05
1.236600000000000000e+04 5.424999999999999728e-05
1.236700000000000000e+04 5.424999999999999728e-05
1.236800000000000000e+04 5.425999999999999888e-05
1.236900000000000000e+04 5.425999999999999888e-05
1.237000000000000000e+04 5.425999999999999888e-05
1.237100000000000000e+04 5.427000000000000048e-05
1.237200000000000000e+04 5.427000000000000048e-05
1.237300000000000000e+04 5.428000000000000208e-05
1.237400000000000000e+04 5.428000000000000208e-05
1.237500000000000000e+04 5.428999999999999690e-05
1.237600000000000000e+04 5.429999999999999850e-05
1.237700000000000000e+04 5.429999999999999850e-05
1.237800000000000000e+04 5.431000000000000009e-05
1.237900000000000000e+04 5.431000000000000009e-05
1.238000000000000000e+04 5.432000000000000169e-05
1.238100000000000000e+04 5.432000000000000169e-05
1.238200000000000000e+04 5.432000000000000169e-05
1.238300000000000000e+04 5.433000000000000329e-05
1.238400000000000000e+04 5.433000000000000329e-05
1.238500000000000000e+04 5.433000000000000329e-05
1.238600000000000000e+04 5.433000000000000329e-05
1.238700000000000000e+04 5.433000000000000329e-05
1.238800000000000000e+04 5.433000000000000329e-05
1.238900000000000000e+04 5.433999999999999811e-05
1.239000000000000000e+04 5.433999999999999811e-05
1.239100000000000000e+04 5.433999999999999811e-05
1.239200000000000000e+04 5.433999999999999811e-05
1.239300000000000000e+04 5.433999999999999811e-05
1.239400000000000000e+04 5.433999999999999811e-05
1.239500000000000000e+04 5.433999999999999811e-05
1.239600000000000000e+04 5.434999999999999971e-05
1.239700000000000000e+04 5.434999999999999971e-05
1.239800000000000000e+04 5.434999999999999971e-05
1.239900000000000000e+04 5.434999999999999971e-05
1.240000000000000000e+04 5.434999999999999971e-05
1.240100000000000000e+04 5.434999999999999971e-05
1.240200000000000000e+04 5.436000000000000131e-05
1.240300000000000000e+04 5.436000000000000131e-05
1.240400000000000000e+04 5.436000000000000131e-05
1.240500000000000000e+04 5.436000000000000131e-05
1.240600000000000000e+04 5.437000000000000291e-05
1.240700000000000000e+04 5.437000000000000291e-05
1.240800000000000000e+04 5.437000000000000291e-05
1.240900000000000000e+04 5.437000000000000291e-05
1.241000000000000000e+04 5.437999999999999773e-05
1.241100000000000000e+04 5.437999999999999773e-05
1.241200000000000000e+04 5.438999999999999933e-05
1.241300000000000000e+04 5.440000000000000093e-05
1.241400000000000000e+04 5.440000000000000093e-05
1.241500000000000000e+04 5.441000000000000252e-05
1.241600000000000000e+04 5.441999999999999735e-05
1.241700000000000000e+04 5.441999999999999735e-05
1.241800000000000000e+04 5.442999999999999895e-05
1.241900000000000000e+04 5.444000000000000054e-05
1.242000000000000000e+04 5.444000000000000054e-05
1.242100000000000000e+04 5.445000000000000214e-05
1.242200000000000000e+04 5.445000000000000214e-05
1.242300000000000000e+04 5.445000000000000214e-05
1.242400000000000000e+04 5.445000000000000214e-05
1.242500000000000000e+04 5.445000000000000214e-05
1.242600000000000000e+04 5.445999999999999696e-05
1.242700000000000000e+04 5.445999999999999696e-05
1.242800000000000000e+04 5.445999999999999696e-05
1.242900000000000000e+04 5.445999999999999696e-05
1.243000000000000000e+04 5.446999999999999856e-05
1.243100000000000000e+04 5.446999999999999856e-05
1.243200000000000000e+04 5.446999999999999856e-05
1.243300000000000000e+04 5.446999999999999856e-05
1.243400000000000000e+04 5.446999999999999856e-05
1.243500000000000000e+04 5.448000000000000016e-05
1.243600000000000000e+04 5.448000000000000016e-05
1.243700000000000000e+04 5.448000000000000016e-05
1.243800000000000000e+04 5.448000000000000016e-05
1.243900000000000000e+04 5.449000000000000176e-05
1.244000000000000000e+04 5.449000000000000176e-05
1.244100000000000000e+04 5.449000000000000176e-05
1.244200000000000000e+04 5.449000000000000176e-05
1.244300000000000000e+04 5.450000000000000336e-05
1.244400000000000000e+04 5.450000000000000336e-05
1.244500000000000000e+04 5.450000000000000336e-05
1.244600000000000000e+04 5.450000000000000336e-05
1.244700000000000000e+04 5.450000000000000336e-05
1.244800000000000000e+04 5.450999999999999818e-05
1.244900000000000000e+04 5.450999999999999818e-05
1.245000000000000000e+04 5.450999999999999818e-05
1.245100000000000000e+04 5.451999999999999978e-05
1.245200000000000000e+04 5.451999999999999978e-05
1.245300000000000000e+04 5.453000000000000138e-05
1.245400000000000000e+04 5.454000000000000297e-05
1.245500000000000000e+04 5.454000000000000297e-05
1.245600000000000000e+04 5.454999999999999780e-05
1.245700000000000000e+04 5.455999999999999939e-05
1.245800000000000000e+04 5.457000000000000099e-05
1.245900000000000000e+04 5.457000000000000099e-05
1.246000000000000000e+04 5.458000000000000259e-05
1.246100000000000000e+04 5.458000000000000259e-05
1.246200000000000000e+04 5.458000000000000259e-05
1.246300000000000000e+04 5.458999999999999741e-05
1.246400000000000000e+04 5.458999999999999741e-05
1.246500000000000000e+04 5.458999999999999741e-05
1.246600000000000000e+04 5.458999999999999741e-05
1.246700000000000000e+04 5.458999999999999741e-05
1.246800000000000000e+04 5.459999999999999901e-05
1.246900000000000000e+04 5.459999999999999901e-05
1.247000000000000000e+04 5.459999999999999901e-05
1.247100000000000000e+04 5.459999999999999901e-05
1.247200000000000000e+04 5.461000000000000061e-05
1.247300000000000000e+04 5.461000000000000061e-05
1.247400000000000000e+04 5.461000000000000061e-05
1.247500000000000000e+04 5.461000000000000061e-05
1.247600000000000000e+04 5.462000000000000221e-05
1.247700000000000000e+04 5.462000000000000221e-05
1.247800000000000000e+04 5.462000000000000221e-05
1.247900000000000000e+04 5.462000000000000221e-05
1.248000000000000000e+04 5.462000000000000221e-05
1.248100000000000000e+04 5.462999999999999703e-05
1.248200000000000000e+04 5.462999999999999703e-05
1.248300000000000000e+04 5.462999999999999703e-05
1.248400000000000000e+04 5.462999999999999703e-05
1.248500000000000000e+04 5.463999999999999863e-05
1.248600000000000000e+04 5.463999999999999863e-05
1.248700000000000000e+04 5.463999999999999863e-05
1.248800000000000000e+04 5.463999999999999863e-05
1.248900000000000000e+04 5.463999999999999863e-05
1.249000000000000000e+04 5.465000000000000023e-05
1.249100000000000000e+04 5.465000000000000023e-05
1.249200000000000000e+04 5.466000000000000183e-05
1.249300000000000000e+04 5.466999999999999665e-05
1.249400000000000000e+04 5.466999999999999665e-05
1.249500000000000000e+04 5.467999999999999825e-05
1.249600000000000000e+04 5.468999999999999984e-05
1.249700000000000000e+04 5.468999999999999984e-05
1.249800000000000000e+04 5.470000000000000144e-05
1.249900000000000000e+04 5.471000000000000304e-05
1.250000000000000000e+04 5.471999999999999786e-05
1.250100000000000000e+04 5.471999999999999786e-05
1.250200000000000000e+04 5.471999999999999786e-05
1.250300000000000000e+04 5.471999999999999786e-05
1.250400000000000000e+04 5.471999999999999786e-05
1.250500000000000000e+04 5.471999999999999786e-05
1.250600000000000000e+04 5.471999999999999786e-05
1.250700000000000000e+04 5.471999999999999786e-05
1.250800000000000000e+04 5.471999999999999786e-05
1.250900000000000000e+04 5.471999999999999786e-05
1.251000000000000000e+04 5.472999999999999946e-05
1.251100000000000000e+04 5.472999999999999946e-05
1.251200000000000000e+04 5.472999999999999946e-05
1.251300000000000000e+04 5.472999999999999946e-05
1.251400000000000000e+04 5.472999999999999946e-05
1.251500000000000000e+04 5.472999999999999946e-05
1.251600000000000000e+04 5.472999999999999946e-05
1.251700000000000000e+04 5.472999999999999946e-05
1.251800000000000000e+04 5.472999999999999946e-05
1.251900000000000000e+04 5.472999999999999946e-05
1.252000000000000000e+04 5.474000000000000106e-05
1.252100000000000000e+04 5.474000000000000106e-05
1.252200000000000000e+04 5.474000000000000106e-05
1.252300000000000000e+04 5.474000000000000106e-05
1.252400000000000000e+04 5.474000000000000106e-05
1.252500000000000000e+04 5.474000000000000106e-05
1.252600000000000000e+04 5.474000000000000106e-05
1.252700000000000000e+04 5.474000000000000106e-05
1.252800000000000000e+04 5.474000000000000106e-05
1.252900000000000000e+04 5.474000000000000106e-05
1.253000000000000000e+04 5.475000000000000266e-05
1.253100000000000000e+04 5.475000000000000266e-05
1.253200000000000000e+04 5.475999999999999748e-05
1.253300000000000000e+04 5.475999999999999748e-05
1.253400000000000000e+04 5.476999999999999908e-05
1.253500000000000000e+04 5.476999999999999908e-05
1.253600000000000000e+04 5.478000000000000068e-05
1.253700000000000000e+04 5.479000000000000227e-05
1.253800000000000000e+04 5.479000000000000227e-05
1.253900000000000000e+04 5.479999999999999710e-05
1.254000000000000000e+04 5.479999999999999710e-05
1.254100000000000000e+04 5.479999999999999710e-05
1.254200000000000000e+04 5.479999999999999710e-05
1.254300000000000000e+04 5.480999999999999870e-05
1.254400000000000000e+04 5.480999999999999870e-05
1.254500000000000000e+04 5.480999999999999870e-05
1.254600000000000000e+04 5.480999999999999870e-05
1.254700000000000000e+04 5.480999999999999870e-05
1.254800000000000000e+04 5.480999999999999870e-05
1.254900000000000000e+04 5.480999999999999870e-05
1.255000000000000000e+04 5.480999999999999870e-05
1.255100000000000000e+04 5.480999999999999870e-05
1.255200000000000000e+04 5.480999999999999870e-05
1.255300000000000000e+04 5.482000000000000029e-05
1.255400000000000000e+04 5.482000000000000029e-05
1.255500000000000000e+04 5.482000000000000029e-05
1.255600000000000000e+04 5.482000000000000029e-05
1.255700000000000000e+04 5.482000000000000029e-05
1.255800000000000000e+04 5.482000000000000029e-05
1.255900000000000000e+04 5.482000000000000029e-05
1.256000000000000000e+04 5.482000000000000029e-05
1.256100000000000000e+04 5.483000000000000189e-05
1.256200000000000000e+04 5.483000000000000189e-05
1.256300000000000000e+04 5.483999999999999671e-05
1.256400000000000000e+04 5.483999999999999671e-05
1.256500000000000000e+04 5.484999999999999831e-05
1.256600000000000000e+04 5.485999999999999991e-05
1.256700000000000000e+04 5.485999999999999991e-05
1.256800000000000000e+04 5.487000000000000151e-05
1.256900000000000000e+04 5.487000000000000151e-05
1.257000000000000000e+04 5.488000000000000311e-05
1.257100000000000000e+04 5.488000000000000311e-05
1.257200000000000000e+04 5.488000000000000311e-05
1.257300000000000000e+04 5.488000000000000311e-05
1.257400000000000000e+04 5.488000000000000311e-05
1.257500000000000000e+04 5.488000000000000311e-05
1.257600000000000000e+04 5.488000000000000311e-05
1.257700000000000000e+04 5.488999999999999793e-05
1.257800000000000000e+04 5.488999999999999793e-05
1.257900000000000000e+04 5.488999999999999793e-05
1.258000000000000000e+04 5.488999999999999793e-05
1.258100000000000000e+04 5.488999999999999793e-05
1.258200000000000000e+04 5.488999999999999793e-05
1.258300000000000000e+04 5.488999999999999793e-05
1.258400000000000000e+04 5.488999999999999793e-05
1.258500000000000000e+04 5.488999999999999793e-05
1.258600000000000000e+04 5.489999999999999953e-05
1.258700000000000000e+04 5.489999999999999953e-05
1.258800000000000000e+04 5.489999999999999953e-05
1.258900000000000000e+04 5.489999999999999953e-05
1.259000000000000000e+04 5.489999999999999953e-05
1.259100000000000000e+04 5.489999999999999953e-05
1.259200000000000000e+04 5.489999999999999953e-05
1.259300000000000000e+04 5.489999999999999953e-05
1.259400000000000000e+04 5.489999999999999953e-05
1.259500000000000000e+04 5.489999999999999953e-05
1.259600000000000000e+04 5.491000000000000113e-05
1.259700000000000000e+04 5.491000000000000113e-05
1.259800000000000000e+04 5.491000000000000113e-05
1.259900000000000000e+04 5.491000000000000113e-05
1.260000000000000000e+04 5.491000000000000113e-05
1.260100000000000000e+04 5.491000000000000113e-05
1.260200000000000000e+04 5.492000000000000272e-05
1.260300000000000000e+04 5.492999999999999755e-05
1.260400000000000000e+04 5.492999999999999755e-05
1.260500000000000000e+04 5.493999999999999914e-05
1.260600000000000000e+04 5.493999999999999914e-05
1.260700000000000000e+04 5.495000000000000074e-05
1.260800000000000000e+04 5.495000000000000074e-05
1.260900000000000000e+04 5.496000000000000234e-05
1.261000000000000000e+04 5.496000000000000234e-05
1.261100000000000000e+04 5.496000000000000234e-05
1.261200000000000000e+04 5.496000000000000234e-05
1.261300000000000000e+04 5.496999999999999716e-05
1.261400000000000000e+04 5.496999999999999716e-05
1.261500000000000000e+04 5.496999999999999716e-05
1.261600000000000000e+04 5.496999999999999716e-05
1.261700000000000000e+04 5.496999999999999716e-05
1.261800000000000000e+04 5.496999999999999716e-05
1.261900000000000000e+04 5.496999999999999716e-05
1.262000000000000000e+04 5.496999999999999716e-05
1.262100000000000000e+04 5.496999999999999716e-05
1.262200000000000000e+04 5.496999999999999716e-05
1.262300000000000000e+04 5.496999999999999716e-05
1.262400000000000000e+04 5.496999999999999716e-05
1.262500000000000000e+04 5.497999999999999876e-05
1.262600000000000000e+04 5.497999999999999876e-05
1.262700000000000000e+04 5.497999999999999876e-05
1.262800000000000000e+04 5.497999999999999876e-05
1.262900000000000000e+04 5.497999999999999876e-05
1.263000000000000000e+04 5.497999999999999876e-05
1.263100000000000000e+04 5.497999999999999876e-05
1.263200000000000000e+04 5.497999999999999876e-05
1.263300000000000000e+04 5.497999999999999876e-05
1.263400000000000000e+04 5.497999999999999876e-05
1.263500000000000000e+04 5.497999999999999876e-05
1.263600000000000000e+04 5.497999999999999876e-05
1.263700000000000000e+04 5.497999999999999876e-05
1.263800000000000000e+04 5.499000000000000036e-05
1.263900000000000000e+04 5.499000000000000036e-05
1.264000000000000000e+04 5.499000000000000036e-05
1.264100000000000000e+04 5.499000000000000036e-05
1.264200000000000000e+04 5.500000000000000196e-05
1.264300000000000000e+04 5.500000000000000196e-05
1.264400000000000000e+04 5.500999999999999678e-05
1.264500000000000000e+04 5.500999999999999678e-05
1.264600000000000000e+04 5.501999999999999838e-05
1.264700000000000000e+04 5.501999999999999838e-05
1.264800000000000000e+04 5.502999999999999998e-05
1.264900000000000000e+04 5.504000000000000158e-05
1.265000000000000000e+04 5.504000000000000158e-05
1.265100000000000000e+04 5.504000000000000158e-05
1.265200000000000000e+04 5.504000000000000158e-05
1.265300000000000000e+04 5.504000000000000158e-05
1.265400000000000000e+04 5.504000000000000158e-05
1.265500000000000000e+04 5.504000000000000158e-05
1.265600000000000000e+04 5.505000000000000317e-05
1.265700000000000000e+04 5.505000000000000317e-05
1.265800000000000000e+04 5.505000000000000317e-05
1.265900000000000000e+04 5.505000000000000317e-05
1.266000000000000000e+04 5.505000000000000317e-05
1.266100000000000000e+04 5.505000000000000317e-05
1.266200000000000000e+04 5.505000000000000317e-05
1.266300000000000000e+04 5.505000000000000317e-05
1.266400000000000000e+04 5.505000000000000317e-05
1.266500000000000000e+04 5.505000000000000317e-05
1.266600000000000000e+04 5.505000000000000317e-05
1.266700000000000000e+04 5.505000000000000317e-05
1.266800000000000000e+04 5.505999999999999800e-05
1.266900000000000000e+04 5.505999999999999800e-05
1.267000000000000000e+04 5.505999999999999800e-05
1.267100000000000000e+04 5.505999999999999800e-05
1.267200000000000000e+04 5.505999999999999800e-05
1.267300000000000000e+04 5.505999999999999800e-05
1.267400000000000000e+04 5.505999999999999800e-05
1.267500000000000000e+04 5.505999999999999800e-05
1.267600000000000000e+04 5.505999999999999800e-05
1.267700000000000000e+04 5.505999999999999800e-05
1.267800000000000000e+04 5.505999999999999800e-05
1.267900000000000000e+04 5.505999999999999800e-05
1.268000000000000000e+04 5.505999999999999800e-05
1.268100000000000000e+04 5.506999999999999959e-05
1.268200000000000000e+04 5.508000000000000119e-05
1.268300000000000000e+04 5.508000000000000119e-05
1.268400000000000000e+04 5.509000000000000279e-05
1.268500000000000000e+04 5.509000000000000279e-05
1.268600000000000000e+04 5.509999999999999761e-05
1.268700000000000000e+04 5.509999999999999761e-05
1.268800000000000000e+04 5.510999999999999921e-05
1.268900000000000000e+04 5.510999999999999921e-05
1.269000000000000000e+04 5.512000000000000081e-05
1.269100000000000000e+04 5.512000000000000081e-05
1.269200000000000000e+04 5.512000000000000081e-05
1.269300000000000000e+04 5.512000000000000081e-05
1.269400000000000000e+04 5.512000000000000081e-05
1.269500000000000000e+04 5.512000000000000081e-05
1.269600000000000000e+04 5.512000000000000081e-05
1.269700000000000000e+04 5.512000000000000081e-05
1.269800000000000000e+04 5.512000000000000081e-05
1.269900000000000000e+04 5.513000000000000241e-05
1.270000000000000000e+04 5.513000000000000241e-05
1.270100000000000000e+04 5.513000000000000241e-05
1.270200000000000000e+04 5.513000000000000241e-05
1.270300000000000000e+04 5.513000000000000241e-05
1.270400000000000000e+04 5.513000000000000241e-05
1.270500000000000000e+04 5.513000000000000241e-05
1.270600000000000000e+04 5.513000000000000241e-05
1.270700000000000000e+04 5.513000000000000241e-05
1.270800000000000000e+04 5.513000000000000241e-05
1.270900000000000000e+04 5.513000000000000241e-05
1.271000000000000000e+04 5.513000000000000241e-05
1.271100000000000000e+04 5.513999999999999723e-05
1.271200000000000000e+04 5.513999999999999723e-05
1.271300000000000000e+04 5.513999999999999723e-05
1.271400000000000000e+04 5.513999999999999723e-05
1.271500000000000000e+04 5.513999999999999723e-05
1.271600000000000000e+04 5.513999999999999723e-05
1.271700000000000000e+04 5.513999999999999723e-05
1.271800000000000000e+04 5.513999999999999723e-05
1.271900000000000000e+04 5.513999999999999723e-05
1.272000000000000000e+04 5.513999999999999723e-05
1.272100000000000000e+04 5.514999999999999883e-05
1.272200000000000000e+04 5.514999999999999883e-05
1.272300000000000000e+04 5.516000000000000043e-05
1.272400000000000000e+04 5.516000000000000043e-05
1.272500000000000000e+04 5.517000000000000202e-05
1.272600000000000000e+04 5.517000000000000202e-05
1.272700000000000000e+04 5.517999999999999685e-05
1.272800000000000000e+04 5.518999999999999844e-05
1.272900000000000000e+04 5.518999999999999844e-05
1.273000000000000000e+04 5.520000000000000004e-05
1.273100000000000000e+04 5.520000000000000004e-05
1.273200000000000000e+04 5.520000000000000004e-05
1.273300000000000000e+04 5.520000000000000004e-05
1.273400000000000000e+04 5.520000000000000004e-05
1.273500000000000000e+04 5.520000000000000004e-05
1.273600000000000000e+04 5.520000000000000004e-05
1.273700000000000000e+04 5.520000000000000004e-05
1.273800000000000000e+04 5.520000000000000004e-05
1.273900000000000000e+04 5.520000000000000004e-05
1.274000000000000000e+04 5.520000000000000004e-05
1.274100000000000000e+04 5.520000000000000004e-05
1.274200000000000000e+04 5.521000000000000164e-05
1.274300000000000000e+04 5.521000000000000164e-05
1.274400000000000000e+04 5.521000000000000164e-05
1.274500000000000000e+04 5.521000000000000164e-05
1.274600000000000000e+04 5.521000000000000164e-05
1.274700000000000000e+04 5.521000000000000164e-05
1.274800000000000000e+04 5.521000000000000164e-05
1.274900000000000000e+04 5.521000000000000164e-05
1.275000000000000000e+04 5.521000000000000164e-05
1.275100000000000000e+04 5.521000000000000164e-05
1.275200000000000000e+04 5.521000000000000164e-05
1.275300000000000000e+04 5.521000000000000164e-05
1.275400000000000000e+04 5.521000000000000164e-05
1.275500000000000000e+04 5.522000000000000324e-05
1.275600000000000000e+04 5.522000000000000324e-05
1.275700000000000000e+04 5.522000000000000324e-05
1.275800000000000000e+04 5.522000000000000324e-05
1.275900000000000000e+04 5.522000000000000324e-05
1.276000000000000000e+04 5.522000000000000324e-05
1.276100000000000000e+04 5.522000000000000324e-05
1.276200000000000000e+04 5.522000000000000324e-05
1.276300000000000000e+04 5.522000000000000324e-05
1.276400000000000000e+04 5.522000000000000324e-05
1.276500000000000000e+04 5.522000000000000324e-05
1.276600000000000000e+04 5.522000000000000324e-05
1.276700000000000000e+04 5.522999999999999806e-05
1.276800000000000000e+04 5.522999999999999806e-05
1.276900000000000000e+04 5.522999999999999806e-05
1.277000000000000000e+04 5.522999999999999806e-05
1.277100000000000000e+04 5.522999999999999806e-05
1.277200000000000000e+04 5.523999999999999966e-05
1.277300000000000000e+04 5.523999999999999966e-05
1.277400000000000000e+04 5.525000000000000126e-05
1.277500000000000000e+04 5.525000000000000126e-05
1.277600000000000000e+04 5.526000000000000286e-05
1.277700000000000000e+04 5.526999999999999768e-05
1.277800000000000000e+04 5.526999999999999768e-05
1.277900000000000000e+04 5.527999999999999928e-05
1.278000000000000000e+04 5.527999999999999928e-05
1.278100000000000000e+04 5.527999999999999928e-05
1.278200000000000000e+04 5.527999999999999928e-05
1.278300000000000000e+04 5.527999999999999928e-05
1.278400000000000000e+04 5.527999999999999928e-05
1.278500000000000000e+04 5.529000000000000088e-05
1.278600000000000000e+04 5.529000000000000088e-05
1.278700000000000000e+04 5.529000000000000088e-05
1.278800000000000000e+04 5.529000000000000088e-05
1.278900000000000000e+04 5.529000000000000088e-05
1.279000000000000000e+04 5.529000000000000088e-05
1.279100000000000000e+04 5.529000000000000088e-05
1.279200000000000000e+04 5.529000000000000088e-05
1.279300000000000000e+04 5.529000000000000088e-05
1.279400000000000000e+04 5.529000000000000088e-05
1.279500000000000000e+04 5.529000000000000088e-05
1.279600000000000000e+04 5.529000000000000088e-05
1.279700000000000000e+04 5.529000000000000088e-05
1.279800000000000000e+04 5.530000000000000247e-05
1.279900000000000000e+04 5.530000000000000247e-05
1.280000000000000000e+04 5.530000000000000247e-05
1.280100000000000000e+04 5.530000000000000247e-05
1.280200000000000000e+04 5.530000000000000247e-05
1.280300000000000000e+04 5.530000000000000247e-05
1.280400000000000000e+04 5.530000000000000247e-05
1.280500000000000000e+04 5.530000000000000247e-05
1.280600000000000000e+04 5.530000000000000247e-05
1.280700000000000000e+04 5.530000000000000247e-05
1.280800000000000000e+04 5.530000000000000247e-05
1.280900000000000000e+04 5.530000000000000247e-05
1.281000000000000000e+04 5.530000000000000247e-05
1.281100000000000000e+04 5.530000000000000247e-05
1.281200000000000000e+04 5.530999999999999730e-05
1.281300000000000000e+04 5.530999999999999730e-05
1.281400000000000000e+04 5.530999999999999730e-05
1.281500000000000000e+04 5.531999999999999889e-05
1.281600000000000000e+04 5.531999999999999889e-05
1.281700000000000000e+04 5.533000000000000049e-05
1.281800000000000000e+04 5.533000000000000049e-05
1.281900000000000000e+04 5.534000000000000209e-05
1.282000000000000000e+04 5.534000000000000209e-05
1.282100000000000000e+04 5.534000000000000209e-05
1.282200000000000000e+04 5.534000000000000209e-05
1.282300000000000000e+04 5.534000000000000209e-05
1.282400000000000000e+04 5.534000000000000209e-05
1.282500000000000000e+04 5.534000000000000209e-05
1.282600000000000000e+04 5.534000000000000209e-05
1.282700000000000000e+04 5.534000000000000209e-05
1.282800000000000000e+04 5.534000000000000209e-05
1.282900000000000000e+04 5.534000000000000209e-05
1.283000000000000000e+04 5.534000000000000209e-05
1.283100000000000000e+04 5.534000000000000209e-05
1.283200000000000000e+04 5.534000000000000209e-05
1.283300000000000000e+04 5.534000000000000209e-05
1.283400000000000000e+04 5.534000000000000209e-05
1.283500000000000000e+04 5.534000000000000209e-05
1.283600000000000000e+04 5.534000000000000209e-05
1.283700000000000000e+04 5.534000000000000209e-05
1.283800000000000000e+04 5.534000000000000209e-05
1.283900000000000000e+04 5.534000000000000209e-05
1.284000000000000000e+04 5.534000000000000209e-05
1.284100000000000000e+04 5.534000000000000209e-05
1.284200000000000000e+04 5.534000000000000209e-05
1.284300000000000000e+04 5.534000000000000209e-05
1.284400000000000000e+04 5.534000000000000209e-05
1.284500000000000000e+04 5.534000000000000209e-05
1.284600000000000000e+04 5.534000000000000209e-05
1.284700000000000000e+04 5.534000000000000209e-05
1.284800000000000000e+04 5.534000000000000209e-05
1.284900000000000000e+04 5.534000000000000209e-05
1.285000000000000000e+04 5.534000000000000209e-05
1.285100000000000000e+04 5.534000000000000209e-05
1.285200000000000000e+04 5.534999999999999691e-05
1.285300000000000000e+04 5.534999999999999691e-05
1.285400000000000000e+04 5.535999999999999851e-05
1.285500000000000000e+04 5.535999999999999851e-05
1.285600000000000000e+04 5.535999999999999851e-05
1.285700000000000000e+04 5.537000000000000011e-05
1.285800000000000000e+04 5.537000000000000011e-05
1.285900000000000000e+04 5.538000000000000171e-05
1.286000000000000000e+04 5.538000000000000171e-05
1.286100000000000000e+04 5.538000000000000171e-05
1.286200000000000000e+04 5.538000000000000171e-05
1.286300000000000000e+04 5.538000000000000171e-05
1.286400000000000000e+04 5.538000000000000171e-05
1.286500000000000000e+04 5.538000000000000171e-05
1.286600000000000000e+04 5.538000000000000171e-05
1.286700000000000000e+04 5.538000000000000171e-05
1.286800000000000000e+04 5.538000000000000171e-05
1.286900000000000000e+04 5.538000000000000171e-05
1.287000000000000000e+04 5.538000000000000171e-05
1.287100000000000000e+04 5.538000000000000171e-05
1.287200000000000000e+04 5.538000000000000171e-05
1.287300000000000000e+04 5.538000000000000171e-05
1.287400000000000000e+04 5.538000000000000171e-05
1.287500000000000000e+04 5.538000000000000171e-05
1.287600000000000000e+04 5.538000000000000171e-05
1.287700000000000000e+04 5.538000000000000171e-05
1.287800000000000000e+04 5.538000000000000171e-05
1.287900000000000000e+04 5.538000000000000171e-05
1.288000000000000000e+04 5.538000000000000171e-05
1.288100000000000000e+04 5.538000000000000171e-05
1.288200000000000000e+04 5.538000000000000171e-05
1.288300000000000000e+04 5.538000000000000171e-05
1.288400000000000000e+04 5.538000000000000171e-05
1.288500000000000000e+04 5.538000000000000171e-05
1.288600000000000000e+04 5.538000000000000171e-05
1.288700000000000000e+04 5.538000000000000171e-05
1.288800000000000000e+04 5.538000000000000171e-05
1.288900000000000000e+04 5.538000000000000171e-05
1.289000000000000000e+04 5.538000000000000171e-05
1.289100000000000000e+04 5.538000000000000171e-05
1.289200000000000000e+04 5.539000000000000331e-05
1.289300000000000000e+04 5.539000000000000331e-05
1.289400000000000000e+04 5.539999999999999813e-05
1.289500000000000000e+04 5.539999999999999813e-05
1.289600000000000000e+04 5.539999999999999813e-05
1.289700000000000000e+04 5.540999999999999973e-05
1.289800000000000000e+04 5.540999999999999973e-05
1.289900000000000000e+04 5.542000000000000132e-05
1.290000000000000000e+04 5.542000000000000132e-05
1.290100000000000000e+04 5.542000000000000132e-05
1.290200000000000000e+04 5.542000000000000132e-05
1.290300000000000000e+04 5.542000000000000132e-05
1.290400000000000000e+04 5.542000000000000132e-05
1.290500000000000000e+04 5.542000000000000132e-05
1.290600000000000000e+04 5.542000000000000132e-05
1.290700000000000000e+04 5.542000000000000132e-05
1.290800000000000000e+04 5.542000000000000132e-05
1.290900000000000000e+04 5.542000000000000132e-05
1.291000000000000000e+04 5.542000000000000132e-05
1.291100000000000000e+04 5.542000000000000132e-05
1.291200000000000000e+04 5.542000000000000132e-05
1.291300000000000000e+04 5.542000000000000132e-05
1.291400000000000000e+04 5.542000000000000132e-05
1.291500000000000000e+04 5.542000000000000132e-05
1.291600000000000000e+04 5.542000000000000132e-05
1.291700000000000000e+04 5.542000000000000132e-05
1.291800000000000000e+04 5.542000000000000132e-05
1.291900000000000000e+04 5.542000000000000132e-05
1.292000000000000000e+04 5.542000000000000132e-05
1.292100000000000000e+04 5.542000000000000132e-05
1.292200000000000000e+04 5.542000000000000132e-05
1.292300000000000000e+04 5.542000000000000132e-05
1.292400000000000000e+04 5.542000000000000132e-05
1.292500000000000000e+04 5.542000000000000132e-05
1.292600000000000000e+04 5.542000000000000132e-05
1.292700000000000000e+04 5.542000000000000132e-05
1.292800000000000000e+04 5.542000000000000132e-05
1.292900000000000000e+04 5.542000000000000132e-05
1.293000000000000000e+04 5.542000000000000132e-05
1.293100000000000000e+04 5.542000000000000132e-05
1.293200000000000000e+04 5.543000000000000292e-05
1.293300000000000000e+04 5.543000000000000292e-05
1.293400000000000000e+04 5.543999999999999775e-05
1.293500000000000000e+04 5.543999999999999775e-05
1.293600000000000000e+04 5.544999999999999934e-05
1.293700000000000000e+04 5.544999999999999934e-05
1.293800000000000000e+04 5.544999999999999934e-05
1.293900000000000000e+04 5.546000000000000094e-05
1.294000000000000000e+04 5.546000000000000094e-05
1.294100000000000000e+04 5.546000000000000094e-05
1.294200000000000000e+04 5.546000000000000094e-05
1.294300000000000000e+04 5.546000000000000094e-05
1.294400000000000000e+04 5.546000000000000094e-05
1.294500000000000000e+04 5.546000000000000094e-05
1.294600000000000000e+04 5.546000000000000094e-05
1.294700000000000000e+04 5.546000000000000094e-05
1.294800000000000000e+04 5.546000000000000094e-05
1.294900000000000000e+04 5.546000000000000094e-05
1.295000000000000000e+04 5.546000000000000094e-05
1.295100000000000000e+04 5.546000000000000094e-05
1.295200000000000000e+04 5.546000000000000094e-05
1.295300000000000000e+04 5.546000000000000094e-05
1.295400000000000000e+04 5.546000000000000094e-05
1.295500000000000000e+04 5.546000000000000094e-05
1.295600000000000000e+04 5.546000000000000094e-05
1.295700000000000000e+04 5.546000000000000094e-05
1.295800000000000000e+04 5.546000000000000094e-05
1.295900000000000000e+04 5.546000000000000094e-05
1.296000000000000000e+04 5.546000000000000094e-05
1.296100000000000000e+04 5.546000000000000094e-05
1.296200000000000000e+04 5.546000000000000094e-05
1.296300000000000000e+04 5.546000000000000094e-05
1.296400000000000000e+04 5.546000000000000094e-05
1.296500000000000000e+04 5.546000000000000094e-05
1.296600000000000000e+04 5.546000000000000094e-05
1.296700000000000000e+04 5.546000000000000094e-05
1.296800000000000000e+04 5.546000000000000094e-05
1.296900000000000000e+04 5.546000000000000094e-05
1.297000000000000000e+04 5.546000000000000094e-05
1.297100000000000000e+04 5.546000000000000094e-05
1.297200000000000000e+04 5.546000000000000094e-05
1.297300000000000000e+04 5.546000000000000094e-05
1.297400000000000000e+04 5.546000000000000094e-05
1.297500000000000000e+04 5.546000000000000094e-05
1.297600000000000000e+04 5.546000000000000094e-05
1.297700000000000000e+04 5.546000000000000094e-05
1.297800000000000000e+04 5.546000000000000094e-05
1.297900000000000000e+04 5.546000000000000094e-05
1.298000000000000000e+04 5.546000000000000094e-05
1.298100000000000000e+04 5.546000000000000094e-05
1.298200000000000000e+04 5.547000000000000254e-05
1.298300000000000000e+04 5.547000000000000254e-05
1.298400000000000000e+04 5.547999999999999736e-05
1.298500000000000000e+04 5.547999999999999736e-05
1.298600000000000000e+04 5.548999999999999896e-05
1.298700000000000000e+04 5.548999999999999896e-05
1.298800000000000000e+04 5.548999999999999896e-05
1.298900000000000000e+04 5.550000000000000056e-05
1.299000000000000000e+04 5.550000000000000056e-05
1.299100000000000000e+04 5.550000000000000056e-05
1.299200000000000000e+04 5.550000000000000056e-05
1.299300000000000000e+04 5.550000000000000056e-05
1.299400000000000000e+04 5.550000000000000056e-05
1.299500000000000000e+04 5.550000000000000056e-05
1.299600000000000000e+04 5.550000000000000056e-05
1.299700000000000000e+04 5.550000000000000056e-05
1.299800000000000000e+04 5.550000000000000056e-05
1.299900000000000000e+04 5.550000000000000056e-05
1.300000000000000000e+04 5.550000000000000056e-05
1.300100000000000000e+04 5.550000000000000056e-05
1.300200000000000000e+04 5.551000000000000216e-05
1.300300000000000000e+04 5.551000000000000216e-05
1.300400000000000000e+04 5.551000000000000216e-05
1.300500000000000000e+04 5.551000000000000216e-05
1.300600000000000000e+04 5.551000000000000216e-05
1.300700000000000000e+04 5.551000000000000216e-05
1.300800000000000000e+04 5.551999999999999698e-05
1.300900000000000000e+04 5.551999999999999698e-05
1.301000000000000000e+04 5.551999999999999698e-05
1.301100000000000000e+04 5.551999999999999698e-05
1.301200000000000000e+04 5.551999999999999698e-05
1.301300000000000000e+04 5.551999999999999698e-05
1.301400000000000000e+04 5.552999999999999858e-05
1.301500000000000000e+04 5.552999999999999858e-05
1.301600000000000000e+04 5.552999999999999858e-05
1.301700000000000000e+04 5.552999999999999858e-05
1.301800000000000000e+04 5.552999999999999858e-05
1.301900000000000000e+04 5.554000000000000018e-05
1.302000000000000000e+04 5.554000000000000018e-05
1.302100000000000000e+04 5.554000000000000018e-05
1.302200000000000000e+04 5.555000000000000177e-05
1.302300000000000000e+04 5.556000000000000337e-05
1.302400000000000000e+04 5.556000000000000337e-05
1.302500000000000000e+04 5.556999999999999819e-05
1.302600000000000000e+04 5.557999999999999979e-05
1.302700000000000000e+04 5.557999999999999979e-05
1.302800000000000000e+04 5.559000000000000139e-05
1.302900000000000000e+04 5.559000000000000139e-05
1.303000000000000000e+04 5.560000000000000299e-05
1.303100000000000000e+04 5.560000000000000299e-05
1.303200000000000000e+04 5.560000000000000299e-05
1.303300000000000000e+04 5.560999999999999781e-05
1.303400000000000000e+04 5.560999999999999781e-05
1.303500000000000000e+04 5.560999999999999781e-05
1.303600000000000000e+04 5.560999999999999781e-05
1.303700000000000000e+04 5.560999999999999781e-05
1.303800000000000000e+04 5.560999999999999781e-05
1.303900000000000000e+04 5.561999999999999941e-05
1.304000000000000000e+04 5.561999999999999941e-05
1.304100000000000000e+04 5.561999999999999941e-05
1.304200000000000000e+04 5.561999999999999941e-05
1.304300000000000000e+04 5.561999999999999941e-05
1.304400000000000000e+04 5.563000000000000101e-05
1.304500000000000000e+04 5.563000000000000101e-05
1.304600000000000000e+04 5.563000000000000101e-05
1.304700000000000000e+04 5.563000000000000101e-05
1.304800000000000000e+04 5.563000000000000101e-05
1.304900000000000000e+04 5.563000000000000101e-05
1.305000000000000000e+04 5.564000000000000261e-05
1.305100000000000000e+04 5.564000000000000261e-05
1.305200000000000000e+04 5.564000000000000261e-05
1.305300000000000000e+04 5.564000000000000261e-05
1.305400000000000000e+04 5.564000000000000261e-05
1.305500000000000000e+04 5.564000000000000261e-05
1.305600000000000000e+04 5.564999999999999743e-05
1.305700000000000000e+04 5.564999999999999743e-05
1.305800000000000000e+04 5.564999999999999743e-05
1.305900000000000000e+04 5.564999999999999743e-05
1.306000000000000000e+04 5.564999999999999743e-05
1.306100000000000000e+04 5.565999999999999903e-05
1.306200000000000000e+04 5.565999999999999903e-05
1.306300000000000000e+04 5.565999999999999903e-05
1.306400000000000000e+04 5.565999999999999903e-05
1.306500000000000000e+04 5.565999999999999903e-05
1.306600000000000000e+04 5.565999999999999903e-05
1.306700000000000000e+04 5.567000000000000063e-05
1.306800000000000000e+04 5.567000000000000063e-05
1.306900000000000000e+04 5.567000000000000063e-05
1.307000000000000000e+04 5.567000000000000063e-05
1.307100000000000000e+04 5.568000000000000222e-05
1.307200000000000000e+04 5.568000000000000222e-05
1.307300000000000000e+04 5.568999999999999705e-05
1.307400000000000000e+04 5.569999999999999864e-05
1.307500000000000000e+04 5.569999999999999864e-05
1.307600000000000000e+04 5.571000000000000024e-05
1.307700000000000000e+04 5.572000000000000184e-05
1.307800000000000000e+04 5.572000000000000184e-05
1.307900000000000000e+04 5.572999999999999666e-05
1.308000000000000000e+04 5.572999999999999666e-05
1.308100000000000000e+04 5.573999999999999826e-05
1.308200000000000000e+04 5.573999999999999826e-05
1.308300000000000000e+04 5.573999999999999826e-05
1.308400000000000000e+04 5.573999999999999826e-05
1.308500000000000000e+04 5.573999999999999826e-05
1.308600000000000000e+04 5.574999999999999986e-05
1.308700000000000000e+04 5.574999999999999986e-05
1.308800000000000000e+04 5.574999999999999986e-05
1.308900000000000000e+04 5.574999999999999986e-05
1.309000000000000000e+04 5.574999999999999986e-05
1.309100000000000000e+04 5.574999999999999986e-05
1.309200000000000000e+04 5.576000000000000146e-05
1.309300000000000000e+04 5.576000000000000146e-05
1.309400000000000000e+04 5.576000000000000146e-05
1.309500000000000000e+04 5.576000000000000146e-05
1.309600000000000000e+04 5.576000000000000146e-05
1.309700000000000000e+04 5.576000000000000146e-05
1.309800000000000000e+04 5.577000000000000306e-05
1.309900000000000000e+04 5.577000000000000306e-05
1.310000000000000000e+04 5.577000000000000306e-05
1.310100000000000000e+04 5.577000000000000306e-05
1.310200000000000000e+04 5.577000000000000306e-05
1.310300000000000000e+04 5.577999999999999788e-05
1.310400000000000000e+04 5.577999999999999788e-05
1.310500000000000000e+04 5.577999999999999788e-05
1.310600000000000000e+04 5.577999999999999788e-05
1.310700000000000000e+04 5.577999999999999788e-05
1.310800000000000000e+04 5.577999999999999788e-05
1.310900000000000000e+04 5.578999999999999948e-05
1.311000000000000000e+04 5.578999999999999948e-05
1.311100000000000000e+04 5.578999999999999948e-05
1.311200000000000000e+04 5.578999999999999948e-05
1.311300000000000000e+04 5.578999999999999948e-05
1.311400000000000000e+04 5.578999999999999948e-05
1.311500000000000000e+04 5.580000000000000107e-05
1.311600000000000000e+04 5.580000000000000107e-05
1.311700000000000000e+04 5.580000000000000107e-05
1.311800000000000000e+04 5.580000000000000107e-05
1.311900000000000000e+04 5.580000000000000107e-05
1.312000000000000000e+04 5.581000000000000267e-05
1.312100000000000000e+04 5.581000000000000267e-05
1.312200000000000000e+04 5.581999999999999750e-05
1.312300000000000000e+04 5.581999999999999750e-05
1.312400000000000000e+04 5.582999999999999909e-05
1.312500000000000000e+04 5.584000000000000069e-05
1.312600000000000000e+04 5.584000000000000069e-05
1.312700000000000000e+04 5.585000000000000229e-05
1.312800000000000000e+04 5.585999999999999711e-05
1.312900000000000000e+04 5.585999999999999711e-05
1.313000000000000000e+04 5.586999999999999871e-05
1.313100000000000000e+04 5.586999999999999871e-05
1.313200000000000000e+04 5.586999999999999871e-05
1.313300000000000000e+04 5.586999999999999871e-05
1.313400000000000000e+04 5.588000000000000031e-05
1.313500000000000000e+04 5.588000000000000031e-05
1.313600000000000000e+04 5.588000000000000031e-05
1.313700000000000000e+04 5.588000000000000031e-05
1.313800000000000000e+04 5.588000000000000031e-05
1.313900000000000000e+04 5.589000000000000191e-05
1.314000000000000000e+04 5.589000000000000191e-05
1.314100000000000000e+04 5.589000000000000191e-05
1.314200000000000000e+04 5.589000000000000191e-05
1.314300000000000000e+04 5.589000000000000191e-05
1.314400000000000000e+04 5.589000000000000191e-05
1.314500000000000000e+04 5.589999999999999673e-05
1.314600000000000000e+04 5.589999999999999673e-05
1.314700000000000000e+04 5.589999999999999673e-05
1.314800000000000000e+04 5.589999999999999673e-05
1.314900000000000000e+04 5.589999999999999673e-05
1.315000000000000000e+04 5.589999999999999673e-05
1.315100000000000000e+04 5.590999999999999833e-05
1.315200000000000000e+04 5.590999999999999833e-05
1.315300000000000000e+04 5.590999999999999833e-05
1.315400000000000000e+04 5.590999999999999833e-05
1.315500000000000000e+04 5.590999999999999833e-05
1.315600000000000000e+04 5.591999999999999993e-05
1.315700000000000000e+04 5.591999999999999993e-05
1.315800000000000000e+04 5.591999999999999993e-05
1.315900000000000000e+04 5.591999999999999993e-05
1.316000000000000000e+04 5.591999999999999993e-05
1.316100000000000000e+04 5.593000000000000152e-05
1.316200000000000000e+04 5.594000000000000312e-05
1.316300000000000000e+04 5.594000000000000312e-05
1.316400000000000000e+04 5.594999999999999794e-05
1.316500000000000000e+04 5.594999999999999794e-05
1.316600000000000000e+04 5.595999999999999954e-05
1.316700000000000000e+04 5.597000000000000114e-05
1.316800000000000000e+04 5.597000000000000114e-05
1.316900000000000000e+04 5.598000000000000274e-05
1.317000000000000000e+04 5.598999999999999756e-05
1.317100000000000000e+04 5.598999999999999756e-05
1.317200000000000000e+04 5.598999999999999756e-05
1.317300000000000000e+04 5.598999999999999756e-05
1.317400000000000000e+04 5.598999999999999756e-05
1.317500000000000000e+04 5.599999999999999916e-05
1.317600000000000000e+04 5.599999999999999916e-05
1.317700000000000000e+04 5.599999999999999916e-05
1.317800000000000000e+04 5.599999999999999916e-05
1.317900000000000000e+04 5.599999999999999916e-05
1.318000000000000000e+04 5.599999999999999916e-05
1.318100000000000000e+04 5.601000000000000076e-05
1.318200000000000000e+04 5.601000000000000076e-05
1.318300000000000000e+04 5.601000000000000076e-05
1.318400000000000000e+04 5.601000000000000076e-05
1.318500000000000000e+04 5.601000000000000076e-05
1.318600000000000000e+04 5.601000000000000076e-05
1.318700000000000000e+04 5.602000000000000236e-05
1.318800000000000000e+04 5.602000000000000236e-05
1.318900000000000000e+04 5.602000000000000236e-05
1.319000000000000000e+04 5.602000000000000236e-05
1.319100000000000000e+04 5.602000000000000236e-05
1.319200000000000000e+04 5.602999999999999718e-05
1.319300000000000000e+04 5.602999999999999718e-05
1.319400000000000000e+04 5.602999999999999718e-05
1.319500000000000000e+04 5.602999999999999718e-05
1.319600000000000000e+04 5.602999999999999718e-05
1.319700000000000000e+04 5.602999999999999718e-05
1.319800000000000000e+04 5.603999999999999878e-05
1.319900000000000000e+04 5.603999999999999878e-05
1.320000000000000000e+04 5.603999999999999878e-05
1.320100000000000000e+04 5.603999999999999878e-05
1.320200000000000000e+04 5.603999999999999878e-05
1.320300000000000000e+04 5.603999999999999878e-05
1.320400000000000000e+04 5.603999999999999878e-05
1.320500000000000000e+04 5.603999999999999878e-05
1.320600000000000000e+04 5.603999999999999878e-05
1.320700000000000000e+04 5.603999999999999878e-05
1.320800000000000000e+04 5.603999999999999878e-05
1.320900000000000000e+04 5.603999999999999878e-05
1.321000000000000000e+04 5.605000000000000038e-05
1.321100000000000000e+04 5.605000000000000038e-05
1.321200000000000000e+04 5.606000000000000197e-05
1.321300000000000000e+04 5.606000000000000197e-05
1.321400000000000000e+04 5.606999999999999680e-05
1.321500000000000000e+04 5.606999999999999680e-05
1.321600000000000000e+04 5.607999999999999839e-05
1.321700000000000000e+04 5.607999999999999839e-05
1.321800000000000000e+04 5.608999999999999999e-05
1.321900000000000000e+04 5.608999999999999999e-05
1.322000000000000000e+04 5.610000000000000159e-05
1.322100000000000000e+04 5.610000000000000159e-05
1.322200000000000000e+04 5.610000000000000159e-05
1.322300000000000000e+04 5.610000000000000159e-05
1.322400000000000000e+04 5.610000000000000159e-05
1.322500000000000000e+04 5.610000000000000159e-05
1.322600000000000000e+04 5.610000000000000159e-05
1.322700000000000000e+04 5.610000000000000159e-05
1.322800000000000000e+04 5.610000000000000159e-05
1.322900000000000000e+04 5.610000000000000159e-05
1.323000000000000000e+04 5.610000000000000159e-05
1.323100000000000000e+04 5.610000000000000159e-05
1.323200000000000000e+04 5.611000000000000319e-05
1.323300000000000000e+04 5.611000000000000319e-05
1.323400000000000000e+04 5.611000000000000319e-05
1.323500000000000000e+04 5.611000000000000319e-05
1.323600000000000000e+04 5.611000000000000319e-05
1.323700000000000000e+04 5.611000000000000319e-05
1.323800000000000000e+04 5.611000000000000319e-05
1.323900000000000000e+04 5.611000000000000319e-05
1.324000000000000000e+04 5.611000000000000319e-05
1.324100000000000000e+04 5.611000000000000319e-05
1.324200000000000000e+04 5.611000000000000319e-05
1.324300000000000000e+04 5.611000000000000319e-05
1.324400000000000000e+04 5.611000000000000319e-05
1.324500000000000000e+04 5.611000000000000319e-05
1.324600000000000000e+04 5.611000000000000319e-05
1.324700000000000000e+04 5.611000000000000319e-05
1.324800000000000000e+04 5.611000000000000319e-05
1.324900000000000000e+04 5.611999999999999801e-05
1.325000000000000000e+04 5.611999999999999801e-05
1.325100000000000000e+04 5.611999999999999801e-05
1.325200000000000000e+04 5.611999999999999801e-05
1.325300000000000000e+04 5.611999999999999801e-05
1.325400000000000000e+04 5.611999999999999801e-05
1.325500000000000000e+04 5.611999999999999801e-05
1.325600000000000000e+04 5.611999999999999801e-05
1.325700000000000000e+04 5.611999999999999801e-05
1.325800000000000000e+04 5.611999999999999801e-05
1.325900000000000000e+04 5.611999999999999801e-05
1.326000000000000000e+04 5.611999999999999801e-05
1.326100000000000000e+04 5.611999999999999801e-05
1.326200000000000000e+04 5.611999999999999801e-05
1.326300000000000000e+04 5.611999999999999801e-05
1.326400000000000000e+04 5.611999999999999801e-05
1.326500000000000000e+04 5.612999999999999961e-05
1.326600000000000000e+04 5.612999999999999961e-05
1.326700000000000000e+04 5.612999999999999961e-05
1.326800000000000000e+04 5.612999999999999961e-05
1.326900000000000000e+04 5.612999999999999961e-05
1.327000000000000000e+04 5.612999999999999961e-05
1.327100000000000000e+04 5.612999999999999961e-05
1.327200000000000000e+04 5.614000000000000121e-05
1.327300000000000000e+04 5.614000000000000121e-05
1.327400000000000000e+04 5.615000000000000281e-05
1.327500000000000000e+04 5.615000000000000281e-05
1.327600000000000000e+04 5.615999999999999763e-05
1.327700000000000000e+04 5.615999999999999763e-05
1.327800000000000000e+04 5.616999999999999923e-05
1.327900000000000000e+04 5.618000000000000082e-05
1.328000000000000000e+04 5.618000000000000082e-05
1.328100000000000000e+04 5.618000000000000082e-05
1.328200000000000000e+04 5.618000000000000082e-05
1.328300000000000000e+04 5.618000000000000082e-05
1.328400000000000000e+04 5.618000000000000082e-05
1.328500000000000000e+04 5.618000000000000082e-05
1.328600000000000000e+04 5.618000000000000082e-05
1.328700000000000000e+04 5.618000000000000082e-05
1.328800000000000000e+04 5.619000000000000242e-05
1.328900000000000000e+04 5.619000000000000242e-05
1.329000000000000000e+04 5.619000000000000242e-05
1.329100000000000000e+04 5.619000000000000242e-05
1.329200000000000000e+04 5.619000000000000242e-05
1.329300000000000000e+04 5.619000000000000242e-05
1.329400000000000000e+04 5.619000000000000242e-05
1.329500000000000000e+04 5.619000000000000242e-05
1.329600000000000000e+04 5.619000000000000242e-05
1.329700000000000000e+04 5.619000000000000242e-05
1.329800000000000000e+04 5.619000000000000242e-05
1.329900000000000000e+04 5.619000000000000242e-05
1.330000000000000000e+04 5.619000000000000242e-05
1.330100000000000000e+04 5.619000000000000242e-05
1.330200000000000000e+04 5.619000000000000242e-05
1.330300000000000000e+04 5.619000000000000242e-05
1.330400000000000000e+04 5.619999999999999725e-05
1.330500000000000000e+04 5.619999999999999725e-05
1.330600000000000000e+04 5.619999999999999725e-05
1.330700000000000000e+04 5.619999999999999725e-05
1.330800000000000000e+04 5.619999999999999725e-05
1.330900000000000000e+04 5.619999999999999725e-05
1.331000000000000000e+04 5.619999999999999725e-05
1.331100000000000000e+04 5.619999999999999725e-05
1.331200000000000000e+04 5.619999999999999725e-05
1.331300000000000000e+04 5.619999999999999725e-05
1.331400000000000000e+04 5.619999999999999725e-05
1.331500000000000000e+04 5.619999999999999725e-05
1.331600000000000000e+04 5.619999999999999725e-05
1.331700000000000000e+04 5.619999999999999725e-05
1.331800000000000000e+04 5.619999999999999725e-05
1.331900000000000000e+04 5.619999999999999725e-05
1.332000000000000000e+04 5.619999999999999725e-05
1.332100000000000000e+04 5.620999999999999884e-05
1.332200000000000000e+04 5.622000000000000044e-05
1.332300000000000000e+04 5.622000000000000044e-05
1.332400000000000000e+04 5.623000000000000204e-05
1.332500000000000000e+04 5.623000000000000204e-05
1.332600000000000000e+04 5.623999999999999686e-05
1.332700000000000000e+04 5.623999999999999686e-05
1.332800000000000000e+04 5.624999999999999846e-05
1.332900000000000000e+04 5.624999999999999846e-05
1.333000000000000000e+04 5.626000000000000006e-05
1.333100000000000000e+04 5.626000000000000006e-05
1.333200000000000000e+04 5.626000000000000006e-05
1.333300000000000000e+04 5.626000000000000006e-05
1.333400000000000000e+04 5.626000000000000006e-05
1.333500000000000000e+04 5.626000000000000006e-05
1.333600000000000000e+04 5.626000000000000006e-05
1.333700000000000000e+04 5.626000000000000006e-05
1.333800000000000000e+04 5.626000000000000006e-05
1.333900000000000000e+04 5.626000000000000006e-05
1.334000000000000000e+04 5.626000000000000006e-05
1.334100000000000000e+04 5.626000000000000006e-05
1.334200000000000000e+04 5.626000000000000006e-05
1.334300000000000000e+04 5.627000000000000166e-05
1.334400000000000000e+04 5.627000000000000166e-05
1.334500000000000000e+04 5.627000000000000166e-05
1.334600000000000000e+04 5.627000000000000166e-05
1.334700000000000000e+04 5.627000000000000166e-05
1.334800000000000000e+04 5.627000000000000166e-05
1.334900000000000000e+04 5.627000000000000166e-05
1.335000000000000000e+04 5.627000000000000166e-05
1.335100000000000000e+04 5.627000000000000166e-05
1.335200000000000000e+04 5.627000000000000166e-05
1.335300000000000000e+04 5.627000000000000166e-05
1.335400000000000000e+04 5.627000000000000166e-05
1.335500000000000000e+04 5.627000000000000166e-05
1.335600000000000000e+04 5.627000000000000166e-05
1.335700000000000000e+04 5.627000000000000166e-05
1.335800000000000000e+04 5.627000000000000166e-05
1.335900000000000000e+04 5.627000000000000166e-05
1.336000000000000000e+04 5.628000000000000326e-05
1.336100000000000000e+04 5.628000000000000326e-05
1.336200000000000000e+04 5.628000000000000326e-05
1.336300000000000000e+04 5.628000000000000326e-05
1.336400000000000000e+04 5.628000000000000326e-05
1.336500000000000000e+04 5.628000000000000326e-05
1.336600000000000000e+04 5.628000000000000326e-05
1.336700000000000000e+04 5.628000000000000326e-05
1.336800000000000000e+04 5.628000000000000326e-05
1.336900000000000000e+04 5.628000000000000326e-05
1.337000000000000000e+04 5.628000000000000326e-05
1.337100000000000000e+04 5.628000000000000326e-05
1.337200000000000000e+04 5.628000000000000326e-05
1.337300000000000000e+04 5.628000000000000326e-05
1.337400000000000000e+04 5.628000000000000326e-05
1.337500000000000000e+04 5.628000000000000326e-05
1.337600000000000000e+04 5.628999999999999808e-05
1.337700000000000000e+04 5.628999999999999808e-05
1.337800000000000000e+04 5.628999999999999808e-05
1.337900000000000000e+04 5.628999999999999808e-05
1.338000000000000000e+04 5.628999999999999808e-05
1.338100000000000000e+04 5.628999999999999808e-05
1.338200000000000000e+04 5.629999999999999968e-05
1.338300000000000000e+04 5.629999999999999968e-05
1.338400000000000000e+04 5.631000000000000127e-05
1.338500000000000000e+04 5.631000000000000127e-05
1.338600000000000000e+04 5.632000000000000287e-05
1.338700000000000000e+04 5.632000000000000287e-05
1.338800000000000000e+04 5.632999999999999769e-05
1.338900000000000000e+04 5.632999999999999769e-05
1.339000000000000000e+04 5.633999999999999929e-05
1.339100000000000000e+04 5.633999999999999929e-05
1.339200000000000000e+04 5.633999999999999929e-05
1.339300000000000000e+04 5.633999999999999929e-05
1.339400000000000000e+04 5.633999999999999929e-05
1.339500000000000000e+04 5.633999999999999929e-05
1.339600000000000000e+04 5.633999999999999929e-05
1.339700000000000000e+04 5.633999999999999929e-05
1.339800000000000000e+04 5.633999999999999929e-05
1.339900000000000000e+04 5.635000000000000089e-05
1.340000000000000000e+04 5.635000000000000089e-05
1.340100000000000000e+04 5.633999999999999929e-05
1.340200000000000000e+04 5.633999999999999929e-05
1.340300000000000000e+04 5.633999999999999929e-05
1.340400000000000000e+04 5.633999999999999929e-05
1.340500000000000000e+04 5.632999999999999769e-05
1.340600000000000000e+04 5.632999999999999769e-05
1.340700000000000000e+04 5.632999999999999769e-05
1.340800000000000000e+04 5.632999999999999769e-05
1.340900000000000000e+04 5.632000000000000287e-05
1.341000000000000000e+04 5.632000000000000287e-05
1.341100000000000000e+04 5.632000000000000287e-05
1.341200000000000000e+04 5.632000000000000287e-05
1.341300000000000000e+04 5.631000000000000127e-05
1.341400000000000000e+04 5.631000000000000127e-05
1.341500000000000000e+04 5.631000000000000127e-05
1.341600000000000000e+04 5.631000000000000127e-05
1.341700000000000000e+04 5.629999999999999968e-05
1.341800000000000000e+04 5.629999999999999968e-05
1.341900000000000000e+04 5.629999999999999968e-05
1.342000000000000000e+04 5.629999999999999968e-05
1.342100000000000000e+04 5.628999999999999808e-05
1.342200000000000000e+04 5.628999999999999808e-05
1.342300000000000000e+04 5.628999999999999808e-05
1.342400000000000000e+04 5.628999999999999808e-05
1.342500000000000000e+04 5.628000000000000326e-05
1.342600000000000000e+04 5.628000000000000326e-05
1.342700000000000000e+04 5.628000000000000326e-05
1.342800000000000000e+04 5.628000000000000326e-05
1.342900000000000000e+04 5.627000000000000166e-05
1.343000000000000000e+04 5.627000000000000166e-05
1.343100000000000000e+04 5.627000000000000166e-05
1.343200000000000000e+04 5.627000000000000166e-05
1.343300000000000000e+04 5.627000000000000166e-05
1.343400000000000000e+04 5.626000000000000006e-05
1.343500000000000000e+04 5.626000000000000006e-05
1.343600000000000000e+04 5.626000000000000006e-05
1.343700000000000000e+04 5.626000000000000006e-05
1.343800000000000000e+04 5.624999999999999846e-05
1.343900000000000000e+04 5.624999999999999846e-05
1.344000000000000000e+04 5.624999999999999846e-05
1.344100000000000000e+04 5.624999999999999846e-05
1.344200000000000000e+04 5.624999999999999846e-05
1.344300000000000000e+04 5.624999999999999846e-05
1.344400000000000000e+04 5.626000000000000006e-05
1.344500000000000000e+04 5.626000000000000006e-05
1.344600000000000000e+04 5.626000000000000006e-05
1.344700000000000000e+04 5.626000000000000006e-05
1.344800000000000000e+04 5.627000000000000166e-05
1.344900000000000000e+04 5.627000000000000166e-05
1.345000000000000000e+04 5.627000000000000166e-05
1.345100000000000000e+04 5.627000000000000166e-05
1.345200000000000000e+04 5.626000000000000006e-05
1.345300000000000000e+04 5.626000000000000006e-05
1.345400000000000000e+04 5.626000000000000006e-05
1.345500000000000000e+04 5.626000000000000006e-05
1.345600000000000000e+04 5.624999999999999846e-05
1.345700000000000000e+04 5.624999999999999846e-05
1.345800000000000000e+04 5.624999999999999846e-05
1.345900000000000000e+04 5.624999999999999846e-05
1.346000000000000000e+04 5.624999999999999846e-05
1.346100000000000000e+04 5.623999999999999686e-05
1.346200000000000000e+04 5.623999999999999686e-05
1.346300000000000000e+04 5.623999999999999686e-05
1.346400000000000000e+04 5.623999999999999686e-05
1.346500000000000000e+04 5.623000000000000204e-05
1.346600000000000000e+04 5.623000000000000204e-05
1.346700000000000000e+04 5.623000000000000204e-05
1.346800000000000000e+04 5.623000000000000204e-05
1.346900000000000000e+04 5.622000000000000044e-05
1.347000000000000000e+04 5.622000000000000044e-05
1.347100000000000000e+04 5.622000000000000044e-05
1.347200000000000000e+04 5.622000000000000044e-05
1.347300000000000000e+04 5.620999999999999884e-05
1.347400000000000000e+04 5.620999999999999884e-05
1.347500000000000000e+04 5.620999999999999884e-05
1.347600000000000000e+04 5.620999999999999884e-05
1.347700000000000000e+04 5.619999999999999725e-05
1.347800000000000000e+04 5.619999999999999725e-05
1.347900000000000000e+04 5.619999999999999725e-05
1.348000000000000000e+04 5.619999999999999725e-05
1.348100000000000000e+04 5.619000000000000242e-05
1.348200000000000000e+04 5.619000000000000242e-05
1.348300000000000000e+04 5.619000000000000242e-05
1.348400000000000000e+04 5.619000000000000242e-05
1.348500000000000000e+04 5.618000000000000082e-05
1.348600000000000000e+04 5.618000000000000082e-05
1.348700000000000000e+04 5.618000000000000082e-05
1.348800000000000000e+04 5.618000000000000082e-05
1.348900000000000000e+04 5.616999999999999923e-05
1.349000000000000000e+04 5.616999999999999923e-05
1.349100000000000000e+04 5.616999999999999923e-05
1.349200000000000000e+04 5.616999999999999923e-05
1.349300000000000000e+04 5.615999999999999763e-05
1.349400000000000000e+04 5.615999999999999763e-05
1.349500000000000000e+04 5.615999999999999763e-05
1.349600000000000000e+04 5.615999999999999763e-05
1.349700000000000000e+04 5.615000000000000281e-05
1.349800000000000000e+04 5.615000000000000281e-05
1.349900000000000000e+04 5.615000000000000281e-05
1.350000000000000000e+04 5.615000000000000281e-05
1.350100000000000000e+04 5.615000000000000281e-05
1.350200000000000000e+04 5.615000000000000281e-05
1.350300000000000000e+04 5.615000000000000281e-05
1.350400000000000000e+04 5.615000000000000281e-05
1.350500000000000000e+04 5.615000000000000281e-05
1.350600000000000000e+04 5.615999999999999763e-05
1.350700000000000000e+04 5.615999999999999763e-05
1.350800000000000000e+04 5.615999999999999763e-05
1.350900000000000000e+04 5.615999999999999763e-05
1.351000000000000000e+04 5.615999999999999763e-05
1.351100000000000000e+04 5.615999999999999763e-05
1.351200000000000000e+04 5.615000000000000281e-05
1.351300000000000000e+04 5.615000000000000281e-05
1.351400000000000000e+04 5.615000000000000281e-05
1.351500000000000000e+04 5.615000000000000281e-05
1.351600000000000000e+04 5.614000000000000121e-05
1.351700000000000000e+04 5.614000000000000121e-05
1.351800000000000000e+04 5.614000000000000121e-05
1.351900000000000000e+04 5.612999999999999961e-05
1.352000000000000000e+04 5.612999999999999961e-05
1.352100000000000000e+04 5.612999999999999961e-05
1.352200000000000000e+04 5.611999999999999801e-05
1.352300000000000000e+04 5.611999999999999801e-05
1.352400000000000000e+04 5.611999999999999801e-05
1.352500000000000000e+04 5.611000000000000319e-05
1.352600000000000000e+04 5.611000000000000319e-05
1.352700000000000000e+04 5.611000000000000319e-05
1.352800000000000000e+04 5.610000000000000159e-05
1.352900000000000000e+04 5.610000000000000159e-05
1.353000000000000000e+04 5.610000000000000159e-05
1.353100000000000000e+04 5.608999999999999999e-05
1.353200000000000000e+04 5.608999999999999999e-05
1.353300000000000000e+04 5.608999999999999999e-05
1.353400000000000000e+04 5.607999999999999839e-05
1.353500000000000000e+04 5.607999999999999839e-05
1.353600000000000000e+04 5.607999999999999839e-05
1.353700000000000000e+04 5.606999999999999680e-05
1.353800000000000000e+04 5.606999999999999680e-05
1.353900000000000000e+04 5.606999999999999680e-05
1.354000000000000000e+04 5.606999999999999680e-05
1.354100000000000000e+04 5.606000000000000197e-05
1.354200000000000000e+04 5.606000000000000197e-05
1.354300000000000000e+04 5.606000000000000197e-05
1.354400000000000000e+04 5.605000000000000038e-05
1.354500000000000000e+04 5.605000000000000038e-05
1.354600000000000000e+04 5.605000000000000038e-05
1.354700000000000000e+04 5.603999999999999878e-05
1.354800000000000000e+04 5.603999999999999878e-05
1.354900000000000000e+04 5.603999999999999878e-05
1.355000000000000000e+04 5.602999999999999718e-05
1.355100000000000000e+04 5.602999999999999718e-05
1.355200000000000000e+04 5.602999999999999718e-05
1.355300000000000000e+04 5.602000000000000236e-05
1.355400000000000000e+04 5.602000000000000236e-05
1.355500000000000000e+04 5.602000000000000236e-05
1.355600000000000000e+04 5.601000000000000076e-05
1.355700000000000000e+04 5.601000000000000076e-05
1.355800000000000000e+04 5.601000000000000076e-05
1.355900000000000000e+04 5.599999999999999916e-05
1.356000000000000000e+04 5.599999999999999916e-05
1.356100000000000000e+04 5.599999999999999916e-05
1.356200000000000000e+04 5.599999999999999916e-05
1.356300000000000000e+04 5.598999999999999756e-05
1.356400000000000000e+04 5.598999999999999756e-05
1.356500000000000000e+04 5.598999999999999756e-05
1.356600000000000000e+04 5.598000000000000274e-05
1.356700000000000000e+04 5.598000000000000274e-05
1.356800000000000000e+04 5.598000000000000274e-05
1.356900000000000000e+04 5.597000000000000114e-05
1.357000000000000000e+04 5.597000000000000114e-05
1.357100000000000000e+04 5.597000000000000114e-05
1.357200000000000000e+04 5.597000000000000114e-05
1.357300000000000000e+04 5.597000000000000114e-05
1.357400000000000000e+04 5.598000000000000274e-05
1.357500000000000000e+04 5.598000000000000274e-05
1.357600000000000000e+04 5.598000000000000274e-05
1.357700000000000000e+04 5.598000000000000274e-05
1.357800000000000000e+04 5.598000000000000274e-05
1.357900000000000000e+04 5.598000000000000274e-05
1.358000000000000000e+04 5.598000000000000274e-05
1.358100000000000000e+04 5.598000000000000274e-05
1.358200000000000000e+04 5.598000000000000274e-05
1.358300000000000000e+04 5.597000000000000114e-05
1.358400000000000000e+04 5.597000000000000114e-05
1.358500000000000000e+04 5.597000000000000114e-05
1.358600000000000000e+04 5.595999999999999954e-05
1.358700000000000000e+04 5.595999999999999954e-05
1.358800000000000000e+04 5.595999999999999954e-05
1.358900000000000000e+04 5.594999999999999794e-05
1.359000000000000000e+04 5.594999999999999794e-05
1.359100000000000000e+04 5.594999999999999794e-05
1.359200000000000000e+04 5.594999999999999794e-05
1.359300000000000000e+04 5.594000000000000312e-05
1.359400000000000000e+04 5.594000000000000312e-05
1.359500000000000000e+04 5.594000000000000312e-05
1.359600000000000000e+04 5.593000000000000152e-05
1.359700000000000000e+04 5.593000000000000152e-05
1.359800000000000000e+04 5.593000000000000152e-05
1.359900000000000000e+04 5.591999999999999993e-05
1.360000000000000000e+04 5.591999999999999993e-05
1.360100000000000000e+04 5.590999999999999833e-05
1.360200000000000000e+04 5.589000000000000191e-05
1.360300000000000000e+04 5.588000000000000031e-05
1.360400000000000000e+04 5.585999999999999711e-05
1.360500000000000000e+04 5.585000000000000229e-05
1.360600000000000000e+04 5.582999999999999909e-05
1.360700000000000000e+04 5.581999999999999750e-05
1.360800000000000000e+04 5.580000000000000107e-05
1.360900000000000000e+04 5.578999999999999948e-05
1.361000000000000000e+04 5.577000000000000306e-05
1.361100000000000000e+04 5.576000000000000146e-05
1.361200000000000000e+04 5.573999999999999826e-05
1.361300000000000000e+04 5.572999999999999666e-05
1.361400000000000000e+04 5.571000000000000024e-05
1.361500000000000000e+04 5.569999999999999864e-05
1.361600000000000000e+04 5.568000000000000222e-05
1.361700000000000000e+04 5.567000000000000063e-05
1.361800000000000000e+04 5.564999999999999743e-05
1.361900000000000000e+04 5.564000000000000261e-05
1.362000000000000000e+04 5.561999999999999941e-05
1.362100000000000000e+04 5.560999999999999781e-05
1.362200000000000000e+04 5.559000000000000139e-05
1.362300000000000000e+04 5.557999999999999979e-05
1.362400000000000000e+04 5.556000000000000337e-05
1.362500000000000000e+04 5.555000000000000177e-05
1.362600000000000000e+04 5.554000000000000018e-05
1.362700000000000000e+04 5.551999999999999698e-05
1.362800000000000000e+04 5.551000000000000216e-05
1.362900000000000000e+04 5.548999999999999896e-05
1.363000000000000000e+04 5.547999999999999736e-05
1.363100000000000000e+04 5.547000000000000254e-05
1.363200000000000000e+04 5.544999999999999934e-05
1.363300000000000000e+04 5.543999999999999775e-05
1.363400000000000000e+04 5.543000000000000292e-05
1.363500000000000000e+04 5.540999999999999973e-05
1.363600000000000000e+04 5.539999999999999813e-05
1.363700000000000000e+04 5.538000000000000171e-05
1.363800000000000000e+04 5.537000000000000011e-05
1.363900000000000000e+04 5.535999999999999851e-05
1.364000000000000000e+04 5.534000000000000209e-05
1.364100000000000000e+04 5.533000000000000049e-05
1.364200000000000000e+04 5.531999999999999889e-05
1.364300000000000000e+04 5.530000000000000247e-05
1.364400000000000000e+04 5.618000000000000082e-05
1.364500000000000000e+04 5.949000000000000132e-05
1.364600000000000000e+04 6.279000000000000022e-05
1.364700000000000000e+04 6.608999999999999912e-05
1.364800000000000000e+04 6.938999999999999801e-05
1.364900000000000000e+04 7.268999999999999691e-05
1.365000000000000000e+04 7.598999999999999581e-05
1.365100000000000000e+04 7.928999999999999471e-05
1.365200000000000000e+04 8.258999999999999361e-05
1.365300000000000000e+04 8.589000000000000606e-05
1.365400000000000000e+04 8.919000000000000495e-05
1.365500000000000000e+04 9.249000000000000385e-05
1.365600000000000000e+04 9.579000000000000275e-05
1.365700000000000000e+04 9.907999999999999327e-05
1.365800000000000000e+04 1.023999999999999954e-04
1.365900000000000000e+04 1.056999999999999943e-04
1.366000000000000000e+04 1.090000000000000067e-04
1.366100000000000000e+04 1.122000000000000032e-04
1.366200000000000000e+04 1.155000000000000021e-04
1.366300000000000000e+04 1.188000000000000010e-04
1.366400000000000000e+04 1.229000000000000058e-04
1.366500000000000000e+04 1.295000000000000036e-04
1.366600000000000000e+04 1.361000000000000014e-04
1.366700000000000000e+04 1.426999999999999992e-04
1.366800000000000000e+04 1.492999999999999969e-04
1.366900000000000000e+04 1.557999999999999923e-04
1.367000000000000000e+04 1.623999999999999901e-04
1.367100000000000000e+04 1.689000000000000126e-04
1.367200000000000000e+04 1.755000000000000104e-04
1.367300000000000000e+04 1.821000000000000082e-04
1.367400000000000000e+04 1.886000000000000035e-04
1.367500000000000000e+04 1.952000000000000013e-04
1.367600000000000000e+04 2.016999999999999967e-04
1.367700000000000000e+04 2.081999999999999921e-04
1.367800000000000000e+04 2.147999999999999899e-04
1.367900000000000000e+04 2.213000000000000123e-04
1.368000000000000000e+04 2.278000000000000077e-04
1.368100000000000000e+04 2.344000000000000055e-04
1.368200000000000000e+04 2.409000000000000009e-04
1.368300000000000000e+04 2.473999999999999962e-04
1.368400000000000000e+04 2.531999999999999746e-04
1.368500000000000000e+04 2.570000000000000127e-04
1.368600000000000000e+04 2.607999999999999967e-04
1.368700000000000000e+04 2.644999999999999782e-04
1.368800000000000000e+04 2.683000000000000163e-04
1.368900000000000000e+04 2.721000000000000003e-04
1.369000000000000000e+04 2.757999999999999818e-04
1.369100000000000000e+04 2.796000000000000200e-04
1.369200000000000000e+04 2.833000000000000015e-04
1.369300000000000000e+04 2.870999999999999854e-04
1.369400000000000000e+04 2.908000000000000211e-04
1.369500000000000000e+04 2.946000000000000051e-04
1.369600000000000000e+04 2.983999999999999890e-04
1.369700000000000000e+04 3.021000000000000248e-04
1.369800000000000000e+04 3.058000000000000063e-04
1.369900000000000000e+04 3.095999999999999902e-04
1.370000000000000000e+04 3.133000000000000260e-04
1.370100000000000000e+04 3.171000000000000099e-04
1.370200000000000000e+04 3.207999999999999914e-04
1.370300000000000000e+04 3.244999999999999729e-04
1.370400000000000000e+04 3.292999999999999812e-04
1.370500000000000000e+04 3.368000000000000009e-04
1.370600000000000000e+04 3.443000000000000205e-04
1.370700000000000000e+04 3.518999999999999884e-04
1.370800000000000000e+04 3.594000000000000081e-04
1.370900000000000000e+04 3.669999999999999760e-04
1.371000000000000000e+04 3.744999999999999957e-04
1.371100000000000000e+04 3.820000000000000153e-04
1.371200000000000000e+04 3.894999999999999808e-04
1.371300000000000000e+04 3.971000000000000029e-04
1.371400000000000000e+04 4.046000000000000226e-04
1.371500000000000000e+04 4.120999999999999880e-04
1.371600000000000000e+04 4.196000000000000077e-04
1.371700000000000000e+04 4.270999999999999732e-04
1.371800000000000000e+04 4.345999999999999928e-04
1.371900000000000000e+04 4.421000000000000125e-04
1.372000000000000000e+04 4.495999999999999780e-04
1.372100000000000000e+04 4.570999999999999976e-04
1.372200000000000000e+04 4.646000000000000173e-04
1.372300000000000000e+04 4.720999999999999828e-04
1.372400000000000000e+04 4.796000000000000024e-04
1.372500000000000000e+04 4.870000000000000197e-04
1.372600000000000000e+04 4.945000000000000394e-04
1.372700000000000000e+04 5.019999999999999506e-04
1.372800000000000000e+04 5.094999999999999703e-04
1.372900000000000000e+04 5.169000000000000417e-04
1.373000000000000000e+04 5.243999999999999530e-04
1.373100000000000000e+04 5.318999999999999726e-04
1.373200000000000000e+04 5.393000000000000441e-04
1.373300000000000000e+04 5.467999999999999554e-04
1.373400000000000000e+04 5.542000000000000268e-04
1.373500000000000000e+04 5.617000000000000465e-04
1.373600000000000000e+04 5.691000000000000095e-04
1.373700000000000000e+04 5.766000000000000292e-04
1.373800000000000000e+04 5.839999999999999922e-04
1.373900000000000000e+04 5.913999999999999552e-04
1.374000000000000000e+04 5.988999999999999749e-04
1.374100000000000000e+04 6.063000000000000464e-04
1.374200000000000000e+04 6.137999999999999576e-04
1.374300000000000000e+04 6.212999999999999773e-04
1.374400000000000000e+04 6.294000000000000115e-04
1.374500000000000000e+04 6.394999999999999860e-04
1.374600000000000000e+04 6.497000000000000171e-04
1.374700000000000000e+04 6.597999999999999915e-04
1.374800000000000000e+04 6.698999999999999660e-04
1.374900000000000000e+04 6.800000000000000488e-04
1.375000000000000000e+04 6.901000000000000233e-04
1.375100000000000000e+04 7.001999999999999977e-04
1.375200000000000000e+04 7.102000000000000240e-04
1.375300000000000000e+04 7.202999999999999984e-04
1.375400000000000000e+04 7.303000000000000247e-04
1.375500000000000000e+04 7.403000000000000509e-04
1.375600000000000000e+04 7.504000000000000253e-04
1.375700000000000000e+04 7.604000000000000516e-04
1.375800000000000000e+04 7.703999999999999694e-04
1.375900000000000000e+04 7.803999999999999956e-04
1.376000000000000000e+04 7.904000000000000218e-04
1.376100000000000000e+04 8.004000000000000481e-04
1.376200000000000000e+04 8.103999999999999659e-04
1.376300000000000000e+04 8.203999999999999921e-04
1.376400000000000000e+04 8.348999999999999651e-04
1.376500000000000000e+04 8.637000000000000146e-04
1.376600000000000000e+04 8.924999999999999557e-04
1.376700000000000000e+04 9.213000000000000052e-04
1.376800000000000000e+04 9.499999999999999981e-04
1.376900000000000000e+04 9.787000000000000994e-04
1.377000000000000000e+04 1.007000000000000083e-03
1.377100000000000000e+04 1.036000000000000029e-03
1.377200000000000000e+04 1.064999999999999974e-03
1.377300000000000000e+04 1.093999999999999920e-03
1.377400000000000000e+04 1.121999999999999950e-03
1.377500000000000000e+04 1.150999999999999896e-03
1.377600000000000000e+04 1.180000000000000059e-03
1.377700000000000000e+04 1.208000000000000089e-03
1.377800000000000000e+04 1.237000000000000035e-03
1.377900000000000000e+04 1.265000000000000065e-03
1.378000000000000000e+04 1.294000000000000011e-03
1.378100000000000000e+04 1.322999999999999957e-03
1.378200000000000000e+04 1.350999999999999987e-03
1.378300000000000000e+04 1.379999999999999933e-03
1.378400000000000000e+04 1.409000000000000096e-03
1.378500000000000000e+04 1.440000000000000091e-03
1.378600000000000000e+04 1.471000000000000085e-03
1.378700000000000000e+04 1.502000000000000080e-03
1.378800000000000000e+04 1.533999999999999990e-03
1.378900000000000000e+04 1.564999999999999985e-03
1.379000000000000000e+04 1.595999999999999979e-03
1.379100000000000000e+04 1.626999999999999974e-03
1.379200000000000000e+04 1.657999999999999969e-03
1.379300000000000000e+04 1.688999999999999963e-03
1.379400000000000000e+04 1.719999999999999958e-03
1.379500000000000000e+04 1.750999999999999952e-03
1.379600000000000000e+04 1.783000000000000080e-03
1.379700000000000000e+04 1.814000000000000074e-03
1.379800000000000000e+04 1.845000000000000069e-03
1.379900000000000000e+04 1.876000000000000063e-03
1.380000000000000000e+04 1.907000000000000058e-03
1.380100000000000000e+04 1.938000000000000052e-03
1.380200000000000000e+04 1.968999999999999830e-03
1.380300000000000000e+04 2.000000000000000042e-03
1.380400000000000000e+04 2.031999999999999952e-03
1.380500000000000000e+04 2.067999999999999960e-03
1.380600000000000000e+04 2.103999999999999967e-03
1.380700000000000000e+04 2.139999999999999975e-03
1.380800000000000000e+04 2.174999999999999850e-03
1.380900000000000000e+04 2.210999999999999858e-03
1.381000000000000000e+04 2.246999999999999865e-03
1.381100000000000000e+04 2.282999999999999873e-03
1.381200000000000000e+04 2.318999999999999881e-03
1.381300000000000000e+04 2.354000000000000190e-03
1.381400000000000000e+04 2.390000000000000197e-03
1.381500000000000000e+04 2.426000000000000205e-03
1.381600000000000000e+04 2.461000000000000080e-03
1.381700000000000000e+04 2.497000000000000088e-03
1.381800000000000000e+04 2.533000000000000095e-03
1.381900000000000000e+04 2.569000000000000103e-03
1.382000000000000000e+04 2.603999999999999978e-03
1.382100000000000000e+04 2.639999999999999986e-03
1.382200000000000000e+04 2.674999999999999861e-03
1.382300000000000000e+04 2.710999999999999868e-03
1.382400000000000000e+04 2.755000000000000070e-03
1.382500000000000000e+04 2.827999999999999785e-03
1.382600000000000000e+04 2.899999999999999800e-03
1.382700000000000000e+04 2.972999999999999948e-03
1.382800000000000000e+04 3.046000000000000096e-03
1.382900000000000000e+04 3.118000000000000112e-03
1.383000000000000000e+04 3.190999999999999826e-03
1.383100000000000000e+04 3.265000000000000107e-03
1.383200000000000000e+04 3.337999999999999821e-03
1.383300000000000000e+04 3.412000000000000102e-03
1.383400000000000000e+04 3.485999999999999949e-03
1.383500000000000000e+04 3.559999999999999797e-03
1.383600000000000000e+04 3.634000000000000077e-03
1.383700000000000000e+04 3.707999999999999925e-03
1.383800000000000000e+04 3.782000000000000205e-03
1.383900000000000000e+04 3.856000000000000053e-03
1.384000000000000000e+04 3.930000000000000333e-03
1.384100000000000000e+04 4.003999999999999747e-03
1.384200000000000000e+04 4.079000000000000160e-03
1.384300000000000000e+04 4.152999999999999574e-03
1.384400000000000000e+04 4.237999999999999580e-03
1.384500000000000000e+04 4.364999999999999956e-03
1.384600000000000000e+04 4.491000000000000200e-03
1.384700000000000000e+04 4.616999999999999577e-03
1.384800000000000000e+04 4.742999999999999820e-03
1.384900000000000000e+04 4.870000000000000197e-03
1.385000000000000000e+04 4.995999999999999573e-03
1.385100000000000000e+04 5.122999999999999950e-03
1.385200000000000000e+04 5.250000000000000326e-03
1.385300000000000000e+04 5.376999999999999835e-03
1.385400000000000000e+04 5.504000000000000212e-03
1.385500000000000000e+04 5.631999999999999854e-03
1.385600000000000000e+04 5.759000000000000230e-03
1.385700000000000000e+04 5.885999999999999739e-03
1.385800000000000000e+04 6.014000000000000248e-03
1.385900000000000000e+04 6.140999999999999757e-03
1.386000000000000000e+04 6.269000000000000267e-03
1.386100000000000000e+04 6.395999999999999776e-03
1.386200000000000000e+04 6.523000000000000152e-03
1.386300000000000000e+04 6.649999999999999661e-03
1.386400000000000000e+04 6.795999999999999958e-03
1.386500000000000000e+04 7.009999999999999738e-03
1.386600000000000000e+04 7.224000000000000386e-03
1.386700000000000000e+04 7.439000000000000300e-03
1.386800000000000000e+04 7.653000000000000080e-03
1.386900000000000000e+04 7.867999999999999994e-03
1.387000000000000000e+04 8.082000000000000642e-03
1.387100000000000000e+04 8.297000000000000555e-03
1.387200000000000000e+04 8.512000000000000469e-03
1.387300000000000000e+04 8.727000000000000382e-03
1.387400000000000000e+04 8.940999999999999295e-03
1.387500000000000000e+04 9.157000000000000209e-03
1.387600000000000000e+04 9.372000000000000122e-03
1.387700000000000000e+04 9.587000000000000036e-03
1.387800000000000000e+04 9.801999999999999949e-03
1.387900000000000000e+04 1.001999999999999939e-02
1.388000000000000000e+04 1.022999999999999951e-02
1.388100000000000000e+04 1.044999999999999922e-02
1.388200000000000000e+04 1.065999999999999934e-02
1.388300000000000000e+04 1.088000000000000078e-02
1.388400000000000000e+04 1.112999999999999927e-02
1.388500000000000000e+04 1.149000000000000021e-02
1.388600000000000000e+04 1.186000000000000075e-02
1.388700000000000000e+04 1.222999999999999955e-02
1.388800000000000000e+04 1.259000000000000050e-02
1.388900000000000000e+04 1.295999999999999930e-02
1.389000000000000000e+04 1.332999999999999984e-02
1.389100000000000000e+04 1.369000000000000078e-02
1.389200000000000000e+04 1.405999999999999958e-02
1.389300000000000000e+04 1.443000000000000012e-02
1.389400000000000000e+04 1.480000000000000066e-02
1.389500000000000000e+04 1.515999999999999986e-02
1.389600000000000000e+04 1.553000000000000040e-02
1.389700000000000000e+04 1.590000000000000094e-02
1.389800000000000000e+04 1.626999999999999974e-02
1.389900000000000000e+04 1.663999999999999854e-02
1.390000000000000000e+04 1.701000000000000081e-02
1.390100000000000000e+04 1.737000000000000002e-02
1.390200000000000000e+04 1.773999999999999883e-02
1.390300000000000000e+04 1.811000000000000110e-02
1.390400000000000000e+04 1.855000000000000052e-02
1.390500000000000000e+04 1.924000000000000016e-02
1.390600000000000000e+04 1.992999999999999980e-02
1.390700000000000000e+04 2.062999999999999903e-02
1.390800000000000000e+04 2.131999999999999867e-02
1.390900000000000000e+04 2.200999999999999832e-02
1.391000000000000000e+04 2.271000000000000102e-02
1.391100000000000000e+04 2.340000000000000066e-02
1.391200000000000000e+04 2.409999999999999989e-02
1.391300000000000000e+04 2.478999999999999954e-02
1.391400000000000000e+04 2.547999999999999918e-02
1.391500000000000000e+04 2.617999999999999841e-02
1.391600000000000000e+04 2.688000000000000111e-02
1.391700000000000000e+04 2.757000000000000076e-02
1.391800000000000000e+04 2.826999999999999999e-02
1.391900000000000000e+04 2.896999999999999922e-02
1.392000000000000000e+04 2.965999999999999887e-02
1.392100000000000000e+04 3.036000000000000157e-02
1.392200000000000000e+04 3.106000000000000080e-02
1.392300000000000000e+04 3.175000000000000044e-02
1.392400000000000000e+04 3.261000000000000010e-02
1.392500000000000000e+04 3.414999999999999980e-02
1.392600000000000000e+04 3.568000000000000338e-02
1.392700000000000000e+04 3.721000000000000002e-02
1.392800000000000000e+04 3.873999999999999666e-02
1.392900000000000000e+04 4.028000000000000330e-02
1.393000000000000000e+04 4.180999999999999994e-02
1.393100000000000000e+04 4.333999999999999658e-02
1.393200000000000000e+04 4.488000000000000322e-02
1.393300000000000000e+04 4.642000000000000293e-02
1.393400000000000000e+04 4.794999999999999957e-02
1.393500000000000000e+04 4.948999999999999927e-02
1.393600000000000000e+04 5.102999999999999897e-02
1.393700000000000000e+04 5.256999999999999867e-02
1.393800000000000000e+04 5.410999999999999838e-02
1.393900000000000000e+04 5.564000000000000196e-02
1.394000000000000000e+04 5.718000000000000166e-02
1.394100000000000000e+04 5.872000000000000136e-02
1.394200000000000000e+04 6.026999999999999719e-02
1.394300000000000000e+04 6.180999999999999689e-02
1.394400000000000000e+04 6.354999999999999538e-02
1.394500000000000000e+04 6.612999999999999434e-02
1.394600000000000000e+04 6.872000000000000330e-02
1.394700000000000000e+04 7.130999999999999839e-02
1.394800000000000000e+04 7.388999999999999735e-02
1.394900000000000000e+04 7.648000000000000631e-02
1.395000000000000000e+04 7.907000000000000139e-02
1.395100000000000000e+04 8.165999999999999648e-02
1.395200000000000000e+04 8.425000000000000544e-02
1.395300000000000000e+04 8.684999999999999665e-02
1.395400000000000000e+04 8.944000000000000561e-02
1.395500000000000000e+04 9.203999999999999682e-02
1.395600000000000000e+04 9.463000000000000578e-02
1.395700000000000000e+04 9.722999999999999698e-02
1.395800000000000000e+04 9.983000000000000207e-02
1.395900000000000000e+04 1.024000000000000049e-01
1.396000000000000000e+04 1.049999999999999961e-01
1.396100000000000000e+04 1.076000000000000012e-01
1.396200000000000000e+04 1.102000000000000063e-01
1.396300000000000000e+04 1.127999999999999975e-01
1.396400000000000000e+04 1.158000000000000002e-01
1.396500000000000000e+04 1.202000000000000013e-01
1.396600000000000000e+04 1.246000000000000024e-01
1.396700000000000000e+04 1.290000000000000036e-01
1.396800000000000000e+04 1.335000000000000075e-01
1.396900000000000000e+04 1.378999999999999948e-01
1.397000000000000000e+04 1.423000000000000098e-01
1.397100000000000000e+04 1.466999999999999971e-01
1.397200000000000000e+04 1.512000000000000011e-01
1.397300000000000000e+04 1.555999999999999883e-01
1.397400000000000000e+04 1.600000000000000033e-01
1.397500000000000000e+04 1.645000000000000073e-01
1.397600000000000000e+04 1.688999999999999946e-01
1.397700000000000000e+04 1.733999999999999986e-01
1.397800000000000000e+04 1.778000000000000136e-01
1.397900000000000000e+04 1.822000000000000008e-01
1.398000000000000000e+04 1.867000000000000048e-01
1.398100000000000000e+04 1.910999999999999921e-01
1.398200000000000000e+04 1.955999999999999961e-01
1.398300000000000000e+04 2.000000000000000111e-01
1.398400000000000000e+04 2.048000000000000098e-01
1.398500000000000000e+04 2.106999999999999984e-01
1.398600000000000000e+04 2.165999999999999870e-01
1.398700000000000000e+04 2.225000000000000033e-01
1.398800000000000000e+04 2.283999999999999919e-01
1.398900000000000000e+04 2.343999999999999972e-01
1.399000000000000000e+04 2.403000000000000136e-01
1.399100000000000000e+04 2.462000000000000022e-01
1.399200000000000000e+04 2.521999999999999797e-01
1.399300000000000000e+04 2.580999999999999961e-01
1.399400000000000000e+04 2.640000000000000124e-01
1.399500000000000000e+04 2.700000000000000178e-01
1.399600000000000000e+04 2.758999999999999786e-01
1.399700000000000000e+04 2.818999999999999839e-01
1.399800000000000000e+04 2.878000000000000003e-01
1.399900000000000000e+04 2.938000000000000056e-01
1.400000000000000000e+04 2.997000000000000219e-01
1.400100000000000000e+04 3.055999999999999828e-01
1.400200000000000000e+04 3.115999999999999881e-01
1.400300000000000000e+04 3.175000000000000044e-01
1.400400000000000000e+04 3.231999999999999873e-01
1.400500000000000000e+04 3.280000000000000138e-01
1.400600000000000000e+04 3.326999999999999957e-01
1.400700000000000000e+04 3.373999999999999777e-01
1.400800000000000000e+04 3.422000000000000042e-01
1.400900000000000000e+04 3.468999999999999861e-01
1.401000000000000000e+04 3.517000000000000126e-01
1.401100000000000000e+04 3.563999999999999946e-01
1.401200000000000000e+04 3.612000000000000210e-01
1.401300000000000000e+04 3.659000000000000030e-01
1.401400000000000000e+04 3.706999999999999740e-01
1.401500000000000000e+04 3.754000000000000115e-01
1.401600000000000000e+04 3.801999999999999824e-01
1.401700000000000000e+04 3.849000000000000199e-01
1.401800000000000000e+04 3.896999999999999909e-01
1.401900000000000000e+04 3.943999999999999728e-01
1.402000000000000000e+04 3.991999999999999993e-01
1.402100000000000000e+04 4.040000000000000258e-01
1.402200000000000000e+04 4.087000000000000077e-01
1.402300000000000000e+04 4.134999999999999787e-01
1.402400000000000000e+04 4.178999999999999937e-01
1.402500000000000000e+04 4.209999999999999853e-01
1.402600000000000000e+04 4.239999999999999880e-01
1.402700000000000000e+04 4.269999999999999907e-01
1.402800000000000000e+04 4.299999999999999933e-01
1.402900000000000000e+04 4.329999999999999960e-01
1.403000000000000000e+04 4.359999999999999987e-01
1.403100000000000000e+04 4.390999999999999903e-01
1.403200000000000000e+04 4.420999999999999930e-01
1.403300000000000000e+04 4.450999999999999956e-01
1.403400000000000000e+04 4.480999999999999983e-01
1.403500000000000000e+04 4.511999999999999900e-01
1.403600000000000000e+04 4.541999999999999926e-01
1.403700000000000000e+04 4.571999999999999953e-01
1.403800000000000000e+04 4.601999999999999980e-01
1.403900000000000000e+04 4.632000000000000006e-01
1.404000000000000000e+04 4.662999999999999923e-01
1.404100000000000000e+04 4.692999999999999949e-01
1.404200000000000000e+04 4.722999999999999976e-01
1.404300000000000000e+04 4.753999999999999893e-01
1.404400000000000000e+04 4.781000000000000250e-01
1.404500000000000000e+04 4.791000000000000258e-01
1.404600000000000000e+04 4.801000000000000267e-01
1.404700000000000000e+04 4.811000000000000276e-01
1.404800000000000000e+04 4.822000000000000175e-01
1.404900000000000000e+04 4.832000000000000184e-01
1.405000000000000000e+04 4.842000000000000193e-01
1.405100000000000000e+04 4.852000000000000202e-01
1.405200000000000000e+04 4.863000000000000100e-01
1.405300000000000000e+04 4.873000000000000109e-01
1.405400000000000000e+04 4.883000000000000118e-01
1.405500000000000000e+04 4.894000000000000017e-01
1.405600000000000000e+04 4.904000000000000026e-01
1.405700000000000000e+04 4.914000000000000035e-01
1.405800000000000000e+04 4.924000000000000044e-01
1.405900000000000000e+04 4.934999999999999942e-01
1.406000000000000000e+04 4.944999999999999951e-01
1.406100000000000000e+04 4.954999999999999960e-01
1.406200000000000000e+04 4.964999999999999969e-01
1.406300000000000000e+04 4.975999999999999868e-01
1.406400000000000000e+04 4.984999999999999987e-01
1.406500000000000000e+04 4.986999999999999766e-01
1.406600000000000000e+04 4.989000000000000101e-01
1.406700000000000000e+04 4.990999999999999881e-01
1.406800000000000000e+04 4.993000000000000216e-01
1.406900000000000000e+04 4.994999999999999996e-01
1.407000000000000000e+04 4.996999999999999775e-01
1.407100000000000000e+04 4.999000000000000110e-01
1.407200000000000000e+04 5.000999999999999890e-01
1.407300000000000000e+04 5.003999999999999559e-01
1.407400000000000000e+04 5.006000000000000449e-01
1.407500000000000000e+04 5.009000000000000119e-01
1.407600000000000000e+04 5.010999999999999899e-01
1.407700000000000000e+04 5.012999999999999678e-01
1.407800000000000000e+04 5.016000000000000458e-01
1.407900000000000000e+04 5.018000000000000238e-01
1.408000000000000000e+04 5.020999999999999908e-01
1.408100000000000000e+04 5.022999999999999687e-01
1.408200000000000000e+04 5.024999999999999467e-01
1.408300000000000000e+04 5.027000000000000357e-01
1.408400000000000000e+04 5.028000000000000247e-01
1.408500000000000000e+04 5.028000000000000247e-01
1.408600000000000000e+04 5.028000000000000247e-01
1.408700000000000000e+04 5.028000000000000247e-01
1.408800000000000000e+04 5.028000000000000247e-01
1.408900000000000000e+04 5.028000000000000247e-01
1.409000000000000000e+04 5.028000000000000247e-01
1.409100000000000000e+04 5.028000000000000247e-01
1.409200000000000000e+04 5.027000000000000357e-01
1.409300000000000000e+04 5.027000000000000357e-01
1.409400000000000000e+04 5.027000000000000357e-01
1.409500000000000000e+04 5.027000000000000357e-01
1.409600000000000000e+04 5.027000000000000357e-01
1.409700000000000000e+04 5.027000000000000357e-01
1.409800000000000000e+04 5.027000000000000357e-01
1.409900000000000000e+04 5.027000000000000357e-01
1.410000000000000000e+04 5.027000000000000357e-01
1.410100000000000000e+04 5.026000000000000467e-01
1.410200000000000000e+04 5.026000000000000467e-01
1.410300000000000000e+04 5.026000000000000467e-01
1.410400000000000000e+04 5.026000000000000467e-01
1.410500000000000000e+04 5.024999999999999467e-01
1.410600000000000000e+04 5.024999999999999467e-01
1.410700000000000000e+04 5.023999999999999577e-01
1.410800000000000000e+04 5.022999999999999687e-01
1.410900000000000000e+04 5.022999999999999687e-01
1.411000000000000000e+04 5.021999999999999797e-01
1.411100000000000000e+04 5.020999999999999908e-01
1.411200000000000000e+04 5.020999999999999908e-01
1.411300000000000000e+04 5.020000000000000018e-01
1.411400000000000000e+04 5.020000000000000018e-01
1.411500000000000000e+04 5.019000000000000128e-01
1.411600000000000000e+04 5.018000000000000238e-01
1.411700000000000000e+04 5.018000000000000238e-01
1.411800000000000000e+04 5.017000000000000348e-01
1.411900000000000000e+04 5.016000000000000458e-01
1.412000000000000000e+04 5.016000000000000458e-01
1.412100000000000000e+04 5.014999999999999458e-01
1.412200000000000000e+04 5.013999999999999568e-01
1.412300000000000000e+04 5.013999999999999568e-01
1.412400000000000000e+04 5.012999999999999678e-01
1.412500000000000000e+04 5.013999999999999568e-01
1.412600000000000000e+04 5.014999999999999458e-01
1.412700000000000000e+04 5.016000000000000458e-01
1.412800000000000000e+04 5.016000000000000458e-01
1.412900000000000000e+04 5.017000000000000348e-01
1.413000000000000000e+04 5.018000000000000238e-01
1.413100000000000000e+04 5.019000000000000128e-01
1.413200000000000000e+04 5.020000000000000018e-01
1.413300000000000000e+04 5.020000000000000018e-01
1.413400000000000000e+04 5.020999999999999908e-01
1.413500000000000000e+04 5.021999999999999797e-01
1.413600000000000000e+04 5.022999999999999687e-01
1.413700000000000000e+04 5.022999999999999687e-01
1.413800000000000000e+04 5.023999999999999577e-01
1.413900000000000000e+04 5.024999999999999467e-01
1.414000000000000000e+04 5.026000000000000467e-01
1.414100000000000000e+04 5.026000000000000467e-01
1.414200000000000000e+04 5.027000000000000357e-01
1.414300000000000000e+04 5.028000000000000247e-01
1.414400000000000000e+04 5.029000000000000137e-01
1.414500000000000000e+04 5.030999999999999917e-01
1.414600000000000000e+04 5.031999999999999806e-01
1.414700000000000000e+04 5.033999999999999586e-01
1.414800000000000000e+04 5.034999999999999476e-01
1.414900000000000000e+04 5.037000000000000366e-01
1.415000000000000000e+04 5.039000000000000146e-01
1.415100000000000000e+04 5.040000000000000036e-01
1.415200000000000000e+04 5.041999999999999815e-01
1.415300000000000000e+04 5.043999999999999595e-01
1.415400000000000000e+04 5.044999999999999485e-01
1.415500000000000000e+04 5.047000000000000375e-01
1.415600000000000000e+04 5.049000000000000155e-01
1.415700000000000000e+04 5.050000000000000044e-01
1.415800000000000000e+04 5.051999999999999824e-01
1.415900000000000000e+04 5.052999999999999714e-01
1.416000000000000000e+04 5.054999999999999494e-01
1.416100000000000000e+04 5.057000000000000384e-01
1.416200000000000000e+04 5.058000000000000274e-01
1.416300000000000000e+04 5.060000000000000053e-01
1.416400000000000000e+04 5.061999999999999833e-01
1.416500000000000000e+04 5.064999999999999503e-01
1.416600000000000000e+04 5.068000000000000282e-01
1.416700000000000000e+04 5.070999999999999952e-01
1.416800000000000000e+04 5.073999999999999622e-01
1.416900000000000000e+04 5.077000000000000401e-01
1.417000000000000000e+04 5.080000000000000071e-01
1.417100000000000000e+04 5.082999999999999741e-01
1.417200000000000000e+04 5.086000000000000520e-01
1.417300000000000000e+04 5.089000000000000190e-01
1.417400000000000000e+04 5.092999999999999750e-01
1.417500000000000000e+04 5.096000000000000529e-01
1.417600000000000000e+04 5.099000000000000199e-01
1.417700000000000000e+04 5.101999999999999869e-01
1.417800000000000000e+04 5.104999999999999538e-01
1.417900000000000000e+04 5.108000000000000318e-01
1.418000000000000000e+04 5.110999999999999988e-01
1.418100000000000000e+04 5.113999999999999657e-01
1.418200000000000000e+04 5.117000000000000437e-01
1.418300000000000000e+04 5.120000000000000107e-01
1.418400000000000000e+04 5.122999999999999776e-01
1.418500000000000000e+04 5.128000000000000336e-01
1.418600000000000000e+04 5.131999999999999895e-01
1.418700000000000000e+04 5.137000000000000455e-01
1.418800000000000000e+04 5.141000000000000014e-01
1.418900000000000000e+04 5.145999999999999464e-01
1.419000000000000000e+04 5.150000000000000133e-01
1.419100000000000000e+04 5.153999999999999693e-01
1.419200000000000000e+04 5.158000000000000362e-01
1.419300000000000000e+04 5.161999999999999922e-01
1.419400000000000000e+04 5.165999999999999481e-01
1.419500000000000000e+04 5.170000000000000151e-01
1.419600000000000000e+04 5.173999999999999710e-01
1.419700000000000000e+04 5.178000000000000380e-01
1.419800000000000000e+04 5.181999999999999940e-01
1.419900000000000000e+04 5.185999999999999499e-01
1.420000000000000000e+04 5.190000000000000169e-01
1.420100000000000000e+04 5.193999999999999728e-01
1.420200000000000000e+04 5.198000000000000398e-01
1.420300000000000000e+04 5.201999999999999957e-01
1.420400000000000000e+04 5.205999999999999517e-01
1.420500000000000000e+04 5.210000000000000187e-01
1.420600000000000000e+04 5.214999999999999636e-01
1.420700000000000000e+04 5.219000000000000306e-01
1.420800000000000000e+04 5.223999999999999755e-01
1.420900000000000000e+04 5.228000000000000425e-01
1.421000000000000000e+04 5.232999999999999874e-01
1.421100000000000000e+04 5.237000000000000544e-01
1.421200000000000000e+04 5.241999999999999993e-01
1.421300000000000000e+04 5.245999999999999552e-01
1.421400000000000000e+04 5.250000000000000222e-01
1.421500000000000000e+04 5.254999999999999671e-01
1.421600000000000000e+04 5.259000000000000341e-01
1.421700000000000000e+04 5.263999999999999790e-01
1.421800000000000000e+04 5.268000000000000460e-01
1.421900000000000000e+04 5.272999999999999909e-01
1.422000000000000000e+04 5.276999999999999469e-01
1.422100000000000000e+04 5.282000000000000028e-01
1.422200000000000000e+04 5.285999999999999588e-01
1.422300000000000000e+04 5.291000000000000147e-01
1.422400000000000000e+04 5.294999999999999707e-01
1.422500000000000000e+04 5.299000000000000377e-01
1.422600000000000000e+04 5.302999999999999936e-01
1.422700000000000000e+04 5.306999999999999496e-01
1.422800000000000000e+04 5.311000000000000165e-01
1.422900000000000000e+04 5.314999999999999725e-01
1.423000000000000000e+04 5.319000000000000394e-01
1.423100000000000000e+04 5.322999999999999954e-01
1.423200000000000000e+04 5.326999999999999513e-01
1.423300000000000000e+04 5.331000000000000183e-01
1.423400000000000000e+04 5.334999999999999742e-01
1.423500000000000000e+04 5.339000000000000412e-01
1.423600000000000000e+04 5.342999999999999972e-01
1.423700000000000000e+04 5.346999999999999531e-01
1.423800000000000000e+04 5.351000000000000201e-01
1.423900000000000000e+04 5.354999999999999760e-01
1.424000000000000000e+04 5.359000000000000430e-01
1.424100000000000000e+04 5.362999999999999989e-01
1.424200000000000000e+04 5.366999999999999549e-01
1.424300000000000000e+04 5.371000000000000218e-01
1.424400000000000000e+04 5.374999999999999778e-01
1.424500000000000000e+04 5.377999999999999448e-01
1.424600000000000000e+04 5.381000000000000227e-01
1.424700000000000000e+04 5.383000000000000007e-01
1.424800000000000000e+04 5.385999999999999677e-01
1.424900000000000000e+04 5.389000000000000457e-01
1.425000000000000000e+04 5.391000000000000236e-01
1.425100000000000000e+04 5.393999999999999906e-01
1.425200000000000000e+04 5.396999999999999575e-01
1.425300000000000000e+04 5.400000000000000355e-01
1.425400000000000000e+04 5.402000000000000135e-01
1.425500000000000000e+04 5.404999999999999805e-01
1.425600000000000000e+04 5.407999999999999474e-01
1.425700000000000000e+04 5.411000000000000254e-01
1.425800000000000000e+04 5.413000000000000034e-01
1.425900000000000000e+04 5.415999999999999703e-01
1.426000000000000000e+04 5.419000000000000483e-01
1.426100000000000000e+04 5.421000000000000263e-01
1.426200000000000000e+04 5.423999999999999932e-01
1.426300000000000000e+04 5.426999999999999602e-01
1.426400000000000000e+04 5.430000000000000382e-01
1.426500000000000000e+04 5.432000000000000162e-01
1.426600000000000000e+04 5.433999999999999941e-01
1.426700000000000000e+04 5.435999999999999721e-01
1.426800000000000000e+04 5.437999999999999501e-01
1.426900000000000000e+04 5.440000000000000391e-01
1.427000000000000000e+04 5.442000000000000171e-01
1.427100000000000000e+04 5.443999999999999950e-01
1.427200000000000000e+04 5.445999999999999730e-01
1.427300000000000000e+04 5.447999999999999510e-01
1.427400000000000000e+04 5.450000000000000400e-01
1.427500000000000000e+04 5.452000000000000179e-01
1.427600000000000000e+04 5.453999999999999959e-01
1.427700000000000000e+04 5.455999999999999739e-01
1.427800000000000000e+04 5.457999999999999519e-01
1.427900000000000000e+04 5.460000000000000409e-01
1.428000000000000000e+04 5.462000000000000188e-01
1.428100000000000000e+04 5.463999999999999968e-01
1.428200000000000000e+04 5.466999999999999638e-01
1.428300000000000000e+04 5.469000000000000528e-01
1.428400000000000000e+04 5.470000000000000417e-01
1.428500000000000000e+04 5.471000000000000307e-01
1.428600000000000000e+04 5.471000000000000307e-01
1.428700000000000000e+04 5.472000000000000197e-01
1.428800000000000000e+04 5.472000000000000197e-01
1.428900000000000000e+04 5.473000000000000087e-01
1.429000000000000000e+04 5.473000000000000087e-01
1.429100000000000000e+04 5.473999999999999977e-01
1.429200000000000000e+04 5.473999999999999977e-01
1.429300000000000000e+04 5.474999999999999867e-01
1.429400000000000000e+04 5.474999999999999867e-01
1.429500000000000000e+04 5.475999999999999757e-01
1.429600000000000000e+04 5.475999999999999757e-01
1.429700000000000000e+04 5.475999999999999757e-01
1.429800000000000000e+04 5.476999999999999647e-01
1.429900000000000000e+04 5.476999999999999647e-01
1.430000000000000000e+04 5.477999999999999536e-01
1.430100000000000000e+04 5.477999999999999536e-01
1.430200000000000000e+04 5.479000000000000536e-01
1.430300000000000000e+04 5.479000000000000536e-01
1.430400000000000000e+04 5.480000000000000426e-01
1.430500000000000000e+04 5.480000000000000426e-01
1.430600000000000000e+04 5.480000000000000426e-01
1.430700000000000000e+04 5.480000000000000426e-01
1.430800000000000000e+04 5.480000000000000426e-01
1.430900000000000000e+04 5.480000000000000426e-01
1.431000000000000000e+04 5.480000000000000426e-01
1.431100000000000000e+04 5.480000000000000426e-01
1.431200000000000000e+04 5.480000000000000426e-01
1.431300000000000000e+04 5.480000000000000426e-01
1.431400000000000000e+04 5.480000000000000426e-01
1.431500000000000000e+04 5.480000000000000426e-01
1.431600000000000000e+04 5.480000000000000426e-01
1.431700000000000000e+04 5.480000000000000426e-01
1.431800000000000000e+04 5.481000000000000316e-01
1.431900000000000000e+04 5.481000000000000316e-01
1.432000000000000000e+04 5.481000000000000316e-01
1.432100000000000000e+04 5.481000000000000316e-01
1.432200000000000000e+04 5.481000000000000316e-01
1.432300000000000000e+04 5.481000000000000316e-01
1.432400000000000000e+04 5.481000000000000316e-01
1.432500000000000000e+04 5.481000000000000316e-01
1.432600000000000000e+04 5.481000000000000316e-01
1.432700000000000000e+04 5.481000000000000316e-01
1.432800000000000000e+04 5.482000000000000206e-01
1.432900000000000000e+04 5.482000000000000206e-01
1.433000000000000000e+04 5.482000000000000206e-01
1.433100000000000000e+04 5.482000000000000206e-01
1.433200000000000000e+04 5.482000000000000206e-01
1.433300000000000000e+04 5.483000000000000096e-01
1.433400000000000000e+04 5.483000000000000096e-01
1.433500000000000000e+04 5.483000000000000096e-01
1.433600000000000000e+04 5.483000000000000096e-01
1.433700000000000000e+04 5.483000000000000096e-01
1.433800000000000000e+04 5.483000000000000096e-01
1.433900000000000000e+04 5.483999999999999986e-01
1.434000000000000000e+04 5.483999999999999986e-01
1.434100000000000000e+04 5.483999999999999986e-01
1.434200000000000000e+04 5.483999999999999986e-01
1.434300000000000000e+04 5.483999999999999986e-01
1.434400000000000000e+04 5.484999999999999876e-01
1.434500000000000000e+04 5.484999999999999876e-01
1.434600000000000000e+04 5.484999999999999876e-01
1.434700000000000000e+04 5.484999999999999876e-01
1.434800000000000000e+04 5.484999999999999876e-01
1.434900000000000000e+04 5.484999999999999876e-01
1.435000000000000000e+04 5.484999999999999876e-01
1.435100000000000000e+04 5.484999999999999876e-01
1.435200000000000000e+04 5.484999999999999876e-01
1.435300000000000000e+04 5.484999999999999876e-01
1.435400000000000000e+04 5.484999999999999876e-01
1.435500000000000000e+04 5.485999999999999766e-01
1.435600000000000000e+04 5.485999999999999766e-01
1.435700000000000000e+04 5.485999999999999766e-01
1.435800000000000000e+04 5.485999999999999766e-01
1.435900000000000000e+04 5.485999999999999766e-01
1.436000000000000000e+04 5.485999999999999766e-01
1.436100000000000000e+04 5.485999999999999766e-01
1.436200000000000000e+04 5.485999999999999766e-01
1.436300000000000000e+04 5.485999999999999766e-01
1.436400000000000000e+04 5.485999999999999766e-01
1.436500000000000000e+04 5.486999999999999655e-01
1.436600000000000000e+04 5.487999999999999545e-01
1.436700000000000000e+04 5.487999999999999545e-01
1.436800000000000000e+04 5.489000000000000545e-01
1.436900000000000000e+04 5.489000000000000545e-01
1.437000000000000000e+04 5.490000000000000435e-01
1.437100000000000000e+04 5.490000000000000435e-01
1.437200000000000000e+04 5.491000000000000325e-01
1.437300000000000000e+04 5.492000000000000215e-01
1.437400000000000000e+04 5.492000000000000215e-01
1.437500000000000000e+04 5.493000000000000105e-01
1.437600000000000000e+04 5.493000000000000105e-01
1.437700000000000000e+04 5.493999999999999995e-01
1.437800000000000000e+04 5.493999999999999995e-01
1.437900000000000000e+04 5.494999999999999885e-01
1.438000000000000000e+04 5.495999999999999774e-01
1.438100000000000000e+04 5.495999999999999774e-01
1.438200000000000000e+04 5.496999999999999664e-01
1.438300000000000000e+04 5.496999999999999664e-01
1.438400000000000000e+04 5.497999999999999554e-01
1.438500000000000000e+04 5.499000000000000554e-01
1.438600000000000000e+04 5.499000000000000554e-01
1.438700000000000000e+04 5.500000000000000444e-01
1.438800000000000000e+04 5.501000000000000334e-01
1.438900000000000000e+04 5.501000000000000334e-01
1.439000000000000000e+04 5.502000000000000224e-01
1.439100000000000000e+04 5.502000000000000224e-01
1.439200000000000000e+04 5.502000000000000224e-01
1.439300000000000000e+04 5.502000000000000224e-01
1.439400000000000000e+04 5.503000000000000114e-01
1.439500000000000000e+04 5.503000000000000114e-01
1.439600000000000000e+04 5.503000000000000114e-01
1.439700000000000000e+04 5.503000000000000114e-01
1.439800000000000000e+04 5.503000000000000114e-01
1.439900000000000000e+04 5.504000000000000004e-01
1.440000000000000000e+04 5.504000000000000004e-01
1.440100000000000000e+04 5.504000000000000004e-01
1.440200000000000000e+04 5.504999999999999893e-01
1.440300000000000000e+04 5.505999999999999783e-01
1.440400000000000000e+04 5.505999999999999783e-01
1.440500000000000000e+04 5.505999999999999783e-01
1.440600000000000000e+04 5.506999999999999673e-01
1.440700000000000000e+04 5.506999999999999673e-01
1.440800000000000000e+04 5.506999999999999673e-01
1.440900000000000000e+04 5.506999999999999673e-01
1.441000000000000000e+04 5.507999999999999563e-01
1.441100000000000000e+04 5.507999999999999563e-01
1.441200000000000000e+04 5.507999999999999563e-01
1.441300000000000000e+04 5.507999999999999563e-01
1.441400000000000000e+04 5.508999999999999453e-01
1.441500000000000000e+04 5.508999999999999453e-01
1.441600000000000000e+04 5.508999999999999453e-01
1.441700000000000000e+04 5.510000000000000453e-01
1.441800000000000000e+04 5.510000000000000453e-01
1.441900000000000000e+04 5.510000000000000453e-01
1.442000000000000000e+04 5.510000000000000453e-01
1.442100000000000000e+04 5.511000000000000343e-01
1.442200000000000000e+04 5.511000000000000343e-01
1.442300000000000000e+04 5.511000000000000343e-01
1.442400000000000000e+04 5.511000000000000343e-01
1.442500000000000000e+04 5.512000000000000233e-01
1.442600000000000000e+04 5.512000000000000233e-01
1.442700000000000000e+04 5.512000000000000233e-01
1.442800000000000000e+04 5.512000000000000233e-01
1.442900000000000000e+04 5.512000000000000233e-01
1.443000000000000000e+04 5.512000000000000233e-01
1.443100000000000000e+04 5.513000000000000123e-01
1.443200000000000000e+04 5.513000000000000123e-01
1.443300000000000000e+04 5.513000000000000123e-01
1.443400000000000000e+04 5.513000000000000123e-01
1.443500000000000000e+04 5.513000000000000123e-01
1.443600000000000000e+04 5.513000000000000123e-01
1.443700000000000000e+04 5.513000000000000123e-01
1.443800000000000000e+04 5.514000000000000012e-01
1.443900000000000000e+04 5.514000000000000012e-01
1.444000000000000000e+04 5.514000000000000012e-01
1.444100000000000000e+04 5.514000000000000012e-01
1.444200000000000000e+04 5.514000000000000012e-01
1.444300000000000000e+04 5.514000000000000012e-01
1.444400000000000000e+04 5.514999999999999902e-01
1.444500000000000000e+04 5.514999999999999902e-01
1.444600000000000000e+04 5.514999999999999902e-01
1.444700000000000000e+04 5.514999999999999902e-01
1.444800000000000000e+04 5.514999999999999902e-01
1.444900000000000000e+04 5.514999999999999902e-01
1.445000000000000000e+04 5.514999999999999902e-01
1.445100000000000000e+04 5.514999999999999902e-01
1.445200000000000000e+04 5.514999999999999902e-01
1.445300000000000000e+04 5.515999999999999792e-01
1.445400000000000000e+04 5.515999999999999792e-01
1.445500000000000000e+04 5.515999999999999792e-01
1.445600000000000000e+04 5.515999999999999792e-01
1.445700000000000000e+04 5.515999999999999792e-01
1.445800000000000000e+04 5.515999999999999792e-01
1.445900000000000000e+04 5.515999999999999792e-01
1.446000000000000000e+04 5.515999999999999792e-01
1.446100000000000000e+04 5.515999999999999792e-01
1.446200000000000000e+04 5.515999999999999792e-01
1.446300000000000000e+04 5.516999999999999682e-01
1.446400000000000000e+04 5.516999999999999682e-01
1.446500000000000000e+04 5.515999999999999792e-01
1.446600000000000000e+04 5.514999999999999902e-01
1.446700000000000000e+04 5.514000000000000012e-01
1.446800000000000000e+04 5.513000000000000123e-01
1.446900000000000000e+04 5.512000000000000233e-01
1.447000000000000000e+04 5.511000000000000343e-01
1.447100000000000000e+04 5.510000000000000453e-01
1.447200000000000000e+04 5.510000000000000453e-01
1.447300000000000000e+04 5.508999999999999453e-01
1.447400000000000000e+04 5.507999999999999563e-01
1.447500000000000000e+04 5.506999999999999673e-01
1.447600000000000000e+04 5.505999999999999783e-01
1.447700000000000000e+04 5.504999999999999893e-01
1.447800000000000000e+04 5.504000000000000004e-01
1.447900000000000000e+04 5.503000000000000114e-01
1.448000000000000000e+04 5.503000000000000114e-01
1.448100000000000000e+04 5.502000000000000224e-01
1.448200000000000000e+04 5.501000000000000334e-01
1.448300000000000000e+04 5.500000000000000444e-01
1.448400000000000000e+04 5.499000000000000554e-01
1.448500000000000000e+04 5.497999999999999554e-01
1.448600000000000000e+04 5.496999999999999664e-01
1.448700000000000000e+04 5.494999999999999885e-01
1.448800000000000000e+04 5.493999999999999995e-01
1.448900000000000000e+04 5.493000000000000105e-01
1.449000000000000000e+04 5.492000000000000215e-01
1.449100000000000000e+04 5.491000000000000325e-01
1.449200000000000000e+04 5.490000000000000435e-01
1.449300000000000000e+04 5.487999999999999545e-01
1.449400000000000000e+04 5.486999999999999655e-01
1.449500000000000000e+04 5.485999999999999766e-01
1.449600000000000000e+04 5.484999999999999876e-01
1.449700000000000000e+04 5.483999999999999986e-01
1.449800000000000000e+04 5.482000000000000206e-01
1.449900000000000000e+04 5.481000000000000316e-01
1.450000000000000000e+04 5.480000000000000426e-01
1.450100000000000000e+04 5.479000000000000536e-01
1.450200000000000000e+04 5.476999999999999647e-01
1.450300000000000000e+04 5.475999999999999757e-01
1.450400000000000000e+04 5.474999999999999867e-01
1.450500000000000000e+04 5.473000000000000087e-01
1.450600000000000000e+04 5.471000000000000307e-01
1.450700000000000000e+04 5.469000000000000528e-01
1.450800000000000000e+04 5.467999999999999527e-01
1.450900000000000000e+04 5.465999999999999748e-01
1.451000000000000000e+04 5.463999999999999968e-01
1.451100000000000000e+04 5.463000000000000078e-01
1.451200000000000000e+04 5.462000000000000188e-01
1.451300000000000000e+04 5.460000000000000409e-01
1.451400000000000000e+04 5.459000000000000519e-01
1.451500000000000000e+04 5.457999999999999519e-01
1.451600000000000000e+04 5.455999999999999739e-01
1.451700000000000000e+04 5.454999999999999849e-01
1.451800000000000000e+04 5.453999999999999959e-01
1.451900000000000000e+04 5.453000000000000069e-01
1.452000000000000000e+04 5.451000000000000290e-01
1.452100000000000000e+04 5.450000000000000400e-01
1.452200000000000000e+04 5.449000000000000510e-01
1.452300000000000000e+04 5.446999999999999620e-01
1.452400000000000000e+04 5.445999999999999730e-01
1.452500000000000000e+04 5.444999999999999840e-01
1.452600000000000000e+04 5.443999999999999950e-01
1.452700000000000000e+04 5.443000000000000060e-01
1.452800000000000000e+04 5.442000000000000171e-01
1.452900000000000000e+04 5.441000000000000281e-01
1.453000000000000000e+04 5.440000000000000391e-01
1.453100000000000000e+04 5.439000000000000501e-01
1.453200000000000000e+04 5.437999999999999501e-01
1.453300000000000000e+04 5.436999999999999611e-01
1.453400000000000000e+04 5.435999999999999721e-01
1.453500000000000000e+04 5.434999999999999831e-01
1.453600000000000000e+04 5.433999999999999941e-01
1.453700000000000000e+04 5.433000000000000052e-01
1.453800000000000000e+04 5.432000000000000162e-01
1.453900000000000000e+04 5.431000000000000272e-01
1.454000000000000000e+04 5.430000000000000382e-01
1.454100000000000000e+04 5.429000000000000492e-01
1.454200000000000000e+04 5.427999999999999492e-01
1.454300000000000000e+04 5.426999999999999602e-01
1.454400000000000000e+04 5.425999999999999712e-01
1.454500000000000000e+04 5.424999999999999822e-01
1.454600000000000000e+04 5.423999999999999932e-01
1.454700000000000000e+04 5.423000000000000043e-01
1.454800000000000000e+04 5.422000000000000153e-01
1.454900000000000000e+04 5.421000000000000263e-01
1.455000000000000000e+04 5.420000000000000373e-01
1.455100000000000000e+04 5.419000000000000483e-01
1.455200000000000000e+04 5.417999999999999483e-01
1.455300000000000000e+04 5.416999999999999593e-01
1.455400000000000000e+04 5.415999999999999703e-01
1.455500000000000000e+04 5.414999999999999813e-01
1.455600000000000000e+04 5.413999999999999924e-01
1.455700000000000000e+04 5.413000000000000034e-01
1.455800000000000000e+04 5.412000000000000144e-01
1.455900000000000000e+04 5.411000000000000254e-01
1.456000000000000000e+04 5.410000000000000364e-01
1.456100000000000000e+04 5.409000000000000474e-01
1.456200000000000000e+04 5.409000000000000474e-01
1.456300000000000000e+04 5.407999999999999474e-01
1.456400000000000000e+04 5.406999999999999584e-01
1.456500000000000000e+04 5.405999999999999694e-01
1.456600000000000000e+04 5.405999999999999694e-01
1.456700000000000000e+04 5.404999999999999805e-01
1.456800000000000000e+04 5.404999999999999805e-01
1.456900000000000000e+04 5.403999999999999915e-01
1.457000000000000000e+04 5.403999999999999915e-01
1.457100000000000000e+04 5.403000000000000025e-01
1.457200000000000000e+04 5.402000000000000135e-01
1.457300000000000000e+04 5.401000000000000245e-01
1.457400000000000000e+04 5.401000000000000245e-01
1.457500000000000000e+04 5.400000000000000355e-01
1.457600000000000000e+04 5.399000000000000465e-01
1.457700000000000000e+04 5.397999999999999465e-01
1.457800000000000000e+04 5.396999999999999575e-01
1.457900000000000000e+04 5.395999999999999686e-01
1.458000000000000000e+04 5.394999999999999796e-01
1.458100000000000000e+04 5.394999999999999796e-01
1.458200000000000000e+04 5.393999999999999906e-01
1.458300000000000000e+04 5.393999999999999906e-01
1.458400000000000000e+04 5.393999999999999906e-01
1.458500000000000000e+04 5.393999999999999906e-01
1.458600000000000000e+04 5.393999999999999906e-01
1.458700000000000000e+04 5.394999999999999796e-01
1.458800000000000000e+04 5.394999999999999796e-01
1.458900000000000000e+04 5.395999999999999686e-01
1.459000000000000000e+04 5.395999999999999686e-01
1.459100000000000000e+04 5.395999999999999686e-01
1.459200000000000000e+04 5.396999999999999575e-01
1.459300000000000000e+04 5.396999999999999575e-01
1.459400000000000000e+04 5.396999999999999575e-01
1.459500000000000000e+04 5.397999999999999465e-01
1.459600000000000000e+04 5.397999999999999465e-01
1.459700000000000000e+04 5.399000000000000465e-01
1.459800000000000000e+04 5.399000000000000465e-01
1.459900000000000000e+04 5.399000000000000465e-01
1.460000000000000000e+04 5.400000000000000355e-01
1.460100000000000000e+04 5.400000000000000355e-01
1.460200000000000000e+04 5.400000000000000355e-01
1.460300000000000000e+04 5.401000000000000245e-01
1.460400000000000000e+04 5.401000000000000245e-01
1.460500000000000000e+04 5.402000000000000135e-01
1.460600000000000000e+04 5.403000000000000025e-01
1.460700000000000000e+04 5.403999999999999915e-01
1.460800000000000000e+04 5.404999999999999805e-01
1.460900000000000000e+04 5.405999999999999694e-01
1.461000000000000000e+04 5.406999999999999584e-01
1.461100000000000000e+04 5.407999999999999474e-01
1.461200000000000000e+04 5.409000000000000474e-01
1.461300000000000000e+04 5.410000000000000364e-01
1.461400000000000000e+04 5.411000000000000254e-01
1.461500000000000000e+04 5.412000000000000144e-01
1.461600000000000000e+04 5.413000000000000034e-01
1.461700000000000000e+04 5.413999999999999924e-01
1.461800000000000000e+04 5.414999999999999813e-01
1.461900000000000000e+04 5.415999999999999703e-01
1.462000000000000000e+04 5.416999999999999593e-01
1.462100000000000000e+04 5.417999999999999483e-01
1.462200000000000000e+04 5.419000000000000483e-01
1.462300000000000000e+04 5.421000000000000263e-01
1.462400000000000000e+04 5.422000000000000153e-01
1.462500000000000000e+04 5.423000000000000043e-01
1.462600000000000000e+04 5.423999999999999932e-01
1.462700000000000000e+04 5.424999999999999822e-01
1.462800000000000000e+04 5.426999999999999602e-01
1.462900000000000000e+04 5.427999999999999492e-01
1.463000000000000000e+04 5.429000000000000492e-01
1.463100000000000000e+04 5.431000000000000272e-01
1.463200000000000000e+04 5.432000000000000162e-01
1.463300000000000000e+04 5.433000000000000052e-01
1.463400000000000000e+04 5.434999999999999831e-01
1.463500000000000000e+04 5.435999999999999721e-01
1.463600000000000000e+04 5.436999999999999611e-01
1.463700000000000000e+04 5.439000000000000501e-01
1.463800000000000000e+04 5.440000000000000391e-01
1.463900000000000000e+04 5.441000000000000281e-01
1.464000000000000000e+04 5.442000000000000171e-01
1.464100000000000000e+04 5.443000000000000060e-01
1.464200000000000000e+04 5.443999999999999950e-01
1.464300000000000000e+04 5.444999999999999840e-01
1.464400000000000000e+04 5.445999999999999730e-01
1.464500000000000000e+04 5.446999999999999620e-01
1.464600000000000000e+04 5.447999999999999510e-01
1.464700000000000000e+04 5.449000000000000510e-01
1.464800000000000000e+04 5.451000000000000290e-01
1.464900000000000000e+04 5.452000000000000179e-01
1.465000000000000000e+04 5.453000000000000069e-01
1.465100000000000000e+04 5.453999999999999959e-01
1.465200000000000000e+04 5.455999999999999739e-01
1.465300000000000000e+04 5.457999999999999519e-01
1.465400000000000000e+04 5.459000000000000519e-01
1.465500000000000000e+04 5.461000000000000298e-01
1.465600000000000000e+04 5.463000000000000078e-01
1.465700000000000000e+04 5.463999999999999968e-01
1.465800000000000000e+04 5.465999999999999748e-01
1.465900000000000000e+04 5.466999999999999638e-01
1.466000000000000000e+04 5.469000000000000528e-01
1.466100000000000000e+04 5.471000000000000307e-01
1.466200000000000000e+04 5.472000000000000197e-01
1.466300000000000000e+04 5.473999999999999977e-01
1.466400000000000000e+04 5.474999999999999867e-01
1.466500000000000000e+04 5.476999999999999647e-01
1.466600000000000000e+04 5.477999999999999536e-01
1.466700000000000000e+04 5.479000000000000536e-01
1.466800000000000000e+04 5.480000000000000426e-01
1.466900000000000000e+04 5.482000000000000206e-01
1.467000000000000000e+04 5.483000000000000096e-01
1.467100000000000000e+04 5.483999999999999986e-01
1.467200000000000000e+04 5.484999999999999876e-01
1.467300000000000000e+04 5.486999999999999655e-01
1.467400000000000000e+04 5.487999999999999545e-01
1.467500000000000000e+04 5.489000000000000545e-01
1.467600000000000000e+04 5.490000000000000435e-01
1.467700000000000000e+04 5.492000000000000215e-01
1.467800000000000000e+04 5.493000000000000105e-01
1.467900000000000000e+04 5.493999999999999995e-01
1.468000000000000000e+04 5.494999999999999885e-01
1.468100000000000000e+04 5.496999999999999664e-01
1.468200000000000000e+04 5.497999999999999554e-01
1.468300000000000000e+04 5.499000000000000554e-01
1.468400000000000000e+04 5.500000000000000444e-01
1.468500000000000000e+04 5.501000000000000334e-01
1.468600000000000000e+04 5.502000000000000224e-01
1.468700000000000000e+04 5.503000000000000114e-01
1.468800000000000000e+04 5.503000000000000114e-01
1.468900000000000000e+04 5.504000000000000004e-01
1.469000000000000000e+04 5.504999999999999893e-01
1.469100000000000000e+04 5.505999999999999783e-01
1.469200000000000000e+04 5.505999999999999783e-01
1.469300000000000000e+04 5.506999999999999673e-01
1.469400000000000000e+04 5.507999999999999563e-01
1.469500000000000000e+04 5.507999999999999563e-01
1.469600000000000000e+04 5.508999999999999453e-01
1.469700000000000000e+04 5.510000000000000453e-01
1.469800000000000000e+04 5.511000000000000343e-01
1.469900000000000000e+04 5.511000000000000343e-01
1.470000000000000000e+04 5.512000000000000233e-01
1.470100000000000000e+04 5.512000000000000233e-01
1.470200000000000000e+04 5.513000000000000123e-01
1.470300000000000000e+04 5.513000000000000123e-01
1.470400000000000000e+04 5.513000000000000123e-01
1.470500000000000000e+04 5.513000000000000123e-01
1.470600000000000000e+04 5.512000000000000233e-01
1.470700000000000000e+04 5.511000000000000343e-01
1.470800000000000000e+04 5.511000000000000343e-01
1.470900000000000000e+04 5.510000000000000453e-01
1.471000000000000000e+04 5.510000000000000453e-01
1.471100000000000000e+04 5.510000000000000453e-01
1.471200000000000000e+04 5.508999999999999453e-01
1.471300000000000000e+04 5.508999999999999453e-01
1.471400000000000000e+04 5.508999999999999453e-01
1.471500000000000000e+04 5.508999999999999453e-01
1.471600000000000000e+04 5.508999999999999453e-01
1.471700000000000000e+04 5.508999999999999453e-01
1.471800000000000000e+04 5.508999999999999453e-01
1.471900000000000000e+04 5.508999999999999453e-01
1.472000000000000000e+04 5.507999999999999563e-01
1.472100000000000000e+04 5.507999999999999563e-01
1.472200000000000000e+04 5.507999999999999563e-01
1.472300000000000000e+04 5.507999999999999563e-01
1.472400000000000000e+04 5.507999999999999563e-01
1.472500000000000000e+04 5.506999999999999673e-01
1.472600000000000000e+04 5.505999999999999783e-01
1.472700000000000000e+04 5.504999999999999893e-01
1.472800000000000000e+04 5.504999999999999893e-01
1.472900000000000000e+04 5.504000000000000004e-01
1.473000000000000000e+04 5.503000000000000114e-01
1.473100000000000000e+04 5.502000000000000224e-01
1.473200000000000000e+04 5.501000000000000334e-01
1.473300000000000000e+04 5.500000000000000444e-01
1.473400000000000000e+04 5.499000000000000554e-01
1.473500000000000000e+04 5.499000000000000554e-01
1.473600000000000000e+04 5.497999999999999554e-01
1.473700000000000000e+04 5.496999999999999664e-01
1.473800000000000000e+04 5.495999999999999774e-01
1.473900000000000000e+04 5.494999999999999885e-01
1.474000000000000000e+04 5.493999999999999995e-01
1.474100000000000000e+04 5.493000000000000105e-01
1.474200000000000000e+04 5.493000000000000105e-01
1.474300000000000000e+04 5.492000000000000215e-01
1.474400000000000000e+04 5.491000000000000325e-01
1.474500000000000000e+04 5.490000000000000435e-01
1.474600000000000000e+04 5.487999999999999545e-01
1.474700000000000000e+04 5.486999999999999655e-01
1.474800000000000000e+04 5.484999999999999876e-01
1.474900000000000000e+04 5.483999999999999986e-01
1.475000000000000000e+04 5.483000000000000096e-01
1.475100000000000000e+04 5.481000000000000316e-01
1.475200000000000000e+04 5.479000000000000536e-01
1.475300000000000000e+04 5.476999999999999647e-01
1.475400000000000000e+04 5.475999999999999757e-01
1.475500000000000000e+04 5.473999999999999977e-01
1.475600000000000000e+04 5.472000000000000197e-01
1.475700000000000000e+04 5.470000000000000417e-01
1.475800000000000000e+04 5.467999999999999527e-01
1.475900000000000000e+04 5.465999999999999748e-01
1.476000000000000000e+04 5.464999999999999858e-01
1.476100000000000000e+04 5.463000000000000078e-01
1.476200000000000000e+04 5.462000000000000188e-01
1.476300000000000000e+04 5.461000000000000298e-01
1.476400000000000000e+04 5.459000000000000519e-01
1.476500000000000000e+04 5.456999999999999629e-01
1.476600000000000000e+04 5.453999999999999959e-01
1.476700000000000000e+04 5.452000000000000179e-01
1.476800000000000000e+04 5.449000000000000510e-01
1.476900000000000000e+04 5.446999999999999620e-01
1.477000000000000000e+04 5.443999999999999950e-01
1.477100000000000000e+04 5.442000000000000171e-01
1.477200000000000000e+04 5.439000000000000501e-01
1.477300000000000000e+04 5.436999999999999611e-01
1.477400000000000000e+04 5.433999999999999941e-01
1.477500000000000000e+04 5.432000000000000162e-01
1.477600000000000000e+04 5.429000000000000492e-01
1.477700000000000000e+04 5.426999999999999602e-01
1.477800000000000000e+04 5.423999999999999932e-01
1.477900000000000000e+04 5.422000000000000153e-01
1.478000000000000000e+04 5.419000000000000483e-01
1.478100000000000000e+04 5.416999999999999593e-01
1.478200000000000000e+04 5.413999999999999924e-01
1.478300000000000000e+04 5.412000000000000144e-01
1.478400000000000000e+04 5.409000000000000474e-01
1.478500000000000000e+04 5.406999999999999584e-01
1.478600000000000000e+04 5.404999999999999805e-01
1.478700000000000000e+04 5.403000000000000025e-01
1.478800000000000000e+04 5.401000000000000245e-01
1.478900000000000000e+04 5.399000000000000465e-01
1.479000000000000000e+04 5.396999999999999575e-01
1.479100000000000000e+04 5.393999999999999906e-01
1.479200000000000000e+04 5.391000000000000236e-01
1.479300000000000000e+04 5.389000000000000457e-01
1.479400000000000000e+04 5.385999999999999677e-01
1.479500000000000000e+04 5.383999999999999897e-01
1.479600000000000000e+04 5.381000000000000227e-01
1.479700000000000000e+04 5.379000000000000448e-01
1.479800000000000000e+04 5.375999999999999668e-01
1.479900000000000000e+04 5.373999999999999888e-01
1.480000000000000000e+04 5.371000000000000218e-01
1.480100000000000000e+04 5.369000000000000439e-01
1.480200000000000000e+04 5.366999999999999549e-01
1.480300000000000000e+04 5.364999999999999769e-01
1.480400000000000000e+04 5.362999999999999989e-01
1.480500000000000000e+04 5.361000000000000210e-01
1.480600000000000000e+04 5.358000000000000540e-01
1.480700000000000000e+04 5.355999999999999650e-01
1.480800000000000000e+04 5.353999999999999870e-01
1.480900000000000000e+04 5.352000000000000091e-01
1.481000000000000000e+04 5.350000000000000311e-01
1.481100000000000000e+04 5.348000000000000531e-01
1.481200000000000000e+04 5.345999999999999641e-01
1.481300000000000000e+04 5.343999999999999861e-01
1.481400000000000000e+04 5.342000000000000082e-01
1.481500000000000000e+04 5.340000000000000302e-01
1.481600000000000000e+04 5.338000000000000522e-01
1.481700000000000000e+04 5.335999999999999632e-01
1.481800000000000000e+04 5.333999999999999853e-01
1.481900000000000000e+04 5.332000000000000073e-01
1.482000000000000000e+04 5.330000000000000293e-01
1.482100000000000000e+04 5.328000000000000513e-01
1.482200000000000000e+04 5.325999999999999623e-01
1.482300000000000000e+04 5.322999999999999954e-01
1.482400000000000000e+04 5.321000000000000174e-01
1.482500000000000000e+04 5.320000000000000284e-01
1.482600000000000000e+04 5.318000000000000504e-01
1.482700000000000000e+04 5.315999999999999615e-01
1.482800000000000000e+04 5.313999999999999835e-01
1.482900000000000000e+04 5.312000000000000055e-01
1.483000000000000000e+04 5.310000000000000275e-01
1.483100000000000000e+04 5.308000000000000496e-01
1.483200000000000000e+04 5.304999999999999716e-01
1.483300000000000000e+04 5.302999999999999936e-01
1.483400000000000000e+04 5.301000000000000156e-01
1.483500000000000000e+04 5.298000000000000487e-01
1.483600000000000000e+04 5.295999999999999597e-01
1.483700000000000000e+04 5.293999999999999817e-01
1.483800000000000000e+04 5.291000000000000147e-01
1.483900000000000000e+04 5.289000000000000368e-01
1.484000000000000000e+04 5.286999999999999478e-01
1.484100000000000000e+04 5.284999999999999698e-01
1.484200000000000000e+04 5.282999999999999918e-01
1.484300000000000000e+04 5.281000000000000139e-01
1.484400000000000000e+04 5.279000000000000359e-01
1.484500000000000000e+04 5.278000000000000469e-01
1.484600000000000000e+04 5.278000000000000469e-01
1.484700000000000000e+04 5.276999999999999469e-01
1.484800000000000000e+04 5.275999999999999579e-01
1.484900000000000000e+04 5.274999999999999689e-01
1.485000000000000000e+04 5.273999999999999799e-01
1.485100000000000000e+04 5.273999999999999799e-01
1.485200000000000000e+04 5.272999999999999909e-01
1.485300000000000000e+04 5.272000000000000020e-01
1.485400000000000000e+04 5.271000000000000130e-01
1.485500000000000000e+04 5.270000000000000240e-01
1.485600000000000000e+04 5.270000000000000240e-01
1.485700000000000000e+04 5.269000000000000350e-01
1.485800000000000000e+04 5.268000000000000460e-01
1.485900000000000000e+04 5.266999999999999460e-01
1.486000000000000000e+04 5.265999999999999570e-01
1.486100000000000000e+04 5.265999999999999570e-01
1.486200000000000000e+04 5.264999999999999680e-01
1.486300000000000000e+04 5.263999999999999790e-01
1.486400000000000000e+04 5.262999999999999901e-01
1.486500000000000000e+04 5.262999999999999901e-01
1.486600000000000000e+04 5.262999999999999901e-01
1.486700000000000000e+04 5.262000000000000011e-01
1.486800000000000000e+04 5.262000000000000011e-01
1.486900000000000000e+04 5.262000000000000011e-01
1.487000000000000000e+04 5.262000000000000011e-01
1.487100000000000000e+04 5.261000000000000121e-01
1.487200000000000000e+04 5.261000000000000121e-01
1.487300000000000000e+04 5.260000000000000231e-01
1.487400000000000000e+04 5.259000000000000341e-01
1.487500000000000000e+04 5.259000000000000341e-01
1.487600000000000000e+04 5.258000000000000451e-01
1.487700000000000000e+04 5.256999999999999451e-01
1.487800000000000000e+04 5.256999999999999451e-01
1.487900000000000000e+04 5.255999999999999561e-01
1.488000000000000000e+04 5.254999999999999671e-01
1.488100000000000000e+04 5.254999999999999671e-01
1.488200000000000000e+04 5.254999999999999671e-01
1.488300000000000000e+04 5.254999999999999671e-01
1.488400000000000000e+04 5.254999999999999671e-01
1.488500000000000000e+04 5.254999999999999671e-01
1.488600000000000000e+04 5.255999999999999561e-01
1.488700000000000000e+04 5.255999999999999561e-01
1.488800000000000000e+04 5.255999999999999561e-01
1.488900000000000000e+04 5.256999999999999451e-01
1.489000000000000000e+04 5.256999999999999451e-01
1.489100000000000000e+04 5.258000000000000451e-01
1.489200000000000000e+04 5.258000000000000451e-01
1.489300000000000000e+04 5.259000000000000341e-01
1.489400000000000000e+04 5.259000000000000341e-01
1.489500000000000000e+04 5.260000000000000231e-01
1.489600000000000000e+04 5.260000000000000231e-01
1.489700000000000000e+04 5.261000000000000121e-01
1.489800000000000000e+04 5.261000000000000121e-01
1.489900000000000000e+04 5.262000000000000011e-01
1.490000000000000000e+04 5.262000000000000011e-01
1.490100000000000000e+04 5.262999999999999901e-01
1.490200000000000000e+04 5.262999999999999901e-01
1.490300000000000000e+04 5.263999999999999790e-01
1.490400000000000000e+04 5.263999999999999790e-01
1.490500000000000000e+04 5.265999999999999570e-01
1.490600000000000000e+04 5.266999999999999460e-01
1.490700000000000000e+04 5.268000000000000460e-01
1.490800000000000000e+04 5.269000000000000350e-01
1.490900000000000000e+04 5.270000000000000240e-01
1.491000000000000000e+04 5.272000000000000020e-01
1.491100000000000000e+04 5.272000000000000020e-01
1.491200000000000000e+04 5.272999999999999909e-01
1.491300000000000000e+04 5.273999999999999799e-01
1.491400000000000000e+04 5.274999999999999689e-01
1.491500000000000000e+04 5.275999999999999579e-01
1.491600000000000000e+04 5.275999999999999579e-01
1.491700000000000000e+04 5.276999999999999469e-01
1.491800000000000000e+04 5.278000000000000469e-01
1.491900000000000000e+04 5.279000000000000359e-01
1.492000000000000000e+04 5.279000000000000359e-01
1.492100000000000000e+04 5.281000000000000139e-01
1.492200000000000000e+04 5.282000000000000028e-01
1.492300000000000000e+04 5.282999999999999918e-01
1.492400000000000000e+04 5.283999999999999808e-01
1.492500000000000000e+04 5.285999999999999588e-01
1.492600000000000000e+04 5.286999999999999478e-01
1.492700000000000000e+04 5.289000000000000368e-01
1.492800000000000000e+04 5.290000000000000258e-01
1.492900000000000000e+04 5.291000000000000147e-01
1.493000000000000000e+04 5.292999999999999927e-01
1.493100000000000000e+04 5.293999999999999817e-01
1.493200000000000000e+04 5.295999999999999597e-01
1.493300000000000000e+04 5.296999999999999487e-01
1.493400000000000000e+04 5.298000000000000487e-01
1.493500000000000000e+04 5.300000000000000266e-01
1.493600000000000000e+04 5.301000000000000156e-01
1.493700000000000000e+04 5.302999999999999936e-01
1.493800000000000000e+04 5.303999999999999826e-01
1.493900000000000000e+04 5.305999999999999606e-01
1.494000000000000000e+04 5.306999999999999496e-01
1.494100000000000000e+04 5.308000000000000496e-01
1.494200000000000000e+04 5.310000000000000275e-01
1.494300000000000000e+04 5.311000000000000165e-01
1.494400000000000000e+04 5.312999999999999945e-01
1.494500000000000000e+04 5.314999999999999725e-01
1.494600000000000000e+04 5.316999999999999504e-01
1.494700000000000000e+04 5.319000000000000394e-01
1.494800000000000000e+04 5.321000000000000174e-01
1.494900000000000000e+04 5.322999999999999954e-01
1.495000000000000000e+04 5.324999999999999734e-01
1.495100000000000000e+04 5.325999999999999623e-01
1.495200000000000000e+04 5.328000000000000513e-01
1.495300000000000000e+04 5.330000000000000293e-01
1.495400000000000000e+04 5.331000000000000183e-01
1.495500000000000000e+04 5.332999999999999963e-01
1.495600000000000000e+04 5.333999999999999853e-01
1.495700000000000000e+04 5.335999999999999632e-01
1.495800000000000000e+04 5.338000000000000522e-01
1.495900000000000000e+04 5.339000000000000412e-01
1.496000000000000000e+04 5.341000000000000192e-01
1.496100000000000000e+04 5.342999999999999972e-01
1.496200000000000000e+04 5.344999999999999751e-01
1.496300000000000000e+04 5.346999999999999531e-01
1.496400000000000000e+04 5.349000000000000421e-01
1.496500000000000000e+04 5.351000000000000201e-01
1.496600000000000000e+04 5.352999999999999980e-01
1.496700000000000000e+04 5.354999999999999760e-01
1.496800000000000000e+04 5.356999999999999540e-01
1.496900000000000000e+04 5.359000000000000430e-01
1.497000000000000000e+04 5.361000000000000210e-01
1.497100000000000000e+04 5.362999999999999989e-01
1.497200000000000000e+04 5.364999999999999769e-01
1.497300000000000000e+04 5.366999999999999549e-01
1.497400000000000000e+04 5.369000000000000439e-01
1.497500000000000000e+04 5.371000000000000218e-01
1.497600000000000000e+04 5.372999999999999998e-01
1.497700000000000000e+04 5.374999999999999778e-01
1.497800000000000000e+04 5.376999999999999558e-01
1.497900000000000000e+04 5.379000000000000448e-01
1.498000000000000000e+04 5.381000000000000227e-01
1.498100000000000000e+04 5.382000000000000117e-01
1.498200000000000000e+04 5.383999999999999897e-01
1.498300000000000000e+04 5.384999999999999787e-01
1.498400000000000000e+04 5.386999999999999567e-01
1.498500000000000000e+04 5.387999999999999456e-01
1.498600000000000000e+04 5.389000000000000457e-01
1.498700000000000000e+04 5.391000000000000236e-01
1.498800000000000000e+04 5.392000000000000126e-01
1.498900000000000000e+04 5.393000000000000016e-01
1.499000000000000000e+04 5.394999999999999796e-01
1.499100000000000000e+04 5.395999999999999686e-01
1.499200000000000000e+04 5.397999999999999465e-01
1.499300000000000000e+04 5.400000000000000355e-01
1.499400000000000000e+04 5.402000000000000135e-01
1.499500000000000000e+04 5.403000000000000025e-01
1.499600000000000000e+04 5.404999999999999805e-01
1.499700000000000000e+04 5.406999999999999584e-01
1.499800000000000000e+04 5.409000000000000474e-01
1.499900000000000000e+04 5.410000000000000364e-01
1.500000000000000000e+04 5.412000000000000144e-01
1.500100000000000000e+04 5.413999999999999924e-01
1.500200000000000000e+04 5.414999999999999813e-01
1.500300000000000000e+04 5.416999999999999593e-01
1.500400000000000000e+04 5.417999999999999483e-01
1.500500000000000000e+04 5.419000000000000483e-01
1.500600000000000000e+04 5.421000000000000263e-01
1.500700000000000000e+04 5.422000000000000153e-01
1.500800000000000000e+04 5.423000000000000043e-01
1.500900000000000000e+04 5.424999999999999822e-01
1.501000000000000000e+04 5.425999999999999712e-01
1.501100000000000000e+04 5.426999999999999602e-01
1.501200000000000000e+04 5.427999999999999492e-01
1.501300000000000000e+04 5.427999999999999492e-01
1.501400000000000000e+04 5.429000000000000492e-01
1.501500000000000000e+04 5.430000000000000382e-01
1.501600000000000000e+04 5.431000000000000272e-01
1.501700000000000000e+04 5.432000000000000162e-01
1.501800000000000000e+04 5.433000000000000052e-01
1.501900000000000000e+04 5.433000000000000052e-01
1.502000000000000000e+04 5.433999999999999941e-01
1.502100000000000000e+04 5.435999999999999721e-01
1.502200000000000000e+04 5.436999999999999611e-01
1.502300000000000000e+04 5.437999999999999501e-01
1.502400000000000000e+04 5.439000000000000501e-01
1.502500000000000000e+04 5.441000000000000281e-01
1.502600000000000000e+04 5.442000000000000171e-01
1.502700000000000000e+04 5.443000000000000060e-01
1.502800000000000000e+04 5.443999999999999950e-01
1.502900000000000000e+04 5.444999999999999840e-01
1.503000000000000000e+04 5.445999999999999730e-01
1.503100000000000000e+04 5.446999999999999620e-01
1.503200000000000000e+04 5.447999999999999510e-01
1.503300000000000000e+04 5.449000000000000510e-01
1.503400000000000000e+04 5.450000000000000400e-01
1.503500000000000000e+04 5.451000000000000290e-01
1.503600000000000000e+04 5.452000000000000179e-01
1.503700000000000000e+04 5.453000000000000069e-01
1.503800000000000000e+04 5.453999999999999959e-01
1.503900000000000000e+04 5.455999999999999739e-01
1.504000000000000000e+04 5.456999999999999629e-01
1.504100000000000000e+04 5.456999999999999629e-01
1.504200000000000000e+04 5.457999999999999519e-01
1.504300000000000000e+04 5.457999999999999519e-01
1.504400000000000000e+04 5.459000000000000519e-01
1.504500000000000000e+04 5.459000000000000519e-01
1.504600000000000000e+04 5.459000000000000519e-01
1.504700000000000000e+04 5.459000000000000519e-01
1.504800000000000000e+04 5.459000000000000519e-01
1.504900000000000000e+04 5.460000000000000409e-01
1.505000000000000000e+04 5.460000000000000409e-01
1.505100000000000000e+04 5.460000000000000409e-01
1.505200000000000000e+04 5.461000000000000298e-01
1.505300000000000000e+04 5.461000000000000298e-01
1.505400000000000000e+04 5.462000000000000188e-01
1.505500000000000000e+04 5.462000000000000188e-01
1.505600000000000000e+04 5.463000000000000078e-01
1.505700000000000000e+04 5.463000000000000078e-01
1.505800000000000000e+04 5.463999999999999968e-01
1.505900000000000000e+04 5.463999999999999968e-01
1.506000000000000000e+04 5.464999999999999858e-01
1.506100000000000000e+04 5.465999999999999748e-01
1.506200000000000000e+04 5.465999999999999748e-01
1.506300000000000000e+04 5.466999999999999638e-01
1.506400000000000000e+04 5.466999999999999638e-01
1.506500000000000000e+04 5.467999999999999527e-01
1.506600000000000000e+04 5.467999999999999527e-01
1.506700000000000000e+04 5.469000000000000528e-01
1.506800000000000000e+04 5.470000000000000417e-01
1.506900000000000000e+04 5.470000000000000417e-01
1.507000000000000000e+04 5.471000000000000307e-01
1.507100000000000000e+04 5.471000000000000307e-01
1.507200000000000000e+04 5.471000000000000307e-01
1.507300000000000000e+04 5.471000000000000307e-01
1.507400000000000000e+04 5.471000000000000307e-01
1.507500000000000000e+04 5.471000000000000307e-01
1.507600000000000000e+04 5.472000000000000197e-01
1.507700000000000000e+04 5.472000000000000197e-01
1.507800000000000000e+04 5.472000000000000197e-01
1.507900000000000000e+04 5.472000000000000197e-01
1.508000000000000000e+04 5.472000000000000197e-01
1.508100000000000000e+04 5.473000000000000087e-01
1.508200000000000000e+04 5.473000000000000087e-01
1.508300000000000000e+04 5.473999999999999977e-01
1.508400000000000000e+04 5.473999999999999977e-01
1.508500000000000000e+04 5.474999999999999867e-01
1.508600000000000000e+04 5.474999999999999867e-01
1.508700000000000000e+04 5.474999999999999867e-01
1.508800000000000000e+04 5.475999999999999757e-01
1.508900000000000000e+04 5.475999999999999757e-01
1.509000000000000000e+04 5.475999999999999757e-01
1.509100000000000000e+04 5.475999999999999757e-01
1.509200000000000000e+04 5.476999999999999647e-01
1.509300000000000000e+04 5.476999999999999647e-01
1.509400000000000000e+04 5.476999999999999647e-01
1.509500000000000000e+04 5.477999999999999536e-01
1.509600000000000000e+04 5.477999999999999536e-01
1.509700000000000000e+04 5.477999999999999536e-01
1.509800000000000000e+04 5.477999999999999536e-01
1.509900000000000000e+04 5.479000000000000536e-01
1.510000000000000000e+04 5.479000000000000536e-01
1.510100000000000000e+04 5.479000000000000536e-01
1.510200000000000000e+04 5.479000000000000536e-01
1.510300000000000000e+04 5.479000000000000536e-01
1.510400000000000000e+04 5.477999999999999536e-01
1.510500000000000000e+04 5.477999999999999536e-01
1.510600000000000000e+04 5.476999999999999647e-01
1.510700000000000000e+04 5.476999999999999647e-01
1.510800000000000000e+04 5.475999999999999757e-01
1.510900000000000000e+04 5.475999999999999757e-01
1.511000000000000000e+04 5.475999999999999757e-01
1.511100000000000000e+04 5.474999999999999867e-01
1.511200000000000000e+04 5.474999999999999867e-01
1.511300000000000000e+04 5.474999999999999867e-01
1.511400000000000000e+04 5.474999999999999867e-01
1.511500000000000000e+04 5.474999999999999867e-01
1.511600000000000000e+04 5.474999999999999867e-01
1.511700000000000000e+04 5.474999999999999867e-01
1.511800000000000000e+04 5.474999999999999867e-01
1.511900000000000000e+04 5.474999999999999867e-01
1.512000000000000000e+04 5.474999999999999867e-01
1.512100000000000000e+04 5.474999999999999867e-01
1.512200000000000000e+04 5.474999999999999867e-01
1.512300000000000000e+04 5.474999999999999867e-01
1.512400000000000000e+04 5.474999999999999867e-01
1.512500000000000000e+04 5.474999999999999867e-01
1.512600000000000000e+04 5.474999999999999867e-01
1.512700000000000000e+04 5.474999999999999867e-01
1.512800000000000000e+04 5.473999999999999977e-01
1.512900000000000000e+04 5.473999999999999977e-01
1.513000000000000000e+04 5.473999999999999977e-01
1.513100000000000000e+04 5.473000000000000087e-01
1.513200000000000000e+04 5.473000000000000087e-01
1.513300000000000000e+04 5.472000000000000197e-01
1.513400000000000000e+04 5.471000000000000307e-01
1.513500000000000000e+04 5.471000000000000307e-01
1.513600000000000000e+04 5.470000000000000417e-01
1.513700000000000000e+04 5.469000000000000528e-01
1.513800000000000000e+04 5.469000000000000528e-01
1.513900000000000000e+04 5.467999999999999527e-01
1.514000000000000000e+04 5.466999999999999638e-01
1.514100000000000000e+04 5.466999999999999638e-01
1.514200000000000000e+04 5.466999999999999638e-01
1.514300000000000000e+04 5.466999999999999638e-01
1.514400000000000000e+04 5.465999999999999748e-01
1.514500000000000000e+04 5.465999999999999748e-01
1.514600000000000000e+04 5.464999999999999858e-01
1.514700000000000000e+04 5.463999999999999968e-01
1.514800000000000000e+04 5.463999999999999968e-01
1.514900000000000000e+04 5.463000000000000078e-01
1.515000000000000000e+04 5.462000000000000188e-01
1.515100000000000000e+04 5.461000000000000298e-01
1.515200000000000000e+04 5.461000000000000298e-01
1.515300000000000000e+04 5.460000000000000409e-01
1.515400000000000000e+04 5.459000000000000519e-01
1.515500000000000000e+04 5.459000000000000519e-01
1.515600000000000000e+04 5.457999999999999519e-01
1.515700000000000000e+04 5.456999999999999629e-01
1.515800000000000000e+04 5.455999999999999739e-01
1.515900000000000000e+04 5.455999999999999739e-01
1.516000000000000000e+04 5.454999999999999849e-01
1.516100000000000000e+04 5.453999999999999959e-01
1.516200000000000000e+04 5.453000000000000069e-01
1.516300000000000000e+04 5.451000000000000290e-01
1.516400000000000000e+04 5.450000000000000400e-01
1.516500000000000000e+04 5.449000000000000510e-01
1.516600000000000000e+04 5.446999999999999620e-01
1.516700000000000000e+04 5.444999999999999840e-01
1.516800000000000000e+04 5.443999999999999950e-01
1.516900000000000000e+04 5.442000000000000171e-01
1.517000000000000000e+04 5.440000000000000391e-01
1.517100000000000000e+04 5.439000000000000501e-01
1.517200000000000000e+04 5.437999999999999501e-01
1.517300000000000000e+04 5.436999999999999611e-01
1.517400000000000000e+04 5.434999999999999831e-01
1.517500000000000000e+04 5.433999999999999941e-01
1.517600000000000000e+04 5.433000000000000052e-01
1.517700000000000000e+04 5.432000000000000162e-01
1.517800000000000000e+04 5.431000000000000272e-01
1.517900000000000000e+04 5.429000000000000492e-01
1.518000000000000000e+04 5.427999999999999492e-01
1.518100000000000000e+04 5.426999999999999602e-01
1.518200000000000000e+04 5.424999999999999822e-01
1.518300000000000000e+04 5.423000000000000043e-01
1.518400000000000000e+04 5.422000000000000153e-01
1.518500000000000000e+04 5.420000000000000373e-01
1.518600000000000000e+04 5.417999999999999483e-01
1.518700000000000000e+04 5.415999999999999703e-01
1.518800000000000000e+04 5.414999999999999813e-01
1.518900000000000000e+04 5.413000000000000034e-01
1.519000000000000000e+04 5.411000000000000254e-01
1.519100000000000000e+04 5.410000000000000364e-01
1.519200000000000000e+04 5.409000000000000474e-01
1.519300000000000000e+04 5.406999999999999584e-01
1.519400000000000000e+04 5.405999999999999694e-01
1.519500000000000000e+04 5.404999999999999805e-01
1.519600000000000000e+04 5.403999999999999915e-01
1.519700000000000000e+04 5.402000000000000135e-01
1.519800000000000000e+04 5.401000000000000245e-01
1.519900000000000000e+04 5.400000000000000355e-01
1.520000000000000000e+04 5.399000000000000465e-01
1.520100000000000000e+04 5.396999999999999575e-01
1.520200000000000000e+04 5.395999999999999686e-01
1.520300000000000000e+04 5.394999999999999796e-01
1.520400000000000000e+04 5.393000000000000016e-01
1.520500000000000000e+04 5.392000000000000126e-01
1.520600000000000000e+04 5.390000000000000346e-01
1.520700000000000000e+04 5.389000000000000457e-01
1.520800000000000000e+04 5.386999999999999567e-01
1.520900000000000000e+04 5.385999999999999677e-01
1.521000000000000000e+04 5.383999999999999897e-01
1.521100000000000000e+04 5.382000000000000117e-01
1.521200000000000000e+04 5.380000000000000338e-01
1.521300000000000000e+04 5.377999999999999448e-01
1.521400000000000000e+04 5.375999999999999668e-01
1.521500000000000000e+04 5.373999999999999888e-01
1.521600000000000000e+04 5.372000000000000108e-01
1.521700000000000000e+04 5.370000000000000329e-01
1.521800000000000000e+04 5.368000000000000549e-01
1.521900000000000000e+04 5.365999999999999659e-01
1.522000000000000000e+04 5.363999999999999879e-01
1.522100000000000000e+04 5.362999999999999989e-01
1.522200000000000000e+04 5.361000000000000210e-01
1.522300000000000000e+04 5.360000000000000320e-01
1.522400000000000000e+04 5.358000000000000540e-01
1.522500000000000000e+04 5.355999999999999650e-01
1.522600000000000000e+04 5.354999999999999760e-01
1.522700000000000000e+04 5.352999999999999980e-01
1.522800000000000000e+04 5.351000000000000201e-01
1.522900000000000000e+04 5.349000000000000421e-01
1.523000000000000000e+04 5.346999999999999531e-01
1.523100000000000000e+04 5.344999999999999751e-01
1.523200000000000000e+04 5.342000000000000082e-01
1.523300000000000000e+04 5.340000000000000302e-01
1.523400000000000000e+04 5.336999999999999522e-01
1.523500000000000000e+04 5.334999999999999742e-01
1.523600000000000000e+04 5.332999999999999963e-01
1.523700000000000000e+04 5.330000000000000293e-01
1.523800000000000000e+04 5.328000000000000513e-01
1.523900000000000000e+04 5.325999999999999623e-01
1.524000000000000000e+04 5.322999999999999954e-01
1.524100000000000000e+04 5.321000000000000174e-01
1.524200000000000000e+04 5.320000000000000284e-01
1.524300000000000000e+04 5.318000000000000504e-01
1.524400000000000000e+04 5.315999999999999615e-01
1.524500000000000000e+04 5.313999999999999835e-01
1.524600000000000000e+04 5.311000000000000165e-01
1.524700000000000000e+04 5.309000000000000385e-01
1.524800000000000000e+04 5.306999999999999496e-01
1.524900000000000000e+04 5.304999999999999716e-01
1.525000000000000000e+04 5.302000000000000046e-01
1.525100000000000000e+04 5.300000000000000266e-01
1.525200000000000000e+04 5.298000000000000487e-01
1.525300000000000000e+04 5.295999999999999597e-01
1.525400000000000000e+04 5.292999999999999927e-01
1.525500000000000000e+04 5.291000000000000147e-01
1.525600000000000000e+04 5.289000000000000368e-01
1.525700000000000000e+04 5.286999999999999478e-01
1.525800000000000000e+04 5.283999999999999808e-01
1.525900000000000000e+04 5.282000000000000028e-01
1.526000000000000000e+04 5.280000000000000249e-01
1.526100000000000000e+04 5.276999999999999469e-01
1.526200000000000000e+04 5.274999999999999689e-01
1.526300000000000000e+04 5.272000000000000020e-01
1.526400000000000000e+04 5.269000000000000350e-01
1.526500000000000000e+04 5.266999999999999460e-01
1.526600000000000000e+04 5.263999999999999790e-01
1.526700000000000000e+04 5.261000000000000121e-01
1.526800000000000000e+04 5.259000000000000341e-01
1.526900000000000000e+04 5.255999999999999561e-01
1.527000000000000000e+04 5.252999999999999892e-01
1.527100000000000000e+04 5.251000000000000112e-01
1.527200000000000000e+04 5.249000000000000332e-01
1.527300000000000000e+04 5.247000000000000552e-01
1.527400000000000000e+04 5.243999999999999773e-01
1.527500000000000000e+04 5.241999999999999993e-01
1.527600000000000000e+04 5.240000000000000213e-01
1.527700000000000000e+04 5.238000000000000433e-01
1.527800000000000000e+04 5.234999999999999654e-01
1.527900000000000000e+04 5.232999999999999874e-01
1.528000000000000000e+04 5.231000000000000094e-01
1.528100000000000000e+04 5.228000000000000425e-01
1.528200000000000000e+04 5.225999999999999535e-01
1.528300000000000000e+04 5.222999999999999865e-01
1.528400000000000000e+04 5.220000000000000195e-01
1.528500000000000000e+04 5.218000000000000416e-01
1.528600000000000000e+04 5.214999999999999636e-01
1.528700000000000000e+04 5.212999999999999856e-01
1.528800000000000000e+04 5.210000000000000187e-01
1.528900000000000000e+04 5.208000000000000407e-01
1.529000000000000000e+04 5.205999999999999517e-01
1.529100000000000000e+04 5.203999999999999737e-01
1.529200000000000000e+04 5.201000000000000068e-01
1.529300000000000000e+04 5.199000000000000288e-01
1.529400000000000000e+04 5.197000000000000508e-01
1.529500000000000000e+04 5.194999999999999618e-01
1.529600000000000000e+04 5.192999999999999838e-01
1.529700000000000000e+04 5.191000000000000059e-01
1.529800000000000000e+04 5.189000000000000279e-01
1.529900000000000000e+04 5.187000000000000499e-01
1.530000000000000000e+04 5.184999999999999609e-01
1.530100000000000000e+04 5.182999999999999829e-01
1.530200000000000000e+04 5.181000000000000050e-01
1.530300000000000000e+04 5.178000000000000380e-01
1.530400000000000000e+04 5.175999999999999490e-01
1.530500000000000000e+04 5.172999999999999821e-01
1.530600000000000000e+04 5.171000000000000041e-01
1.530700000000000000e+04 5.169000000000000261e-01
1.530800000000000000e+04 5.167000000000000481e-01
1.530900000000000000e+04 5.164999999999999591e-01
1.531000000000000000e+04 5.162999999999999812e-01
1.531100000000000000e+04 5.161000000000000032e-01
1.531200000000000000e+04 5.159000000000000252e-01
1.531300000000000000e+04 5.158000000000000362e-01
1.531400000000000000e+04 5.155999999999999472e-01
1.531500000000000000e+04 5.153999999999999693e-01
1.531600000000000000e+04 5.152999999999999803e-01
1.531700000000000000e+04 5.151000000000000023e-01
1.531800000000000000e+04 5.149000000000000243e-01
1.531900000000000000e+04 5.148000000000000353e-01
1.532000000000000000e+04 5.145999999999999464e-01
1.532100000000000000e+04 5.143999999999999684e-01
1.532200000000000000e+04 5.141999999999999904e-01
1.532300000000000000e+04 5.139000000000000234e-01
1.532400000000000000e+04 5.137000000000000455e-01
1.532500000000000000e+04 5.135999999999999455e-01
1.532600000000000000e+04 5.133999999999999675e-01
1.532700000000000000e+04 5.132999999999999785e-01
1.532800000000000000e+04 5.131000000000000005e-01
1.532900000000000000e+04 5.130000000000000115e-01
1.533000000000000000e+04 5.129000000000000226e-01
1.533100000000000000e+04 5.128000000000000336e-01
1.533200000000000000e+04 5.127000000000000446e-01
1.533300000000000000e+04 5.125999999999999446e-01
1.533400000000000000e+04 5.124999999999999556e-01
1.533500000000000000e+04 5.123999999999999666e-01
1.533600000000000000e+04 5.122999999999999776e-01
1.533700000000000000e+04 5.121999999999999886e-01
1.533800000000000000e+04 5.120999999999999996e-01
1.533900000000000000e+04 5.120000000000000107e-01
1.534000000000000000e+04 5.119000000000000217e-01
1.534100000000000000e+04 5.117000000000000437e-01
1.534200000000000000e+04 5.116000000000000547e-01
1.534300000000000000e+04 5.114999999999999547e-01
1.534400000000000000e+04 5.112999999999999767e-01
1.534500000000000000e+04 5.111999999999999877e-01
1.534600000000000000e+04 5.110999999999999988e-01
1.534700000000000000e+04 5.110999999999999988e-01
1.534800000000000000e+04 5.110000000000000098e-01
1.534900000000000000e+04 5.109000000000000208e-01
1.535000000000000000e+04 5.108000000000000318e-01
1.535100000000000000e+04 5.108000000000000318e-01
1.535200000000000000e+04 5.107000000000000428e-01
1.535300000000000000e+04 5.107000000000000428e-01
1.535400000000000000e+04 5.106000000000000538e-01
1.535500000000000000e+04 5.106000000000000538e-01
1.535600000000000000e+04 5.106000000000000538e-01
1.535700000000000000e+04 5.104999999999999538e-01
1.535800000000000000e+04 5.104999999999999538e-01
1.535900000000000000e+04 5.103999999999999648e-01
1.536000000000000000e+04 5.103999999999999648e-01
1.536100000000000000e+04 5.102999999999999758e-01
1.536200000000000000e+04 5.102999999999999758e-01
1.536300000000000000e+04 5.102999999999999758e-01
1.536400000000000000e+04 5.101999999999999869e-01
1.536500000000000000e+04 5.101999999999999869e-01
1.536600000000000000e+04 5.102999999999999758e-01
1.536700000000000000e+04 5.102999999999999758e-01
1.536800000000000000e+04 5.102999999999999758e-01
1.536900000000000000e+04 5.102999999999999758e-01
1.537000000000000000e+04 5.102999999999999758e-01
1.537100000000000000e+04 5.102999999999999758e-01
1.537200000000000000e+04 5.102999999999999758e-01
1.537300000000000000e+04 5.102999999999999758e-01
1.537400000000000000e+04 5.101999999999999869e-01
1.537500000000000000e+04 5.101999999999999869e-01
1.537600000000000000e+04 5.101999999999999869e-01
1.537700000000000000e+04 5.101999999999999869e-01
1.537800000000000000e+04 5.100999999999999979e-01
1.537900000000000000e+04 5.100999999999999979e-01
1.538000000000000000e+04 5.100999999999999979e-01
1.538100000000000000e+04 5.100999999999999979e-01
1.538200000000000000e+04 5.100999999999999979e-01
1.538300000000000000e+04 5.100999999999999979e-01
1.538400000000000000e+04 5.101999999999999869e-01
1.538500000000000000e+04 5.101999999999999869e-01
1.538600000000000000e+04 5.102999999999999758e-01
1.538700000000000000e+04 5.103999999999999648e-01
1.538800000000000000e+04 5.104999999999999538e-01
1.538900000000000000e+04 5.106000000000000538e-01
1.539000000000000000e+04 5.107000000000000428e-01
1.539100000000000000e+04 5.108000000000000318e-01
1.539200000000000000e+04 5.108000000000000318e-01
1.539300000000000000e+04 5.109000000000000208e-01
1.539400000000000000e+04 5.109000000000000208e-01
1.539500000000000000e+04 5.110000000000000098e-01
1.539600000000000000e+04 5.110000000000000098e-01
1.539700000000000000e+04 5.110999999999999988e-01
1.539800000000000000e+04 5.110999999999999988e-01
1.539900000000000000e+04 5.111999999999999877e-01
1.540000000000000000e+04 5.111999999999999877e-01
1.540100000000000000e+04 5.112999999999999767e-01
1.540200000000000000e+04 5.113999999999999657e-01
1.540300000000000000e+04 5.114999999999999547e-01
1.540400000000000000e+04 5.116000000000000547e-01
1.540500000000000000e+04 5.117000000000000437e-01
1.540600000000000000e+04 5.119000000000000217e-01
1.540700000000000000e+04 5.120000000000000107e-01
1.540800000000000000e+04 5.120999999999999996e-01
1.540900000000000000e+04 5.122999999999999776e-01
1.541000000000000000e+04 5.123999999999999666e-01
1.541100000000000000e+04 5.124999999999999556e-01
1.541200000000000000e+04 5.125999999999999446e-01
1.541300000000000000e+04 5.127000000000000446e-01
1.541400000000000000e+04 5.128000000000000336e-01
1.541500000000000000e+04 5.129000000000000226e-01
1.541600000000000000e+04 5.130000000000000115e-01
1.541700000000000000e+04 5.131000000000000005e-01
1.541800000000000000e+04 5.131999999999999895e-01
1.541900000000000000e+04 5.132999999999999785e-01
1.542000000000000000e+04 5.133999999999999675e-01
1.542100000000000000e+04 5.134999999999999565e-01
1.542200000000000000e+04 5.137000000000000455e-01
1.542300000000000000e+04 5.138000000000000345e-01
1.542400000000000000e+04 5.140000000000000124e-01
1.542500000000000000e+04 5.141000000000000014e-01
1.542600000000000000e+04 5.142999999999999794e-01
1.542700000000000000e+04 5.143999999999999684e-01
1.542800000000000000e+04 5.145999999999999464e-01
1.542900000000000000e+04 5.147000000000000464e-01
1.543000000000000000e+04 5.149000000000000243e-01
1.543100000000000000e+04 5.150000000000000133e-01
1.543200000000000000e+04 5.151000000000000023e-01
1.543300000000000000e+04 5.151999999999999913e-01
1.543400000000000000e+04 5.152999999999999803e-01
1.543500000000000000e+04 5.153999999999999693e-01
1.543600000000000000e+04 5.155999999999999472e-01
1.543700000000000000e+04 5.157000000000000473e-01
1.543800000000000000e+04 5.158000000000000362e-01
1.543900000000000000e+04 5.159000000000000252e-01
1.544000000000000000e+04 5.160000000000000142e-01
1.544100000000000000e+04 5.161000000000000032e-01
1.544200000000000000e+04 5.162999999999999812e-01
1.544300000000000000e+04 5.164999999999999591e-01
1.544400000000000000e+04 5.165999999999999481e-01
1.544500000000000000e+04 5.168000000000000371e-01
1.544600000000000000e+04 5.170000000000000151e-01
1.544700000000000000e+04 5.171000000000000041e-01
1.544800000000000000e+04 5.172999999999999821e-01
1.544900000000000000e+04 5.174999999999999600e-01
1.545000000000000000e+04 5.175999999999999490e-01
1.545100000000000000e+04 5.178000000000000380e-01
1.545200000000000000e+04 5.179000000000000270e-01
1.545300000000000000e+04 5.180000000000000160e-01
1.545400000000000000e+04 5.181999999999999940e-01
1.545500000000000000e+04 5.182999999999999829e-01
1.545600000000000000e+04 5.183999999999999719e-01
1.545700000000000000e+04 5.185999999999999499e-01
1.545800000000000000e+04 5.187000000000000499e-01
1.545900000000000000e+04 5.188000000000000389e-01
1.546000000000000000e+04 5.189000000000000279e-01
1.546100000000000000e+04 5.191000000000000059e-01
1.546200000000000000e+04 5.191999999999999948e-01
1.546300000000000000e+04 5.192999999999999838e-01
1.546400000000000000e+04 5.194999999999999618e-01
1.546500000000000000e+04 5.195999999999999508e-01
1.546600000000000000e+04 5.197000000000000508e-01
1.546700000000000000e+04 5.199000000000000288e-01
1.546800000000000000e+04 5.200000000000000178e-01
1.546900000000000000e+04 5.201000000000000068e-01
1.547000000000000000e+04 5.202999999999999847e-01
1.547100000000000000e+04 5.204999999999999627e-01
1.547200000000000000e+04 5.205999999999999517e-01
1.547300000000000000e+04 5.208000000000000407e-01
1.547400000000000000e+04 5.210000000000000187e-01
1.547500000000000000e+04 5.211999999999999966e-01
1.547600000000000000e+04 5.213999999999999746e-01
1.547700000000000000e+04 5.214999999999999636e-01
1.547800000000000000e+04 5.217000000000000526e-01
1.547900000000000000e+04 5.219000000000000306e-01
1.548000000000000000e+04 5.221000000000000085e-01
1.548100000000000000e+04 5.221999999999999975e-01
1.548200000000000000e+04 5.222999999999999865e-01
1.548300000000000000e+04 5.224999999999999645e-01
1.548400000000000000e+04 5.225999999999999535e-01
1.548500000000000000e+04 5.227000000000000535e-01
1.548600000000000000e+04 5.228000000000000425e-01
1.548700000000000000e+04 5.228000000000000425e-01
1.548800000000000000e+04 5.229000000000000314e-01
1.548900000000000000e+04 5.230000000000000204e-01
1.549000000000000000e+04 5.230000000000000204e-01
1.549100000000000000e+04 5.231000000000000094e-01
1.549200000000000000e+04 5.231999999999999984e-01
1.549300000000000000e+04 5.232999999999999874e-01
1.549400000000000000e+04 5.233999999999999764e-01
1.549500000000000000e+04 5.235999999999999543e-01
1.549600000000000000e+04 5.237000000000000544e-01
1.549700000000000000e+04 5.238000000000000433e-01
1.549800000000000000e+04 5.239000000000000323e-01
1.549900000000000000e+04 5.240000000000000213e-01
1.550000000000000000e+04 5.241000000000000103e-01
1.550100000000000000e+04 5.241999999999999993e-01
1.550200000000000000e+04 5.241999999999999993e-01
1.550300000000000000e+04 5.242999999999999883e-01
1.550400000000000000e+04 5.243999999999999773e-01
1.550500000000000000e+04 5.243999999999999773e-01
1.550600000000000000e+04 5.244999999999999662e-01
1.550700000000000000e+04 5.244999999999999662e-01
1.550800000000000000e+04 5.244999999999999662e-01
1.550900000000000000e+04 5.244999999999999662e-01
1.551000000000000000e+04 5.245999999999999552e-01
1.551100000000000000e+04 5.247000000000000552e-01
1.551200000000000000e+04 5.247000000000000552e-01
1.551300000000000000e+04 5.248000000000000442e-01
1.551400000000000000e+04 5.249000000000000332e-01
1.551500000000000000e+04 5.249000000000000332e-01
1.551600000000000000e+04 5.250000000000000222e-01
1.551700000000000000e+04 5.251000000000000112e-01
1.551800000000000000e+04 5.252000000000000002e-01
1.551900000000000000e+04 5.252000000000000002e-01
1.552000000000000000e+04 5.252999999999999892e-01
1.552100000000000000e+04 5.252999999999999892e-01
1.552200000000000000e+04 5.253999999999999782e-01
1.552300000000000000e+04 5.253999999999999782e-01
1.552400000000000000e+04 5.253999999999999782e-01
1.552500000000000000e+04 5.253999999999999782e-01
1.552600000000000000e+04 5.253999999999999782e-01
1.552700000000000000e+04 5.253999999999999782e-01
1.552800000000000000e+04 5.253999999999999782e-01
1.552900000000000000e+04 5.253999999999999782e-01
1.553000000000000000e+04 5.253999999999999782e-01
1.553100000000000000e+04 5.254999999999999671e-01
1.553200000000000000e+04 5.254999999999999671e-01
1.553300000000000000e+04 5.255999999999999561e-01
1.553400000000000000e+04 5.255999999999999561e-01
1.553500000000000000e+04 5.256999999999999451e-01
1.553600000000000000e+04 5.256999999999999451e-01
1.553700000000000000e+04 5.256999999999999451e-01
1.553800000000000000e+04 5.258000000000000451e-01
1.553900000000000000e+04 5.258000000000000451e-01
1.554000000000000000e+04 5.259000000000000341e-01
1.554100000000000000e+04 5.259000000000000341e-01
1.554200000000000000e+04 5.259000000000000341e-01
1.554300000000000000e+04 5.259000000000000341e-01
1.554400000000000000e+04 5.259000000000000341e-01
1.554500000000000000e+04 5.259000000000000341e-01
1.554600000000000000e+04 5.259000000000000341e-01
1.554700000000000000e+04 5.259000000000000341e-01
1.554800000000000000e+04 5.258000000000000451e-01
1.554900000000000000e+04 5.258000000000000451e-01
1.555000000000000000e+04 5.258000000000000451e-01
1.555100000000000000e+04 5.258000000000000451e-01
1.555200000000000000e+04 5.258000000000000451e-01
1.555300000000000000e+04 5.258000000000000451e-01
1.555400000000000000e+04 5.258000000000000451e-01
1.555500000000000000e+04 5.258000000000000451e-01
1.555600000000000000e+04 5.258000000000000451e-01
1.555700000000000000e+04 5.258000000000000451e-01
1.555800000000000000e+04 5.258000000000000451e-01
1.555900000000000000e+04 5.256999999999999451e-01
1.556000000000000000e+04 5.256999999999999451e-01
1.556100000000000000e+04 5.258000000000000451e-01
1.556200000000000000e+04 5.258000000000000451e-01
1.556300000000000000e+04 5.258000000000000451e-01
1.556400000000000000e+04 5.259000000000000341e-01
1.556500000000000000e+04 5.259000000000000341e-01
1.556600000000000000e+04 5.259000000000000341e-01
1.556700000000000000e+04 5.258000000000000451e-01
1.556800000000000000e+04 5.258000000000000451e-01
1.556900000000000000e+04 5.258000000000000451e-01
1.557000000000000000e+04 5.258000000000000451e-01
1.557100000000000000e+04 5.256999999999999451e-01
1.557200000000000000e+04 5.256999999999999451e-01
1.557300000000000000e+04 5.255999999999999561e-01
1.557400000000000000e+04 5.255999999999999561e-01
1.557500000000000000e+04 5.254999999999999671e-01
1.557600000000000000e+04 5.253999999999999782e-01
1.557700000000000000e+04 5.253999999999999782e-01
1.557800000000000000e+04 5.252999999999999892e-01
1.557900000000000000e+04 5.252999999999999892e-01
1.558000000000000000e+04 5.252000000000000002e-01
1.558100000000000000e+04 5.252000000000000002e-01
1.558200000000000000e+04 5.252000000000000002e-01
1.558300000000000000e+04 5.252000000000000002e-01
1.558400000000000000e+04 5.252000000000000002e-01
1.558500000000000000e+04 5.252000000000000002e-01
1.558600000000000000e+04 5.252000000000000002e-01
1.558700000000000000e+04 5.252000000000000002e-01
1.558800000000000000e+04 5.252000000000000002e-01
1.558900000000000000e+04 5.252000000000000002e-01
1.559000000000000000e+04 5.252000000000000002e-01
1.559100000000000000e+04 5.251000000000000112e-01
1.559200000000000000e+04 5.251000000000000112e-01
1.559300000000000000e+04 5.251000000000000112e-01
1.559400000000000000e+04 5.250000000000000222e-01
1.559500000000000000e+04 5.250000000000000222e-01
1.559600000000000000e+04 5.249000000000000332e-01
1.559700000000000000e+04 5.249000000000000332e-01
1.559800000000000000e+04 5.249000000000000332e-01
1.559900000000000000e+04 5.248000000000000442e-01
1.560000000000000000e+04 5.248000000000000442e-01
1.560100000000000000e+04 5.248000000000000442e-01
1.560200000000000000e+04 5.248000000000000442e-01
1.560300000000000000e+04 5.248000000000000442e-01
1.560400000000000000e+04 5.248000000000000442e-01
1.560500000000000000e+04 5.248000000000000442e-01
1.560600000000000000e+04 5.248000000000000442e-01
1.560700000000000000e+04 5.248000000000000442e-01
1.560800000000000000e+04 5.247000000000000552e-01
1.560900000000000000e+04 5.247000000000000552e-01
1.561000000000000000e+04 5.247000000000000552e-01
1.561100000000000000e+04 5.247000000000000552e-01
1.561200000000000000e+04 5.245999999999999552e-01
1.561300000000000000e+04 5.244999999999999662e-01
1.561400000000000000e+04 5.244999999999999662e-01
1.561500000000000000e+04 5.243999999999999773e-01
1.561600000000000000e+04 5.243999999999999773e-01
1.561700000000000000e+04 5.242999999999999883e-01
1.561800000000000000e+04 5.242999999999999883e-01
1.561900000000000000e+04 5.241999999999999993e-01
1.562000000000000000e+04 5.241000000000000103e-01
1.562100000000000000e+04 5.241000000000000103e-01
1.562200000000000000e+04 5.240000000000000213e-01
1.562300000000000000e+04 5.240000000000000213e-01
1.562400000000000000e+04 5.239000000000000323e-01
1.562500000000000000e+04 5.239000000000000323e-01
1.562600000000000000e+04 5.238000000000000433e-01
1.562700000000000000e+04 5.238000000000000433e-01
1.562800000000000000e+04 5.238000000000000433e-01
1.562900000000000000e+04 5.238000000000000433e-01
1.563000000000000000e+04 5.237000000000000544e-01
1.563100000000000000e+04 5.237000000000000544e-01
1.563200000000000000e+04 5.238000000000000433e-01
1.563300000000000000e+04 5.238000000000000433e-01
1.563400000000000000e+04 5.238000000000000433e-01
1.563500000000000000e+04 5.238000000000000433e-01
1.563600000000000000e+04 5.238000000000000433e-01
1.563700000000000000e+04 5.238000000000000433e-01
1.563800000000000000e+04 5.238000000000000433e-01
1.563900000000000000e+04 5.239000000000000323e-01
1.564000000000000000e+04 5.239000000000000323e-01
1.564100000000000000e+04 5.238000000000000433e-01
1.564200000000000000e+04 5.238000000000000433e-01
1.564300000000000000e+04 5.238000000000000433e-01
1.564400000000000000e+04 5.238000000000000433e-01
1.564500000000000000e+04 5.237000000000000544e-01
1.564600000000000000e+04 5.237000000000000544e-01
1.564700000000000000e+04 5.237000000000000544e-01
1.564800000000000000e+04 5.237000000000000544e-01
1.564900000000000000e+04 5.237000000000000544e-01
1.565000000000000000e+04 5.235999999999999543e-01
1.565100000000000000e+04 5.235999999999999543e-01
1.565200000000000000e+04 5.235999999999999543e-01
1.565300000000000000e+04 5.235999999999999543e-01
1.565400000000000000e+04 5.235999999999999543e-01
1.565500000000000000e+04 5.234999999999999654e-01
1.565600000000000000e+04 5.234999999999999654e-01
1.565700000000000000e+04 5.234999999999999654e-01
1.565800000000000000e+04 5.234999999999999654e-01
1.565900000000000000e+04 5.233999999999999764e-01
1.566000000000000000e+04 5.233999999999999764e-01
1.566100000000000000e+04 5.233999999999999764e-01
1.566200000000000000e+04 5.234999999999999654e-01
1.566300000000000000e+04 5.234999999999999654e-01
1.566400000000000000e+04 5.234999999999999654e-01
1.566500000000000000e+04 5.235999999999999543e-01
1.566600000000000000e+04 5.235999999999999543e-01
1.566700000000000000e+04 5.237000000000000544e-01
1.566800000000000000e+04 5.237000000000000544e-01
1.566900000000000000e+04 5.238000000000000433e-01
1.567000000000000000e+04 5.238000000000000433e-01
1.567100000000000000e+04 5.239000000000000323e-01
1.567200000000000000e+04 5.239000000000000323e-01
1.567300000000000000e+04 5.239000000000000323e-01
1.567400000000000000e+04 5.239000000000000323e-01
1.567500000000000000e+04 5.239000000000000323e-01
1.567600000000000000e+04 5.239000000000000323e-01
1.567700000000000000e+04 5.239000000000000323e-01
1.567800000000000000e+04 5.239000000000000323e-01
1.567900000000000000e+04 5.239000000000000323e-01
1.568000000000000000e+04 5.240000000000000213e-01
1.568100000000000000e+04 5.240000000000000213e-01
1.568200000000000000e+04 5.241000000000000103e-01
1.568300000000000000e+04 5.241000000000000103e-01
1.568400000000000000e+04 5.241999999999999993e-01
1.568500000000000000e+04 5.241999999999999993e-01
1.568600000000000000e+04 5.241999999999999993e-01
1.568700000000000000e+04 5.241999999999999993e-01
1.568800000000000000e+04 5.242999999999999883e-01
1.568900000000000000e+04 5.242999999999999883e-01
1.569000000000000000e+04 5.242999999999999883e-01
1.569100000000000000e+04 5.242999999999999883e-01
1.569200000000000000e+04 5.241999999999999993e-01
1.569300000000000000e+04 5.241999999999999993e-01
1.569400000000000000e+04 5.241999999999999993e-01
1.569500000000000000e+04 5.241999999999999993e-01
1.569600000000000000e+04 5.241000000000000103e-01
1.569700000000000000e+04 5.241000000000000103e-01
1.569800000000000000e+04 5.241000000000000103e-01
1.569900000000000000e+04 5.241000000000000103e-01
1.570000000000000000e+04 5.240000000000000213e-01
1.570100000000000000e+04 5.240000000000000213e-01
1.570200000000000000e+04 5.240000000000000213e-01
1.570300000000000000e+04 5.240000000000000213e-01
1.570400000000000000e+04 5.239000000000000323e-01
1.570500000000000000e+04 5.239000000000000323e-01
1.570600000000000000e+04 5.239000000000000323e-01
1.570700000000000000e+04 5.239000000000000323e-01
1.570800000000000000e+04 5.239000000000000323e-01
1.570900000000000000e+04 5.239000000000000323e-01
1.571000000000000000e+04 5.238000000000000433e-01
1.571100000000000000e+04 5.239000000000000323e-01
1.571200000000000000e+04 5.239000000000000323e-01
1.571300000000000000e+04 5.239000000000000323e-01
1.571400000000000000e+04 5.240000000000000213e-01
1.571500000000000000e+04 5.240000000000000213e-01
1.571600000000000000e+04 5.240000000000000213e-01
1.571700000000000000e+04 5.241000000000000103e-01
1.571800000000000000e+04 5.241000000000000103e-01
1.571900000000000000e+04 5.241000000000000103e-01
1.572000000000000000e+04 5.241999999999999993e-01
1.572100000000000000e+04 5.241000000000000103e-01
1.572200000000000000e+04 5.241000000000000103e-01
1.572300000000000000e+04 5.241000000000000103e-01
1.572400000000000000e+04 5.241000000000000103e-01
1.572500000000000000e+04 5.241000000000000103e-01
1.572600000000000000e+04 5.241000000000000103e-01
1.572700000000000000e+04 5.240000000000000213e-01
1.572800000000000000e+04 5.240000000000000213e-01
1.572900000000000000e+04 5.240000000000000213e-01
1.573000000000000000e+04 5.240000000000000213e-01
1.573100000000000000e+04 5.239000000000000323e-01
1.573200000000000000e+04 5.239000000000000323e-01
1.573300000000000000e+04 5.239000000000000323e-01
1.573400000000000000e+04 5.239000000000000323e-01
1.573500000000000000e+04 5.238000000000000433e-01
1.573600000000000000e+04 5.238000000000000433e-01
1.573700000000000000e+04 5.238000000000000433e-01
1.573800000000000000e+04 5.238000000000000433e-01
1.573900000000000000e+04 5.237000000000000544e-01
1.574000000000000000e+04 5.237000000000000544e-01
1.574100000000000000e+04 5.237000000000000544e-01
1.574200000000000000e+04 5.238000000000000433e-01
1.574300000000000000e+04 5.238000000000000433e-01
1.574400000000000000e+04 5.238000000000000433e-01
1.574500000000000000e+04 5.238000000000000433e-01
1.574600000000000000e+04 5.238000000000000433e-01
1.574700000000000000e+04 5.238000000000000433e-01
1.574800000000000000e+04 5.238000000000000433e-01
1.574900000000000000e+04 5.238000000000000433e-01
1.575000000000000000e+04 5.237000000000000544e-01
1.575100000000000000e+04 5.237000000000000544e-01
1.575200000000000000e+04 5.235999999999999543e-01
1.575300000000000000e+04 5.235999999999999543e-01
1.575400000000000000e+04 5.234999999999999654e-01
1.575500000000000000e+04 5.234999999999999654e-01
1.575600000000000000e+04 5.233999999999999764e-01
1.575700000000000000e+04 5.233999999999999764e-01
1.575800000000000000e+04 5.232999999999999874e-01
1.575900000000000000e+04 5.231999999999999984e-01
1.576000000000000000e+04 5.231999999999999984e-01
1.576100000000000000e+04 5.231000000000000094e-01
1.576200000000000000e+04 5.231000000000000094e-01
1.576300000000000000e+04 5.230000000000000204e-01
1.576400000000000000e+04 5.230000000000000204e-01
1.576500000000000000e+04 5.229000000000000314e-01
1.576600000000000000e+04 5.228000000000000425e-01
1.576700000000000000e+04 5.228000000000000425e-01
1.576800000000000000e+04 5.227000000000000535e-01
1.576900000000000000e+04 5.225999999999999535e-01
1.577000000000000000e+04 5.224999999999999645e-01
1.577100000000000000e+04 5.224999999999999645e-01
1.577200000000000000e+04 5.223999999999999755e-01
1.577300000000000000e+04 5.222999999999999865e-01
1.577400000000000000e+04 5.222999999999999865e-01
1.577500000000000000e+04 5.221999999999999975e-01
1.577600000000000000e+04 5.221000000000000085e-01
1.577700000000000000e+04 5.220000000000000195e-01
1.577800000000000000e+04 5.220000000000000195e-01
1.577900000000000000e+04 5.219000000000000306e-01
1.578000000000000000e+04 5.218000000000000416e-01
1.578100000000000000e+04 5.218000000000000416e-01
1.578200000000000000e+04 5.218000000000000416e-01
1.578300000000000000e+04 5.217000000000000526e-01
1.578400000000000000e+04 5.217000000000000526e-01
1.578500000000000000e+04 5.217000000000000526e-01
1.578600000000000000e+04 5.215999999999999526e-01
1.578700000000000000e+04 5.215999999999999526e-01
1.578800000000000000e+04 5.214999999999999636e-01
1.578900000000000000e+04 5.214999999999999636e-01
1.579000000000000000e+04 5.213999999999999746e-01
1.579100000000000000e+04 5.212999999999999856e-01
1.579200000000000000e+04 5.211999999999999966e-01
1.579300000000000000e+04 5.211000000000000076e-01
1.579400000000000000e+04 5.210000000000000187e-01
1.579500000000000000e+04 5.209000000000000297e-01
1.579600000000000000e+04 5.208000000000000407e-01
1.579700000000000000e+04 5.207000000000000517e-01
1.579800000000000000e+04 5.207000000000000517e-01
1.579900000000000000e+04 5.205999999999999517e-01
1.580000000000000000e+04 5.204999999999999627e-01
1.580100000000000000e+04 5.203999999999999737e-01
1.580200000000000000e+04 5.202999999999999847e-01
1.580300000000000000e+04 5.201999999999999957e-01
1.580400000000000000e+04 5.201000000000000068e-01
1.580500000000000000e+04 5.200000000000000178e-01
1.580600000000000000e+04 5.199000000000000288e-01
1.580700000000000000e+04 5.199000000000000288e-01
1.580800000000000000e+04 5.198000000000000398e-01
1.580900000000000000e+04 5.197000000000000508e-01
1.581000000000000000e+04 5.197000000000000508e-01
1.581100000000000000e+04 5.197000000000000508e-01
1.581200000000000000e+04 5.195999999999999508e-01
1.581300000000000000e+04 5.195999999999999508e-01
1.581400000000000000e+04 5.195999999999999508e-01
1.581500000000000000e+04 5.195999999999999508e-01
1.581600000000000000e+04 5.194999999999999618e-01
1.581700000000000000e+04 5.194999999999999618e-01
1.581800000000000000e+04 5.194999999999999618e-01
1.581900000000000000e+04 5.194999999999999618e-01
1.582000000000000000e+04 5.194999999999999618e-01
1.582100000000000000e+04 5.193999999999999728e-01
1.582200000000000000e+04 5.192999999999999838e-01
1.582300000000000000e+04 5.192999999999999838e-01
1.582400000000000000e+04 5.191999999999999948e-01
1.582500000000000000e+04 5.191000000000000059e-01
1.582600000000000000e+04 5.190000000000000169e-01
1.582700000000000000e+04 5.189000000000000279e-01
1.582800000000000000e+04 5.189000000000000279e-01
1.582900000000000000e+04 5.188000000000000389e-01
1.583000000000000000e+04 5.187000000000000499e-01
1.583100000000000000e+04 5.185999999999999499e-01
1.583200000000000000e+04 5.184999999999999609e-01
1.583300000000000000e+04 5.183999999999999719e-01
1.583400000000000000e+04 5.182999999999999829e-01
1.583500000000000000e+04 5.182999999999999829e-01
1.583600000000000000e+04 5.181999999999999940e-01
1.583700000000000000e+04 5.181000000000000050e-01
1.583800000000000000e+04 5.180000000000000160e-01
1.583900000000000000e+04 5.179000000000000270e-01
1.584000000000000000e+04 5.178000000000000380e-01
1.584100000000000000e+04 5.177000000000000490e-01
1.584200000000000000e+04 5.177000000000000490e-01
1.584300000000000000e+04 5.175999999999999490e-01
1.584400000000000000e+04 5.174999999999999600e-01
1.584500000000000000e+04 5.173999999999999710e-01
1.584600000000000000e+04 5.172999999999999821e-01
1.584700000000000000e+04 5.171999999999999931e-01
1.584800000000000000e+04 5.171999999999999931e-01
1.584900000000000000e+04 5.171000000000000041e-01
1.585000000000000000e+04 5.170000000000000151e-01
1.585100000000000000e+04 5.170000000000000151e-01
1.585200000000000000e+04 5.169000000000000261e-01
1.585300000000000000e+04 5.169000000000000261e-01
1.585400000000000000e+04 5.169000000000000261e-01
1.585500000000000000e+04 5.168000000000000371e-01
1.585600000000000000e+04 5.168000000000000371e-01
1.585700000000000000e+04 5.168000000000000371e-01
1.585800000000000000e+04 5.167000000000000481e-01
1.585900000000000000e+04 5.167000000000000481e-01
1.586000000000000000e+04 5.167000000000000481e-01
1.586100000000000000e+04 5.165999999999999481e-01
1.586200000000000000e+04 5.164999999999999591e-01
1.586300000000000000e+04 5.163999999999999702e-01
1.586400000000000000e+04 5.162999999999999812e-01
1.586500000000000000e+04 5.162999999999999812e-01
1.586600000000000000e+04 5.161999999999999922e-01
1.586700000000000000e+04 5.161000000000000032e-01
1.586800000000000000e+04 5.160000000000000142e-01
1.586900000000000000e+04 5.160000000000000142e-01
1.587000000000000000e+04 5.159000000000000252e-01
1.587100000000000000e+04 5.158000000000000362e-01
1.587200000000000000e+04 5.158000000000000362e-01
1.587300000000000000e+04 5.157000000000000473e-01
1.587400000000000000e+04 5.155999999999999472e-01
1.587500000000000000e+04 5.154999999999999583e-01
1.587600000000000000e+04 5.154999999999999583e-01
1.587700000000000000e+04 5.153999999999999693e-01
1.587800000000000000e+04 5.152999999999999803e-01
1.587900000000000000e+04 5.152999999999999803e-01
1.588000000000000000e+04 5.151999999999999913e-01
1.588100000000000000e+04 5.151000000000000023e-01
1.588200000000000000e+04 5.150000000000000133e-01
1.588300000000000000e+04 5.150000000000000133e-01
1.588400000000000000e+04 5.149000000000000243e-01
1.588500000000000000e+04 5.148000000000000353e-01
1.588600000000000000e+04 5.148000000000000353e-01
1.588700000000000000e+04 5.147000000000000464e-01
1.588800000000000000e+04 5.147000000000000464e-01
1.588900000000000000e+04 5.145999999999999464e-01
1.589000000000000000e+04 5.144999999999999574e-01
1.589100000000000000e+04 5.144999999999999574e-01
1.589200000000000000e+04 5.144999999999999574e-01
1.589300000000000000e+04 5.144999999999999574e-01
1.589400000000000000e+04 5.144999999999999574e-01
1.589500000000000000e+04 5.144999999999999574e-01
1.589600000000000000e+04 5.144999999999999574e-01
1.589700000000000000e+04 5.143999999999999684e-01
1.589800000000000000e+04 5.143999999999999684e-01
1.589900000000000000e+04 5.143999999999999684e-01
1.590000000000000000e+04 5.143999999999999684e-01
1.590100000000000000e+04 5.142999999999999794e-01
1.590200000000000000e+04 5.142999999999999794e-01
1.590300000000000000e+04 5.141999999999999904e-01
1.590400000000000000e+04 5.141999999999999904e-01
1.590500000000000000e+04 5.141000000000000014e-01
1.590600000000000000e+04 5.141000000000000014e-01
1.590700000000000000e+04 5.140000000000000124e-01
1.590800000000000000e+04 5.139000000000000234e-01
1.590900000000000000e+04 5.139000000000000234e-01
1.591000000000000000e+04 5.138000000000000345e-01
1.591100000000000000e+04 5.138000000000000345e-01
1.591200000000000000e+04 5.137000000000000455e-01
1.591300000000000000e+04 5.137000000000000455e-01
1.591400000000000000e+04 5.135999999999999455e-01
1.591500000000000000e+04 5.134999999999999565e-01
1.591600000000000000e+04 5.134999999999999565e-01
1.591700000000000000e+04 5.133999999999999675e-01
1.591800000000000000e+04 5.133999999999999675e-01
1.591900000000000000e+04 5.132999999999999785e-01
1.592000000000000000e+04 5.132999999999999785e-01
1.592100000000000000e+04 5.131999999999999895e-01
1.592200000000000000e+04 5.131999999999999895e-01
1.592300000000000000e+04 5.131000000000000005e-01
1.592400000000000000e+04 5.130000000000000115e-01
1.592500000000000000e+04 5.130000000000000115e-01
1.592600000000000000e+04 5.130000000000000115e-01
1.592700000000000000e+04 5.129000000000000226e-01
1.592800000000000000e+04 5.129000000000000226e-01
1.592900000000000000e+04 5.128000000000000336e-01
1.593000000000000000e+04 5.128000000000000336e-01
1.593100000000000000e+04 5.127000000000000446e-01
1.593200000000000000e+04 5.127000000000000446e-01
1.593300000000000000e+04 5.127000000000000446e-01
1.593400000000000000e+04 5.125999999999999446e-01
1.593500000000000000e+04 5.125999999999999446e-01
1.593600000000000000e+04 5.124999999999999556e-01
1.593700000000000000e+04 5.124999999999999556e-01
1.593800000000000000e+04 5.123999999999999666e-01
1.593900000000000000e+04 5.123999999999999666e-01
1.594000000000000000e+04 5.123999999999999666e-01
1.594100000000000000e+04 5.123999999999999666e-01
1.594200000000000000e+04 5.123999999999999666e-01
1.594300000000000000e+04 5.123999999999999666e-01
1.594400000000000000e+04 5.123999999999999666e-01
1.594500000000000000e+04 5.122999999999999776e-01
1.594600000000000000e+04 5.122999999999999776e-01
1.594700000000000000e+04 5.121999999999999886e-01
1.594800000000000000e+04 5.121999999999999886e-01
1.594900000000000000e+04 5.120999999999999996e-01
1.595000000000000000e+04 5.120999999999999996e-01
1.595100000000000000e+04 5.120000000000000107e-01
1.595200000000000000e+04 5.119000000000000217e-01
1.595300000000000000e+04 5.118000000000000327e-01
1.595400000000000000e+04 5.117000000000000437e-01
1.595500000000000000e+04 5.116000000000000547e-01
1.595600000000000000e+04 5.114999999999999547e-01
1.595700000000000000e+04 5.113999999999999657e-01
1.595800000000000000e+04 5.112999999999999767e-01
1.595900000000000000e+04 5.111999999999999877e-01
1.596000000000000000e+04 5.110999999999999988e-01
1.596100000000000000e+04 5.110000000000000098e-01
1.596200000000000000e+04 5.109000000000000208e-01
1.596300000000000000e+04 5.108000000000000318e-01
1.596400000000000000e+04 5.107000000000000428e-01
1.596500000000000000e+04 5.106000000000000538e-01
1.596600000000000000e+04 5.104999999999999538e-01
1.596700000000000000e+04 5.103999999999999648e-01
1.596800000000000000e+04 5.102999999999999758e-01
1.596900000000000000e+04 5.101999999999999869e-01
1.597000000000000000e+04 5.100999999999999979e-01
1.597100000000000000e+04 5.100000000000000089e-01
1.597200000000000000e+04 5.099000000000000199e-01
1.597300000000000000e+04 5.098000000000000309e-01
1.597400000000000000e+04 5.097000000000000419e-01
1.597500000000000000e+04 5.096000000000000529e-01
1.597600000000000000e+04 5.094999999999999529e-01
1.597700000000000000e+04 5.093999999999999639e-01
1.597800000000000000e+04 5.092999999999999750e-01
1.597900000000000000e+04 5.091999999999999860e-01
1.598000000000000000e+04 5.090999999999999970e-01
1.598100000000000000e+04 5.090000000000000080e-01
1.598200000000000000e+04 5.089000000000000190e-01
1.598300000000000000e+04 5.088000000000000300e-01
1.598400000000000000e+04 5.087000000000000410e-01
1.598500000000000000e+04 5.086000000000000520e-01
1.598600000000000000e+04 5.084999999999999520e-01
1.598700000000000000e+04 5.083999999999999631e-01
1.598800000000000000e+04 5.081999999999999851e-01
1.598900000000000000e+04 5.080999999999999961e-01
1.599000000000000000e+04 5.080000000000000071e-01
1.599100000000000000e+04 5.079000000000000181e-01
1.599200000000000000e+04 5.078000000000000291e-01
1.599300000000000000e+04 5.077000000000000401e-01
1.599400000000000000e+04 5.076000000000000512e-01
1.599500000000000000e+04 5.074999999999999512e-01
1.599600000000000000e+04 5.073999999999999622e-01
1.599700000000000000e+04 5.072999999999999732e-01
1.599800000000000000e+04 5.071999999999999842e-01
1.599900000000000000e+04 5.071999999999999842e-01
1.600000000000000000e+04 5.070999999999999952e-01
1.600100000000000000e+04 5.069000000000000172e-01
1.600200000000000000e+04 5.068000000000000282e-01
1.600300000000000000e+04 5.067000000000000393e-01
1.600400000000000000e+04 5.064999999999999503e-01
1.600500000000000000e+04 5.063999999999999613e-01
1.600600000000000000e+04 5.061999999999999833e-01
1.600700000000000000e+04 5.060999999999999943e-01
1.600800000000000000e+04 5.059000000000000163e-01
1.600900000000000000e+04 5.058000000000000274e-01
1.601000000000000000e+04 5.056000000000000494e-01
1.601100000000000000e+04 5.053999999999999604e-01
1.601200000000000000e+04 5.052999999999999714e-01
1.601300000000000000e+04 5.050999999999999934e-01
1.601400000000000000e+04 5.050000000000000044e-01
1.601500000000000000e+04 5.048000000000000265e-01
1.601600000000000000e+04 5.047000000000000375e-01
1.601700000000000000e+04 5.044999999999999485e-01
1.601800000000000000e+04 5.042999999999999705e-01
1.601900000000000000e+04 5.041999999999999815e-01
1.602000000000000000e+04 5.040000000000000036e-01
1.602100000000000000e+04 5.039000000000000146e-01
1.602200000000000000e+04 5.037000000000000366e-01
1.602300000000000000e+04 5.036000000000000476e-01
1.602400000000000000e+04 5.033999999999999586e-01
1.602500000000000000e+04 5.031999999999999806e-01
1.602600000000000000e+04 5.030999999999999917e-01
1.602700000000000000e+04 5.029000000000000137e-01
1.602800000000000000e+04 5.027000000000000357e-01
1.602900000000000000e+04 5.024999999999999467e-01
1.603000000000000000e+04 5.023999999999999577e-01
1.603100000000000000e+04 5.021999999999999797e-01
1.603200000000000000e+04 5.020000000000000018e-01
1.603300000000000000e+04 5.019000000000000128e-01
1.603400000000000000e+04 5.017000000000000348e-01
1.603500000000000000e+04 5.014999999999999458e-01
1.603600000000000000e+04 5.012999999999999678e-01
1.603700000000000000e+04 5.011999999999999789e-01
1.603800000000000000e+04 5.010000000000000009e-01
1.603900000000000000e+04 5.008000000000000229e-01
1.604000000000000000e+04 5.006000000000000449e-01
1.604100000000000000e+04 5.004999999999999449e-01
1.604200000000000000e+04 5.002999999999999670e-01
1.604300000000000000e+04 5.000999999999999890e-01
1.604400000000000000e+04 5.000000000000000000e-01
1.604500000000000000e+04 4.998000000000000220e-01
1.604600000000000000e+04 4.995999999999999885e-01
1.604700000000000000e+04 4.994000000000000106e-01
1.604800000000000000e+04 4.993000000000000216e-01
1.604900000000000000e+04 4.990999999999999881e-01
1.605000000000000000e+04 4.989000000000000101e-01
1.605100000000000000e+04 4.988000000000000211e-01
1.605200000000000000e+04 4.986999999999999766e-01
1.605300000000000000e+04 4.985999999999999877e-01
1.605400000000000000e+04 4.984000000000000097e-01
1.605500000000000000e+04 4.983000000000000207e-01
1.605600000000000000e+04 4.981999999999999762e-01
1.605700000000000000e+04 4.980999999999999872e-01
1.605800000000000000e+04 4.979000000000000092e-01
1.605900000000000000e+04 4.978000000000000203e-01
1.606000000000000000e+04 4.976999999999999758e-01
1.606100000000000000e+04 4.974999999999999978e-01
1.606200000000000000e+04 4.973000000000000198e-01
1.606300000000000000e+04 4.971999999999999753e-01
1.606400000000000000e+04 4.969999999999999973e-01
1.606500000000000000e+04 4.969000000000000083e-01
1.606600000000000000e+04 4.966999999999999749e-01
1.606700000000000000e+04 4.965999999999999859e-01
1.606800000000000000e+04 4.964999999999999969e-01
1.606900000000000000e+04 4.964000000000000079e-01
1.607000000000000000e+04 4.963000000000000189e-01
1.607100000000000000e+04 4.960999999999999854e-01
1.607200000000000000e+04 4.959999999999999964e-01
1.607300000000000000e+04 4.959000000000000075e-01
1.607400000000000000e+04 4.958000000000000185e-01
1.607500000000000000e+04 4.956999999999999740e-01
1.607600000000000000e+04 4.954999999999999960e-01
1.607700000000000000e+04 4.954000000000000070e-01
1.607800000000000000e+04 4.953000000000000180e-01
1.607900000000000000e+04 4.951999999999999735e-01
1.608000000000000000e+04 4.950999999999999845e-01
1.608100000000000000e+04 4.949000000000000066e-01
1.608200000000000000e+04 4.948000000000000176e-01
1.608300000000000000e+04 4.946999999999999731e-01
1.608400000000000000e+04 4.945999999999999841e-01
1.608500000000000000e+04 4.944999999999999951e-01
1.608600000000000000e+04 4.944000000000000061e-01
1.608700000000000000e+04 4.943000000000000171e-01
1.608800000000000000e+04 4.941999999999999726e-01
1.608900000000000000e+04 4.940999999999999837e-01
1.609000000000000000e+04 4.939999999999999947e-01
1.609100000000000000e+04 4.939000000000000057e-01
1.609200000000000000e+04 4.938000000000000167e-01
1.609300000000000000e+04 4.937000000000000277e-01
1.609400000000000000e+04 4.935999999999999832e-01
1.609500000000000000e+04 4.934999999999999942e-01
1.609600000000000000e+04 4.934000000000000052e-01
1.609700000000000000e+04 4.933000000000000163e-01
1.609800000000000000e+04 4.932000000000000273e-01
1.609900000000000000e+04 4.930999999999999828e-01
1.610000000000000000e+04 4.929999999999999938e-01
1.610100000000000000e+04 4.929000000000000048e-01
1.610200000000000000e+04 4.928000000000000158e-01
1.610300000000000000e+04 4.927000000000000268e-01
1.610400000000000000e+04 4.925999999999999823e-01
1.610500000000000000e+04 4.924999999999999933e-01
1.610600000000000000e+04 4.924000000000000044e-01
1.610700000000000000e+04 4.924000000000000044e-01
1.610800000000000000e+04 4.923000000000000154e-01
1.610900000000000000e+04 4.922000000000000264e-01
1.611000000000000000e+04 4.922000000000000264e-01
1.611100000000000000e+04 4.920999999999999819e-01
1.611200000000000000e+04 4.919999999999999929e-01
1.611300000000000000e+04 4.919000000000000039e-01
1.611400000000000000e+04 4.919000000000000039e-01
1.611500000000000000e+04 4.918000000000000149e-01
1.611600000000000000e+04 4.917000000000000259e-01
1.611700000000000000e+04 4.917000000000000259e-01
1.611800000000000000e+04 4.915999999999999814e-01
1.611900000000000000e+04 4.914999999999999925e-01
1.612000000000000000e+04 4.914999999999999925e-01
1.612100000000000000e+04 4.914000000000000035e-01
1.612200000000000000e+04 4.913000000000000145e-01
1.612300000000000000e+04 4.912000000000000255e-01
1.612400000000000000e+04 4.912000000000000255e-01
1.612500000000000000e+04 4.910999999999999810e-01
1.612600000000000000e+04 4.910999999999999810e-01
1.612700000000000000e+04 4.910999999999999810e-01
1.612800000000000000e+04 4.910999999999999810e-01
1.612900000000000000e+04 4.910999999999999810e-01
1.613000000000000000e+04 4.910999999999999810e-01
1.613100000000000000e+04 4.910999999999999810e-01
1.613200000000000000e+04 4.909999999999999920e-01
1.613300000000000000e+04 4.909999999999999920e-01
1.613400000000000000e+04 4.909999999999999920e-01
1.613500000000000000e+04 4.909999999999999920e-01
1.613600000000000000e+04 4.909999999999999920e-01
1.613700000000000000e+04 4.909999999999999920e-01
1.613800000000000000e+04 4.909999999999999920e-01
1.613900000000000000e+04 4.909000000000000030e-01
1.614000000000000000e+04 4.909000000000000030e-01
1.614100000000000000e+04 4.909000000000000030e-01
1.614200000000000000e+04 4.909000000000000030e-01
1.614300000000000000e+04 4.909000000000000030e-01
1.614400000000000000e+04 4.909000000000000030e-01
1.614500000000000000e+04 4.909000000000000030e-01
1.614600000000000000e+04 4.909000000000000030e-01
1.614700000000000000e+04 4.909000000000000030e-01
1.614800000000000000e+04 4.909000000000000030e-01
1.614900000000000000e+04 4.909000000000000030e-01
1.615000000000000000e+04 4.909000000000000030e-01
1.615100000000000000e+04 4.909000000000000030e-01
1.615200000000000000e+04 4.909999999999999920e-01
1.615300000000000000e+04 4.909999999999999920e-01
1.615400000000000000e+04 4.910999999999999810e-01
1.615500000000000000e+04 4.910999999999999810e-01
1.615600000000000000e+04 4.910999999999999810e-01
1.615700000000000000e+04 4.912000000000000255e-01
1.615800000000000000e+04 4.912000000000000255e-01
1.615900000000000000e+04 4.913000000000000145e-01
1.616000000000000000e+04 4.913000000000000145e-01
1.616100000000000000e+04 4.913000000000000145e-01
1.616200000000000000e+04 4.913000000000000145e-01
1.616300000000000000e+04 4.913000000000000145e-01
1.616400000000000000e+04 4.913000000000000145e-01
1.616500000000000000e+04 4.914000000000000035e-01
1.616600000000000000e+04 4.914000000000000035e-01
1.616700000000000000e+04 4.914000000000000035e-01
1.616800000000000000e+04 4.914999999999999925e-01
1.616900000000000000e+04 4.914999999999999925e-01
1.617000000000000000e+04 4.915999999999999814e-01
1.617100000000000000e+04 4.915999999999999814e-01
1.617200000000000000e+04 4.917000000000000259e-01
1.617300000000000000e+04 4.917000000000000259e-01
1.617400000000000000e+04 4.917000000000000259e-01
1.617500000000000000e+04 4.918000000000000149e-01
1.617600000000000000e+04 4.918000000000000149e-01
1.617700000000000000e+04 4.919000000000000039e-01
1.617800000000000000e+04 4.919000000000000039e-01
1.617900000000000000e+04 4.919999999999999929e-01
1.618000000000000000e+04 4.919999999999999929e-01
1.618100000000000000e+04 4.919999999999999929e-01
1.618200000000000000e+04 4.920999999999999819e-01
1.618300000000000000e+04 4.920999999999999819e-01
1.618400000000000000e+04 4.922000000000000264e-01
1.618500000000000000e+04 4.922000000000000264e-01
1.618600000000000000e+04 4.922000000000000264e-01
1.618700000000000000e+04 4.923000000000000154e-01
1.618800000000000000e+04 4.923000000000000154e-01
1.618900000000000000e+04 4.923000000000000154e-01
1.619000000000000000e+04 4.924000000000000044e-01
1.619100000000000000e+04 4.924000000000000044e-01
1.619200000000000000e+04 4.924000000000000044e-01
1.619300000000000000e+04 4.924999999999999933e-01
1.619400000000000000e+04 4.924999999999999933e-01
1.619500000000000000e+04 4.924999999999999933e-01
1.619600000000000000e+04 4.925999999999999823e-01
1.619700000000000000e+04 4.925999999999999823e-01
1.619800000000000000e+04 4.925999999999999823e-01
1.619900000000000000e+04 4.925999999999999823e-01
1.620000000000000000e+04 4.927000000000000268e-01
1.620100000000000000e+04 4.927000000000000268e-01
1.620200000000000000e+04 4.927000000000000268e-01
1.620300000000000000e+04 4.927000000000000268e-01
1.620400000000000000e+04 4.928000000000000158e-01
1.620500000000000000e+04 4.928000000000000158e-01
1.620600000000000000e+04 4.928000000000000158e-01
1.620700000000000000e+04 4.928000000000000158e-01
1.620800000000000000e+04 4.928000000000000158e-01
1.620900000000000000e+04 4.928000000000000158e-01
1.621000000000000000e+04 4.928000000000000158e-01
1.621100000000000000e+04 4.929000000000000048e-01
1.621200000000000000e+04 4.929000000000000048e-01
1.621300000000000000e+04 4.929000000000000048e-01
1.621400000000000000e+04 4.929000000000000048e-01
1.621500000000000000e+04 4.929000000000000048e-01
1.621600000000000000e+04 4.929000000000000048e-01
1.621700000000000000e+04 4.929000000000000048e-01
1.621800000000000000e+04 4.929000000000000048e-01
1.621900000000000000e+04 4.929999999999999938e-01
1.622000000000000000e+04 4.929999999999999938e-01
1.622100000000000000e+04 4.929999999999999938e-01
1.622200000000000000e+04 4.929999999999999938e-01
1.622300000000000000e+04 4.929999999999999938e-01
1.622400000000000000e+04 4.929999999999999938e-01
1.622500000000000000e+04 4.929999999999999938e-01
1.622600000000000000e+04 4.929000000000000048e-01
1.622700000000000000e+04 4.929000000000000048e-01
1.622800000000000000e+04 4.928000000000000158e-01
1.622900000000000000e+04 4.928000000000000158e-01
1.623000000000000000e+04 4.927000000000000268e-01
1.623100000000000000e+04 4.927000000000000268e-01
1.623200000000000000e+04 4.925999999999999823e-01
1.623300000000000000e+04 4.925999999999999823e-01
1.623400000000000000e+04 4.924999999999999933e-01
1.623500000000000000e+04 4.924999999999999933e-01
1.623600000000000000e+04 4.924000000000000044e-01
1.623700000000000000e+04 4.924000000000000044e-01
1.623800000000000000e+04 4.923000000000000154e-01
1.623900000000000000e+04 4.923000000000000154e-01
1.624000000000000000e+04 4.922000000000000264e-01
1.624100000000000000e+04 4.922000000000000264e-01
1.624200000000000000e+04 4.920999999999999819e-01
1.624300000000000000e+04 4.920999999999999819e-01
1.624400000000000000e+04 4.919999999999999929e-01
1.624500000000000000e+04 4.919000000000000039e-01
1.624600000000000000e+04 4.918000000000000149e-01
1.624700000000000000e+04 4.917000000000000259e-01
1.624800000000000000e+04 4.915999999999999814e-01
1.624900000000000000e+04 4.914999999999999925e-01
1.625000000000000000e+04 4.914000000000000035e-01
1.625100000000000000e+04 4.912000000000000255e-01
1.625200000000000000e+04 4.910999999999999810e-01
1.625300000000000000e+04 4.909999999999999920e-01
1.625400000000000000e+04 4.909000000000000030e-01
1.625500000000000000e+04 4.908000000000000140e-01
1.625600000000000000e+04 4.907000000000000250e-01
1.625700000000000000e+04 4.904999999999999916e-01
1.625800000000000000e+04 4.904000000000000026e-01
1.625900000000000000e+04 4.903000000000000136e-01
1.626000000000000000e+04 4.902000000000000246e-01
1.626100000000000000e+04 4.900999999999999801e-01
1.626200000000000000e+04 4.899999999999999911e-01
1.626300000000000000e+04 4.899000000000000021e-01
1.626400000000000000e+04 4.897000000000000242e-01
1.626500000000000000e+04 4.895999999999999797e-01
1.626600000000000000e+04 4.894000000000000017e-01
1.626700000000000000e+04 4.892000000000000237e-01
1.626800000000000000e+04 4.889999999999999902e-01
1.626900000000000000e+04 4.888000000000000123e-01
1.627000000000000000e+04 4.887000000000000233e-01
1.627100000000000000e+04 4.884999999999999898e-01
1.627200000000000000e+04 4.883000000000000118e-01
1.627300000000000000e+04 4.880999999999999783e-01
1.627400000000000000e+04 4.879000000000000004e-01
1.627500000000000000e+04 4.877000000000000224e-01
1.627600000000000000e+04 4.874999999999999889e-01
1.627700000000000000e+04 4.873999999999999999e-01
1.627800000000000000e+04 4.872000000000000219e-01
1.627900000000000000e+04 4.869999999999999885e-01
1.628000000000000000e+04 4.868000000000000105e-01
1.628100000000000000e+04 4.865999999999999770e-01
1.628200000000000000e+04 4.863999999999999990e-01
1.628300000000000000e+04 4.862000000000000210e-01
1.628400000000000000e+04 4.860999999999999766e-01
1.628500000000000000e+04 4.858999999999999986e-01
1.628600000000000000e+04 4.855999999999999761e-01
1.628700000000000000e+04 4.853999999999999981e-01
1.628800000000000000e+04 4.852000000000000202e-01
1.628900000000000000e+04 4.849999999999999867e-01
1.629000000000000000e+04 4.848000000000000087e-01
1.629100000000000000e+04 4.845999999999999752e-01
1.629200000000000000e+04 4.843000000000000083e-01
1.629300000000000000e+04 4.840999999999999748e-01
1.629400000000000000e+04 4.838999999999999968e-01
1.629500000000000000e+04 4.837000000000000188e-01
1.629600000000000000e+04 4.834999999999999853e-01
1.629700000000000000e+04 4.833000000000000074e-01
1.629800000000000000e+04 4.829999999999999849e-01
1.629900000000000000e+04 4.828000000000000069e-01
1.630000000000000000e+04 4.825999999999999734e-01
1.630100000000000000e+04 4.823999999999999955e-01
1.630200000000000000e+04 4.822000000000000175e-01
1.630300000000000000e+04 4.819999999999999840e-01
1.630400000000000000e+04 4.818000000000000060e-01
1.630500000000000000e+04 4.814999999999999836e-01
1.630600000000000000e+04 4.812000000000000166e-01
1.630700000000000000e+04 4.808999999999999941e-01
1.630800000000000000e+04 4.806000000000000272e-01
1.630900000000000000e+04 4.803000000000000047e-01
1.631000000000000000e+04 4.799999999999999822e-01
1.631100000000000000e+04 4.797000000000000153e-01
1.631200000000000000e+04 4.793999999999999928e-01
1.631300000000000000e+04 4.791000000000000258e-01
1.631400000000000000e+04 4.788000000000000034e-01
1.631500000000000000e+04 4.784999999999999809e-01
1.631600000000000000e+04 4.782000000000000139e-01
1.631700000000000000e+04 4.778999999999999915e-01
1.631800000000000000e+04 4.776000000000000245e-01
1.631900000000000000e+04 4.773000000000000020e-01
1.632000000000000000e+04 4.769999999999999796e-01
1.632100000000000000e+04 4.767000000000000126e-01
1.632200000000000000e+04 4.763999999999999901e-01
1.632300000000000000e+04 4.761000000000000232e-01
1.632400000000000000e+04 4.758000000000000007e-01
1.632500000000000000e+04 4.754999999999999782e-01
1.632600000000000000e+04 4.753000000000000003e-01
1.632700000000000000e+04 4.749999999999999778e-01
1.632800000000000000e+04 4.747000000000000108e-01
1.632900000000000000e+04 4.743999999999999884e-01
1.633000000000000000e+04 4.741000000000000214e-01
1.633100000000000000e+04 4.738999999999999879e-01
1.633200000000000000e+04 4.736000000000000210e-01
1.633300000000000000e+04 4.732999999999999985e-01
1.633400000000000000e+04 4.729999999999999760e-01
1.633500000000000000e+04 4.727000000000000091e-01
1.633600000000000000e+04 4.723999999999999866e-01
1.633700000000000000e+04 4.722000000000000086e-01
1.633800000000000000e+04 4.718999999999999861e-01
1.633900000000000000e+04 4.716000000000000192e-01
1.634000000000000000e+04 4.712999999999999967e-01
1.634100000000000000e+04 4.709999999999999742e-01
1.634200000000000000e+04 4.707999999999999963e-01
1.634300000000000000e+04 4.704999999999999738e-01
1.634400000000000000e+04 4.702000000000000068e-01
1.634500000000000000e+04 4.698999999999999844e-01
1.634600000000000000e+04 4.696000000000000174e-01
1.634700000000000000e+04 4.693999999999999839e-01
1.634800000000000000e+04 4.691000000000000170e-01
1.634900000000000000e+04 4.687999999999999945e-01
1.635000000000000000e+04 4.685000000000000275e-01
1.635100000000000000e+04 4.682999999999999940e-01
1.635200000000000000e+04 4.680000000000000271e-01
1.635300000000000000e+04 4.677000000000000046e-01
1.635400000000000000e+04 4.673999999999999821e-01
1.635500000000000000e+04 4.672000000000000042e-01
1.635600000000000000e+04 4.668999999999999817e-01
1.635700000000000000e+04 4.666000000000000147e-01
1.635800000000000000e+04 4.662999999999999923e-01
1.635900000000000000e+04 4.661000000000000143e-01
1.636000000000000000e+04 4.657999999999999918e-01
1.636100000000000000e+04 4.655000000000000249e-01
1.636200000000000000e+04 4.651000000000000134e-01
1.636300000000000000e+04 4.647999999999999909e-01
1.636400000000000000e+04 4.645000000000000240e-01
1.636500000000000000e+04 4.642000000000000015e-01
1.636600000000000000e+04 4.640000000000000235e-01
1.636700000000000000e+04 4.637000000000000011e-01
1.636800000000000000e+04 4.635000000000000231e-01
1.636900000000000000e+04 4.632999999999999896e-01
1.637000000000000000e+04 4.630000000000000226e-01
1.637100000000000000e+04 4.627999999999999892e-01
1.637200000000000000e+04 4.626000000000000112e-01
1.637300000000000000e+04 4.623999999999999777e-01
1.637400000000000000e+04 4.621999999999999997e-01
1.637500000000000000e+04 4.620000000000000218e-01
1.637600000000000000e+04 4.617999999999999883e-01
1.637700000000000000e+04 4.616000000000000103e-01
1.637800000000000000e+04 4.613999999999999768e-01
1.637900000000000000e+04 4.611999999999999988e-01
1.638000000000000000e+04 4.610000000000000209e-01
1.638100000000000000e+04 4.607999999999999874e-01
1.638200000000000000e+04 4.606000000000000094e-01
1.638300000000000000e+04 4.603999999999999759e-01
1.638400000000000000e+04 4.601999999999999980e-01
1.638500000000000000e+04 4.600000000000000200e-01
1.638600000000000000e+04 4.600000000000000200e-01
1.638700000000000000e+04 4.598999999999999755e-01
1.638800000000000000e+04 4.597999999999999865e-01
1.638900000000000000e+04 4.597999999999999865e-01
1.639000000000000000e+04 4.596999999999999975e-01
1.639100000000000000e+04 4.596999999999999975e-01
1.639200000000000000e+04 4.596000000000000085e-01
1.639300000000000000e+04 4.595000000000000195e-01
1.639400000000000000e+04 4.595000000000000195e-01
1.639500000000000000e+04 4.593999999999999750e-01
1.639600000000000000e+04 4.592999999999999861e-01
1.639700000000000000e+04 4.592999999999999861e-01
1.639800000000000000e+04 4.591999999999999971e-01
1.639900000000000000e+04 4.591999999999999971e-01
1.640000000000000000e+04 4.591000000000000081e-01
1.640100000000000000e+04 4.591000000000000081e-01
1.640200000000000000e+04 4.590000000000000191e-01
1.640300000000000000e+04 4.590000000000000191e-01
1.640400000000000000e+04 4.590000000000000191e-01
1.640500000000000000e+04 4.590000000000000191e-01
1.640600000000000000e+04 4.590000000000000191e-01
1.640700000000000000e+04 4.590000000000000191e-01
1.640800000000000000e+04 4.591000000000000081e-01
1.640900000000000000e+04 4.591000000000000081e-01
1.641000000000000000e+04 4.591000000000000081e-01
1.641100000000000000e+04 4.591999999999999971e-01
1.641200000000000000e+04 4.591999999999999971e-01
1.641300000000000000e+04 4.591999999999999971e-01
1.641400000000000000e+04 4.591999999999999971e-01
1.641500000000000000e+04 4.592999999999999861e-01
1.641600000000000000e+04 4.592999999999999861e-01
1.641700000000000000e+04 4.592999999999999861e-01
1.641800000000000000e+04 4.593999999999999750e-01
1.641900000000000000e+04 4.593999999999999750e-01
1.642000000000000000e+04 4.593999999999999750e-01
1.642100000000000000e+04 4.595000000000000195e-01
1.642200000000000000e+04 4.595000000000000195e-01
1.642300000000000000e+04 4.595000000000000195e-01
1.642400000000000000e+04 4.596000000000000085e-01
1.642500000000000000e+04 4.596000000000000085e-01
1.642600000000000000e+04 4.597999999999999865e-01
1.642700000000000000e+04 4.598999999999999755e-01
1.642800000000000000e+04 4.601000000000000090e-01
1.642900000000000000e+04 4.601999999999999980e-01
1.643000000000000000e+04 4.602999999999999869e-01
1.643100000000000000e+04 4.605000000000000204e-01
1.643200000000000000e+04 4.606000000000000094e-01
1.643300000000000000e+04 4.606999999999999984e-01
1.643400000000000000e+04 4.608999999999999764e-01
1.643500000000000000e+04 4.610000000000000209e-01
1.643600000000000000e+04 4.611999999999999988e-01
1.643700000000000000e+04 4.612999999999999878e-01
1.643800000000000000e+04 4.613999999999999768e-01
1.643900000000000000e+04 4.616000000000000103e-01
1.644000000000000000e+04 4.616999999999999993e-01
1.644100000000000000e+04 4.617999999999999883e-01
1.644200000000000000e+04 4.620000000000000218e-01
1.644300000000000000e+04 4.621000000000000107e-01
1.644400000000000000e+04 4.622999999999999887e-01
1.644500000000000000e+04 4.623999999999999777e-01
1.644600000000000000e+04 4.627000000000000002e-01
1.644700000000000000e+04 4.628999999999999782e-01
1.644800000000000000e+04 4.632000000000000006e-01
1.644900000000000000e+04 4.633999999999999786e-01
1.645000000000000000e+04 4.636000000000000121e-01
1.645100000000000000e+04 4.637999999999999901e-01
1.645200000000000000e+04 4.640000000000000235e-01
1.645300000000000000e+04 4.642000000000000015e-01
1.645400000000000000e+04 4.643999999999999795e-01
1.645500000000000000e+04 4.646000000000000130e-01
1.645600000000000000e+04 4.647999999999999909e-01
1.645700000000000000e+04 4.650000000000000244e-01
1.645800000000000000e+04 4.652000000000000024e-01
1.645900000000000000e+04 4.653999999999999804e-01
1.646000000000000000e+04 4.655000000000000249e-01
1.646100000000000000e+04 4.657999999999999918e-01
1.646200000000000000e+04 4.660000000000000253e-01
1.646300000000000000e+04 4.662000000000000033e-01
1.646400000000000000e+04 4.665000000000000258e-01
1.646500000000000000e+04 4.667000000000000037e-01
1.646600000000000000e+04 4.670000000000000262e-01
1.646700000000000000e+04 4.672999999999999932e-01
1.646800000000000000e+04 4.675000000000000266e-01
1.646900000000000000e+04 4.677999999999999936e-01
1.647000000000000000e+04 4.680000000000000271e-01
1.647100000000000000e+04 4.682999999999999940e-01
1.647200000000000000e+04 4.686000000000000165e-01
1.647300000000000000e+04 4.687999999999999945e-01
1.647400000000000000e+04 4.691000000000000170e-01
1.647500000000000000e+04 4.692999999999999949e-01
1.647600000000000000e+04 4.696000000000000174e-01
1.647700000000000000e+04 4.698999999999999844e-01
1.647800000000000000e+04 4.701000000000000179e-01
1.647900000000000000e+04 4.703999999999999848e-01
1.648000000000000000e+04 4.706000000000000183e-01
1.648100000000000000e+04 4.708999999999999853e-01
1.648200000000000000e+04 4.712000000000000077e-01
1.648300000000000000e+04 4.713999999999999857e-01
1.648400000000000000e+04 4.717000000000000082e-01
1.648500000000000000e+04 4.718999999999999861e-01
1.648600000000000000e+04 4.722000000000000086e-01
1.648700000000000000e+04 4.723999999999999866e-01
1.648800000000000000e+04 4.726000000000000201e-01
1.648900000000000000e+04 4.728999999999999870e-01
1.649000000000000000e+04 4.731000000000000205e-01
1.649100000000000000e+04 4.732999999999999985e-01
1.649200000000000000e+04 4.734999999999999765e-01
1.649300000000000000e+04 4.737999999999999989e-01
1.649400000000000000e+04 4.739999999999999769e-01
1.649500000000000000e+04 4.742000000000000104e-01
1.649600000000000000e+04 4.744999999999999774e-01
1.649700000000000000e+04 4.747000000000000108e-01
1.649800000000000000e+04 4.748999999999999888e-01
1.649900000000000000e+04 4.752000000000000113e-01
1.650000000000000000e+04 4.753999999999999893e-01
1.650100000000000000e+04 4.756000000000000227e-01
1.650200000000000000e+04 4.758000000000000007e-01
1.650300000000000000e+04 4.761000000000000232e-01
1.650400000000000000e+04 4.763000000000000012e-01
1.650500000000000000e+04 4.764999999999999791e-01
1.650600000000000000e+04 4.766000000000000236e-01
1.650700000000000000e+04 4.767000000000000126e-01
1.650800000000000000e+04 4.768000000000000016e-01
1.650900000000000000e+04 4.769999999999999796e-01
1.651000000000000000e+04 4.771000000000000241e-01
1.651100000000000000e+04 4.772000000000000131e-01
1.651200000000000000e+04 4.773000000000000020e-01
1.651300000000000000e+04 4.774999999999999800e-01
1.651400000000000000e+04 4.776000000000000245e-01
1.651500000000000000e+04 4.777000000000000135e-01
1.651600000000000000e+04 4.778000000000000025e-01
1.651700000000000000e+04 4.778999999999999915e-01
1.651800000000000000e+04 4.781000000000000250e-01
1.651900000000000000e+04 4.782000000000000139e-01
1.652000000000000000e+04 4.783000000000000029e-01
1.652100000000000000e+04 4.783999999999999919e-01
1.652200000000000000e+04 4.784999999999999809e-01
1.652300000000000000e+04 4.784999999999999809e-01
1.652400000000000000e+04 4.786000000000000254e-01
1.652500000000000000e+04 4.786000000000000254e-01
1.652600000000000000e+04 4.784999999999999809e-01
1.652700000000000000e+04 4.784999999999999809e-01
1.652800000000000000e+04 4.783999999999999919e-01
1.652900000000000000e+04 4.783999999999999919e-01
1.653000000000000000e+04 4.783000000000000029e-01
1.653100000000000000e+04 4.783000000000000029e-01
1.653200000000000000e+04 4.783000000000000029e-01
1.653300000000000000e+04 4.782000000000000139e-01
1.653400000000000000e+04 4.782000000000000139e-01
1.653500000000000000e+04 4.782000000000000139e-01
1.653600000000000000e+04 4.782000000000000139e-01
1.653700000000000000e+04 4.781000000000000250e-01
1.653800000000000000e+04 4.781000000000000250e-01
1.653900000000000000e+04 4.781000000000000250e-01
1.654000000000000000e+04 4.781000000000000250e-01
1.654100000000000000e+04 4.781000000000000250e-01
1.654200000000000000e+04 4.779999999999999805e-01
1.654300000000000000e+04 4.779999999999999805e-01
1.654400000000000000e+04 4.779999999999999805e-01
1.654500000000000000e+04 4.778999999999999915e-01
1.654600000000000000e+04 4.778000000000000025e-01
1.654700000000000000e+04 4.777000000000000135e-01
1.654800000000000000e+04 4.776000000000000245e-01
1.654900000000000000e+04 4.774999999999999800e-01
1.655000000000000000e+04 4.773999999999999910e-01
1.655100000000000000e+04 4.773000000000000020e-01
1.655200000000000000e+04 4.772000000000000131e-01
1.655300000000000000e+04 4.771000000000000241e-01
1.655400000000000000e+04 4.768999999999999906e-01
1.655500000000000000e+04 4.768000000000000016e-01
1.655600000000000000e+04 4.767000000000000126e-01
1.655700000000000000e+04 4.766000000000000236e-01
1.655800000000000000e+04 4.764999999999999791e-01
1.655900000000000000e+04 4.763999999999999901e-01
1.656000000000000000e+04 4.763000000000000012e-01
1.656100000000000000e+04 4.762000000000000122e-01
1.656200000000000000e+04 4.761000000000000232e-01
1.656300000000000000e+04 4.759999999999999787e-01
1.656400000000000000e+04 4.758000000000000007e-01
1.656500000000000000e+04 4.757000000000000117e-01
1.656600000000000000e+04 4.754999999999999782e-01
1.656700000000000000e+04 4.753000000000000003e-01
1.656800000000000000e+04 4.749999999999999778e-01
1.656900000000000000e+04 4.747999999999999998e-01
1.657000000000000000e+04 4.746000000000000218e-01
1.657100000000000000e+04 4.742999999999999994e-01
1.657200000000000000e+04 4.741000000000000214e-01
1.657300000000000000e+04 4.737999999999999989e-01
1.657400000000000000e+04 4.736000000000000210e-01
1.657500000000000000e+04 4.732999999999999985e-01
1.657600000000000000e+04 4.731000000000000205e-01
1.657700000000000000e+04 4.727999999999999980e-01
1.657800000000000000e+04 4.724999999999999756e-01
1.657900000000000000e+04 4.722999999999999976e-01
1.658000000000000000e+04 4.719999999999999751e-01
1.658100000000000000e+04 4.717999999999999972e-01
1.658200000000000000e+04 4.716000000000000192e-01
1.658300000000000000e+04 4.713999999999999857e-01
1.658400000000000000e+04 4.712000000000000077e-01
1.658500000000000000e+04 4.708999999999999853e-01
1.658600000000000000e+04 4.707000000000000073e-01
1.658700000000000000e+04 4.703999999999999848e-01
1.658800000000000000e+04 4.702000000000000068e-01
1.658900000000000000e+04 4.699999999999999734e-01
1.659000000000000000e+04 4.697000000000000064e-01
1.659100000000000000e+04 4.694999999999999729e-01
1.659200000000000000e+04 4.692000000000000060e-01
1.659300000000000000e+04 4.689999999999999725e-01
1.659400000000000000e+04 4.687999999999999945e-01
1.659500000000000000e+04 4.685000000000000275e-01
1.659600000000000000e+04 4.682999999999999940e-01
1.659700000000000000e+04 4.680000000000000271e-01
1.659800000000000000e+04 4.677999999999999936e-01
1.659900000000000000e+04 4.676000000000000156e-01
1.660000000000000000e+04 4.672999999999999932e-01
1.660100000000000000e+04 4.670000000000000262e-01
1.660200000000000000e+04 4.666000000000000147e-01
1.660300000000000000e+04 4.662999999999999923e-01
1.660400000000000000e+04 4.658999999999999808e-01
1.660500000000000000e+04 4.656000000000000139e-01
1.660600000000000000e+04 4.652000000000000024e-01
1.660700000000000000e+04 4.648999999999999799e-01
1.660800000000000000e+04 4.646000000000000130e-01
1.660900000000000000e+04 4.642999999999999905e-01
1.661000000000000000e+04 4.640000000000000235e-01
1.661100000000000000e+04 4.636000000000000121e-01
1.661200000000000000e+04 4.632999999999999896e-01
1.661300000000000000e+04 4.628999999999999782e-01
1.661400000000000000e+04 4.626000000000000112e-01
1.661500000000000000e+04 4.621999999999999997e-01
1.661600000000000000e+04 4.617999999999999883e-01
1.661700000000000000e+04 4.615000000000000213e-01
1.661800000000000000e+04 4.611000000000000099e-01
1.661900000000000000e+04 4.607999999999999874e-01
1.662000000000000000e+04 4.603999999999999759e-01
1.662100000000000000e+04 4.601000000000000090e-01
1.662200000000000000e+04 4.597999999999999865e-01
1.662300000000000000e+04 4.595000000000000195e-01
1.662400000000000000e+04 4.591999999999999971e-01
1.662500000000000000e+04 4.588999999999999746e-01
1.662600000000000000e+04 4.586999999999999966e-01
1.662700000000000000e+04 4.583999999999999742e-01
1.662800000000000000e+04 4.581999999999999962e-01
1.662900000000000000e+04 4.580000000000000182e-01
1.663000000000000000e+04 4.577999999999999847e-01
1.663100000000000000e+04 4.575000000000000178e-01
1.663200000000000000e+04 4.572999999999999843e-01
1.663300000000000000e+04 4.571000000000000063e-01
1.663400000000000000e+04 4.568999999999999728e-01
1.663500000000000000e+04 4.566999999999999948e-01
1.663600000000000000e+04 4.563999999999999724e-01
1.663700000000000000e+04 4.561999999999999944e-01
1.663800000000000000e+04 4.560000000000000164e-01
1.663900000000000000e+04 4.557999999999999829e-01
1.664000000000000000e+04 4.555000000000000160e-01
1.664100000000000000e+04 4.552999999999999825e-01
1.664200000000000000e+04 4.551000000000000045e-01
1.664300000000000000e+04 4.549000000000000266e-01
1.664400000000000000e+04 4.546000000000000041e-01
1.664500000000000000e+04 4.545000000000000151e-01
1.664600000000000000e+04 4.544000000000000261e-01
1.664700000000000000e+04 4.542999999999999816e-01
1.664800000000000000e+04 4.541999999999999926e-01
1.664900000000000000e+04 4.541000000000000036e-01
1.665000000000000000e+04 4.540000000000000147e-01
1.665100000000000000e+04 4.539000000000000257e-01
1.665200000000000000e+04 4.537999999999999812e-01
1.665300000000000000e+04 4.536999999999999922e-01
1.665400000000000000e+04 4.535000000000000142e-01
1.665500000000000000e+04 4.534000000000000252e-01
1.665600000000000000e+04 4.532999999999999807e-01
1.665700000000000000e+04 4.531000000000000028e-01
1.665800000000000000e+04 4.530000000000000138e-01
1.665900000000000000e+04 4.529000000000000248e-01
1.666000000000000000e+04 4.527999999999999803e-01
1.666100000000000000e+04 4.526999999999999913e-01
1.666200000000000000e+04 4.526000000000000023e-01
1.666300000000000000e+04 4.525000000000000133e-01
1.666400000000000000e+04 4.524000000000000243e-01
1.666500000000000000e+04 4.522999999999999798e-01
1.666600000000000000e+04 4.521999999999999909e-01
1.666700000000000000e+04 4.521000000000000019e-01
1.666800000000000000e+04 4.520000000000000129e-01
1.666900000000000000e+04 4.520000000000000129e-01
1.667000000000000000e+04 4.519000000000000239e-01
1.667100000000000000e+04 4.517999999999999794e-01
1.667200000000000000e+04 4.516999999999999904e-01
1.667300000000000000e+04 4.516000000000000014e-01
1.667400000000000000e+04 4.515000000000000124e-01
1.667500000000000000e+04 4.514000000000000234e-01
1.667600000000000000e+04 4.512999999999999790e-01
1.667700000000000000e+04 4.511999999999999900e-01
1.667800000000000000e+04 4.511000000000000010e-01
1.667900000000000000e+04 4.511000000000000010e-01
1.668000000000000000e+04 4.510000000000000120e-01
1.668100000000000000e+04 4.507999999999999785e-01
1.668200000000000000e+04 4.506999999999999895e-01
1.668300000000000000e+04 4.506000000000000005e-01
1.668400000000000000e+04 4.504000000000000226e-01
1.668500000000000000e+04 4.502999999999999781e-01
1.668600000000000000e+04 4.501999999999999891e-01
1.668700000000000000e+04 4.501000000000000001e-01
1.668800000000000000e+04 4.500000000000000111e-01
1.668900000000000000e+04 4.499000000000000221e-01
1.669000000000000000e+04 4.497999999999999776e-01
1.669100000000000000e+04 4.496999999999999886e-01
1.669200000000000000e+04 4.495999999999999996e-01
1.669300000000000000e+04 4.495000000000000107e-01
1.669400000000000000e+04 4.495000000000000107e-01
1.669500000000000000e+04 4.494000000000000217e-01
1.669600000000000000e+04 4.492999999999999772e-01
1.669700000000000000e+04 4.492999999999999772e-01
1.669800000000000000e+04 4.491999999999999882e-01
1.669900000000000000e+04 4.490999999999999992e-01
1.670000000000000000e+04 4.490000000000000102e-01
1.670100000000000000e+04 4.490000000000000102e-01
1.670200000000000000e+04 4.489000000000000212e-01
1.670300000000000000e+04 4.487999999999999767e-01
1.670400000000000000e+04 4.487999999999999767e-01
1.670500000000000000e+04 4.486999999999999877e-01
1.670600000000000000e+04 4.485000000000000098e-01
1.670700000000000000e+04 4.482999999999999763e-01
1.670800000000000000e+04 4.481999999999999873e-01
1.670900000000000000e+04 4.480000000000000093e-01
1.671000000000000000e+04 4.477999999999999758e-01
1.671100000000000000e+04 4.475999999999999979e-01
1.671200000000000000e+04 4.474000000000000199e-01
1.671300000000000000e+04 4.471999999999999864e-01
1.671400000000000000e+04 4.470000000000000084e-01
1.671500000000000000e+04 4.467999999999999750e-01
1.671600000000000000e+04 4.465999999999999970e-01
1.671700000000000000e+04 4.464000000000000190e-01
1.671800000000000000e+04 4.461999999999999855e-01
1.671900000000000000e+04 4.460000000000000075e-01
1.672000000000000000e+04 4.457999999999999741e-01
1.672100000000000000e+04 4.456999999999999851e-01
1.672200000000000000e+04 4.455000000000000071e-01
1.672300000000000000e+04 4.452999999999999736e-01
1.672400000000000000e+04 4.451999999999999846e-01
1.672500000000000000e+04 4.449000000000000177e-01
1.672600000000000000e+04 4.445999999999999952e-01
1.672700000000000000e+04 4.441999999999999837e-01
1.672800000000000000e+04 4.439000000000000168e-01
1.672900000000000000e+04 4.435000000000000053e-01
1.673000000000000000e+04 4.431999999999999829e-01
1.673100000000000000e+04 4.428000000000000269e-01
1.673200000000000000e+04 4.425000000000000044e-01
1.673300000000000000e+04 4.420999999999999930e-01
1.673400000000000000e+04 4.418000000000000260e-01
1.673500000000000000e+04 4.414000000000000146e-01
1.673600000000000000e+04 4.410999999999999921e-01
1.673700000000000000e+04 4.406999999999999806e-01
1.673800000000000000e+04 4.404000000000000137e-01
1.673900000000000000e+04 4.400000000000000022e-01
1.674000000000000000e+04 4.395999999999999908e-01
1.674100000000000000e+04 4.393000000000000238e-01
1.674200000000000000e+04 4.389000000000000123e-01
1.674300000000000000e+04 4.385000000000000009e-01
1.674400000000000000e+04 4.380999999999999894e-01
1.674500000000000000e+04 4.375999999999999890e-01
1.674600000000000000e+04 4.370999999999999885e-01
1.674700000000000000e+04 4.364999999999999991e-01
1.674800000000000000e+04 4.359999999999999987e-01
1.674900000000000000e+04 4.354000000000000092e-01
1.675000000000000000e+04 4.349000000000000088e-01
1.675100000000000000e+04 4.344000000000000083e-01
1.675200000000000000e+04 4.338000000000000189e-01
1.675300000000000000e+04 4.333000000000000185e-01
1.675400000000000000e+04 4.328000000000000180e-01
1.675500000000000000e+04 4.323000000000000176e-01
1.675600000000000000e+04 4.318000000000000171e-01
1.675700000000000000e+04 4.313000000000000167e-01
1.675800000000000000e+04 4.308000000000000163e-01
1.675900000000000000e+04 4.303000000000000158e-01
1.676000000000000000e+04 4.298000000000000154e-01
1.676100000000000000e+04 4.293000000000000149e-01
1.676200000000000000e+04 4.288000000000000145e-01
1.676300000000000000e+04 4.282000000000000250e-01
1.676400000000000000e+04 4.277000000000000246e-01
1.676500000000000000e+04 4.272000000000000242e-01
1.676600000000000000e+04 4.267000000000000237e-01
1.676700000000000000e+04 4.260999999999999788e-01
1.676800000000000000e+04 4.255999999999999783e-01
1.676900000000000000e+04 4.249999999999999889e-01
1.677000000000000000e+04 4.244999999999999885e-01
1.677100000000000000e+04 4.238999999999999990e-01
1.677200000000000000e+04 4.233000000000000096e-01
1.677300000000000000e+04 4.227000000000000202e-01
1.677400000000000000e+04 4.222000000000000197e-01
1.677500000000000000e+04 4.215999999999999748e-01
1.677600000000000000e+04 4.209999999999999853e-01
1.677700000000000000e+04 4.203999999999999959e-01
1.677800000000000000e+04 4.198000000000000065e-01
1.677900000000000000e+04 4.192000000000000171e-01
1.678000000000000000e+04 4.187000000000000166e-01
1.678100000000000000e+04 4.181000000000000272e-01
1.678200000000000000e+04 4.176000000000000267e-01
1.678300000000000000e+04 4.169999999999999818e-01
1.678400000000000000e+04 4.164999999999999813e-01
1.678500000000000000e+04 4.159999999999999809e-01
1.678600000000000000e+04 4.156000000000000250e-01
1.678700000000000000e+04 4.152000000000000135e-01
1.678800000000000000e+04 4.148000000000000020e-01
1.678900000000000000e+04 4.143999999999999906e-01
1.679000000000000000e+04 4.139999999999999791e-01
1.679100000000000000e+04 4.134999999999999787e-01
1.679200000000000000e+04 4.131000000000000227e-01
1.679300000000000000e+04 4.126000000000000223e-01
1.679400000000000000e+04 4.122000000000000108e-01
1.679500000000000000e+04 4.117000000000000104e-01
1.679600000000000000e+04 4.112999999999999989e-01
1.679700000000000000e+04 4.107999999999999985e-01
1.679800000000000000e+04 4.103999999999999870e-01
1.679900000000000000e+04 4.098999999999999866e-01
1.680000000000000000e+04 4.094999999999999751e-01
1.680100000000000000e+04 4.091000000000000192e-01
1.680200000000000000e+04 4.086000000000000187e-01
1.680300000000000000e+04 4.082000000000000073e-01
1.680400000000000000e+04 4.077999999999999958e-01
1.680500000000000000e+04 4.073999999999999844e-01
1.680600000000000000e+04 4.068999999999999839e-01
1.680700000000000000e+04 4.063999999999999835e-01
1.680800000000000000e+04 4.058999999999999830e-01
1.680900000000000000e+04 4.055000000000000271e-01
1.681000000000000000e+04 4.050000000000000266e-01
1.681100000000000000e+04 4.045000000000000262e-01
1.681200000000000000e+04 4.040000000000000258e-01
1.681300000000000000e+04 4.035000000000000253e-01
1.681400000000000000e+04 4.030000000000000249e-01
1.681500000000000000e+04 4.026000000000000134e-01
1.681600000000000000e+04 4.021000000000000130e-01
1.681700000000000000e+04 4.016000000000000125e-01
1.681800000000000000e+04 4.011000000000000121e-01
1.681900000000000000e+04 4.006000000000000116e-01
1.682000000000000000e+04 4.001000000000000112e-01
1.682100000000000000e+04 3.996000000000000107e-01
1.682200000000000000e+04 3.991000000000000103e-01
1.682300000000000000e+04 3.986000000000000099e-01
1.682400000000000000e+04 3.981000000000000094e-01
1.682500000000000000e+04 3.971999999999999975e-01
1.682600000000000000e+04 3.958999999999999742e-01
1.682700000000000000e+04 3.945000000000000173e-01
1.682800000000000000e+04 3.931999999999999940e-01
1.682900000000000000e+04 3.917999999999999816e-01
1.683000000000000000e+04 3.905000000000000138e-01
1.683100000000000000e+04 3.891999999999999904e-01
1.683200000000000000e+04 3.879000000000000226e-01
1.683300000000000000e+04 3.865999999999999992e-01
1.683400000000000000e+04 3.852999999999999758e-01
1.683500000000000000e+04 3.840000000000000080e-01
1.683600000000000000e+04 3.826999999999999846e-01
1.683700000000000000e+04 3.814000000000000168e-01
1.683800000000000000e+04 3.800999999999999934e-01
1.683900000000000000e+04 3.788000000000000256e-01
1.684000000000000000e+04 3.775000000000000022e-01
1.684100000000000000e+04 3.760999999999999899e-01
1.684200000000000000e+04 3.748000000000000220e-01
1.684300000000000000e+04 3.734999999999999987e-01
1.684400000000000000e+04 3.720999999999999863e-01
1.684500000000000000e+04 3.699999999999999956e-01
1.684600000000000000e+04 3.665999999999999814e-01
1.684700000000000000e+04 3.633000000000000118e-01
1.684800000000000000e+04 3.598999999999999977e-01
1.684900000000000000e+04 3.564999999999999836e-01
1.685000000000000000e+04 3.532000000000000139e-01
1.685100000000000000e+04 3.498999999999999888e-01
1.685200000000000000e+04 3.464999999999999747e-01
1.685300000000000000e+04 3.432000000000000051e-01
1.685400000000000000e+04 3.398999999999999799e-01
1.685500000000000000e+04 3.366000000000000103e-01
1.685600000000000000e+04 3.332999999999999852e-01
1.685700000000000000e+04 3.300000000000000155e-01
1.685800000000000000e+04 3.266999999999999904e-01
1.685900000000000000e+04 3.234000000000000208e-01
1.686000000000000000e+04 3.200999999999999956e-01
1.686100000000000000e+04 3.166999999999999815e-01
1.686200000000000000e+04 3.134000000000000119e-01
1.686300000000000000e+04 3.100999999999999868e-01
1.686400000000000000e+04 3.068000000000000171e-01
1.686500000000000000e+04 3.027000000000000246e-01
1.686600000000000000e+04 2.974999999999999867e-01
1.686700000000000000e+04 2.923000000000000043e-01
1.686800000000000000e+04 2.871000000000000218e-01
1.686900000000000000e+04 2.818999999999999839e-01
1.687000000000000000e+04 2.767000000000000015e-01
1.687100000000000000e+04 2.715000000000000191e-01
1.687200000000000000e+04 2.662999999999999812e-01
1.687300000000000000e+04 2.611999999999999877e-01
1.687400000000000000e+04 2.560000000000000053e-01
1.687500000000000000e+04 2.509000000000000119e-01
1.687600000000000000e+04 2.457000000000000017e-01
1.687700000000000000e+04 2.406000000000000083e-01
1.687800000000000000e+04 2.353999999999999981e-01
1.687900000000000000e+04 2.303000000000000047e-01
1.688000000000000000e+04 2.250999999999999945e-01
1.688100000000000000e+04 2.200000000000000011e-01
1.688200000000000000e+04 2.149000000000000077e-01
1.688300000000000000e+04 2.096999999999999975e-01
1.688400000000000000e+04 2.046000000000000041e-01
1.688500000000000000e+04 1.996999999999999886e-01
1.688600000000000000e+04 1.950999999999999956e-01
1.688700000000000000e+04 1.905000000000000027e-01
1.688800000000000000e+04 1.859000000000000097e-01
1.688900000000000000e+04 1.812999999999999889e-01
1.689000000000000000e+04 1.768000000000000127e-01
1.689100000000000000e+04 1.721999999999999920e-01
1.689200000000000000e+04 1.675999999999999990e-01
1.689300000000000000e+04 1.630000000000000060e-01
1.689400000000000000e+04 1.584000000000000130e-01
1.689500000000000000e+04 1.537999999999999923e-01
1.689600000000000000e+04 1.492999999999999883e-01
1.689700000000000000e+04 1.446999999999999953e-01
1.689800000000000000e+04 1.401000000000000023e-01
1.689900000000000000e+04 1.355999999999999983e-01
1.690000000000000000e+04 1.310000000000000053e-01
1.690100000000000000e+04 1.264000000000000123e-01
1.690200000000000000e+04 1.218999999999999945e-01
1.690300000000000000e+04 1.174000000000000044e-01
1.690400000000000000e+04 1.127999999999999975e-01
1.690500000000000000e+04 1.089999999999999997e-01
1.690600000000000000e+04 1.062000000000000027e-01
1.690700000000000000e+04 1.034999999999999948e-01
1.690800000000000000e+04 1.008000000000000007e-01
1.690900000000000000e+04 9.803000000000000602e-02
1.691000000000000000e+04 9.529999999999999583e-02
1.691100000000000000e+04 9.254999999999999338e-02
1.691200000000000000e+04 8.981000000000000094e-02
1.691300000000000000e+04 8.708000000000000462e-02
1.691400000000000000e+04 8.433999999999999830e-02
1.691500000000000000e+04 8.161000000000000199e-02
1.691600000000000000e+04 7.888000000000000567e-02
1.691700000000000000e+04 7.614999999999999547e-02
1.691800000000000000e+04 7.341999999999999915e-02
1.691900000000000000e+04 7.069999999999999896e-02
1.692000000000000000e+04 6.797999999999999876e-02
1.692100000000000000e+04 6.525999999999999857e-02
1.692200000000000000e+04 6.254999999999999449e-02
1.692300000000000000e+04 5.983999999999999736e-02
1.692400000000000000e+04 5.713000000000000023e-02
1.692500000000000000e+04 5.492999999999999966e-02
1.692600000000000000e+04 5.353999999999999732e-02
1.692700000000000000e+04 5.215999999999999803e-02
1.692800000000000000e+04 5.077999999999999875e-02
1.692900000000000000e+04 4.939999999999999947e-02
1.693000000000000000e+04 4.802000000000000018e-02
1.693100000000000000e+04 4.662999999999999784e-02
1.693200000000000000e+04 4.524999999999999856e-02
1.693300000000000000e+04 4.386999999999999927e-02
1.693400000000000000e+04 4.248999999999999999e-02
1.693500000000000000e+04 4.111000000000000071e-02
1.693600000000000000e+04 3.973000000000000143e-02
1.693700000000000000e+04 3.835999999999999827e-02
1.693800000000000000e+04 3.697999999999999898e-02
1.693900000000000000e+04 3.561000000000000276e-02
1.694000000000000000e+04 3.422999999999999654e-02
1.694100000000000000e+04 3.287000000000000338e-02
1.694200000000000000e+04 3.150000000000000022e-02
1.694300000000000000e+04 3.013000000000000053e-02
1.694400000000000000e+04 2.876000000000000084e-02
1.694500000000000000e+04 2.766000000000000056e-02
1.694600000000000000e+04 2.699000000000000010e-02
1.694700000000000000e+04 2.631999999999999965e-02
1.694800000000000000e+04 2.564999999999999919e-02
1.694900000000000000e+04 2.497999999999999873e-02
1.695000000000000000e+04 2.432000000000000134e-02
1.695100000000000000e+04 2.365000000000000088e-02
1.695200000000000000e+04 2.298000000000000043e-02
1.695300000000000000e+04 2.230999999999999997e-02
1.695400000000000000e+04 2.163999999999999951e-02
1.695500000000000000e+04 2.097999999999999865e-02
1.695600000000000000e+04 2.031000000000000166e-02
1.695700000000000000e+04 1.964000000000000121e-02
1.695800000000000000e+04 1.898000000000000034e-02
1.695900000000000000e+04 1.830999999999999989e-02
1.696000000000000000e+04 1.764999999999999902e-02
1.696100000000000000e+04 1.697999999999999857e-02
1.696200000000000000e+04 1.632000000000000117e-02
1.696300000000000000e+04 1.566000000000000031e-02
1.696400000000000000e+04 1.499999999999999944e-02
1.696500000000000000e+04 1.446000000000000063e-02
1.696600000000000000e+04 1.413000000000000020e-02
1.696700000000000000e+04 1.379999999999999977e-02
1.696800000000000000e+04 1.346999999999999933e-02
1.696900000000000000e+04 1.315000000000000023e-02
1.697000000000000000e+04 1.281999999999999980e-02
1.697100000000000000e+04 1.248999999999999937e-02
1.697200000000000000e+04 1.217000000000000026e-02
1.697300000000000000e+04 1.183999999999999983e-02
1.697400000000000000e+04 1.152000000000000073e-02
1.697500000000000000e+04 1.119000000000000029e-02
1.697600000000000000e+04 1.086999999999999945e-02
1.697700000000000000e+04 1.054000000000000076e-02
1.697800000000000000e+04 1.021999999999999992e-02
1.697900000000000000e+04 9.896000000000000282e-03
1.698000000000000000e+04 9.572000000000000647e-03
1.698100000000000000e+04 9.247999999999999277e-03
1.698200000000000000e+04 8.923999999999999641e-03
1.698300000000000000e+04 8.600000000000000006e-03
1.698400000000000000e+04 8.276000000000000370e-03
1.698500000000000000e+04 8.005999999999999228e-03
1.698600000000000000e+04 7.832000000000000420e-03
1.698700000000000000e+04 7.656999999999999744e-03
1.698800000000000000e+04 7.481999999999999935e-03
1.698900000000000000e+04 7.308000000000000260e-03
1.699000000000000000e+04 7.133999999999999717e-03
1.699100000000000000e+04 6.960000000000000041e-03
1.699200000000000000e+04 6.786999999999999630e-03
1.699300000000000000e+04 6.614000000000000087e-03
1.699400000000000000e+04 6.440999999999999677e-03
1.699500000000000000e+04 6.268000000000000134e-03
1.699600000000000000e+04 6.093999999999999591e-03
1.699700000000000000e+04 5.922000000000000181e-03
1.699800000000000000e+04 5.748999999999999770e-03
1.699900000000000000e+04 5.577000000000000360e-03
1.700000000000000000e+04 5.403999999999999949e-03
