4.528000000000000000e+03 4.748759999999999914e-06
4.529000000000000000e+03 4.807450000000000025e-06
4.530000000000000000e+03 4.866149999999999988e-06
4.531000000000000000e+03 4.924239999999999630e-06
4.532000000000000000e+03 4.982330000000000119e-06
4.533000000000000000e+03 5.040390000000000204e-06
4.534000000000000000e+03 5.098439999999999588e-06
4.535000000000000000e+03 5.156479999999999968e-06
4.536000000000000000e+03 5.214509999999999648e-06
4.537000000000000000e+03 5.272509999999999770e-06
4.538000000000000000e+03 5.330500000000000040e-06
4.539000000000000000e+03 5.388490000000000310e-06
4.540000000000000000e+03 5.446469999999999880e-06
4.541000000000000000e+03 5.504690000000000146e-06
4.542000000000000000e+03 5.562939999999999969e-06
4.543000000000000000e+03 5.621170000000000088e-06
4.544000000000000000e+03 5.679379999999999654e-06
4.545000000000000000e+03 5.737590000000000067e-06
4.546000000000000000e+03 5.795779999999999929e-06
4.547000000000000000e+03 5.853979999999999643e-06
4.548000000000000000e+03 5.912159999999999651e-06
4.549000000000000000e+03 5.970350000000000360e-06
4.550000000000000000e+03 6.028509999999999816e-06
4.551000000000000000e+03 6.085959999999999580e-06
4.552000000000000000e+03 6.143389999999999638e-06
4.553000000000000000e+03 6.200799999999999991e-06
4.554000000000000000e+03 6.258189999999999792e-06
4.555000000000000000e+03 6.315559999999999889e-06
4.556000000000000000e+03 6.372899999999999580e-06
4.557000000000000000e+03 6.430230000000000266e-06
4.558000000000000000e+03 6.487529999999999701e-06
4.559000000000000000e+03 6.544810000000000277e-06
4.560000000000000000e+03 6.602070000000000302e-06
4.561000000000000000e+03 1.699600000000000126e-05
4.562000000000000000e+03 2.738969999999999968e-05
4.563000000000000000e+03 3.778310000000000083e-05
4.564000000000000000e+03 4.817630000000000154e-05
4.565000000000000000e+03 5.856910000000000138e-05
4.566000000000000000e+03 6.896170000000000078e-05
4.567000000000000000e+03 7.935410000000000651e-05
4.568000000000000000e+03 8.974600000000000437e-05
4.569000000000000000e+03 1.001379999999999957e-04
4.570000000000000000e+03 1.105289999999999983e-04
4.571000000000000000e+03 1.209069999999999996e-04
4.572000000000000000e+03 1.312829999999999965e-04
4.573000000000000000e+03 1.416559999999999868e-04
4.574000000000000000e+03 1.520260000000000112e-04
4.575000000000000000e+03 1.623940000000000041e-04
4.576000000000000000e+03 1.727590000000000039e-04
4.577000000000000000e+03 1.831219999999999994e-04
4.578000000000000000e+03 1.934820000000000019e-04
4.579000000000000000e+03 2.038399999999999999e-04
4.580000000000000000e+03 2.141939999999999892e-04
4.581000000000000000e+03 2.245430000000000082e-04
4.582000000000000000e+03 2.348879999999999913e-04
4.583000000000000000e+03 2.452309999999999972e-04
4.584000000000000000e+03 2.555710000000000100e-04
4.585000000000000000e+03 2.659079999999999755e-04
4.586000000000000000e+03 2.762420000000000023e-04
4.587000000000000000e+03 2.865729999999999818e-04
4.588000000000000000e+03 2.969000000000000068e-04
4.589000000000000000e+03 3.072260000000000160e-04
4.590000000000000000e+03 3.175470000000000007e-04
4.591000000000000000e+03 3.279080000000000189e-04
4.592000000000000000e+03 3.382689999999999829e-04
4.593000000000000000e+03 3.486300000000000011e-04
4.594000000000000000e+03 3.589889999999999878e-04
4.595000000000000000e+03 3.693500000000000060e-04
4.596000000000000000e+03 3.797089999999999927e-04
4.597000000000000000e+03 3.900679999999999794e-04
4.598000000000000000e+03 4.004270000000000203e-04
4.599000000000000000e+03 4.107849999999999913e-04
4.600000000000000000e+03 4.211439999999999780e-04
4.601000000000000000e+03 5.278200000000000253e-04
4.602000000000000000e+03 6.344799999999999832e-04
4.603000000000000000e+03 7.411219999999999830e-04
4.604000000000000000e+03 8.477470000000000405e-04
4.605000000000000000e+03 9.543559999999999544e-04
4.606000000000000000e+03 1.060949999999999957e-03
4.607000000000000000e+03 1.167520000000000016e-03
4.608000000000000000e+03 1.274079999999999917e-03
4.609000000000000000e+03 1.380619999999999938e-03
4.610000000000000000e+03 1.487150000000000017e-03
4.611000000000000000e+03 1.593550000000000001e-03
4.612000000000000000e+03 1.699910000000000006e-03
4.613000000000000000e+03 1.806249999999999913e-03
4.614000000000000000e+03 1.912559999999999998e-03
4.615000000000000000e+03 2.018840000000000044e-03
4.616000000000000000e+03 2.125080000000000111e-03
4.617000000000000000e+03 2.231289999999999923e-03
4.618000000000000000e+03 2.337479999999999853e-03
4.619000000000000000e+03 2.443630000000000021e-03
4.620000000000000000e+03 2.549749999999999933e-03
4.621000000000000000e+03 2.926279999999999853e-03
4.622000000000000000e+03 3.302799999999999833e-03
4.623000000000000000e+03 3.679330000000000187e-03
4.624000000000000000e+03 4.055849999999999733e-03
4.625000000000000000e+03 4.432359999999999772e-03
4.626000000000000000e+03 4.808879999999999752e-03
4.627000000000000000e+03 5.185369999999999910e-03
4.628000000000000000e+03 5.561860000000000068e-03
4.629000000000000000e+03 5.938370000000000107e-03
4.630000000000000000e+03 6.314860000000000265e-03
4.631000000000000000e+03 6.473979999999999839e-03
4.632000000000000000e+03 6.633080000000000399e-03
4.633000000000000000e+03 6.792109999999999641e-03
4.634000000000000000e+03 6.951139999999999750e-03
4.635000000000000000e+03 7.110120000000000155e-03
4.636000000000000000e+03 7.269030000000000109e-03
4.637000000000000000e+03 7.427930000000000123e-03
4.638000000000000000e+03 7.586780000000000433e-03
4.639000000000000000e+03 7.745580000000000173e-03
4.640000000000000000e+03 7.904370000000000840e-03
4.641000000000000000e+03 8.756069999999999479e-03
4.642000000000000000e+03 9.607630000000000683e-03
4.643000000000000000e+03 1.045910000000000069e-02
4.644000000000000000e+03 1.131039999999999997e-02
4.645000000000000000e+03 1.216159999999999984e-02
4.646000000000000000e+03 1.301259999999999917e-02
4.647000000000000000e+03 1.386350000000000082e-02
4.648000000000000000e+03 1.471429999999999960e-02
4.649000000000000000e+03 1.556500000000000071e-02
4.650000000000000000e+03 1.641549999999999954e-02
4.651000000000000000e+03 1.896700000000000122e-02
4.652000000000000000e+03 2.151830000000000062e-02
4.653000000000000000e+03 2.406929999999999834e-02
4.654000000000000000e+03 2.661989999999999842e-02
4.655000000000000000e+03 2.917029999999999970e-02
4.656000000000000000e+03 3.172029999999999988e-02
4.657000000000000000e+03 3.427000000000000185e-02
4.658000000000000000e+03 3.681940000000000213e-02
4.659000000000000000e+03 3.936850000000000072e-02
4.660000000000000000e+03 4.191729999999999762e-02
4.661000000000000000e+03 4.246930000000000149e-02
4.662000000000000000e+03 4.302109999999999962e-02
4.663000000000000000e+03 4.357289999999999774e-02
4.664000000000000000e+03 4.412470000000000281e-02
4.665000000000000000e+03 4.467650000000000093e-02
4.666000000000000000e+03 4.522829999999999906e-02
4.667000000000000000e+03 4.577989999999999837e-02
4.668000000000000000e+03 4.633149999999999769e-02
4.669000000000000000e+03 4.688309999999999700e-02
4.670000000000000000e+03 4.743470000000000325e-02
4.671000000000000000e+03 4.778709999999999902e-02
4.672000000000000000e+03 4.813939999999999886e-02
4.673000000000000000e+03 4.849169999999999869e-02
4.674000000000000000e+03 4.884379999999999972e-02
4.675000000000000000e+03 4.919599999999999668e-02
4.676000000000000000e+03 4.954820000000000058e-02
4.677000000000000000e+03 4.990019999999999872e-02
4.678000000000000000e+03 5.025240000000000262e-02
4.679000000000000000e+03 5.060420000000000196e-02
4.680000000000000000e+03 5.095620000000000011e-02
4.681000000000000000e+03 5.570769999999999889e-02
4.682000000000000000e+03 6.045899999999999885e-02
4.683000000000000000e+03 6.520969999999999545e-02
4.684000000000000000e+03 6.995959999999999679e-02
4.685000000000000000e+03 7.470930000000000626e-02
4.686000000000000000e+03 7.945829999999999560e-02
4.687000000000000000e+03 8.420679999999999832e-02
4.688000000000000000e+03 8.895490000000000341e-02
4.689000000000000000e+03 9.370240000000000513e-02
4.690000000000000000e+03 9.844940000000000635e-02
4.691000000000000000e+03 1.012770000000000059e-01
4.692000000000000000e+03 1.041050000000000031e-01
4.693000000000000000e+03 1.069319999999999993e-01
4.694000000000000000e+03 1.097589999999999955e-01
4.695000000000000000e+03 1.125860000000000055e-01
4.696000000000000000e+03 1.154120000000000007e-01
4.697000000000000000e+03 1.182389999999999969e-01
4.698000000000000000e+03 1.210650000000000059e-01
4.699000000000000000e+03 1.238900000000000001e-01
4.700000000000000000e+03 1.267149999999999943e-01
4.701000000000000000e+03 1.242999999999999938e-01
4.702000000000000000e+03 1.218849999999999933e-01
4.703000000000000000e+03 1.194690000000000057e-01
4.704000000000000000e+03 1.170540000000000053e-01
4.705000000000000000e+03 1.146390000000000048e-01
4.706000000000000000e+03 1.122230000000000033e-01
4.707000000000000000e+03 1.098080000000000028e-01
4.708000000000000000e+03 1.073930000000000023e-01
4.709000000000000000e+03 1.049770000000000009e-01
4.710000000000000000e+03 1.025620000000000004e-01
4.711000000000000000e+03 1.048589999999999939e-01
4.712000000000000000e+03 1.071570000000000022e-01
4.713000000000000000e+03 1.094529999999999947e-01
4.714000000000000000e+03 1.117490000000000011e-01
4.715000000000000000e+03 1.140440000000000065e-01
4.716000000000000000e+03 1.163379999999999970e-01
4.717000000000000000e+03 1.186310000000000003e-01
4.718000000000000000e+03 1.209230000000000027e-01
4.719000000000000000e+03 1.232150000000000051e-01
4.720000000000000000e+03 1.255070000000000074e-01
4.721000000000000000e+03 1.325500000000000012e-01
4.722000000000000000e+03 1.395939999999999959e-01
4.723000000000000000e+03 1.466379999999999906e-01
4.724000000000000000e+03 1.536810000000000120e-01
4.725000000000000000e+03 1.607240000000000058e-01
4.726000000000000000e+03 1.677659999999999985e-01
4.727000000000000000e+03 1.748079999999999912e-01
4.728000000000000000e+03 1.818500000000000116e-01
4.729000000000000000e+03 1.888920000000000043e-01
4.730000000000000000e+03 1.959339999999999971e-01
4.731000000000000000e+03 1.956140000000000101e-01
4.732000000000000000e+03 1.952939999999999954e-01
4.733000000000000000e+03 1.949740000000000084e-01
4.734000000000000000e+03 1.946549999999999947e-01
4.735000000000000000e+03 1.943350000000000077e-01
4.736000000000000000e+03 1.940159999999999940e-01
4.737000000000000000e+03 1.936960000000000071e-01
4.738000000000000000e+03 1.933769999999999933e-01
4.739000000000000000e+03 1.930570000000000064e-01
4.740000000000000000e+03 1.927369999999999917e-01
4.741000000000000000e+03 1.896690000000000043e-01
4.742000000000000000e+03 1.866019999999999901e-01
4.743000000000000000e+03 1.835350000000000037e-01
4.744000000000000000e+03 1.804689999999999905e-01
4.745000000000000000e+03 1.774030000000000051e-01
4.746000000000000000e+03 1.743389999999999940e-01
4.747000000000000000e+03 1.712750000000000106e-01
4.748000000000000000e+03 1.682120000000000004e-01
4.749000000000000000e+03 1.651489999999999903e-01
4.750000000000000000e+03 1.620870000000000088e-01
4.751000000000000000e+03 1.660389999999999922e-01
4.752000000000000000e+03 1.699900000000000022e-01
4.753000000000000000e+03 1.739420000000000133e-01
4.754000000000000000e+03 1.778939999999999966e-01
4.755000000000000000e+03 1.818460000000000076e-01
4.756000000000000000e+03 1.857979999999999909e-01
4.757000000000000000e+03 1.897510000000000030e-01
4.758000000000000000e+03 1.937029999999999863e-01
4.759000000000000000e+03 1.976569999999999994e-01
4.760000000000000000e+03 2.016100000000000114e-01
4.761000000000000000e+03 2.096850000000000103e-01
4.762000000000000000e+03 2.177590000000000081e-01
4.763000000000000000e+03 2.258320000000000050e-01
4.764000000000000000e+03 2.339040000000000008e-01
4.765000000000000000e+03 2.419749999999999956e-01
4.766000000000000000e+03 2.500459999999999905e-01
4.767000000000000000e+03 2.581149999999999833e-01
4.768000000000000000e+03 2.661830000000000029e-01
4.769000000000000000e+03 2.742510000000000225e-01
4.770000000000000000e+03 2.823169999999999846e-01
4.771000000000000000e+03 2.806040000000000201e-01
4.772000000000000000e+03 2.788930000000000020e-01
4.773000000000000000e+03 2.771799999999999820e-01
4.774000000000000000e+03 2.754679999999999906e-01
4.775000000000000000e+03 2.737550000000000261e-01
4.776000000000000000e+03 2.720429999999999793e-01
4.777000000000000000e+03 2.703300000000000147e-01
4.778000000000000000e+03 2.686180000000000234e-01
4.779000000000000000e+03 2.669050000000000034e-01
4.780000000000000000e+03 2.651919999999999833e-01
4.781000000000000000e+03 2.610210000000000030e-01
4.782000000000000000e+03 2.568500000000000227e-01
4.783000000000000000e+03 2.526800000000000157e-01
4.784000000000000000e+03 2.485100000000000087e-01
4.785000000000000000e+03 2.443410000000000026e-01
4.786000000000000000e+03 2.401729999999999976e-01
4.787000000000000000e+03 2.360039999999999916e-01
4.788000000000000000e+03 2.318369999999999875e-01
4.789000000000000000e+03 2.276700000000000113e-01
4.790000000000000000e+03 2.235030000000000072e-01
4.791000000000000000e+03 2.270790000000000031e-01
4.792000000000000000e+03 2.306539999999999979e-01
4.793000000000000000e+03 2.342279999999999918e-01
4.794000000000000000e+03 2.378029999999999866e-01
4.795000000000000000e+03 2.413760000000000072e-01
4.796000000000000000e+03 2.449500000000000011e-01
4.797000000000000000e+03 2.485239999999999949e-01
4.798000000000000000e+03 2.520970000000000155e-01
4.799000000000000000e+03 2.556700000000000084e-01
4.800000000000000000e+03 2.592419999999999725e-01
4.801000000000000000e+03 2.659610000000000030e-01
4.802000000000000000e+03 2.726790000000000047e-01
4.803000000000000000e+03 2.793970000000000065e-01
4.804000000000000000e+03 2.861159999999999815e-01
4.805000000000000000e+03 2.928339999999999832e-01
4.806000000000000000e+03 2.995519999999999849e-01
4.807000000000000000e+03 3.062719999999999887e-01
4.808000000000000000e+03 3.129899999999999904e-01
4.809000000000000000e+03 3.197099999999999942e-01
4.810000000000000000e+03 3.264290000000000247e-01
4.811000000000000000e+03 3.255569999999999853e-01
4.812000000000000000e+03 3.246859999999999746e-01
4.813000000000000000e+03 3.238139999999999907e-01
4.814000000000000000e+03 3.229429999999999801e-01
4.815000000000000000e+03 3.220720000000000249e-01
4.816000000000000000e+03 3.211999999999999855e-01
4.817000000000000000e+03 3.203289999999999749e-01
4.818000000000000000e+03 3.194569999999999910e-01
4.819000000000000000e+03 3.185859999999999803e-01
4.820000000000000000e+03 3.177139999999999964e-01
4.821000000000000000e+03 3.182699999999999974e-01
4.822000000000000000e+03 3.188250000000000250e-01
4.823000000000000000e+03 3.193810000000000260e-01
4.824000000000000000e+03 3.199359999999999982e-01
4.825000000000000000e+03 3.204910000000000259e-01
4.826000000000000000e+03 3.210470000000000268e-01
4.827000000000000000e+03 3.216030000000000277e-01
4.828000000000000000e+03 3.221589999999999732e-01
4.829000000000000000e+03 3.227140000000000009e-01
4.830000000000000000e+03 3.232700000000000018e-01
4.831000000000000000e+03 3.253570000000000073e-01
4.832000000000000000e+03 3.274420000000000108e-01
4.833000000000000000e+03 3.295290000000000163e-01
4.834000000000000000e+03 3.316149999999999931e-01
4.835000000000000000e+03 3.337019999999999986e-01
4.836000000000000000e+03 3.357890000000000041e-01
4.837000000000000000e+03 3.378760000000000097e-01
4.838000000000000000e+03 3.399630000000000152e-01
4.839000000000000000e+03 3.420509999999999939e-01
4.840000000000000000e+03 3.441400000000000015e-01
4.841000000000000000e+03 3.455289999999999750e-01
4.842000000000000000e+03 3.469180000000000041e-01
4.843000000000000000e+03 3.483069999999999777e-01
4.844000000000000000e+03 3.496960000000000068e-01
4.845000000000000000e+03 3.510840000000000072e-01
4.846000000000000000e+03 3.524729999999999808e-01
4.847000000000000000e+03 3.538609999999999811e-01
4.848000000000000000e+03 3.552489999999999815e-01
4.849000000000000000e+03 3.566369999999999818e-01
4.850000000000000000e+03 3.580249999999999821e-01
4.851000000000000000e+03 3.574720000000000120e-01
4.852000000000000000e+03 3.569180000000000130e-01
4.853000000000000000e+03 3.563660000000000161e-01
4.854000000000000000e+03 3.558120000000000172e-01
4.855000000000000000e+03 3.552580000000000182e-01
4.856000000000000000e+03 3.547049999999999925e-01
4.857000000000000000e+03 3.541529999999999956e-01
4.858000000000000000e+03 3.536000000000000254e-01
4.859000000000000000e+03 3.530469999999999997e-01
4.860000000000000000e+03 3.524939999999999740e-01
4.861000000000000000e+03 3.529849999999999932e-01
4.862000000000000000e+03 3.534769999999999857e-01
4.863000000000000000e+03 3.539689999999999781e-01
4.864000000000000000e+03 3.544610000000000261e-01
4.865000000000000000e+03 3.549519999999999897e-01
4.866000000000000000e+03 3.554439999999999822e-01
4.867000000000000000e+03 3.559359999999999746e-01
4.868000000000000000e+03 3.564280000000000226e-01
4.869000000000000000e+03 3.569200000000000150e-01
4.870000000000000000e+03 3.574129999999999807e-01
4.871000000000000000e+03 3.581940000000000124e-01
4.872000000000000000e+03 3.589740000000000153e-01
4.873000000000000000e+03 3.597549999999999915e-01
4.874000000000000000e+03 3.605360000000000231e-01
4.875000000000000000e+03 3.613169999999999993e-01
4.876000000000000000e+03 3.620970000000000022e-01
4.877000000000000000e+03 3.628779999999999784e-01
4.878000000000000000e+03 3.636570000000000080e-01
4.879000000000000000e+03 3.644379999999999842e-01
4.880000000000000000e+03 3.652190000000000158e-01
4.881000000000000000e+03 3.619890000000000052e-01
4.882000000000000000e+03 3.587589999999999946e-01
4.883000000000000000e+03 3.555300000000000127e-01
4.884000000000000000e+03 3.523000000000000020e-01
4.885000000000000000e+03 3.490690000000000182e-01
4.886000000000000000e+03 3.458399999999999808e-01
4.887000000000000000e+03 3.426100000000000256e-01
4.888000000000000000e+03 3.393800000000000150e-01
4.889000000000000000e+03 3.361500000000000044e-01
4.890000000000000000e+03 3.329210000000000225e-01
4.891000000000000000e+03 3.307629999999999737e-01
4.892000000000000000e+03 3.286040000000000072e-01
4.893000000000000000e+03 3.264460000000000139e-01
4.894000000000000000e+03 3.242869999999999919e-01
4.895000000000000000e+03 3.221280000000000254e-01
4.896000000000000000e+03 3.199679999999999747e-01
4.897000000000000000e+03 3.178070000000000062e-01
4.898000000000000000e+03 3.156470000000000109e-01
4.899000000000000000e+03 3.134850000000000136e-01
4.900000000000000000e+03 3.113230000000000164e-01
4.901000000000000000e+03 3.112210000000000254e-01
4.902000000000000000e+03 3.111169999999999769e-01
4.903000000000000000e+03 3.110140000000000127e-01
4.904000000000000000e+03 3.109109999999999929e-01
4.905000000000000000e+03 3.108079999999999732e-01
4.906000000000000000e+03 3.107050000000000090e-01
4.907000000000000000e+03 3.106010000000000160e-01
4.908000000000000000e+03 3.104979999999999962e-01
4.909000000000000000e+03 3.103949999999999765e-01
4.910000000000000000e+03 3.102920000000000122e-01
4.911000000000000000e+03 3.112739999999999951e-01
4.912000000000000000e+03 3.122559999999999780e-01
4.913000000000000000e+03 3.132389999999999897e-01
4.914000000000000000e+03 3.142209999999999726e-01
4.915000000000000000e+03 3.152039999999999842e-01
4.916000000000000000e+03 3.161860000000000226e-01
4.917000000000000000e+03 3.171709999999999807e-01
4.918000000000000000e+03 3.181530000000000191e-01
4.919000000000000000e+03 3.191359999999999753e-01
4.920000000000000000e+03 3.201209999999999889e-01
4.921000000000000000e+03 3.221809999999999952e-01
4.922000000000000000e+03 3.242410000000000014e-01
4.923000000000000000e+03 3.263019999999999810e-01
4.924000000000000000e+03 3.283619999999999872e-01
4.925000000000000000e+03 3.304230000000000222e-01
4.926000000000000000e+03 3.324840000000000018e-01
4.927000000000000000e+03 3.345440000000000080e-01
4.928000000000000000e+03 3.366049999999999875e-01
4.929000000000000000e+03 3.386669999999999958e-01
4.930000000000000000e+03 3.407279999999999753e-01
4.931000000000000000e+03 3.431460000000000066e-01
4.932000000000000000e+03 3.455650000000000110e-01
4.933000000000000000e+03 3.479849999999999888e-01
4.934000000000000000e+03 3.504050000000000220e-01
4.935000000000000000e+03 3.528259999999999730e-01
4.936000000000000000e+03 3.552469999999999795e-01
4.937000000000000000e+03 3.576690000000000147e-01
4.938000000000000000e+03 3.600909999999999944e-01
4.939000000000000000e+03 3.625129999999999741e-01
4.940000000000000000e+03 3.649359999999999826e-01
4.941000000000000000e+03 3.659700000000000175e-01
4.942000000000000000e+03 3.670039999999999969e-01
4.943000000000000000e+03 3.680379999999999763e-01
4.944000000000000000e+03 3.690720000000000112e-01
4.945000000000000000e+03 3.701070000000000193e-01
4.946000000000000000e+03 3.711439999999999739e-01
4.947000000000000000e+03 3.721780000000000088e-01
4.948000000000000000e+03 3.732130000000000170e-01
4.949000000000000000e+03 3.742500000000000271e-01
4.950000000000000000e+03 3.752849999999999797e-01
4.951000000000000000e+03 3.735720000000000152e-01
4.952000000000000000e+03 3.718589999999999951e-01
4.953000000000000000e+03 3.701450000000000018e-01
4.954000000000000000e+03 3.684319999999999817e-01
4.955000000000000000e+03 3.667190000000000172e-01
4.956000000000000000e+03 3.650059999999999971e-01
4.957000000000000000e+03 3.632940000000000058e-01
4.958000000000000000e+03 3.615809999999999858e-01
4.959000000000000000e+03 3.598689999999999944e-01
4.960000000000000000e+03 3.581570000000000031e-01
4.961000000000000000e+03 3.557379999999999987e-01
4.962000000000000000e+03 3.533180000000000209e-01
4.963000000000000000e+03 3.508979999999999877e-01
4.964000000000000000e+03 3.484769999999999812e-01
4.965000000000000000e+03 3.460559999999999747e-01
4.966000000000000000e+03 3.436339999999999950e-01
4.967000000000000000e+03 3.412120000000000153e-01
4.968000000000000000e+03 3.387879999999999781e-01
4.969000000000000000e+03 3.363650000000000251e-01
4.970000000000000000e+03 3.339400000000000146e-01
4.971000000000000000e+03 3.350000000000000200e-01
4.972000000000000000e+03 3.360580000000000234e-01
4.973000000000000000e+03 3.371179999999999732e-01
4.974000000000000000e+03 3.381779999999999786e-01
4.975000000000000000e+03 3.392379999999999840e-01
4.976000000000000000e+03 3.402979999999999894e-01
4.977000000000000000e+03 3.413590000000000235e-01
4.978000000000000000e+03 3.424189999999999734e-01
4.979000000000000000e+03 3.434789999999999788e-01
4.980000000000000000e+03 3.445400000000000129e-01
4.981000000000000000e+03 3.471750000000000114e-01
4.982000000000000000e+03 3.498089999999999811e-01
4.983000000000000000e+03 3.524439999999999795e-01
4.984000000000000000e+03 3.550789999999999780e-01
4.985000000000000000e+03 3.577130000000000032e-01
4.986000000000000000e+03 3.603489999999999749e-01
4.987000000000000000e+03 3.629839999999999733e-01
4.988000000000000000e+03 3.656190000000000273e-01
4.989000000000000000e+03 3.682559999999999722e-01
4.990000000000000000e+03 3.708910000000000262e-01
4.991000000000000000e+03 3.719279999999999808e-01
4.992000000000000000e+03 3.729660000000000197e-01
4.993000000000000000e+03 3.740040000000000031e-01
4.994000000000000000e+03 3.750430000000000152e-01
4.995000000000000000e+03 3.760809999999999986e-01
4.996000000000000000e+03 3.771200000000000108e-01
4.997000000000000000e+03 3.781590000000000229e-01
4.998000000000000000e+03 3.791979999999999795e-01
4.999000000000000000e+03 3.802369999999999917e-01
5.000000000000000000e+03 3.812780000000000058e-01
5.001000000000000000e+03 3.819819999999999882e-01
5.002000000000000000e+03 3.826860000000000261e-01
5.003000000000000000e+03 3.833900000000000086e-01
5.004000000000000000e+03 3.840930000000000177e-01
5.005000000000000000e+03 3.847970000000000002e-01
5.006000000000000000e+03 3.855020000000000113e-01
5.007000000000000000e+03 3.862059999999999937e-01
5.008000000000000000e+03 3.869110000000000049e-01
5.009000000000000000e+03 3.876149999999999873e-01
5.010000000000000000e+03 3.883190000000000253e-01
5.011000000000000000e+03 3.873229999999999729e-01
5.012000000000000000e+03 3.863249999999999740e-01
5.013000000000000000e+03 3.853289999999999771e-01
5.014000000000000000e+03 3.843320000000000070e-01
5.015000000000000000e+03 3.833349999999999813e-01
5.016000000000000000e+03 3.823380000000000112e-01
5.017000000000000000e+03 3.813400000000000123e-01
5.018000000000000000e+03 3.803409999999999846e-01
5.019000000000000000e+03 3.793440000000000145e-01
5.020000000000000000e+03 3.783449999999999869e-01
5.021000000000000000e+03 3.760859999999999759e-01
5.022000000000000000e+03 3.738279999999999936e-01
5.023000000000000000e+03 3.715689999999999826e-01
5.024000000000000000e+03 3.693100000000000271e-01
5.025000000000000000e+03 3.670510000000000161e-01
5.026000000000000000e+03 3.647900000000000031e-01
5.027000000000000000e+03 3.625289999999999901e-01
5.028000000000000000e+03 3.602690000000000059e-01
5.029000000000000000e+03 3.580070000000000197e-01
5.030000000000000000e+03 3.557449999999999779e-01
5.031000000000000000e+03 3.531819999999999959e-01
5.032000000000000000e+03 3.506179999999999852e-01
5.033000000000000000e+03 3.480539999999999745e-01
5.034000000000000000e+03 3.454889999999999906e-01
5.035000000000000000e+03 3.429240000000000066e-01
5.036000000000000000e+03 3.403570000000000206e-01
5.037000000000000000e+03 3.377899999999999792e-01
5.038000000000000000e+03 3.352229999999999932e-01
5.039000000000000000e+03 3.326549999999999785e-01
5.040000000000000000e+03 3.300859999999999905e-01
5.041000000000000000e+03 3.292140000000000066e-01
5.042000000000000000e+03 3.283400000000000207e-01
5.043000000000000000e+03 3.274659999999999793e-01
5.044000000000000000e+03 3.265930000000000222e-01
5.045000000000000000e+03 3.257189999999999808e-01
5.046000000000000000e+03 3.248440000000000216e-01
5.047000000000000000e+03 3.239699999999999802e-01
5.048000000000000000e+03 3.230950000000000211e-01
5.049000000000000000e+03 3.222189999999999777e-01
5.050000000000000000e+03 3.213440000000000185e-01
5.051000000000000000e+03 3.214620000000000255e-01
5.052000000000000000e+03 3.215799999999999770e-01
5.053000000000000000e+03 3.216990000000000127e-01
5.054000000000000000e+03 3.218179999999999930e-01
5.055000000000000000e+03 3.219359999999999999e-01
5.056000000000000000e+03 3.220540000000000069e-01
5.057000000000000000e+03 3.221729999999999872e-01
5.058000000000000000e+03 3.222909999999999942e-01
5.059000000000000000e+03 3.224099999999999744e-01
5.060000000000000000e+03 3.225290000000000101e-01
5.061000000000000000e+03 3.266020000000000034e-01
5.062000000000000000e+03 3.306760000000000255e-01
5.063000000000000000e+03 3.347519999999999940e-01
5.064000000000000000e+03 3.388280000000000181e-01
5.065000000000000000e+03 3.429050000000000153e-01
5.066000000000000000e+03 3.469829999999999859e-01
5.067000000000000000e+03 3.510630000000000139e-01
5.068000000000000000e+03 3.551429999999999865e-01
5.069000000000000000e+03 3.592230000000000145e-01
5.070000000000000000e+03 3.633049999999999891e-01
5.071000000000000000e+03 3.637329999999999730e-01
5.072000000000000000e+03 3.641590000000000105e-01
5.073000000000000000e+03 3.645860000000000212e-01
5.074000000000000000e+03 3.650129999999999764e-01
5.075000000000000000e+03 3.654399999999999871e-01
5.076000000000000000e+03 3.658660000000000245e-01
5.077000000000000000e+03 3.662929999999999797e-01
5.078000000000000000e+03 3.667210000000000192e-01
5.079000000000000000e+03 3.671479999999999744e-01
5.080000000000000000e+03 3.675749999999999851e-01
5.081000000000000000e+03 3.692440000000000166e-01
5.082000000000000000e+03 3.709140000000000215e-01
5.083000000000000000e+03 3.725829999999999975e-01
5.084000000000000000e+03 3.742530000000000023e-01
5.085000000000000000e+03 3.759239999999999804e-01
5.086000000000000000e+03 3.775939999999999852e-01
5.087000000000000000e+03 3.792639999999999900e-01
5.088000000000000000e+03 3.809350000000000236e-01
5.089000000000000000e+03 3.826060000000000016e-01
5.090000000000000000e+03 3.842780000000000085e-01
5.091000000000000000e+03 3.814910000000000245e-01
5.092000000000000000e+03 3.787030000000000118e-01
5.093000000000000000e+03 3.759149999999999991e-01
5.094000000000000000e+03 3.731269999999999865e-01
5.095000000000000000e+03 3.703359999999999985e-01
5.096000000000000000e+03 3.675450000000000106e-01
5.097000000000000000e+03 3.647540000000000227e-01
5.098000000000000000e+03 3.619620000000000060e-01
5.099000000000000000e+03 3.591690000000000160e-01
5.100000000000000000e+03 3.563749999999999973e-01
5.101000000000000000e+03 3.566179999999999906e-01
5.102000000000000000e+03 3.568609999999999838e-01
5.103000000000000000e+03 3.571039999999999770e-01
5.104000000000000000e+03 3.573470000000000257e-01
5.105000000000000000e+03 3.575900000000000190e-01
5.106000000000000000e+03 3.578339999999999854e-01
5.107000000000000000e+03 3.580769999999999786e-01
5.108000000000000000e+03 3.583200000000000274e-01
5.109000000000000000e+03 3.585630000000000206e-01
5.110000000000000000e+03 3.588060000000000138e-01
5.111000000000000000e+03 3.584999999999999853e-01
5.112000000000000000e+03 3.581929999999999836e-01
5.113000000000000000e+03 3.578859999999999819e-01
5.114000000000000000e+03 3.575800000000000090e-01
5.115000000000000000e+03 3.572730000000000072e-01
5.116000000000000000e+03 3.569669999999999788e-01
5.117000000000000000e+03 3.566590000000000038e-01
5.118000000000000000e+03 3.563520000000000021e-01
5.119000000000000000e+03 3.560440000000000271e-01
5.120000000000000000e+03 3.557370000000000254e-01
5.121000000000000000e+03 3.559610000000000274e-01
5.122000000000000000e+03 3.561860000000000026e-01
5.123000000000000000e+03 3.564100000000000046e-01
5.124000000000000000e+03 3.566340000000000066e-01
5.125000000000000000e+03 3.568589999999999818e-01
5.126000000000000000e+03 3.570829999999999838e-01
5.127000000000000000e+03 3.573080000000000145e-01
5.128000000000000000e+03 3.575320000000000165e-01
5.129000000000000000e+03 3.577560000000000184e-01
5.130000000000000000e+03 3.579809999999999937e-01
5.131000000000000000e+03 3.595700000000000007e-01
5.132000000000000000e+03 3.611590000000000078e-01
5.133000000000000000e+03 3.627489999999999881e-01
5.134000000000000000e+03 3.643390000000000239e-01
5.135000000000000000e+03 3.659299999999999775e-01
5.136000000000000000e+03 3.675209999999999866e-01
5.137000000000000000e+03 3.691119999999999957e-01
5.138000000000000000e+03 3.707039999999999780e-01
5.139000000000000000e+03 3.722969999999999891e-01
5.140000000000000000e+03 3.738900000000000001e-01
5.141000000000000000e+03 3.742860000000000076e-01
5.142000000000000000e+03 3.746829999999999883e-01
5.143000000000000000e+03 3.750809999999999977e-01
5.144000000000000000e+03 3.754779999999999784e-01
5.145000000000000000e+03 3.758750000000000147e-01
5.146000000000000000e+03 3.762730000000000241e-01
5.147000000000000000e+03 3.766689999999999761e-01
5.148000000000000000e+03 3.770660000000000123e-01
5.149000000000000000e+03 3.774629999999999930e-01
5.150000000000000000e+03 3.778599999999999737e-01
5.151000000000000000e+03 3.794819999999999860e-01
5.152000000000000000e+03 3.811039999999999983e-01
5.153000000000000000e+03 3.827269999999999839e-01
5.154000000000000000e+03 3.843500000000000250e-01
5.155000000000000000e+03 3.859730000000000105e-01
5.156000000000000000e+03 3.875959999999999961e-01
5.157000000000000000e+03 3.892200000000000104e-01
5.158000000000000000e+03 3.908440000000000247e-01
5.159000000000000000e+03 3.924690000000000123e-01
5.160000000000000000e+03 3.940930000000000266e-01
5.161000000000000000e+03 3.920130000000000003e-01
5.162000000000000000e+03 3.899310000000000276e-01
5.163000000000000000e+03 3.878480000000000261e-01
5.164000000000000000e+03 3.857650000000000245e-01
5.165000000000000000e+03 3.836809999999999943e-01
5.166000000000000000e+03 3.815959999999999908e-01
5.167000000000000000e+03 3.795109999999999872e-01
5.168000000000000000e+03 3.774259999999999837e-01
5.169000000000000000e+03 3.753389999999999782e-01
5.170000000000000000e+03 3.732519999999999727e-01
5.171000000000000000e+03 3.732340000000000102e-01
5.172000000000000000e+03 3.732150000000000190e-01
5.173000000000000000e+03 3.731970000000000010e-01
5.174000000000000000e+03 3.731780000000000097e-01
5.175000000000000000e+03 3.731590000000000185e-01
5.176000000000000000e+03 3.731400000000000272e-01
5.177000000000000000e+03 3.731220000000000092e-01
5.178000000000000000e+03 3.731019999999999892e-01
5.179000000000000000e+03 3.730820000000000247e-01
5.180000000000000000e+03 3.730629999999999780e-01
5.181000000000000000e+03 3.720220000000000193e-01
5.182000000000000000e+03 3.709810000000000052e-01
5.183000000000000000e+03 3.699390000000000178e-01
5.184000000000000000e+03 3.688969999999999749e-01
5.185000000000000000e+03 3.678529999999999855e-01
5.186000000000000000e+03 3.668100000000000249e-01
5.187000000000000000e+03 3.657670000000000088e-01
5.188000000000000000e+03 3.647230000000000194e-01
5.189000000000000000e+03 3.636789999999999745e-01
5.190000000000000000e+03 3.626349999999999851e-01
5.191000000000000000e+03 3.670309999999999961e-01
5.192000000000000000e+03 3.714270000000000072e-01
5.193000000000000000e+03 3.758230000000000182e-01
5.194000000000000000e+03 3.802200000000000024e-01
5.195000000000000000e+03 3.846180000000000154e-01
5.196000000000000000e+03 3.890170000000000017e-01
5.197000000000000000e+03 3.934150000000000147e-01
5.198000000000000000e+03 3.978140000000000009e-01
5.199000000000000000e+03 4.022149999999999892e-01
5.200000000000000000e+03 4.066159999999999775e-01
5.201000000000000000e+03 4.040759999999999907e-01
5.202000000000000000e+03 4.015340000000000020e-01
5.203000000000000000e+03 3.989909999999999846e-01
5.204000000000000000e+03 3.964469999999999938e-01
5.205000000000000000e+03 3.939010000000000011e-01
5.206000000000000000e+03 3.913550000000000084e-01
5.207000000000000000e+03 3.888070000000000137e-01
5.208000000000000000e+03 3.862579999999999902e-01
5.209000000000000000e+03 3.837079999999999935e-01
5.210000000000000000e+03 3.811570000000000236e-01
5.211000000000000000e+03 3.821089999999999764e-01
5.212000000000000000e+03 3.830589999999999828e-01
5.213000000000000000e+03 3.840109999999999912e-01
5.214000000000000000e+03 3.849629999999999996e-01
5.215000000000000000e+03 3.859159999999999813e-01
5.216000000000000000e+03 3.868699999999999917e-01
5.217000000000000000e+03 3.878229999999999733e-01
5.218000000000000000e+03 3.887760000000000105e-01
5.219000000000000000e+03 3.897300000000000209e-01
5.220000000000000000e+03 3.906850000000000045e-01
5.221000000000000000e+03 3.865970000000000240e-01
5.222000000000000000e+03 3.825069999999999859e-01
5.223000000000000000e+03 3.784159999999999746e-01
5.224000000000000000e+03 3.743259999999999921e-01
5.225000000000000000e+03 3.702360000000000095e-01
5.226000000000000000e+03 3.661440000000000250e-01
5.227000000000000000e+03 3.620519999999999849e-01
5.228000000000000000e+03 3.579600000000000004e-01
5.229000000000000000e+03 3.538669999999999871e-01
5.230000000000000000e+03 3.497739999999999738e-01
5.231000000000000000e+03 3.491750000000000131e-01
5.232000000000000000e+03 3.485759999999999970e-01
5.233000000000000000e+03 3.479760000000000075e-01
5.234000000000000000e+03 3.473760000000000181e-01
5.235000000000000000e+03 3.467759999999999732e-01
5.236000000000000000e+03 3.461759999999999837e-01
5.237000000000000000e+03 3.455759999999999943e-01
5.238000000000000000e+03 3.449749999999999761e-01
5.239000000000000000e+03 3.443740000000000134e-01
5.240000000000000000e+03 3.437740000000000240e-01
5.241000000000000000e+03 3.477100000000000191e-01
5.242000000000000000e+03 3.516480000000000161e-01
5.243000000000000000e+03 3.555869999999999864e-01
5.244000000000000000e+03 3.595289999999999875e-01
5.245000000000000000e+03 3.634720000000000173e-01
5.246000000000000000e+03 3.674160000000000204e-01
5.247000000000000000e+03 3.713620000000000254e-01
5.248000000000000000e+03 3.753110000000000057e-01
5.249000000000000000e+03 3.792599999999999860e-01
5.250000000000000000e+03 3.832110000000000238e-01
5.251000000000000000e+03 3.807249999999999801e-01
5.252000000000000000e+03 3.782380000000000186e-01
5.253000000000000000e+03 3.757519999999999749e-01
5.254000000000000000e+03 3.732639999999999847e-01
5.255000000000000000e+03 3.707750000000000212e-01
5.256000000000000000e+03 3.682849999999999735e-01
5.257000000000000000e+03 3.657949999999999813e-01
5.258000000000000000e+03 3.633049999999999891e-01
5.259000000000000000e+03 3.608140000000000236e-01
5.260000000000000000e+03 3.583200000000000274e-01
5.261000000000000000e+03 3.614890000000000048e-01
5.262000000000000000e+03 3.646579999999999822e-01
5.263000000000000000e+03 3.678270000000000151e-01
5.264000000000000000e+03 3.709970000000000212e-01
5.265000000000000000e+03 3.741700000000000026e-01
5.266000000000000000e+03 3.773429999999999840e-01
5.267000000000000000e+03 3.805149999999999921e-01
5.268000000000000000e+03 3.836879999999999735e-01
5.269000000000000000e+03 3.868639999999999857e-01
5.270000000000000000e+03 3.900399999999999978e-01
5.271000000000000000e+03 3.887780000000000125e-01
5.272000000000000000e+03 3.875149999999999983e-01
5.273000000000000000e+03 3.862519999999999842e-01
5.274000000000000000e+03 3.849870000000000236e-01
5.275000000000000000e+03 3.837220000000000075e-01
5.276000000000000000e+03 3.824560000000000182e-01
5.277000000000000000e+03 3.811899999999999733e-01
5.278000000000000000e+03 3.799250000000000127e-01
5.279000000000000000e+03 3.786570000000000213e-01
5.280000000000000000e+03 3.773889999999999745e-01
5.281000000000000000e+03 3.798989999999999867e-01
5.282000000000000000e+03 3.824100000000000277e-01
5.283000000000000000e+03 3.849190000000000111e-01
5.284000000000000000e+03 3.874299999999999966e-01
5.285000000000000000e+03 3.899409999999999821e-01
5.286000000000000000e+03 3.924509999999999943e-01
5.287000000000000000e+03 3.949619999999999798e-01
5.288000000000000000e+03 3.974730000000000207e-01
5.289000000000000000e+03 3.999840000000000062e-01
5.290000000000000000e+03 4.024949999999999917e-01
5.291000000000000000e+03 4.009249999999999758e-01
5.292000000000000000e+03 3.993539999999999868e-01
5.293000000000000000e+03 3.977820000000000245e-01
5.294000000000000000e+03 3.962089999999999779e-01
5.295000000000000000e+03 3.946359999999999868e-01
5.296000000000000000e+03 3.930629999999999957e-01
5.297000000000000000e+03 3.914880000000000027e-01
5.298000000000000000e+03 3.899119999999999808e-01
5.299000000000000000e+03 3.883369999999999878e-01
5.300000000000000000e+03 3.867599999999999927e-01
5.301000000000000000e+03 3.858929999999999860e-01
5.302000000000000000e+03 3.850250000000000061e-01
5.303000000000000000e+03 3.841559999999999975e-01
5.304000000000000000e+03 3.832880000000000176e-01
5.305000000000000000e+03 3.824210000000000109e-01
5.306000000000000000e+03 3.815529999999999755e-01
5.307000000000000000e+03 3.806840000000000224e-01
5.308000000000000000e+03 3.798139999999999850e-01
5.309000000000000000e+03 3.789449999999999763e-01
5.310000000000000000e+03 3.780760000000000232e-01
5.311000000000000000e+03 3.760029999999999761e-01
5.312000000000000000e+03 3.739299999999999846e-01
5.313000000000000000e+03 3.718540000000000179e-01
5.314000000000000000e+03 3.697779999999999956e-01
5.315000000000000000e+03 3.677019999999999733e-01
5.316000000000000000e+03 3.656229999999999758e-01
5.317000000000000000e+03 3.635439999999999783e-01
5.318000000000000000e+03 3.614649999999999808e-01
5.319000000000000000e+03 3.593830000000000080e-01
5.320000000000000000e+03 3.573029999999999817e-01
5.321000000000000000e+03 3.608939999999999926e-01
5.322000000000000000e+03 3.644859999999999767e-01
5.323000000000000000e+03 3.680800000000000183e-01
5.324000000000000000e+03 3.716729999999999756e-01
5.325000000000000000e+03 3.752670000000000172e-01
5.326000000000000000e+03 3.788619999999999766e-01
5.327000000000000000e+03 3.824580000000000202e-01
5.328000000000000000e+03 3.860540000000000083e-01
5.329000000000000000e+03 3.896490000000000231e-01
5.330000000000000000e+03 3.932470000000000132e-01
5.331000000000000000e+03 3.908739999999999992e-01
5.332000000000000000e+03 3.885009999999999852e-01
5.333000000000000000e+03 3.861260000000000248e-01
5.334000000000000000e+03 3.837510000000000088e-01
5.335000000000000000e+03 3.813750000000000195e-01
5.336000000000000000e+03 3.789980000000000016e-01
5.337000000000000000e+03 3.766209999999999836e-01
5.338000000000000000e+03 3.742440000000000211e-01
5.339000000000000000e+03 3.718659999999999743e-01
5.340000000000000000e+03 3.694859999999999811e-01
5.341000000000000000e+03 3.734660000000000202e-01
5.342000000000000000e+03 3.774480000000000057e-01
5.343000000000000000e+03 3.814310000000000200e-01
5.344000000000000000e+03 3.854139999999999788e-01
5.345000000000000000e+03 3.894000000000000239e-01
5.346000000000000000e+03 3.933869999999999867e-01
5.347000000000000000e+03 3.973749999999999782e-01
5.348000000000000000e+03 4.013630000000000253e-01
5.349000000000000000e+03 4.053539999999999921e-01
5.350000000000000000e+03 4.093450000000000144e-01
5.351000000000000000e+03 4.083939999999999793e-01
5.352000000000000000e+03 4.074420000000000264e-01
5.353000000000000000e+03 4.064889999999999892e-01
5.354000000000000000e+03 4.055360000000000076e-01
5.355000000000000000e+03 4.045830000000000259e-01
5.356000000000000000e+03 4.036299999999999888e-01
5.357000000000000000e+03 4.026770000000000072e-01
5.358000000000000000e+03 4.017229999999999968e-01
5.359000000000000000e+03 4.007689999999999864e-01
5.360000000000000000e+03 3.998140000000000027e-01
5.361000000000000000e+03 3.993840000000000168e-01
5.362000000000000000e+03 3.989530000000000021e-01
5.363000000000000000e+03 3.985219999999999874e-01
5.364000000000000000e+03 3.980899999999999994e-01
5.365000000000000000e+03 3.976589999999999847e-01
5.366000000000000000e+03 3.972260000000000235e-01
5.367000000000000000e+03 3.967950000000000088e-01
5.368000000000000000e+03 3.963630000000000209e-01
5.369000000000000000e+03 3.959309999999999774e-01
5.370000000000000000e+03 3.954969999999999875e-01
5.371000000000000000e+03 3.956859999999999822e-01
5.372000000000000000e+03 3.958749999999999769e-01
5.373000000000000000e+03 3.960640000000000271e-01
5.374000000000000000e+03 3.962519999999999931e-01
5.375000000000000000e+03 3.964409999999999878e-01
5.376000000000000000e+03 3.966290000000000093e-01
5.377000000000000000e+03 3.968180000000000041e-01
5.378000000000000000e+03 3.970060000000000255e-01
5.379000000000000000e+03 3.971939999999999915e-01
5.380000000000000000e+03 3.973829999999999862e-01
5.381000000000000000e+03 3.962200000000000166e-01
5.382000000000000000e+03 3.950580000000000203e-01
5.383000000000000000e+03 3.938940000000000219e-01
5.384000000000000000e+03 3.927300000000000235e-01
5.385000000000000000e+03 3.915669999999999984e-01
5.386000000000000000e+03 3.904020000000000268e-01
5.387000000000000000e+03 3.892379999999999729e-01
5.388000000000000000e+03 3.880730000000000013e-01
5.389000000000000000e+03 3.869070000000000009e-01
5.390000000000000000e+03 3.857410000000000005e-01
5.391000000000000000e+03 3.831769999999999898e-01
5.392000000000000000e+03 3.806109999999999771e-01
5.393000000000000000e+03 3.780450000000000199e-01
5.394000000000000000e+03 3.754779999999999784e-01
5.395000000000000000e+03 3.729109999999999925e-01
5.396000000000000000e+03 3.703429999999999778e-01
5.397000000000000000e+03 3.677739999999999898e-01
5.398000000000000000e+03 3.652050000000000018e-01
5.399000000000000000e+03 3.626349999999999851e-01
5.400000000000000000e+03 3.600650000000000239e-01
5.401000000000000000e+03 3.596079999999999832e-01
5.402000000000000000e+03 3.591500000000000248e-01
5.403000000000000000e+03 3.586909999999999821e-01
5.404000000000000000e+03 3.582330000000000236e-01
5.405000000000000000e+03 3.577730000000000077e-01
5.406000000000000000e+03 3.573149999999999937e-01
5.407000000000000000e+03 3.568560000000000065e-01
5.408000000000000000e+03 3.563950000000000173e-01
5.409000000000000000e+03 3.559359999999999746e-01
5.410000000000000000e+03 3.554760000000000142e-01
5.411000000000000000e+03 3.576320000000000054e-01
5.412000000000000000e+03 3.597890000000000255e-01
5.413000000000000000e+03 3.619470000000000187e-01
5.414000000000000000e+03 3.641039999999999832e-01
5.415000000000000000e+03 3.662639999999999785e-01
5.416000000000000000e+03 3.684230000000000005e-01
5.417000000000000000e+03 3.705829999999999957e-01
5.418000000000000000e+03 3.727440000000000198e-01
5.419000000000000000e+03 3.749029999999999863e-01
5.420000000000000000e+03 3.770649999999999835e-01
5.421000000000000000e+03 3.787900000000000156e-01
5.422000000000000000e+03 3.805169999999999941e-01
5.423000000000000000e+03 3.822439999999999727e-01
5.424000000000000000e+03 3.839699999999999780e-01
5.425000000000000000e+03 3.856959999999999833e-01
5.426000000000000000e+03 3.874219999999999886e-01
5.427000000000000000e+03 3.891499999999999959e-01
5.428000000000000000e+03 3.908769999999999745e-01
5.429000000000000000e+03 3.926049999999999818e-01
5.430000000000000000e+03 3.943329999999999891e-01
5.431000000000000000e+03 3.956799999999999762e-01
5.432000000000000000e+03 3.970279999999999920e-01
5.433000000000000000e+03 3.983749999999999791e-01
5.434000000000000000e+03 3.997240000000000237e-01
5.435000000000000000e+03 4.010719999999999841e-01
5.436000000000000000e+03 4.024209999999999732e-01
5.437000000000000000e+03 4.037720000000000198e-01
5.438000000000000000e+03 4.051199999999999801e-01
5.439000000000000000e+03 4.064710000000000267e-01
5.440000000000000000e+03 4.078209999999999891e-01
5.441000000000000000e+03 4.090039999999999787e-01
5.442000000000000000e+03 4.101870000000000238e-01
5.443000000000000000e+03 4.113709999999999867e-01
5.444000000000000000e+03 4.125530000000000030e-01
5.445000000000000000e+03 4.137370000000000214e-01
5.446000000000000000e+03 4.149209999999999843e-01
5.447000000000000000e+03 4.161059999999999759e-01
5.448000000000000000e+03 4.172890000000000210e-01
5.449000000000000000e+03 4.184729999999999839e-01
5.450000000000000000e+03 4.196579999999999755e-01
5.451000000000000000e+03 4.191650000000000098e-01
5.452000000000000000e+03 4.186710000000000154e-01
5.453000000000000000e+03 4.181779999999999942e-01
5.454000000000000000e+03 4.176839999999999997e-01
5.455000000000000000e+03 4.171900000000000053e-01
5.456000000000000000e+03 4.166949999999999821e-01
5.457000000000000000e+03 4.162020000000000164e-01
5.458000000000000000e+03 4.157069999999999932e-01
5.459000000000000000e+03 4.152120000000000255e-01
5.460000000000000000e+03 4.147170000000000023e-01
5.461000000000000000e+03 4.148919999999999830e-01
5.462000000000000000e+03 4.150670000000000193e-01
5.463000000000000000e+03 4.152429999999999732e-01
5.464000000000000000e+03 4.154180000000000095e-01
5.465000000000000000e+03 4.155929999999999902e-01
5.466000000000000000e+03 4.157680000000000264e-01
5.467000000000000000e+03 4.159430000000000072e-01
5.468000000000000000e+03 4.161179999999999879e-01
5.469000000000000000e+03 4.162930000000000241e-01
5.470000000000000000e+03 4.164669999999999761e-01
5.471000000000000000e+03 4.172029999999999905e-01
5.472000000000000000e+03 4.179370000000000029e-01
5.473000000000000000e+03 4.186730000000000174e-01
5.474000000000000000e+03 4.194080000000000030e-01
5.475000000000000000e+03 4.201429999999999887e-01
5.476000000000000000e+03 4.208779999999999744e-01
5.477000000000000000e+03 4.216130000000000155e-01
5.478000000000000000e+03 4.223489999999999744e-01
5.479000000000000000e+03 4.230840000000000156e-01
5.480000000000000000e+03 4.238210000000000033e-01
5.481000000000000000e+03 4.233660000000000201e-01
5.482000000000000000e+03 4.229120000000000101e-01
5.483000000000000000e+03 4.224589999999999734e-01
5.484000000000000000e+03 4.220039999999999902e-01
5.485000000000000000e+03 4.215490000000000070e-01
5.486000000000000000e+03 4.210949999999999971e-01
5.487000000000000000e+03 4.206400000000000139e-01
5.488000000000000000e+03 4.201860000000000039e-01
5.489000000000000000e+03 4.197299999999999920e-01
5.490000000000000000e+03 4.192750000000000088e-01
5.491000000000000000e+03 4.189579999999999971e-01
5.492000000000000000e+03 4.186420000000000141e-01
5.493000000000000000e+03 4.183250000000000024e-01
5.494000000000000000e+03 4.180079999999999907e-01
5.495000000000000000e+03 4.176909999999999790e-01
5.496000000000000000e+03 4.173740000000000228e-01
5.497000000000000000e+03 4.170570000000000110e-01
5.498000000000000000e+03 4.167390000000000261e-01
5.499000000000000000e+03 4.164220000000000144e-01
5.500000000000000000e+03 4.161050000000000026e-01
5.501000000000000000e+03 4.139729999999999799e-01
5.502000000000000000e+03 4.118390000000000106e-01
5.503000000000000000e+03 4.097049999999999859e-01
5.504000000000000000e+03 4.075690000000000146e-01
5.505000000000000000e+03 4.054340000000000166e-01
5.506000000000000000e+03 4.032970000000000166e-01
5.507000000000000000e+03 4.011589999999999878e-01
5.508000000000000000e+03 3.990210000000000146e-01
5.509000000000000000e+03 3.968809999999999838e-01
5.510000000000000000e+03 3.947410000000000085e-01
5.511000000000000000e+03 3.952019999999999977e-01
5.512000000000000000e+03 3.956620000000000137e-01
5.513000000000000000e+03 3.961219999999999741e-01
5.514000000000000000e+03 3.965819999999999901e-01
5.515000000000000000e+03 3.970429999999999793e-01
5.516000000000000000e+03 3.975029999999999952e-01
5.517000000000000000e+03 3.979630000000000112e-01
5.518000000000000000e+03 3.984240000000000004e-01
5.519000000000000000e+03 3.988840000000000163e-01
5.520000000000000000e+03 3.993439999999999768e-01
5.521000000000000000e+03 4.000540000000000207e-01
5.522000000000000000e+03 4.007629999999999804e-01
5.523000000000000000e+03 4.014719999999999955e-01
5.524000000000000000e+03 4.021819999999999840e-01
5.525000000000000000e+03 4.028919999999999724e-01
5.526000000000000000e+03 4.036020000000000163e-01
5.527000000000000000e+03 4.043109999999999760e-01
5.528000000000000000e+03 4.050210000000000199e-01
5.529000000000000000e+03 4.057310000000000083e-01
5.530000000000000000e+03 4.064409999999999967e-01
5.531000000000000000e+03 4.071199999999999819e-01
5.532000000000000000e+03 4.077990000000000226e-01
5.533000000000000000e+03 4.084780000000000078e-01
5.534000000000000000e+03 4.091569999999999929e-01
5.535000000000000000e+03 4.098350000000000048e-01
5.536000000000000000e+03 4.105150000000000188e-01
5.537000000000000000e+03 4.111940000000000039e-01
5.538000000000000000e+03 4.118729999999999891e-01
5.539000000000000000e+03 4.125510000000000010e-01
5.540000000000000000e+03 4.132310000000000150e-01
5.541000000000000000e+03 4.137890000000000179e-01
5.542000000000000000e+03 4.143479999999999941e-01
5.543000000000000000e+03 4.149059999999999970e-01
5.544000000000000000e+03 4.154649999999999732e-01
5.545000000000000000e+03 4.160229999999999762e-01
5.546000000000000000e+03 4.165809999999999791e-01
5.547000000000000000e+03 4.171389999999999820e-01
5.548000000000000000e+03 4.176980000000000137e-01
5.549000000000000000e+03 4.182549999999999879e-01
5.550000000000000000e+03 4.188140000000000196e-01
5.551000000000000000e+03 4.175909999999999900e-01
5.552000000000000000e+03 4.163669999999999871e-01
5.553000000000000000e+03 4.151429999999999843e-01
5.554000000000000000e+03 4.139169999999999794e-01
5.555000000000000000e+03 4.126929999999999765e-01
5.556000000000000000e+03 4.114680000000000004e-01
5.557000000000000000e+03 4.102419999999999956e-01
5.558000000000000000e+03 4.090159999999999907e-01
5.559000000000000000e+03 4.077890000000000126e-01
5.560000000000000000e+03 4.065610000000000057e-01
5.561000000000000000e+03 4.075469999999999926e-01
5.562000000000000000e+03 4.085329999999999795e-01
5.563000000000000000e+03 4.095190000000000219e-01
5.564000000000000000e+03 4.105050000000000088e-01
5.565000000000000000e+03 4.114909999999999957e-01
5.566000000000000000e+03 4.124760000000000093e-01
5.567000000000000000e+03 4.134630000000000249e-01
5.568000000000000000e+03 4.144479999999999831e-01
5.569000000000000000e+03 4.154340000000000255e-01
5.570000000000000000e+03 4.164200000000000124e-01
5.571000000000000000e+03 4.166929999999999801e-01
5.572000000000000000e+03 4.169660000000000033e-01
5.573000000000000000e+03 4.172390000000000265e-01
5.574000000000000000e+03 4.175119999999999942e-01
5.575000000000000000e+03 4.177839999999999887e-01
5.576000000000000000e+03 4.180570000000000119e-01
5.577000000000000000e+03 4.183290000000000064e-01
5.578000000000000000e+03 4.186019999999999741e-01
5.579000000000000000e+03 4.188729999999999953e-01
5.580000000000000000e+03 4.191449999999999898e-01
5.581000000000000000e+03 4.186369999999999814e-01
5.582000000000000000e+03 4.181289999999999729e-01
5.583000000000000000e+03 4.176210000000000200e-01
5.584000000000000000e+03 4.171130000000000115e-01
5.585000000000000000e+03 4.166039999999999743e-01
5.586000000000000000e+03 4.160960000000000214e-01
5.587000000000000000e+03 4.155869999999999842e-01
5.588000000000000000e+03 4.150780000000000025e-01
5.589000000000000000e+03 4.145690000000000208e-01
5.590000000000000000e+03 4.140599999999999836e-01
5.591000000000000000e+03 4.136850000000000249e-01
5.592000000000000000e+03 4.133109999999999840e-01
5.593000000000000000e+03 4.129369999999999985e-01
5.594000000000000000e+03 4.125630000000000130e-01
5.595000000000000000e+03 4.121879999999999988e-01
5.596000000000000000e+03 4.118129999999999846e-01
5.597000000000000000e+03 4.114380000000000259e-01
5.598000000000000000e+03 4.110630000000000117e-01
5.599000000000000000e+03 4.106870000000000243e-01
5.600000000000000000e+03 4.103109999999999813e-01
5.601000000000000000e+03 4.085150000000000170e-01
5.602000000000000000e+03 4.067180000000000240e-01
5.603000000000000000e+03 4.049200000000000021e-01
5.604000000000000000e+03 4.031219999999999803e-01
5.605000000000000000e+03 4.013229999999999853e-01
5.606000000000000000e+03 3.995239999999999903e-01
5.607000000000000000e+03 3.977249999999999952e-01
5.608000000000000000e+03 3.959239999999999982e-01
5.609000000000000000e+03 3.941239999999999744e-01
5.610000000000000000e+03 3.923229999999999773e-01
5.611000000000000000e+03 3.923679999999999946e-01
5.612000000000000000e+03 3.924130000000000118e-01
5.613000000000000000e+03 3.924579999999999735e-01
5.614000000000000000e+03 3.925020000000000175e-01
5.615000000000000000e+03 3.925469999999999793e-01
5.616000000000000000e+03 3.925919999999999965e-01
5.617000000000000000e+03 3.926359999999999850e-01
5.618000000000000000e+03 3.926819999999999755e-01
5.619000000000000000e+03 3.927249999999999908e-01
5.620000000000000000e+03 3.927700000000000080e-01
5.621000000000000000e+03 3.942800000000000193e-01
5.622000000000000000e+03 3.957919999999999772e-01
5.623000000000000000e+03 3.973030000000000173e-01
5.624000000000000000e+03 3.988149999999999751e-01
5.625000000000000000e+03 4.003260000000000152e-01
5.626000000000000000e+03 4.018379999999999730e-01
5.627000000000000000e+03 4.033499999999999863e-01
5.628000000000000000e+03 4.048619999999999997e-01
5.629000000000000000e+03 4.063740000000000130e-01
5.630000000000000000e+03 4.078860000000000263e-01
5.631000000000000000e+03 4.090730000000000199e-01
5.632000000000000000e+03 4.102620000000000156e-01
5.633000000000000000e+03 4.114499999999999824e-01
5.634000000000000000e+03 4.126389999999999780e-01
5.635000000000000000e+03 4.138279999999999736e-01
5.636000000000000000e+03 4.150179999999999980e-01
5.637000000000000000e+03 4.162069999999999936e-01
5.638000000000000000e+03 4.173970000000000180e-01
5.639000000000000000e+03 4.185849999999999849e-01
5.640000000000000000e+03 4.197759999999999825e-01
5.641000000000000000e+03 4.199200000000000155e-01
5.642000000000000000e+03 4.200659999999999950e-01
5.643000000000000000e+03 4.202119999999999744e-01
5.644000000000000000e+03 4.203569999999999807e-01
5.645000000000000000e+03 4.205030000000000157e-01
5.646000000000000000e+03 4.206489999999999951e-01
5.647000000000000000e+03 4.207929999999999726e-01
5.648000000000000000e+03 4.209390000000000076e-01
5.649000000000000000e+03 4.210849999999999871e-01
5.650000000000000000e+03 4.212310000000000221e-01
5.651000000000000000e+03 4.203859999999999819e-01
5.652000000000000000e+03 4.195409999999999973e-01
5.653000000000000000e+03 4.186949999999999839e-01
5.654000000000000000e+03 4.178509999999999724e-01
5.655000000000000000e+03 4.170050000000000145e-01
5.656000000000000000e+03 4.161599999999999744e-01
5.657000000000000000e+03 4.153140000000000165e-01
5.658000000000000000e+03 4.144689999999999763e-01
5.659000000000000000e+03 4.136230000000000184e-01
5.660000000000000000e+03 4.127779999999999783e-01
5.661000000000000000e+03 4.118879999999999764e-01
5.662000000000000000e+03 4.109970000000000012e-01
5.663000000000000000e+03 4.101079999999999726e-01
5.664000000000000000e+03 4.092169999999999974e-01
5.665000000000000000e+03 4.083269999999999955e-01
5.666000000000000000e+03 4.074360000000000204e-01
5.667000000000000000e+03 4.065460000000000185e-01
5.668000000000000000e+03 4.056549999999999878e-01
5.669000000000000000e+03 4.047640000000000127e-01
5.670000000000000000e+03 4.038720000000000088e-01
5.671000000000000000e+03 4.039650000000000185e-01
5.672000000000000000e+03 4.040579999999999727e-01
5.673000000000000000e+03 4.041520000000000112e-01
5.674000000000000000e+03 4.042459999999999942e-01
5.675000000000000000e+03 4.043390000000000040e-01
5.676000000000000000e+03 4.044320000000000137e-01
5.677000000000000000e+03 4.045259999999999967e-01
5.678000000000000000e+03 4.046190000000000064e-01
5.679000000000000000e+03 4.047140000000000182e-01
5.680000000000000000e+03 4.048069999999999724e-01
5.681000000000000000e+03 4.054849999999999843e-01
5.682000000000000000e+03 4.061640000000000250e-01
5.683000000000000000e+03 4.068419999999999814e-01
5.684000000000000000e+03 4.075219999999999954e-01
5.685000000000000000e+03 4.082009999999999805e-01
5.686000000000000000e+03 4.088800000000000212e-01
5.687000000000000000e+03 4.095610000000000084e-01
5.688000000000000000e+03 4.102399999999999936e-01
5.689000000000000000e+03 4.109209999999999807e-01
5.690000000000000000e+03 4.116009999999999946e-01
5.691000000000000000e+03 4.125019999999999798e-01
5.692000000000000000e+03 4.134019999999999917e-01
5.693000000000000000e+03 4.143040000000000056e-01
5.694000000000000000e+03 4.152049999999999907e-01
5.695000000000000000e+03 4.161070000000000046e-01
5.696000000000000000e+03 4.170090000000000185e-01
5.697000000000000000e+03 4.179100000000000037e-01
5.698000000000000000e+03 4.188129999999999908e-01
5.699000000000000000e+03 4.197139999999999760e-01
5.700000000000000000e+03 4.206170000000000186e-01
5.701000000000000000e+03 4.209550000000000236e-01
5.702000000000000000e+03 4.212940000000000018e-01
5.703000000000000000e+03 4.216329999999999800e-01
5.704000000000000000e+03 4.219709999999999850e-01
5.705000000000000000e+03 4.223100000000000187e-01
5.706000000000000000e+03 4.226489999999999969e-01
5.707000000000000000e+03 4.229890000000000039e-01
5.708000000000000000e+03 4.233279999999999821e-01
5.709000000000000000e+03 4.236670000000000158e-01
5.710000000000000000e+03 4.240070000000000228e-01
5.711000000000000000e+03 4.231349999999999834e-01
5.712000000000000000e+03 4.222629999999999995e-01
5.713000000000000000e+03 4.213910000000000156e-01
5.714000000000000000e+03 4.205180000000000029e-01
5.715000000000000000e+03 4.196460000000000190e-01
5.716000000000000000e+03 4.187739999999999796e-01
5.717000000000000000e+03 4.179019999999999957e-01
5.718000000000000000e+03 4.170289999999999830e-01
5.719000000000000000e+03 4.161569999999999991e-01
5.720000000000000000e+03 4.152850000000000152e-01
5.721000000000000000e+03 4.152150000000000007e-01
5.722000000000000000e+03 4.151480000000000170e-01
5.723000000000000000e+03 4.150789999999999758e-01
5.724000000000000000e+03 4.150110000000000188e-01
5.725000000000000000e+03 4.149430000000000063e-01
5.726000000000000000e+03 4.148760000000000225e-01
5.727000000000000000e+03 4.148069999999999813e-01
5.728000000000000000e+03 4.147410000000000263e-01
5.729000000000000000e+03 4.146730000000000138e-01
5.730000000000000000e+03 4.146059999999999746e-01
5.731000000000000000e+03 4.155829999999999802e-01
5.732000000000000000e+03 4.165590000000000126e-01
5.733000000000000000e+03 4.175380000000000202e-01
5.734000000000000000e+03 4.185150000000000259e-01
5.735000000000000000e+03 4.194939999999999780e-01
5.736000000000000000e+03 4.204729999999999857e-01
5.737000000000000000e+03 4.214510000000000201e-01
5.738000000000000000e+03 4.224319999999999742e-01
5.739000000000000000e+03 4.234120000000000106e-01
5.740000000000000000e+03 4.243930000000000202e-01
5.741000000000000000e+03 4.216380000000000128e-01
5.742000000000000000e+03 4.188859999999999806e-01
5.743000000000000000e+03 4.161309999999999731e-01
5.744000000000000000e+03 4.133769999999999945e-01
5.745000000000000000e+03 4.106239999999999890e-01
5.746000000000000000e+03 4.078709999999999836e-01
5.747000000000000000e+03 4.051179999999999781e-01
5.748000000000000000e+03 4.023660000000000014e-01
5.749000000000000000e+03 3.996129999999999960e-01
5.750000000000000000e+03 3.968599999999999905e-01
5.751000000000000000e+03 3.967829999999999968e-01
5.752000000000000000e+03 3.967060000000000031e-01
5.753000000000000000e+03 3.966279999999999806e-01
5.754000000000000000e+03 3.965500000000000136e-01
5.755000000000000000e+03 3.964730000000000198e-01
5.756000000000000000e+03 3.963960000000000261e-01
5.757000000000000000e+03 3.963189999999999769e-01
5.758000000000000000e+03 3.962410000000000099e-01
5.759000000000000000e+03 3.961640000000000161e-01
5.760000000000000000e+03 3.960879999999999956e-01
5.761000000000000000e+03 3.957999999999999852e-01
5.762000000000000000e+03 3.955130000000000035e-01
5.763000000000000000e+03 3.952269999999999950e-01
5.764000000000000000e+03 3.949389999999999845e-01
5.765000000000000000e+03 3.946529999999999760e-01
5.766000000000000000e+03 3.943659999999999943e-01
5.767000000000000000e+03 3.940810000000000146e-01
5.768000000000000000e+03 3.937950000000000061e-01
5.769000000000000000e+03 3.935089999999999977e-01
5.770000000000000000e+03 3.932220000000000160e-01
5.771000000000000000e+03 3.937419999999999809e-01
5.772000000000000000e+03 3.942620000000000013e-01
5.773000000000000000e+03 3.947820000000000218e-01
5.774000000000000000e+03 3.953030000000000155e-01
5.775000000000000000e+03 3.958229999999999804e-01
5.776000000000000000e+03 3.963450000000000029e-01
5.777000000000000000e+03 3.968650000000000233e-01
5.778000000000000000e+03 3.973880000000000190e-01
5.779000000000000000e+03 3.979099999999999859e-01
5.780000000000000000e+03 3.984329999999999816e-01
5.781000000000000000e+03 3.995319999999999983e-01
5.782000000000000000e+03 4.006299999999999861e-01
5.783000000000000000e+03 4.017299999999999760e-01
5.784000000000000000e+03 4.028300000000000214e-01
5.785000000000000000e+03 4.039309999999999845e-01
5.786000000000000000e+03 4.050309999999999744e-01
5.787000000000000000e+03 4.061310000000000198e-01
5.788000000000000000e+03 4.072319999999999829e-01
5.789000000000000000e+03 4.083339999999999748e-01
5.790000000000000000e+03 4.094349999999999934e-01
5.791000000000000000e+03 4.107979999999999965e-01
5.792000000000000000e+03 4.121609999999999996e-01
5.793000000000000000e+03 4.135240000000000027e-01
5.794000000000000000e+03 4.148879999999999790e-01
5.795000000000000000e+03 4.162520000000000109e-01
5.796000000000000000e+03 4.176170000000000160e-01
5.797000000000000000e+03 4.189829999999999943e-01
5.798000000000000000e+03 4.203489999999999727e-01
5.799000000000000000e+03 4.217150000000000065e-01
5.800000000000000000e+03 4.230820000000000136e-01
5.801000000000000000e+03 4.237500000000000155e-01
5.802000000000000000e+03 4.244180000000000175e-01
5.803000000000000000e+03 4.250860000000000194e-01
5.804000000000000000e+03 4.257540000000000213e-01
5.805000000000000000e+03 4.264229999999999965e-01
5.806000000000000000e+03 4.270909999999999984e-01
5.807000000000000000e+03 4.277590000000000003e-01
5.808000000000000000e+03 4.284279999999999755e-01
5.809000000000000000e+03 4.290979999999999794e-01
5.810000000000000000e+03 4.297659999999999814e-01
5.811000000000000000e+03 4.300350000000000006e-01
5.812000000000000000e+03 4.303029999999999911e-01
5.813000000000000000e+03 4.305720000000000103e-01
5.814000000000000000e+03 4.308409999999999740e-01
5.815000000000000000e+03 4.311099999999999932e-01
5.816000000000000000e+03 4.313810000000000144e-01
5.817000000000000000e+03 4.316499999999999782e-01
5.818000000000000000e+03 4.319200000000000261e-01
5.819000000000000000e+03 4.321900000000000186e-01
5.820000000000000000e+03 4.324609999999999843e-01
5.821000000000000000e+03 4.313480000000000092e-01
5.822000000000000000e+03 4.302340000000000053e-01
5.823000000000000000e+03 4.291209999999999747e-01
5.824000000000000000e+03 4.280079999999999996e-01
5.825000000000000000e+03 4.268939999999999957e-01
5.826000000000000000e+03 4.257790000000000186e-01
5.827000000000000000e+03 4.246659999999999879e-01
5.828000000000000000e+03 4.235499999999999821e-01
5.829000000000000000e+03 4.224359999999999782e-01
5.830000000000000000e+03 4.213210000000000011e-01
5.831000000000000000e+03 4.212299999999999933e-01
5.832000000000000000e+03 4.211400000000000143e-01
5.833000000000000000e+03 4.210499999999999798e-01
5.834000000000000000e+03 4.209600000000000009e-01
5.835000000000000000e+03 4.208700000000000219e-01
5.836000000000000000e+03 4.207810000000000161e-01
5.837000000000000000e+03 4.206900000000000084e-01
5.838000000000000000e+03 4.205999999999999739e-01
5.839000000000000000e+03 4.205119999999999969e-01
5.840000000000000000e+03 4.204220000000000179e-01
5.841000000000000000e+03 4.192440000000000055e-01
5.842000000000000000e+03 4.180670000000000219e-01
5.843000000000000000e+03 4.168890000000000096e-01
5.844000000000000000e+03 4.157109999999999972e-01
5.845000000000000000e+03 4.145329999999999848e-01
5.846000000000000000e+03 4.133539999999999992e-01
5.847000000000000000e+03 4.121759999999999868e-01
5.848000000000000000e+03 4.109979999999999745e-01
5.849000000000000000e+03 4.098189999999999888e-01
5.850000000000000000e+03 4.086409999999999765e-01
5.851000000000000000e+03 4.103410000000000113e-01
5.852000000000000000e+03 4.120409999999999906e-01
5.853000000000000000e+03 4.137419999999999987e-01
5.854000000000000000e+03 4.154439999999999800e-01
5.855000000000000000e+03 4.171440000000000148e-01
5.856000000000000000e+03 4.188459999999999961e-01
5.857000000000000000e+03 4.205479999999999774e-01
5.858000000000000000e+03 4.222509999999999875e-01
5.859000000000000000e+03 4.239539999999999975e-01
5.860000000000000000e+03 4.256570000000000076e-01
5.861000000000000000e+03 4.253859999999999864e-01
5.862000000000000000e+03 4.251139999999999919e-01
5.863000000000000000e+03 4.248430000000000262e-01
5.864000000000000000e+03 4.245709999999999762e-01
5.865000000000000000e+03 4.243000000000000105e-01
5.866000000000000000e+03 4.240289999999999893e-01
5.867000000000000000e+03 4.237569999999999948e-01
5.868000000000000000e+03 4.234859999999999736e-01
5.869000000000000000e+03 4.232139999999999791e-01
5.870000000000000000e+03 4.229430000000000134e-01
5.871000000000000000e+03 4.229269999999999974e-01
5.872000000000000000e+03 4.229109999999999814e-01
5.873000000000000000e+03 4.228950000000000209e-01
5.874000000000000000e+03 4.228799999999999781e-01
5.875000000000000000e+03 4.228640000000000176e-01
5.876000000000000000e+03 4.228489999999999749e-01
5.877000000000000000e+03 4.228330000000000144e-01
5.878000000000000000e+03 4.228180000000000271e-01
5.879000000000000000e+03 4.228029999999999844e-01
5.880000000000000000e+03 4.227890000000000259e-01
5.881000000000000000e+03 4.216750000000000220e-01
5.882000000000000000e+03 4.205599999999999894e-01
5.883000000000000000e+03 4.194450000000000123e-01
5.884000000000000000e+03 4.183299999999999796e-01
5.885000000000000000e+03 4.172159999999999758e-01
5.886000000000000000e+03 4.161000000000000254e-01
5.887000000000000000e+03 4.149840000000000195e-01
5.888000000000000000e+03 4.138680000000000136e-01
5.889000000000000000e+03 4.127520000000000078e-01
5.890000000000000000e+03 4.116349999999999731e-01
5.891000000000000000e+03 4.145469999999999988e-01
5.892000000000000000e+03 4.174590000000000245e-01
5.893000000000000000e+03 4.203740000000000254e-01
5.894000000000000000e+03 4.232890000000000263e-01
5.895000000000000000e+03 4.262059999999999738e-01
5.896000000000000000e+03 4.291229999999999767e-01
5.897000000000000000e+03 4.320430000000000104e-01
5.898000000000000000e+03 4.349640000000000173e-01
5.899000000000000000e+03 4.378850000000000242e-01
5.900000000000000000e+03 4.408090000000000064e-01
5.901000000000000000e+03 4.388719999999999843e-01
5.902000000000000000e+03 4.369330000000000158e-01
5.903000000000000000e+03 4.349950000000000205e-01
5.904000000000000000e+03 4.330559999999999965e-01
5.905000000000000000e+03 4.311169999999999725e-01
5.906000000000000000e+03 4.291780000000000039e-01
5.907000000000000000e+03 4.272389999999999799e-01
5.908000000000000000e+03 4.252980000000000094e-01
5.909000000000000000e+03 4.233589999999999853e-01
5.910000000000000000e+03 4.214180000000000148e-01
5.911000000000000000e+03 4.233370000000000188e-01
5.912000000000000000e+03 4.252560000000000229e-01
5.913000000000000000e+03 4.271750000000000269e-01
5.914000000000000000e+03 4.290939999999999754e-01
5.915000000000000000e+03 4.310160000000000102e-01
5.916000000000000000e+03 4.329350000000000143e-01
5.917000000000000000e+03 4.348569999999999935e-01
5.918000000000000000e+03 4.367779999999999996e-01
5.919000000000000000e+03 4.386999999999999789e-01
5.920000000000000000e+03 4.406229999999999869e-01
5.921000000000000000e+03 4.396450000000000080e-01
5.922000000000000000e+03 4.386660000000000004e-01
5.923000000000000000e+03 4.376869999999999927e-01
5.924000000000000000e+03 4.367070000000000118e-01
5.925000000000000000e+03 4.357289999999999774e-01
5.926000000000000000e+03 4.347480000000000233e-01
5.927000000000000000e+03 4.337690000000000157e-01
5.928000000000000000e+03 4.327880000000000060e-01
5.929000000000000000e+03 4.318069999999999964e-01
5.930000000000000000e+03 4.308270000000000155e-01
5.931000000000000000e+03 4.294569999999999776e-01
5.932000000000000000e+03 4.280869999999999953e-01
5.933000000000000000e+03 4.267170000000000130e-01
5.934000000000000000e+03 4.253469999999999751e-01
5.935000000000000000e+03 4.239769999999999928e-01
5.936000000000000000e+03 4.226050000000000084e-01
5.937000000000000000e+03 4.212350000000000261e-01
5.938000000000000000e+03 4.198640000000000150e-01
5.939000000000000000e+03 4.184910000000000019e-01
5.940000000000000000e+03 4.171190000000000175e-01
5.941000000000000000e+03 4.148839999999999750e-01
5.942000000000000000e+03 4.126480000000000148e-01
5.943000000000000000e+03 4.104119999999999990e-01
5.944000000000000000e+03 4.081759999999999833e-01
5.945000000000000000e+03 4.059389999999999943e-01
5.946000000000000000e+03 4.037009999999999765e-01
5.947000000000000000e+03 4.014639999999999875e-01
5.948000000000000000e+03 3.992249999999999965e-01
5.949000000000000000e+03 3.969849999999999768e-01
5.950000000000000000e+03 3.947459999999999858e-01
5.951000000000000000e+03 3.975460000000000105e-01
5.952000000000000000e+03 4.003470000000000084e-01
5.953000000000000000e+03 4.031489999999999796e-01
5.954000000000000000e+03 4.059539999999999815e-01
5.955000000000000000e+03 4.087589999999999835e-01
5.956000000000000000e+03 4.115630000000000122e-01
5.957000000000000000e+03 4.143700000000000161e-01
5.958000000000000000e+03 4.171790000000000220e-01
5.959000000000000000e+03 4.199879999999999725e-01
5.960000000000000000e+03 4.227980000000000071e-01
5.961000000000000000e+03 4.218270000000000075e-01
5.962000000000000000e+03 4.208549999999999791e-01
5.963000000000000000e+03 4.198830000000000062e-01
5.964000000000000000e+03 4.189109999999999778e-01
5.965000000000000000e+03 4.179379999999999762e-01
5.966000000000000000e+03 4.169640000000000013e-01
5.967000000000000000e+03 4.159909999999999997e-01
5.968000000000000000e+03 4.150170000000000248e-01
5.969000000000000000e+03 4.140429999999999944e-01
5.970000000000000000e+03 4.130679999999999907e-01
5.971000000000000000e+03 4.136270000000000224e-01
5.972000000000000000e+03 4.141859999999999986e-01
5.973000000000000000e+03 4.147449999999999748e-01
5.974000000000000000e+03 4.153049999999999797e-01
5.975000000000000000e+03 4.158649999999999847e-01
5.976000000000000000e+03 4.164249999999999896e-01
5.977000000000000000e+03 4.169849999999999945e-01
5.978000000000000000e+03 4.175449999999999995e-01
5.979000000000000000e+03 4.181059999999999777e-01
5.980000000000000000e+03 4.186670000000000114e-01
5.981000000000000000e+03 4.185809999999999809e-01
5.982000000000000000e+03 4.184959999999999791e-01
5.983000000000000000e+03 4.184100000000000041e-01
5.984000000000000000e+03 4.183250000000000024e-01
5.985000000000000000e+03 4.182390000000000274e-01
5.986000000000000000e+03 4.181520000000000237e-01
5.987000000000000000e+03 4.180659999999999932e-01
5.988000000000000000e+03 4.179809999999999914e-01
5.989000000000000000e+03 4.178939999999999877e-01
5.990000000000000000e+03 4.178080000000000127e-01
5.991000000000000000e+03 4.176259999999999972e-01
5.992000000000000000e+03 4.174439999999999817e-01
5.993000000000000000e+03 4.172629999999999950e-01
5.994000000000000000e+03 4.170800000000000063e-01
5.995000000000000000e+03 4.168979999999999908e-01
5.996000000000000000e+03 4.167159999999999753e-01
5.997000000000000000e+03 4.165329999999999866e-01
5.998000000000000000e+03 4.163510000000000266e-01
5.999000000000000000e+03 4.161679999999999824e-01
6.000000000000000000e+03 4.159860000000000224e-01
6.001000000000000000e+03 4.165309999999999846e-01
6.002000000000000000e+03 4.170780000000000043e-01
6.003000000000000000e+03 4.176239999999999952e-01
6.004000000000000000e+03 4.181710000000000149e-01
6.005000000000000000e+03 4.187170000000000059e-01
6.006000000000000000e+03 4.192629999999999968e-01
6.007000000000000000e+03 4.198100000000000165e-01
6.008000000000000000e+03 4.203569999999999807e-01
6.009000000000000000e+03 4.209040000000000004e-01
6.010000000000000000e+03 4.214510000000000201e-01
6.011000000000000000e+03 4.216650000000000120e-01
6.012000000000000000e+03 4.218790000000000040e-01
6.013000000000000000e+03 4.220929999999999960e-01
6.014000000000000000e+03 4.223069999999999879e-01
6.015000000000000000e+03 4.225209999999999799e-01
6.016000000000000000e+03 4.227360000000000007e-01
6.017000000000000000e+03 4.229499999999999926e-01
6.018000000000000000e+03 4.231639999999999846e-01
6.019000000000000000e+03 4.233779999999999766e-01
6.020000000000000000e+03 4.235920000000000241e-01
6.021000000000000000e+03 4.238410000000000233e-01
6.022000000000000000e+03 4.240909999999999958e-01
6.023000000000000000e+03 4.243410000000000237e-01
6.024000000000000000e+03 4.245900000000000230e-01
6.025000000000000000e+03 4.248390000000000222e-01
6.026000000000000000e+03 4.250889999999999946e-01
6.027000000000000000e+03 4.253390000000000226e-01
6.028000000000000000e+03 4.255889999999999951e-01
6.029000000000000000e+03 4.258379999999999943e-01
6.030000000000000000e+03 4.260889999999999955e-01
6.031000000000000000e+03 4.262750000000000150e-01
6.032000000000000000e+03 4.264629999999999810e-01
6.033000000000000000e+03 4.266499999999999737e-01
6.034000000000000000e+03 4.268370000000000219e-01
6.035000000000000000e+03 4.270240000000000147e-01
6.036000000000000000e+03 4.272110000000000074e-01
6.037000000000000000e+03 4.273989999999999734e-01
6.038000000000000000e+03 4.275860000000000216e-01
6.039000000000000000e+03 4.277739999999999876e-01
6.040000000000000000e+03 4.279609999999999803e-01
6.041000000000000000e+03 4.290889999999999982e-01
6.042000000000000000e+03 4.302190000000000181e-01
6.043000000000000000e+03 4.313480000000000092e-01
6.044000000000000000e+03 4.324760000000000271e-01
6.045000000000000000e+03 4.336050000000000182e-01
6.046000000000000000e+03 4.347360000000000113e-01
6.047000000000000000e+03 4.358659999999999757e-01
6.048000000000000000e+03 4.369950000000000223e-01
6.049000000000000000e+03 4.381260000000000154e-01
6.050000000000000000e+03 4.392559999999999798e-01
6.051000000000000000e+03 4.389569999999999861e-01
6.052000000000000000e+03 4.386590000000000211e-01
6.053000000000000000e+03 4.383610000000000007e-01
6.054000000000000000e+03 4.380620000000000069e-01
6.055000000000000000e+03 4.377650000000000152e-01
6.056000000000000000e+03 4.374660000000000215e-01
6.057000000000000000e+03 4.371680000000000010e-01
6.058000000000000000e+03 4.368690000000000073e-01
6.059000000000000000e+03 4.365700000000000136e-01
6.060000000000000000e+03 4.362710000000000199e-01
6.061000000000000000e+03 4.355999999999999872e-01
6.062000000000000000e+03 4.349270000000000080e-01
6.063000000000000000e+03 4.342559999999999754e-01
6.064000000000000000e+03 4.335829999999999962e-01
6.065000000000000000e+03 4.329100000000000170e-01
6.066000000000000000e+03 4.322369999999999823e-01
6.067000000000000000e+03 4.315629999999999744e-01
6.068000000000000000e+03 4.308910000000000240e-01
6.069000000000000000e+03 4.302170000000000161e-01
6.070000000000000000e+03 4.295430000000000081e-01
6.071000000000000000e+03 4.288759999999999795e-01
6.072000000000000000e+03 4.282070000000000043e-01
6.073000000000000000e+03 4.275399999999999756e-01
6.074000000000000000e+03 4.268710000000000004e-01
6.075000000000000000e+03 4.262040000000000273e-01
6.076000000000000000e+03 4.255360000000000253e-01
6.077000000000000000e+03 4.248669999999999947e-01
6.078000000000000000e+03 4.241980000000000195e-01
6.079000000000000000e+03 4.235289999999999888e-01
6.080000000000000000e+03 4.228600000000000136e-01
6.081000000000000000e+03 4.240650000000000253e-01
6.082000000000000000e+03 4.252699999999999814e-01
6.083000000000000000e+03 4.264760000000000217e-01
6.084000000000000000e+03 4.276820000000000066e-01
6.085000000000000000e+03 4.288890000000000202e-01
6.086000000000000000e+03 4.300959999999999783e-01
6.087000000000000000e+03 4.313020000000000187e-01
6.088000000000000000e+03 4.325120000000000076e-01
6.089000000000000000e+03 4.337190000000000212e-01
6.090000000000000000e+03 4.349279999999999813e-01
6.091000000000000000e+03 4.356780000000000097e-01
6.092000000000000000e+03 4.364290000000000114e-01
6.093000000000000000e+03 4.371789999999999843e-01
6.094000000000000000e+03 4.379310000000000147e-01
6.095000000000000000e+03 4.386809999999999876e-01
6.096000000000000000e+03 4.394330000000000180e-01
6.097000000000000000e+03 4.401840000000000197e-01
6.098000000000000000e+03 4.409350000000000214e-01
6.099000000000000000e+03 4.416860000000000230e-01
6.100000000000000000e+03 4.424390000000000267e-01
6.101000000000000000e+03 4.416370000000000018e-01
6.102000000000000000e+03 4.408369999999999789e-01
6.103000000000000000e+03 4.400350000000000095e-01
6.104000000000000000e+03 4.392340000000000133e-01
6.105000000000000000e+03 4.384319999999999884e-01
6.106000000000000000e+03 4.376289999999999902e-01
6.107000000000000000e+03 4.368270000000000208e-01
6.108000000000000000e+03 4.360240000000000227e-01
6.109000000000000000e+03 4.352219999999999978e-01
6.110000000000000000e+03 4.344189999999999996e-01
6.111000000000000000e+03 4.352809999999999735e-01
6.112000000000000000e+03 4.361419999999999741e-01
6.113000000000000000e+03 4.370049999999999768e-01
6.114000000000000000e+03 4.378670000000000062e-01
6.115000000000000000e+03 4.387300000000000089e-01
6.116000000000000000e+03 4.395930000000000115e-01
6.117000000000000000e+03 4.404549999999999854e-01
6.118000000000000000e+03 4.413199999999999901e-01
6.119000000000000000e+03 4.421840000000000215e-01
6.120000000000000000e+03 4.430479999999999974e-01
6.121000000000000000e+03 4.430560000000000054e-01
6.122000000000000000e+03 4.430640000000000134e-01
6.123000000000000000e+03 4.430720000000000214e-01
6.124000000000000000e+03 4.430810000000000026e-01
6.125000000000000000e+03 4.430879999999999819e-01
6.126000000000000000e+03 4.430959999999999899e-01
6.127000000000000000e+03 4.431039999999999979e-01
6.128000000000000000e+03 4.431129999999999791e-01
6.129000000000000000e+03 4.431200000000000139e-01
6.130000000000000000e+03 4.431280000000000219e-01
6.131000000000000000e+03 4.432300000000000129e-01
6.132000000000000000e+03 4.433309999999999751e-01
6.133000000000000000e+03 4.434319999999999928e-01
6.134000000000000000e+03 4.435350000000000126e-01
6.135000000000000000e+03 4.436359999999999748e-01
6.136000000000000000e+03 4.437369999999999925e-01
6.137000000000000000e+03 4.438389999999999835e-01
6.138000000000000000e+03 4.439400000000000013e-01
6.139000000000000000e+03 4.440419999999999923e-01
6.140000000000000000e+03 4.441439999999999833e-01
6.141000000000000000e+03 4.442740000000000022e-01
6.142000000000000000e+03 4.444040000000000212e-01
6.143000000000000000e+03 4.445339999999999847e-01
6.144000000000000000e+03 4.446640000000000037e-01
6.145000000000000000e+03 4.447940000000000227e-01
6.146000000000000000e+03 4.449239999999999862e-01
6.147000000000000000e+03 4.450529999999999764e-01
6.148000000000000000e+03 4.451840000000000241e-01
6.149000000000000000e+03 4.453139999999999876e-01
6.150000000000000000e+03 4.454440000000000066e-01
6.151000000000000000e+03 4.444290000000000185e-01
6.152000000000000000e+03 4.434130000000000016e-01
6.153000000000000000e+03 4.423969999999999847e-01
6.154000000000000000e+03 4.413810000000000233e-01
6.155000000000000000e+03 4.403639999999999777e-01
6.156000000000000000e+03 4.393469999999999875e-01
6.157000000000000000e+03 4.383310000000000262e-01
6.158000000000000000e+03 4.373130000000000073e-01
6.159000000000000000e+03 4.362960000000000171e-01
6.160000000000000000e+03 4.352790000000000270e-01
6.161000000000000000e+03 4.329839999999999800e-01
6.162000000000000000e+03 4.306900000000000173e-01
6.163000000000000000e+03 4.283950000000000258e-01
6.164000000000000000e+03 4.260990000000000055e-01
6.165000000000000000e+03 4.238009999999999833e-01
6.166000000000000000e+03 4.215030000000000165e-01
6.167000000000000000e+03 4.192040000000000211e-01
6.168000000000000000e+03 4.169030000000000236e-01
6.169000000000000000e+03 4.146020000000000261e-01
6.170000000000000000e+03 4.123009999999999731e-01
6.171000000000000000e+03 4.107660000000000200e-01
6.172000000000000000e+03 4.092299999999999827e-01
6.173000000000000000e+03 4.076940000000000008e-01
6.174000000000000000e+03 4.061580000000000190e-01
6.175000000000000000e+03 4.046210000000000084e-01
6.176000000000000000e+03 4.030830000000000246e-01
6.177000000000000000e+03 4.015449999999999853e-01
6.178000000000000000e+03 4.000059999999999727e-01
6.179000000000000000e+03 3.984670000000000156e-01
6.180000000000000000e+03 3.969269999999999743e-01
6.181000000000000000e+03 3.956839999999999802e-01
6.182000000000000000e+03 3.944420000000000148e-01
6.183000000000000000e+03 3.931990000000000207e-01
6.184000000000000000e+03 3.919560000000000266e-01
6.185000000000000000e+03 3.907120000000000037e-01
6.186000000000000000e+03 3.894690000000000096e-01
6.187000000000000000e+03 3.882240000000000135e-01
6.188000000000000000e+03 3.869790000000000174e-01
6.189000000000000000e+03 3.857329999999999925e-01
6.190000000000000000e+03 3.844870000000000232e-01
6.191000000000000000e+03 3.841899999999999760e-01
6.192000000000000000e+03 3.838929999999999843e-01
6.193000000000000000e+03 3.835959999999999925e-01
6.194000000000000000e+03 3.832990000000000008e-01
6.195000000000000000e+03 3.830009999999999803e-01
6.196000000000000000e+03 3.827030000000000154e-01
6.197000000000000000e+03 3.824060000000000237e-01
6.198000000000000000e+03 3.821080000000000032e-01
6.199000000000000000e+03 3.818090000000000095e-01
6.200000000000000000e+03 3.815109999999999890e-01
6.201000000000000000e+03 3.809879999999999933e-01
6.202000000000000000e+03 3.804649999999999976e-01
6.203000000000000000e+03 3.799420000000000019e-01
6.204000000000000000e+03 3.794179999999999775e-01
6.205000000000000000e+03 3.788949999999999818e-01
6.206000000000000000e+03 3.783719999999999861e-01
6.207000000000000000e+03 3.778480000000000172e-01
6.208000000000000000e+03 3.773239999999999927e-01
6.209000000000000000e+03 3.768000000000000238e-01
6.210000000000000000e+03 3.762769999999999726e-01
6.211000000000000000e+03 3.771849999999999925e-01
6.212000000000000000e+03 3.780919999999999837e-01
6.213000000000000000e+03 3.790000000000000036e-01
6.214000000000000000e+03 3.799060000000000215e-01
6.215000000000000000e+03 3.808139999999999858e-01
6.216000000000000000e+03 3.817220000000000057e-01
6.217000000000000000e+03 3.826289999999999969e-01
6.218000000000000000e+03 3.835370000000000168e-01
6.219000000000000000e+03 3.844449999999999812e-01
6.220000000000000000e+03 3.853530000000000011e-01
6.221000000000000000e+03 3.881809999999999983e-01
6.222000000000000000e+03 3.910100000000000242e-01
6.223000000000000000e+03 3.938409999999999966e-01
6.224000000000000000e+03 3.966709999999999958e-01
6.225000000000000000e+03 3.995029999999999970e-01
6.226000000000000000e+03 4.023360000000000269e-01
6.227000000000000000e+03 4.051690000000000014e-01
6.228000000000000000e+03 4.080039999999999778e-01
6.229000000000000000e+03 4.108379999999999810e-01
6.230000000000000000e+03 4.136739999999999862e-01
6.231000000000000000e+03 4.146489999999999898e-01
6.232000000000000000e+03 4.156230000000000202e-01
6.233000000000000000e+03 4.165969999999999951e-01
6.234000000000000000e+03 4.175719999999999987e-01
6.235000000000000000e+03 4.185470000000000024e-01
6.236000000000000000e+03 4.195209999999999773e-01
6.237000000000000000e+03 4.204959999999999809e-01
6.238000000000000000e+03 4.214709999999999845e-01
6.239000000000000000e+03 4.224459999999999882e-01
6.240000000000000000e+03 4.234200000000000186e-01
6.241000000000000000e+03 4.251670000000000171e-01
6.242000000000000000e+03 4.269149999999999889e-01
6.243000000000000000e+03 4.286619999999999875e-01
6.244000000000000000e+03 4.304089999999999860e-01
6.245000000000000000e+03 4.321570000000000134e-01
6.246000000000000000e+03 4.339049999999999851e-01
6.247000000000000000e+03 4.356539999999999857e-01
6.248000000000000000e+03 4.374029999999999863e-01
6.249000000000000000e+03 4.391519999999999868e-01
6.250000000000000000e+03 4.409029999999999894e-01
6.251000000000000000e+03 4.408650000000000069e-01
6.252000000000000000e+03 4.408279999999999976e-01
6.253000000000000000e+03 4.407909999999999884e-01
6.254000000000000000e+03 4.407530000000000059e-01
6.255000000000000000e+03 4.407159999999999966e-01
6.256000000000000000e+03 4.406800000000000161e-01
6.257000000000000000e+03 4.406419999999999781e-01
6.258000000000000000e+03 4.406039999999999957e-01
6.259000000000000000e+03 4.405669999999999864e-01
6.260000000000000000e+03 4.405290000000000039e-01
6.261000000000000000e+03 4.408599999999999741e-01
6.262000000000000000e+03 4.411900000000000266e-01
6.263000000000000000e+03 4.415200000000000236e-01
6.264000000000000000e+03 4.418520000000000225e-01
6.265000000000000000e+03 4.421809999999999907e-01
6.266000000000000000e+03 4.425120000000000164e-01
6.267000000000000000e+03 4.428429999999999866e-01
6.268000000000000000e+03 4.431740000000000124e-01
6.269000000000000000e+03 4.435049999999999826e-01
6.270000000000000000e+03 4.438360000000000083e-01
6.271000000000000000e+03 4.445080000000000142e-01
6.272000000000000000e+03 4.451809999999999934e-01
6.273000000000000000e+03 4.458539999999999726e-01
6.274000000000000000e+03 4.465279999999999805e-01
6.275000000000000000e+03 4.472010000000000152e-01
6.276000000000000000e+03 4.478739999999999943e-01
6.277000000000000000e+03 4.485480000000000023e-01
6.278000000000000000e+03 4.492220000000000102e-01
6.279000000000000000e+03 4.498960000000000181e-01
6.280000000000000000e+03 4.505709999999999993e-01
6.281000000000000000e+03 4.491069999999999784e-01
6.282000000000000000e+03 4.476419999999999844e-01
6.283000000000000000e+03 4.461780000000000190e-01
6.284000000000000000e+03 4.447130000000000249e-01
6.285000000000000000e+03 4.432479999999999754e-01
6.286000000000000000e+03 4.417829999999999813e-01
6.287000000000000000e+03 4.403179999999999872e-01
6.288000000000000000e+03 4.388509999999999911e-01
6.289000000000000000e+03 4.373870000000000258e-01
6.290000000000000000e+03 4.359210000000000029e-01
6.291000000000000000e+03 4.364350000000000174e-01
6.292000000000000000e+03 4.369509999999999783e-01
6.293000000000000000e+03 4.374660000000000215e-01
6.294000000000000000e+03 4.379810000000000092e-01
6.295000000000000000e+03 4.384970000000000256e-01
6.296000000000000000e+03 4.390120000000000133e-01
6.297000000000000000e+03 4.395270000000000010e-01
6.298000000000000000e+03 4.400430000000000175e-01
6.299000000000000000e+03 4.405589999999999784e-01
6.300000000000000000e+03 4.410749999999999948e-01
6.301000000000000000e+03 4.399930000000000230e-01
6.302000000000000000e+03 4.389129999999999976e-01
6.303000000000000000e+03 4.378319999999999990e-01
6.304000000000000000e+03 4.367510000000000003e-01
6.305000000000000000e+03 4.356700000000000017e-01
6.306000000000000000e+03 4.345879999999999743e-01
6.307000000000000000e+03 4.335060000000000024e-01
6.308000000000000000e+03 4.324250000000000038e-01
6.309000000000000000e+03 4.313420000000000032e-01
6.310000000000000000e+03 4.302599999999999758e-01
6.311000000000000000e+03 4.304930000000000145e-01
6.312000000000000000e+03 4.307259999999999978e-01
6.313000000000000000e+03 4.309589999999999810e-01
6.314000000000000000e+03 4.311920000000000197e-01
6.315000000000000000e+03 4.314250000000000029e-01
6.316000000000000000e+03 4.316590000000000149e-01
6.317000000000000000e+03 4.318919999999999981e-01
6.318000000000000000e+03 4.321260000000000101e-01
6.319000000000000000e+03 4.323589999999999933e-01
6.320000000000000000e+03 4.325919999999999765e-01
6.321000000000000000e+03 4.321169999999999733e-01
6.322000000000000000e+03 4.316400000000000237e-01
6.323000000000000000e+03 4.311650000000000205e-01
6.324000000000000000e+03 4.306889999999999885e-01
6.325000000000000000e+03 4.302130000000000121e-01
6.326000000000000000e+03 4.297369999999999801e-01
6.327000000000000000e+03 4.292610000000000037e-01
6.328000000000000000e+03 4.287839999999999985e-01
6.329000000000000000e+03 4.283069999999999933e-01
6.330000000000000000e+03 4.278299999999999881e-01
6.331000000000000000e+03 4.287529999999999952e-01
6.332000000000000000e+03 4.296749999999999736e-01
6.333000000000000000e+03 4.305979999999999808e-01
6.334000000000000000e+03 4.315220000000000167e-01
6.335000000000000000e+03 4.324450000000000238e-01
6.336000000000000000e+03 4.333690000000000042e-01
6.337000000000000000e+03 4.342929999999999846e-01
6.338000000000000000e+03 4.352170000000000205e-01
6.339000000000000000e+03 4.361410000000000009e-01
6.340000000000000000e+03 4.370669999999999833e-01
6.341000000000000000e+03 4.364109999999999934e-01
6.342000000000000000e+03 4.357559999999999767e-01
6.343000000000000000e+03 4.351019999999999888e-01
6.344000000000000000e+03 4.344470000000000276e-01
6.345000000000000000e+03 4.337920000000000109e-01
6.346000000000000000e+03 4.331369999999999942e-01
6.347000000000000000e+03 4.324819999999999776e-01
6.348000000000000000e+03 4.318270000000000164e-01
6.349000000000000000e+03 4.311719999999999997e-01
6.350000000000000000e+03 4.305169999999999830e-01
6.351000000000000000e+03 4.343369999999999731e-01
6.352000000000000000e+03 4.381579999999999919e-01
6.353000000000000000e+03 4.419799999999999840e-01
6.354000000000000000e+03 4.458030000000000048e-01
6.355000000000000000e+03 4.496269999999999989e-01
6.356000000000000000e+03 4.534520000000000217e-01
6.357000000000000000e+03 4.572780000000000178e-01
6.358000000000000000e+03 4.611029999999999851e-01
6.359000000000000000e+03 4.649329999999999852e-01
6.360000000000000000e+03 4.687609999999999832e-01
6.361000000000000000e+03 4.644989999999999952e-01
6.362000000000000000e+03 4.602370000000000072e-01
6.363000000000000000e+03 4.559739999999999904e-01
6.364000000000000000e+03 4.517100000000000004e-01
6.365000000000000000e+03 4.474449999999999816e-01
6.366000000000000000e+03 4.431809999999999916e-01
6.367000000000000000e+03 4.389149999999999996e-01
6.368000000000000000e+03 4.346479999999999788e-01
6.369000000000000000e+03 4.303810000000000136e-01
6.370000000000000000e+03 4.261139999999999928e-01
6.371000000000000000e+03 4.276789999999999758e-01
6.372000000000000000e+03 4.292460000000000164e-01
6.373000000000000000e+03 4.308119999999999727e-01
6.374000000000000000e+03 4.323790000000000133e-01
6.375000000000000000e+03 4.339470000000000272e-01
6.376000000000000000e+03 4.355160000000000142e-01
6.377000000000000000e+03 4.370839999999999725e-01
6.378000000000000000e+03 4.386530000000000151e-01
6.379000000000000000e+03 4.402240000000000042e-01
6.380000000000000000e+03 4.417949999999999933e-01
6.381000000000000000e+03 4.375780000000000225e-01
6.382000000000000000e+03 4.333620000000000250e-01
6.383000000000000000e+03 4.291440000000000254e-01
6.384000000000000000e+03 4.249249999999999972e-01
6.385000000000000000e+03 4.207040000000000224e-01
6.386000000000000000e+03 4.164820000000000189e-01
6.387000000000000000e+03 4.122600000000000153e-01
6.388000000000000000e+03 4.080360000000000098e-01
6.389000000000000000e+03 4.038109999999999755e-01
6.390000000000000000e+03 3.995839999999999947e-01
6.391000000000000000e+03 4.008820000000000161e-01
6.392000000000000000e+03 4.021790000000000087e-01
6.393000000000000000e+03 4.034780000000000033e-01
6.394000000000000000e+03 4.047749999999999959e-01
6.395000000000000000e+03 4.060719999999999885e-01
6.396000000000000000e+03 4.073709999999999831e-01
6.397000000000000000e+03 4.086690000000000045e-01
6.398000000000000000e+03 4.099679999999999991e-01
6.399000000000000000e+03 4.112660000000000204e-01
6.400000000000000000e+03 4.125650000000000150e-01
6.401000000000000000e+03 4.110179999999999945e-01
6.402000000000000000e+03 4.094720000000000026e-01
6.403000000000000000e+03 4.079249999999999821e-01
6.404000000000000000e+03 4.063780000000000170e-01
6.405000000000000000e+03 4.048300000000000232e-01
6.406000000000000000e+03 4.032830000000000026e-01
6.407000000000000000e+03 4.017359999999999820e-01
6.408000000000000000e+03 4.001879999999999882e-01
6.409000000000000000e+03 3.986379999999999924e-01
6.410000000000000000e+03 3.970890000000000253e-01
6.411000000000000000e+03 3.996959999999999957e-01
6.412000000000000000e+03 4.023030000000000217e-01
6.413000000000000000e+03 4.049119999999999941e-01
6.414000000000000000e+03 4.075210000000000221e-01
6.415000000000000000e+03 4.101310000000000233e-01
6.416000000000000000e+03 4.127399999999999958e-01
6.417000000000000000e+03 4.153519999999999990e-01
6.418000000000000000e+03 4.179640000000000022e-01
6.419000000000000000e+03 4.205760000000000054e-01
6.420000000000000000e+03 4.231889999999999818e-01
6.421000000000000000e+03 4.213740000000000263e-01
6.422000000000000000e+03 4.195570000000000133e-01
6.423000000000000000e+03 4.177409999999999735e-01
6.424000000000000000e+03 4.159249999999999892e-01
6.425000000000000000e+03 4.141090000000000049e-01
6.426000000000000000e+03 4.122910000000000186e-01
6.427000000000000000e+03 4.104749999999999788e-01
6.428000000000000000e+03 4.086589999999999945e-01
6.429000000000000000e+03 4.068419999999999814e-01
6.430000000000000000e+03 4.050259999999999971e-01
6.431000000000000000e+03 4.092359999999999887e-01
6.432000000000000000e+03 4.134470000000000089e-01
6.433000000000000000e+03 4.176579999999999737e-01
6.434000000000000000e+03 4.218709999999999960e-01
6.435000000000000000e+03 4.260829999999999895e-01
6.436000000000000000e+03 4.302949999999999831e-01
6.437000000000000000e+03 4.345080000000000053e-01
6.438000000000000000e+03 4.387210000000000276e-01
6.439000000000000000e+03 4.429350000000000231e-01
6.440000000000000000e+03 4.471490000000000187e-01
6.441000000000000000e+03 4.454980000000000051e-01
6.442000000000000000e+03 4.438460000000000183e-01
6.443000000000000000e+03 4.421939999999999760e-01
6.444000000000000000e+03 4.405430000000000179e-01
6.445000000000000000e+03 4.388900000000000023e-01
6.446000000000000000e+03 4.372389999999999888e-01
6.447000000000000000e+03 4.355859999999999732e-01
6.448000000000000000e+03 4.339319999999999844e-01
6.449000000000000000e+03 4.322799999999999976e-01
6.450000000000000000e+03 4.306280000000000108e-01
6.451000000000000000e+03 4.346030000000000171e-01
6.452000000000000000e+03 4.385809999999999986e-01
6.453000000000000000e+03 4.425589999999999802e-01
6.454000000000000000e+03 4.465350000000000152e-01
6.455000000000000000e+03 4.505149999999999988e-01
6.456000000000000000e+03 4.544940000000000091e-01
6.457000000000000000e+03 4.584739999999999926e-01
6.458000000000000000e+03 4.624550000000000050e-01
6.459000000000000000e+03 4.664360000000000173e-01
6.460000000000000000e+03 4.704169999999999741e-01
6.461000000000000000e+03 4.674690000000000234e-01
6.462000000000000000e+03 4.645210000000000172e-01
6.463000000000000000e+03 4.615730000000000111e-01
6.464000000000000000e+03 4.586239999999999761e-01
6.465000000000000000e+03 4.556760000000000255e-01
6.466000000000000000e+03 4.527289999999999925e-01
6.467000000000000000e+03 4.497820000000000151e-01
6.468000000000000000e+03 4.468340000000000090e-01
6.469000000000000000e+03 4.438880000000000048e-01
6.470000000000000000e+03 4.409420000000000006e-01
6.471000000000000000e+03 4.439080000000000248e-01
6.472000000000000000e+03 4.468770000000000242e-01
6.473000000000000000e+03 4.498429999999999929e-01
6.474000000000000000e+03 4.528119999999999923e-01
6.475000000000000000e+03 4.557809999999999917e-01
6.476000000000000000e+03 4.587499999999999911e-01
6.477000000000000000e+03 4.617200000000000193e-01
6.478000000000000000e+03 4.646899999999999920e-01
6.479000000000000000e+03 4.676609999999999934e-01
6.480000000000000000e+03 4.706330000000000235e-01
6.481000000000000000e+03 4.671159999999999757e-01
6.482000000000000000e+03 4.636009999999999853e-01
6.483000000000000000e+03 4.600850000000000217e-01
6.484000000000000000e+03 4.565679999999999739e-01
6.485000000000000000e+03 4.530540000000000123e-01
6.486000000000000000e+03 4.495379999999999932e-01
6.487000000000000000e+03 4.460230000000000028e-01
6.488000000000000000e+03 4.425069999999999837e-01
6.489000000000000000e+03 4.389930000000000221e-01
6.490000000000000000e+03 4.354779999999999762e-01
6.491000000000000000e+03 4.375800000000000245e-01
6.492000000000000000e+03 4.396820000000000173e-01
6.493000000000000000e+03 4.417820000000000080e-01
6.494000000000000000e+03 4.438860000000000028e-01
6.495000000000000000e+03 4.459870000000000223e-01
6.496000000000000000e+03 4.480899999999999883e-01
6.497000000000000000e+03 4.501919999999999811e-01
6.498000000000000000e+03 4.522939999999999738e-01
6.499000000000000000e+03 4.543980000000000241e-01
6.500000000000000000e+03 4.565000000000000169e-01
6.501000000000000000e+03 4.523610000000000131e-01
6.502000000000000000e+03 4.482200000000000073e-01
6.503000000000000000e+03 4.440779999999999728e-01
6.504000000000000000e+03 4.399359999999999937e-01
6.505000000000000000e+03 4.357929999999999859e-01
6.506000000000000000e+03 4.316490000000000049e-01
6.507000000000000000e+03 4.275050000000000239e-01
6.508000000000000000e+03 4.233589999999999853e-01
6.509000000000000000e+03 4.192130000000000023e-01
6.510000000000000000e+03 4.150659999999999905e-01
6.511000000000000000e+03 4.162199999999999789e-01
6.512000000000000000e+03 4.173740000000000228e-01
6.513000000000000000e+03 4.185289999999999844e-01
6.514000000000000000e+03 4.196829999999999727e-01
6.515000000000000000e+03 4.208370000000000166e-01
6.516000000000000000e+03 4.219910000000000050e-01
6.517000000000000000e+03 4.231460000000000221e-01
6.518000000000000000e+03 4.242989999999999817e-01
6.519000000000000000e+03 4.254550000000000276e-01
6.520000000000000000e+03 4.266090000000000160e-01
6.521000000000000000e+03 4.243569999999999842e-01
6.522000000000000000e+03 4.221039999999999792e-01
6.523000000000000000e+03 4.198520000000000030e-01
6.524000000000000000e+03 4.176000000000000267e-01
6.525000000000000000e+03 4.153479999999999950e-01
6.526000000000000000e+03 4.130969999999999920e-01
6.527000000000000000e+03 4.108450000000000157e-01
6.528000000000000000e+03 4.085940000000000127e-01
6.529000000000000000e+03 4.063430000000000097e-01
6.530000000000000000e+03 4.040929999999999800e-01
6.531000000000000000e+03 4.071440000000000059e-01
6.532000000000000000e+03 4.101960000000000051e-01
6.533000000000000000e+03 4.132480000000000042e-01
6.534000000000000000e+03 4.163000000000000034e-01
6.535000000000000000e+03 4.193529999999999758e-01
6.536000000000000000e+03 4.224040000000000017e-01
6.537000000000000000e+03 4.254569999999999741e-01
6.538000000000000000e+03 4.285089999999999733e-01
6.539000000000000000e+03 4.315620000000000012e-01
6.540000000000000000e+03 4.346140000000000003e-01
6.541000000000000000e+03 4.319769999999999999e-01
6.542000000000000000e+03 4.293390000000000262e-01
6.543000000000000000e+03 4.267009999999999970e-01
6.544000000000000000e+03 4.240599999999999925e-01
6.545000000000000000e+03 4.214200000000000168e-01
6.546000000000000000e+03 4.187779999999999836e-01
6.547000000000000000e+03 4.161360000000000059e-01
6.548000000000000000e+03 4.134920000000000262e-01
6.549000000000000000e+03 4.108479999999999910e-01
6.550000000000000000e+03 4.082020000000000093e-01
6.551000000000000000e+03 4.119550000000000156e-01
6.552000000000000000e+03 4.157060000000000199e-01
6.553000000000000000e+03 4.194570000000000243e-01
6.554000000000000000e+03 4.232090000000000019e-01
6.555000000000000000e+03 4.269600000000000062e-01
6.556000000000000000e+03 4.307099999999999818e-01
6.557000000000000000e+03 4.344620000000000148e-01
6.558000000000000000e+03 4.382119999999999904e-01
6.559000000000000000e+03 4.419629999999999947e-01
6.560000000000000000e+03 4.457119999999999971e-01
6.561000000000000000e+03 4.435819999999999763e-01
6.562000000000000000e+03 4.414489999999999803e-01
6.563000000000000000e+03 4.393170000000000130e-01
6.564000000000000000e+03 4.371849999999999903e-01
6.565000000000000000e+03 4.350519999999999943e-01
6.566000000000000000e+03 4.329180000000000250e-01
6.567000000000000000e+03 4.307840000000000003e-01
6.568000000000000000e+03 4.286490000000000022e-01
6.569000000000000000e+03 4.265149999999999775e-01
6.570000000000000000e+03 4.243799999999999795e-01
6.571000000000000000e+03 4.258919999999999928e-01
6.572000000000000000e+03 4.274020000000000041e-01
6.573000000000000000e+03 4.289140000000000175e-01
6.574000000000000000e+03 4.304259999999999753e-01
6.575000000000000000e+03 4.319379999999999886e-01
6.576000000000000000e+03 4.334489999999999732e-01
6.577000000000000000e+03 4.349600000000000133e-01
6.578000000000000000e+03 4.364709999999999979e-01
6.579000000000000000e+03 4.379830000000000112e-01
6.580000000000000000e+03 4.394930000000000225e-01
6.581000000000000000e+03 4.379009999999999847e-01
6.582000000000000000e+03 4.363060000000000271e-01
6.583000000000000000e+03 4.347130000000000161e-01
6.584000000000000000e+03 4.331200000000000050e-01
6.585000000000000000e+03 4.315260000000000207e-01
6.586000000000000000e+03 4.299319999999999808e-01
6.587000000000000000e+03 4.283370000000000233e-01
6.588000000000000000e+03 4.267429999999999835e-01
6.589000000000000000e+03 4.251480000000000259e-01
6.590000000000000000e+03 4.235539999999999861e-01
6.591000000000000000e+03 4.240630000000000233e-01
6.592000000000000000e+03 4.245709999999999762e-01
6.593000000000000000e+03 4.250789999999999846e-01
6.594000000000000000e+03 4.255880000000000218e-01
6.595000000000000000e+03 4.260970000000000035e-01
6.596000000000000000e+03 4.266059999999999852e-01
6.597000000000000000e+03 4.271139999999999937e-01
6.598000000000000000e+03 4.276229999999999754e-01
6.599000000000000000e+03 4.281309999999999838e-01
6.600000000000000000e+03 4.286389999999999922e-01
6.601000000000000000e+03 4.261110000000000175e-01
6.602000000000000000e+03 4.235809999999999853e-01
6.603000000000000000e+03 4.210499999999999798e-01
6.604000000000000000e+03 4.185189999999999744e-01
6.605000000000000000e+03 4.159880000000000244e-01
6.606000000000000000e+03 4.134570000000000189e-01
6.607000000000000000e+03 4.109260000000000135e-01
6.608000000000000000e+03 4.083930000000000060e-01
6.609000000000000000e+03 4.058610000000000273e-01
6.610000000000000000e+03 4.033280000000000198e-01
6.611000000000000000e+03 4.052620000000000111e-01
6.612000000000000000e+03 4.071960000000000024e-01
6.613000000000000000e+03 4.091299999999999937e-01
6.614000000000000000e+03 4.110630000000000117e-01
6.615000000000000000e+03 4.129970000000000030e-01
6.616000000000000000e+03 4.149320000000000230e-01
6.617000000000000000e+03 4.168649999999999856e-01
6.618000000000000000e+03 4.187989999999999768e-01
6.619000000000000000e+03 4.207330000000000236e-01
6.620000000000000000e+03 4.226659999999999862e-01
6.621000000000000000e+03 4.229249999999999954e-01
6.622000000000000000e+03 4.231849999999999778e-01
6.623000000000000000e+03 4.234439999999999871e-01
6.624000000000000000e+03 4.237040000000000251e-01
6.625000000000000000e+03 4.239629999999999788e-01
6.626000000000000000e+03 4.242219999999999880e-01
6.627000000000000000e+03 4.244820000000000260e-01
6.628000000000000000e+03 4.247409999999999797e-01
6.629000000000000000e+03 4.250010000000000177e-01
6.630000000000000000e+03 4.252600000000000269e-01
6.631000000000000000e+03 4.250599999999999934e-01
6.632000000000000000e+03 4.248600000000000154e-01
6.633000000000000000e+03 4.246579999999999799e-01
6.634000000000000000e+03 4.244580000000000020e-01
6.635000000000000000e+03 4.242569999999999952e-01
6.636000000000000000e+03 4.240570000000000173e-01
6.637000000000000000e+03 4.238560000000000105e-01
6.638000000000000000e+03 4.236559999999999770e-01
6.639000000000000000e+03 4.234550000000000258e-01
6.640000000000000000e+03 4.232549999999999923e-01
6.641000000000000000e+03 4.265740000000000087e-01
6.642000000000000000e+03 4.298930000000000251e-01
6.643000000000000000e+03 4.332110000000000127e-01
6.644000000000000000e+03 4.365310000000000024e-01
6.645000000000000000e+03 4.398509999999999920e-01
6.646000000000000000e+03 4.431700000000000084e-01
6.647000000000000000e+03 4.464899999999999980e-01
6.648000000000000000e+03 4.498099999999999876e-01
6.649000000000000000e+03 4.531299999999999772e-01
6.650000000000000000e+03 4.564500000000000224e-01
6.651000000000000000e+03 4.541319999999999801e-01
6.652000000000000000e+03 4.518139999999999934e-01
6.653000000000000000e+03 4.494969999999999799e-01
6.654000000000000000e+03 4.471800000000000219e-01
6.655000000000000000e+03 4.448619999999999797e-01
6.656000000000000000e+03 4.425450000000000217e-01
6.657000000000000000e+03 4.402269999999999794e-01
6.658000000000000000e+03 4.379109999999999947e-01
6.659000000000000000e+03 4.355939999999999812e-01
6.660000000000000000e+03 4.332770000000000232e-01
6.661000000000000000e+03 4.370560000000000000e-01
6.662000000000000000e+03 4.408360000000000056e-01
6.663000000000000000e+03 4.446160000000000112e-01
6.664000000000000000e+03 4.483980000000000188e-01
6.665000000000000000e+03 4.521800000000000264e-01
6.666000000000000000e+03 4.559630000000000072e-01
6.667000000000000000e+03 4.597459999999999880e-01
6.668000000000000000e+03 4.635299999999999976e-01
6.669000000000000000e+03 4.673149999999999804e-01
6.670000000000000000e+03 4.711009999999999920e-01
6.671000000000000000e+03 4.684289999999999843e-01
6.672000000000000000e+03 4.657580000000000053e-01
6.673000000000000000e+03 4.630879999999999996e-01
6.674000000000000000e+03 4.604170000000000207e-01
6.675000000000000000e+03 4.577470000000000150e-01
6.676000000000000000e+03 4.550779999999999825e-01
6.677000000000000000e+03 4.524079999999999768e-01
6.678000000000000000e+03 4.497389999999999999e-01
6.679000000000000000e+03 4.470700000000000229e-01
6.680000000000000000e+03 4.444020000000000192e-01
6.681000000000000000e+03 4.478199999999999958e-01
6.682000000000000000e+03 4.512379999999999725e-01
6.683000000000000000e+03 4.546569999999999778e-01
6.684000000000000000e+03 4.580770000000000119e-01
6.685000000000000000e+03 4.614960000000000173e-01
6.686000000000000000e+03 4.649170000000000247e-01
6.687000000000000000e+03 4.683379999999999765e-01
6.688000000000000000e+03 4.717600000000000127e-01
6.689000000000000000e+03 4.751819999999999933e-01
6.690000000000000000e+03 4.786059999999999759e-01
6.691000000000000000e+03 4.744439999999999769e-01
6.692000000000000000e+03 4.702819999999999778e-01
6.693000000000000000e+03 4.661199999999999788e-01
6.694000000000000000e+03 4.619579999999999798e-01
6.695000000000000000e+03 4.577959999999999807e-01
6.696000000000000000e+03 4.536339999999999817e-01
6.697000000000000000e+03 4.494719999999999827e-01
6.698000000000000000e+03 4.453099999999999836e-01
6.699000000000000000e+03 4.411470000000000113e-01
6.700000000000000000e+03 4.369839999999999836e-01
6.701000000000000000e+03 4.384879999999999889e-01
6.702000000000000000e+03 4.399910000000000210e-01
6.703000000000000000e+03 4.414950000000000263e-01
6.704000000000000000e+03 4.429980000000000029e-01
6.705000000000000000e+03 4.445009999999999795e-01
6.706000000000000000e+03 4.460049999999999848e-01
6.707000000000000000e+03 4.475080000000000169e-01
6.708000000000000000e+03 4.490120000000000222e-01
6.709000000000000000e+03 4.505140000000000255e-01
6.710000000000000000e+03 4.520170000000000021e-01
6.711000000000000000e+03 4.497470000000000079e-01
6.712000000000000000e+03 4.474759999999999849e-01
6.713000000000000000e+03 4.452070000000000194e-01
6.714000000000000000e+03 4.429350000000000231e-01
6.715000000000000000e+03 4.406640000000000001e-01
6.716000000000000000e+03 4.383909999999999751e-01
6.717000000000000000e+03 4.361189999999999789e-01
6.718000000000000000e+03 4.338449999999999807e-01
6.719000000000000000e+03 4.315709999999999824e-01
6.720000000000000000e+03 4.292980000000000129e-01
6.721000000000000000e+03 4.296039999999999859e-01
6.722000000000000000e+03 4.299109999999999876e-01
6.723000000000000000e+03 4.302170000000000161e-01
6.724000000000000000e+03 4.305229999999999890e-01
6.725000000000000000e+03 4.308290000000000175e-01
6.726000000000000000e+03 4.311360000000000192e-01
6.727000000000000000e+03 4.314430000000000209e-01
6.728000000000000000e+03 4.317489999999999939e-01
6.729000000000000000e+03 4.320570000000000244e-01
6.730000000000000000e+03 4.323629999999999973e-01
6.731000000000000000e+03 4.308890000000000220e-01
6.732000000000000000e+03 4.294169999999999932e-01
6.733000000000000000e+03 4.279439999999999911e-01
6.734000000000000000e+03 4.264720000000000177e-01
6.735000000000000000e+03 4.249990000000000157e-01
6.736000000000000000e+03 4.235260000000000136e-01
6.737000000000000000e+03 4.220539999999999847e-01
6.738000000000000000e+03 4.205820000000000114e-01
6.739000000000000000e+03 4.191099999999999826e-01
6.740000000000000000e+03 4.176389999999999825e-01
6.741000000000000000e+03 4.201920000000000099e-01
6.742000000000000000e+03 4.227440000000000087e-01
6.743000000000000000e+03 4.252960000000000074e-01
6.744000000000000000e+03 4.278509999999999813e-01
6.745000000000000000e+03 4.304029999999999800e-01
6.746000000000000000e+03 4.329560000000000075e-01
6.747000000000000000e+03 4.355080000000000062e-01
6.748000000000000000e+03 4.380620000000000069e-01
6.749000000000000000e+03 4.406140000000000057e-01
6.750000000000000000e+03 4.431669999999999776e-01
6.751000000000000000e+03 4.407349999999999879e-01
6.752000000000000000e+03 4.383020000000000249e-01
6.753000000000000000e+03 4.358679999999999777e-01
6.754000000000000000e+03 4.334339999999999860e-01
6.755000000000000000e+03 4.309990000000000210e-01
6.756000000000000000e+03 4.285640000000000005e-01
6.757000000000000000e+03 4.261280000000000068e-01
6.758000000000000000e+03 4.236929999999999863e-01
6.759000000000000000e+03 4.212569999999999926e-01
6.760000000000000000e+03 4.188189999999999968e-01
6.761000000000000000e+03 4.183040000000000092e-01
6.762000000000000000e+03 4.177859999999999907e-01
6.763000000000000000e+03 4.172690000000000010e-01
6.764000000000000000e+03 4.167529999999999846e-01
6.765000000000000000e+03 4.162359999999999949e-01
6.766000000000000000e+03 4.157199999999999784e-01
6.767000000000000000e+03 4.152040000000000175e-01
6.768000000000000000e+03 4.146869999999999723e-01
6.769000000000000000e+03 4.141710000000000114e-01
6.770000000000000000e+03 4.136549999999999949e-01
6.771000000000000000e+03 4.188859999999999806e-01
6.772000000000000000e+03 4.241190000000000238e-01
6.773000000000000000e+03 4.293520000000000114e-01
6.774000000000000000e+03 4.345849999999999991e-01
6.775000000000000000e+03 4.398190000000000155e-01
6.776000000000000000e+03 4.450520000000000032e-01
6.777000000000000000e+03 4.502869999999999928e-01
6.778000000000000000e+03 4.555199999999999805e-01
6.779000000000000000e+03 4.607550000000000257e-01
6.780000000000000000e+03 4.659900000000000153e-01
6.781000000000000000e+03 4.613019999999999898e-01
6.782000000000000000e+03 4.566149999999999931e-01
6.783000000000000000e+03 4.519270000000000231e-01
6.784000000000000000e+03 4.472380000000000244e-01
6.785000000000000000e+03 4.425499999999999989e-01
6.786000000000000000e+03 4.378610000000000002e-01
6.787000000000000000e+03 4.331729999999999747e-01
6.788000000000000000e+03 4.284830000000000028e-01
6.789000000000000000e+03 4.237940000000000040e-01
6.790000000000000000e+03 4.191039999999999766e-01
6.791000000000000000e+03 4.227520000000000167e-01
6.792000000000000000e+03 4.264000000000000012e-01
6.793000000000000000e+03 4.300459999999999838e-01
6.794000000000000000e+03 4.336929999999999952e-01
6.795000000000000000e+03 4.373400000000000065e-01
6.796000000000000000e+03 4.409870000000000179e-01
6.797000000000000000e+03 4.446320000000000272e-01
6.798000000000000000e+03 4.482780000000000098e-01
6.799000000000000000e+03 4.519250000000000211e-01
6.800000000000000000e+03 4.555699999999999750e-01
6.801000000000000000e+03 4.521990000000000176e-01
6.802000000000000000e+03 4.488269999999999760e-01
6.803000000000000000e+03 4.454560000000000186e-01
6.804000000000000000e+03 4.420870000000000077e-01
6.805000000000000000e+03 4.387159999999999949e-01
6.806000000000000000e+03 4.353460000000000107e-01
6.807000000000000000e+03 4.319760000000000266e-01
6.808000000000000000e+03 4.286070000000000157e-01
6.809000000000000000e+03 4.252380000000000049e-01
6.810000000000000000e+03 4.218689999999999940e-01
6.811000000000000000e+03 4.224229999999999929e-01
6.812000000000000000e+03 4.229749999999999899e-01
6.813000000000000000e+03 4.235280000000000156e-01
6.814000000000000000e+03 4.240820000000000145e-01
6.815000000000000000e+03 4.246349999999999847e-01
6.816000000000000000e+03 4.251880000000000104e-01
6.817000000000000000e+03 4.257409999999999806e-01
6.818000000000000000e+03 4.262920000000000043e-01
6.819000000000000000e+03 4.268449999999999744e-01
6.820000000000000000e+03 4.273989999999999734e-01
6.821000000000000000e+03 4.256510000000000016e-01
6.822000000000000000e+03 4.239040000000000030e-01
6.823000000000000000e+03 4.221559999999999757e-01
6.824000000000000000e+03 4.204089999999999772e-01
6.825000000000000000e+03 4.186610000000000054e-01
6.826000000000000000e+03 4.169140000000000068e-01
6.827000000000000000e+03 4.151659999999999795e-01
6.828000000000000000e+03 4.134189999999999809e-01
6.829000000000000000e+03 4.116710000000000091e-01
6.830000000000000000e+03 4.099229999999999818e-01
6.831000000000000000e+03 4.125150000000000206e-01
6.832000000000000000e+03 4.151079999999999770e-01
6.833000000000000000e+03 4.177020000000000177e-01
6.834000000000000000e+03 4.202949999999999742e-01
6.835000000000000000e+03 4.228870000000000129e-01
6.836000000000000000e+03 4.254800000000000249e-01
6.837000000000000000e+03 4.280729999999999813e-01
6.838000000000000000e+03 4.306659999999999933e-01
6.839000000000000000e+03 4.332570000000000032e-01
6.840000000000000000e+03 4.358509999999999884e-01
6.841000000000000000e+03 4.334160000000000235e-01
6.842000000000000000e+03 4.309799999999999742e-01
6.843000000000000000e+03 4.285459999999999825e-01
6.844000000000000000e+03 4.261119999999999908e-01
6.845000000000000000e+03 4.236789999999999723e-01
6.846000000000000000e+03 4.212460000000000093e-01
6.847000000000000000e+03 4.188129999999999908e-01
6.848000000000000000e+03 4.163819999999999744e-01
6.849000000000000000e+03 4.139510000000000134e-01
6.850000000000000000e+03 4.115190000000000237e-01
6.851000000000000000e+03 4.145579999999999821e-01
6.852000000000000000e+03 4.175960000000000227e-01
6.853000000000000000e+03 4.206340000000000079e-01
6.854000000000000000e+03 4.236730000000000218e-01
6.855000000000000000e+03 4.267099999999999782e-01
6.856000000000000000e+03 4.297480000000000189e-01
6.857000000000000000e+03 4.327860000000000040e-01
6.858000000000000000e+03 4.358230000000000159e-01
6.859000000000000000e+03 4.388610000000000011e-01
6.860000000000000000e+03 4.418980000000000130e-01
6.861000000000000000e+03 4.399259999999999837e-01
6.862000000000000000e+03 4.379529999999999812e-01
6.863000000000000000e+03 4.359810000000000074e-01
6.864000000000000000e+03 4.340080000000000049e-01
6.865000000000000000e+03 4.320350000000000024e-01
6.866000000000000000e+03 4.300619999999999998e-01
6.867000000000000000e+03 4.280889999999999973e-01
6.868000000000000000e+03 4.261150000000000215e-01
6.869000000000000000e+03 4.241420000000000190e-01
6.870000000000000000e+03 4.221679999999999877e-01
6.871000000000000000e+03 4.243029999999999857e-01
6.872000000000000000e+03 4.264370000000000105e-01
6.873000000000000000e+03 4.285720000000000085e-01
6.874000000000000000e+03 4.307070000000000065e-01
6.875000000000000000e+03 4.328409999999999758e-01
6.876000000000000000e+03 4.349759999999999738e-01
6.877000000000000000e+03 4.371099999999999985e-01
6.878000000000000000e+03 4.392440000000000233e-01
6.879000000000000000e+03 4.413770000000000193e-01
6.880000000000000000e+03 4.435109999999999886e-01
6.881000000000000000e+03 4.404830000000000134e-01
6.882000000000000000e+03 4.374549999999999828e-01
6.883000000000000000e+03 4.344270000000000076e-01
6.884000000000000000e+03 4.313989999999999769e-01
6.885000000000000000e+03 4.283719999999999750e-01
6.886000000000000000e+03 4.253439999999999999e-01
6.887000000000000000e+03 4.223160000000000247e-01
6.888000000000000000e+03 4.192879999999999940e-01
6.889000000000000000e+03 4.162600000000000189e-01
6.890000000000000000e+03 4.132330000000000170e-01
6.891000000000000000e+03 4.141029999999999989e-01
6.892000000000000000e+03 4.149729999999999808e-01
6.893000000000000000e+03 4.158439999999999914e-01
6.894000000000000000e+03 4.167139999999999733e-01
6.895000000000000000e+03 4.175829999999999820e-01
6.896000000000000000e+03 4.184530000000000194e-01
6.897000000000000000e+03 4.193230000000000013e-01
6.898000000000000000e+03 4.201920000000000099e-01
6.899000000000000000e+03 4.210610000000000186e-01
6.900000000000000000e+03 4.219310000000000005e-01
6.901000000000000000e+03 4.180389999999999939e-01
6.902000000000000000e+03 4.141469999999999874e-01
6.903000000000000000e+03 4.102549999999999808e-01
6.904000000000000000e+03 4.063640000000000030e-01
6.905000000000000000e+03 4.024730000000000252e-01
6.906000000000000000e+03 3.985819999999999919e-01
6.907000000000000000e+03 3.946919999999999873e-01
6.908000000000000000e+03 3.908019999999999827e-01
6.909000000000000000e+03 3.869130000000000069e-01
6.910000000000000000e+03 3.830239999999999756e-01
6.911000000000000000e+03 3.843679999999999874e-01
6.912000000000000000e+03 3.857110000000000261e-01
6.913000000000000000e+03 3.870549999999999824e-01
6.914000000000000000e+03 3.883989999999999942e-01
6.915000000000000000e+03 3.897419999999999773e-01
6.916000000000000000e+03 3.910870000000000180e-01
6.917000000000000000e+03 3.924320000000000030e-01
6.918000000000000000e+03 3.937769999999999881e-01
6.919000000000000000e+03 3.951210000000000000e-01
6.920000000000000000e+03 3.964659999999999851e-01
6.921000000000000000e+03 3.930969999999999742e-01
6.922000000000000000e+03 3.897280000000000189e-01
6.923000000000000000e+03 3.863590000000000080e-01
6.924000000000000000e+03 3.829899999999999971e-01
6.925000000000000000e+03 3.796209999999999862e-01
6.926000000000000000e+03 3.762539999999999774e-01
6.927000000000000000e+03 3.728859999999999952e-01
6.928000000000000000e+03 3.695169999999999844e-01
6.929000000000000000e+03 3.661510000000000042e-01
6.930000000000000000e+03 3.627830000000000221e-01
6.931000000000000000e+03 3.658560000000000145e-01
6.932000000000000000e+03 3.689279999999999782e-01
6.933000000000000000e+03 3.719990000000000241e-01
6.934000000000000000e+03 3.750700000000000145e-01
6.935000000000000000e+03 3.781390000000000029e-01
6.936000000000000000e+03 3.812079999999999913e-01
6.937000000000000000e+03 3.842760000000000065e-01
6.938000000000000000e+03 3.873429999999999929e-01
6.939000000000000000e+03 3.904110000000000080e-01
6.940000000000000000e+03 3.934770000000000212e-01
6.941000000000000000e+03 3.915239999999999831e-01
6.942000000000000000e+03 3.895700000000000274e-01
6.943000000000000000e+03 3.876169999999999893e-01
6.944000000000000000e+03 3.856629999999999781e-01
6.945000000000000000e+03 3.837099999999999955e-01
6.946000000000000000e+03 3.817550000000000110e-01
6.947000000000000000e+03 3.798019999999999730e-01
6.948000000000000000e+03 3.778460000000000152e-01
6.949000000000000000e+03 3.758929999999999771e-01
6.950000000000000000e+03 3.739370000000000194e-01
6.951000000000000000e+03 3.780709999999999904e-01
6.952000000000000000e+03 3.822019999999999862e-01
6.953000000000000000e+03 3.863329999999999820e-01
6.954000000000000000e+03 3.904619999999999758e-01
6.955000000000000000e+03 3.945899999999999963e-01
6.956000000000000000e+03 3.987149999999999861e-01
6.957000000000000000e+03 4.028410000000000046e-01
6.958000000000000000e+03 4.069650000000000212e-01
6.959000000000000000e+03 4.110869999999999802e-01
6.960000000000000000e+03 4.152080000000000215e-01
6.961000000000000000e+03 4.156520000000000215e-01
6.962000000000000000e+03 4.160960000000000214e-01
6.963000000000000000e+03 4.165400000000000214e-01
6.964000000000000000e+03 4.169840000000000213e-01
6.965000000000000000e+03 4.174260000000000193e-01
6.966000000000000000e+03 4.178700000000000192e-01
6.967000000000000000e+03 4.183129999999999904e-01
6.968000000000000000e+03 4.187549999999999883e-01
6.969000000000000000e+03 4.191980000000000151e-01
6.970000000000000000e+03 4.196400000000000130e-01
6.971000000000000000e+03 4.216719999999999913e-01
6.972000000000000000e+03 4.237040000000000251e-01
6.973000000000000000e+03 4.257360000000000033e-01
6.974000000000000000e+03 4.277670000000000083e-01
6.975000000000000000e+03 4.297980000000000134e-01
6.976000000000000000e+03 4.318299999999999916e-01
6.977000000000000000e+03 4.338589999999999947e-01
6.978000000000000000e+03 4.358899999999999997e-01
6.979000000000000000e+03 4.379190000000000027e-01
6.980000000000000000e+03 4.399480000000000057e-01
6.981000000000000000e+03 4.377730000000000232e-01
6.982000000000000000e+03 4.355970000000000120e-01
6.983000000000000000e+03 4.334200000000000275e-01
6.984000000000000000e+03 4.312440000000000162e-01
6.985000000000000000e+03 4.290660000000000029e-01
6.986000000000000000e+03 4.268890000000000184e-01
6.987000000000000000e+03 4.247110000000000052e-01
6.988000000000000000e+03 4.225329999999999919e-01
6.989000000000000000e+03 4.203540000000000054e-01
6.990000000000000000e+03 4.181750000000000189e-01
6.991000000000000000e+03 4.199530000000000207e-01
6.992000000000000000e+03 4.217299999999999938e-01
6.993000000000000000e+03 4.235059999999999936e-01
6.994000000000000000e+03 4.252830000000000221e-01
6.995000000000000000e+03 4.270590000000000219e-01
6.996000000000000000e+03 4.288350000000000217e-01
6.997000000000000000e+03 4.306099999999999928e-01
6.998000000000000000e+03 4.323859999999999926e-01
6.999000000000000000e+03 4.341610000000000191e-01
7.000000000000000000e+03 4.359370000000000189e-01
7.001000000000000000e+03 4.342159999999999909e-01
7.002000000000000000e+03 4.324959999999999916e-01
7.003000000000000000e+03 4.307759999999999923e-01
7.004000000000000000e+03 4.290579999999999949e-01
7.005000000000000000e+03 4.273379999999999956e-01
7.006000000000000000e+03 4.256190000000000251e-01
7.007000000000000000e+03 4.239009999999999723e-01
7.008000000000000000e+03 4.221829999999999750e-01
7.009000000000000000e+03 4.204649999999999777e-01
7.010000000000000000e+03 4.187480000000000091e-01
7.011000000000000000e+03 4.196429999999999882e-01
7.012000000000000000e+03 4.205400000000000249e-01
7.013000000000000000e+03 4.214339999999999753e-01
7.014000000000000000e+03 4.223290000000000100e-01
7.015000000000000000e+03 4.232230000000000159e-01
7.016000000000000000e+03 4.241170000000000218e-01
7.017000000000000000e+03 4.250099999999999989e-01
7.018000000000000000e+03 4.259029999999999760e-01
7.019000000000000000e+03 4.267960000000000087e-01
7.020000000000000000e+03 4.276889999999999858e-01
7.021000000000000000e+03 4.251070000000000126e-01
7.022000000000000000e+03 4.225240000000000107e-01
7.023000000000000000e+03 4.199410000000000087e-01
7.024000000000000000e+03 4.173600000000000088e-01
7.025000000000000000e+03 4.147779999999999800e-01
7.026000000000000000e+03 4.121960000000000068e-01
7.027000000000000000e+03 4.096139999999999781e-01
7.028000000000000000e+03 4.070329999999999782e-01
7.029000000000000000e+03 4.044510000000000050e-01
7.030000000000000000e+03 4.018709999999999782e-01
7.031000000000000000e+03 4.046370000000000244e-01
7.032000000000000000e+03 4.074030000000000151e-01
7.033000000000000000e+03 4.101690000000000058e-01
7.034000000000000000e+03 4.129340000000000233e-01
7.035000000000000000e+03 4.156989999999999852e-01
7.036000000000000000e+03 4.184640000000000026e-01
7.037000000000000000e+03 4.212270000000000181e-01
7.038000000000000000e+03 4.239910000000000068e-01
7.039000000000000000e+03 4.267540000000000222e-01
7.040000000000000000e+03 4.295160000000000089e-01
7.041000000000000000e+03 4.271059999999999857e-01
7.042000000000000000e+03 4.246960000000000179e-01
7.043000000000000000e+03 4.222870000000000235e-01
7.044000000000000000e+03 4.198779999999999735e-01
7.045000000000000000e+03 4.174700000000000077e-01
7.046000000000000000e+03 4.150619999999999865e-01
7.047000000000000000e+03 4.126549999999999940e-01
7.048000000000000000e+03 4.102480000000000016e-01
7.049000000000000000e+03 4.078419999999999823e-01
7.050000000000000000e+03 4.054360000000000186e-01
7.051000000000000000e+03 4.084110000000000240e-01
7.052000000000000000e+03 4.113870000000000027e-01
7.053000000000000000e+03 4.143609999999999793e-01
7.054000000000000000e+03 4.173350000000000115e-01
7.055000000000000000e+03 4.203089999999999882e-01
7.056000000000000000e+03 4.232810000000000183e-01
7.057000000000000000e+03 4.262529999999999930e-01
7.058000000000000000e+03 4.292230000000000212e-01
7.059000000000000000e+03 4.321940000000000226e-01
7.060000000000000000e+03 4.351639999999999953e-01
7.061000000000000000e+03 4.324620000000000131e-01
7.062000000000000000e+03 4.297590000000000021e-01
7.063000000000000000e+03 4.270590000000000219e-01
7.064000000000000000e+03 4.243580000000000130e-01
7.065000000000000000e+03 4.216599999999999793e-01
7.066000000000000000e+03 4.189620000000000011e-01
7.067000000000000000e+03 4.162649999999999961e-01
7.068000000000000000e+03 4.135690000000000199e-01
7.069000000000000000e+03 4.108729999999999882e-01
7.070000000000000000e+03 4.081779999999999853e-01
7.071000000000000000e+03 4.024170000000000247e-01
7.072000000000000000e+03 3.966580000000000106e-01
7.073000000000000000e+03 3.908980000000000232e-01
7.074000000000000000e+03 3.851390000000000091e-01
7.075000000000000000e+03 3.793810000000000238e-01
7.076000000000000000e+03 3.736240000000000117e-01
7.077000000000000000e+03 3.678679999999999728e-01
7.078000000000000000e+03 3.621119999999999894e-01
7.079000000000000000e+03 3.563569999999999793e-01
7.080000000000000000e+03 3.506020000000000247e-01
7.081000000000000000e+03 3.365380000000000038e-01
7.082000000000000000e+03 3.224759999999999849e-01
7.083000000000000000e+03 3.084160000000000235e-01
7.084000000000000000e+03 2.943569999999999798e-01
7.085000000000000000e+03 2.803010000000000224e-01
7.086000000000000000e+03 2.662470000000000114e-01
7.087000000000000000e+03 2.521939999999999737e-01
7.088000000000000000e+03 2.381429999999999936e-01
7.089000000000000000e+03 2.240949999999999886e-01
7.090000000000000000e+03 2.100480000000000125e-01
7.091000000000000000e+03 2.012079999999999980e-01
7.092000000000000000e+03 1.923709999999999865e-01
7.093000000000000000e+03 1.835370000000000057e-01
7.094000000000000000e+03 1.747070000000000012e-01
7.095000000000000000e+03 1.658799999999999997e-01
7.096000000000000000e+03 1.570570000000000022e-01
7.097000000000000000e+03 1.482370000000000076e-01
7.098000000000000000e+03 1.394199999999999884e-01
7.099000000000000000e+03 1.306059999999999999e-01
7.100000000000000000e+03 1.217960000000000015e-01
7.101000000000000000e+03 1.166370000000000046e-01
7.102000000000000000e+03 1.114799999999999958e-01
7.103000000000000000e+03 1.063240000000000018e-01
7.104000000000000000e+03 1.011699999999999960e-01
7.105000000000000000e+03 9.601679999999999937e-02
7.106000000000000000e+03 9.086569999999999370e-02
7.107000000000000000e+03 8.571579999999999477e-02
7.108000000000000000e+03 8.056770000000000598e-02
7.109000000000000000e+03 7.542119999999999380e-02
7.110000000000000000e+03 7.027609999999999413e-02
7.111000000000000000e+03 6.803729999999999500e-02
7.112000000000000000e+03 6.579889999999999350e-02
7.113000000000000000e+03 6.356080000000000063e-02
7.114000000000000000e+03 6.132309999999999844e-02
7.115000000000000000e+03 5.908580000000000082e-02
7.116000000000000000e+03 5.684879999999999795e-02
7.117000000000000000e+03 5.461219999999999963e-02
7.118000000000000000e+03 5.237580000000000013e-02
7.119000000000000000e+03 5.013990000000000113e-02
7.120000000000000000e+03 4.790429999999999688e-02
7.121000000000000000e+03 4.652939999999999854e-02
7.122000000000000000e+03 4.515439999999999732e-02
7.123000000000000000e+03 4.377960000000000185e-02
7.124000000000000000e+03 4.240490000000000231e-02
7.125000000000000000e+03 4.103029999999999872e-02
7.126000000000000000e+03 3.965590000000000087e-02
7.127000000000000000e+03 3.828150000000000303e-02
7.128000000000000000e+03 3.690720000000000112e-02
7.129000000000000000e+03 3.553300000000000208e-02
7.130000000000000000e+03 3.415900000000000186e-02
7.131000000000000000e+03 3.353890000000000343e-02
7.132000000000000000e+03 3.291899999999999687e-02
7.133000000000000000e+03 3.229920000000000013e-02
7.134000000000000000e+03 3.167960000000000220e-02
7.135000000000000000e+03 3.106010000000000021e-02
7.136000000000000000e+03 3.044060000000000168e-02
7.137000000000000000e+03 2.982140000000000138e-02
7.138000000000000000e+03 2.920239999999999989e-02
7.139000000000000000e+03 2.858339999999999839e-02
7.140000000000000000e+03 2.796459999999999918e-02
7.141000000000000000e+03 2.731590000000000060e-02
7.142000000000000000e+03 2.666740000000000083e-02
7.143000000000000000e+03 2.601909999999999987e-02
7.144000000000000000e+03 2.537100000000000119e-02
7.145000000000000000e+03 2.472299999999999845e-02
7.146000000000000000e+03 2.407509999999999858e-02
7.147000000000000000e+03 2.342740000000000100e-02
7.148000000000000000e+03 2.278000000000000164e-02
7.149000000000000000e+03 2.213270000000000168e-02
7.150000000000000000e+03 2.148550000000000113e-02
7.151000000000000000e+03 2.084799999999999848e-02
7.152000000000000000e+03 2.021080000000000099e-02
7.153000000000000000e+03 1.957379999999999884e-02
7.154000000000000000e+03 1.893709999999999838e-02
7.155000000000000000e+03 1.830050000000000079e-02
7.156000000000000000e+03 1.766420000000000143e-02
7.157000000000000000e+03 1.702820000000000028e-02
7.158000000000000000e+03 1.639229999999999854e-02
7.159000000000000000e+03 1.575669999999999848e-02
7.160000000000000000e+03 1.512130000000000071e-02
7.161000000000000000e+03 1.449879999999999919e-02
7.162000000000000000e+03 1.387629999999999940e-02
7.163000000000000000e+03 1.325390000000000075e-02
7.164000000000000000e+03 1.263159999999999977e-02
7.165000000000000000e+03 1.200919999999999939e-02
7.166000000000000000e+03 1.138690000000000015e-02
7.167000000000000000e+03 1.076470000000000031e-02
7.168000000000000000e+03 1.014250000000000047e-02
7.169000000000000000e+03 9.520330000000000459e-03
7.170000000000000000e+03 8.898210000000000147e-03
7.171000000000000000e+03 8.454980000000000828e-03
7.172000000000000000e+03 8.011789999999999537e-03
7.173000000000000000e+03 7.568740000000000016e-03
7.174000000000000000e+03 7.125799999999999843e-03
7.175000000000000000e+03 6.682940000000000061e-03
7.176000000000000000e+03 6.240189999999999626e-03
7.177000000000000000e+03 5.797560000000000213e-03
7.178000000000000000e+03 5.355010000000000325e-03
7.179000000000000000e+03 4.912559999999999844e-03
7.180000000000000000e+03 4.470219999999999576e-03
7.181000000000000000e+03 4.273769999999999653e-03
7.182000000000000000e+03 4.077350000000000418e-03
7.183000000000000000e+03 3.880980000000000020e-03
7.184000000000000000e+03 3.684629999999999937e-03
7.185000000000000000e+03 3.488339999999999930e-03
7.186000000000000000e+03 3.292090000000000120e-03
7.187000000000000000e+03 3.095870000000000132e-03
7.188000000000000000e+03 2.899689999999999906e-03
7.189000000000000000e+03 2.703549999999999877e-03
7.190000000000000000e+03 2.507459999999999984e-03
7.191000000000000000e+03 2.430739999999999811e-03
7.192000000000000000e+03 2.354039999999999952e-03
7.193000000000000000e+03 2.277359999999999975e-03
7.194000000000000000e+03 2.200699999999999878e-03
7.195000000000000000e+03 2.124050000000000157e-03
7.196000000000000000e+03 2.047429999999999823e-03
7.197000000000000000e+03 1.970829999999999804e-03
7.198000000000000000e+03 1.894239999999999943e-03
7.199000000000000000e+03 1.817669999999999963e-03
7.200000000000000000e+03 1.741130000000000021e-03
7.201000000000000000e+03 1.664560000000000041e-03
7.202000000000000000e+03 1.588009999999999942e-03
7.203000000000000000e+03 1.511479999999999942e-03
7.204000000000000000e+03 1.434979999999999980e-03
7.205000000000000000e+03 1.358499999999999899e-03
7.206000000000000000e+03 1.282039999999999916e-03
7.207000000000000000e+03 1.205609999999999972e-03
7.208000000000000000e+03 1.129189999999999968e-03
7.209000000000000000e+03 1.052800000000000003e-03
7.210000000000000000e+03 9.764380000000000455e-04
7.211000000000000000e+03 9.576300000000000047e-04
7.212000000000000000e+03 9.388289999999999656e-04
7.213000000000000000e+03 9.200369999999999599e-04
7.214000000000000000e+03 9.012510000000000486e-04
7.215000000000000000e+03 8.824749999999999695e-04
7.216000000000000000e+03 8.637060000000000006e-04
7.217000000000000000e+03 8.449450000000000493e-04
7.218000000000000000e+03 8.261930000000000229e-04
7.219000000000000000e+03 8.074479999999999982e-04
7.220000000000000000e+03 7.887120000000000068e-04
7.221000000000000000e+03 7.699840000000000330e-04
7.222000000000000000e+03 7.512629999999999525e-04
7.223000000000000000e+03 7.325510000000000138e-04
7.224000000000000000e+03 7.138469999999999841e-04
7.225000000000000000e+03 6.951499999999999563e-04
7.226000000000000000e+03 6.764619999999999618e-04
7.227000000000000000e+03 6.577830000000000005e-04
7.228000000000000000e+03 6.391100000000000253e-04
7.229000000000000000e+03 6.204480000000000064e-04
7.230000000000000000e+03 6.017929999999999894e-04
7.231000000000000000e+03 5.831910000000000479e-04
7.232000000000000000e+03 5.645959999999999998e-04
7.233000000000000000e+03 5.460060000000000304e-04
7.234000000000000000e+03 5.274200000000000155e-04
7.235000000000000000e+03 5.088399999999999868e-04
7.236000000000000000e+03 4.902660000000000524e-04
7.237000000000000000e+03 4.716960000000000185e-04
7.238000000000000000e+03 4.531320000000000248e-04
7.239000000000000000e+03 4.345730000000000014e-04
7.240000000000000000e+03 4.160200000000000183e-04
7.241000000000000000e+03 3.974679999999999967e-04
7.242000000000000000e+03 3.789229999999999769e-04
7.243000000000000000e+03 3.603829999999999816e-04
7.244000000000000000e+03 3.418490000000000265e-04
7.245000000000000000e+03 3.233190000000000261e-04
7.246000000000000000e+03 3.047969999999999889e-04
7.247000000000000000e+03 2.862790000000000148e-04
7.248000000000000000e+03 2.677660000000000109e-04
7.249000000000000000e+03 2.492579999999999774e-04
7.250000000000000000e+03 2.307569999999999999e-04
7.251000000000000000e+03 2.266889999999999975e-04
7.252000000000000000e+03 2.226220000000000108e-04
7.253000000000000000e+03 2.185570000000000015e-04
7.254000000000000000e+03 2.144950000000000123e-04
7.255000000000000000e+03 2.104329999999999959e-04
7.256000000000000000e+03 2.063739999999999997e-04
7.257000000000000000e+03 2.023159999999999922e-04
7.258000000000000000e+03 1.982599999999999890e-04
7.259000000000000000e+03 1.942059999999999902e-04
7.260000000000000000e+03 1.901539999999999958e-04
7.261000000000000000e+03 1.861160000000000050e-04
7.262000000000000000e+03 1.820810000000000072e-04
7.263000000000000000e+03 1.780460000000000094e-04
7.264000000000000000e+03 1.740129999999999889e-04
7.265000000000000000e+03 1.699799999999999955e-04
7.266000000000000000e+03 1.659490000000000064e-04
7.267000000000000000e+03 1.619179999999999903e-04
7.268000000000000000e+03 1.578890000000000057e-04
7.269000000000000000e+03 1.538619999999999983e-04
7.270000000000000000e+03 1.498349999999999910e-04
7.271000000000000000e+03 1.458010000000000089e-04
7.272000000000000000e+03 1.417679999999999884e-04
7.273000000000000000e+03 1.377379999999999880e-04
7.274000000000000000e+03 1.337090000000000034e-04
7.275000000000000000e+03 1.296810000000000074e-04
7.276000000000000000e+03 1.256549999999999887e-04
7.277000000000000000e+03 1.216310000000000015e-04
7.278000000000000000e+03 1.176080000000000029e-04
7.279000000000000000e+03 1.135869999999999952e-04
7.280000000000000000e+03 1.095670000000000031e-04
7.281000000000000000e+03 1.055479999999999998e-04
7.282000000000000000e+03 1.015310000000000008e-04
7.283000000000000000e+03 9.751469999999999659e-05
7.284000000000000000e+03 9.350059999999999719e-05
7.285000000000000000e+03 8.948799999999999431e-05
7.286000000000000000e+03 8.547730000000000237e-05
7.287000000000000000e+03 8.146809999999999339e-05
7.288000000000000000e+03 7.746070000000000190e-05
7.289000000000000000e+03 7.345479999999999338e-05
7.290000000000000000e+03 6.945070000000000236e-05
7.291000000000000000e+03 6.848199999999999925e-05
7.292000000000000000e+03 6.751380000000000402e-05
7.293000000000000000e+03 6.654590000000000266e-05
7.294000000000000000e+03 6.557849999999999563e-05
7.295000000000000000e+03 6.461139999999999603e-05
7.296000000000000000e+03 6.364460000000000386e-05
7.297000000000000000e+03 6.267819999999999902e-05
7.298000000000000000e+03 6.171219999999999505e-05
7.299000000000000000e+03 6.074669999999999896e-05
7.300000000000000000e+03 5.978159999999999697e-05
7.301000000000000000e+03 5.881859999999999958e-05
7.302000000000000000e+03 5.785590000000000285e-05
7.303000000000000000e+03 5.689350000000000001e-05
7.304000000000000000e+03 5.593149999999999804e-05
7.305000000000000000e+03 5.496979999999999672e-05
7.306000000000000000e+03 5.400830000000000263e-05
7.307000000000000000e+03 5.304730000000000285e-05
7.308000000000000000e+03 5.208649999999999673e-05
7.309000000000000000e+03 5.112599999999999805e-05
7.310000000000000000e+03 5.016600000000000047e-05
7.311000000000000000e+03 4.920659999999999742e-05
7.312000000000000000e+03 4.824760000000000203e-05
7.313000000000000000e+03 4.728880000000000030e-05
7.314000000000000000e+03 4.633029999999999923e-05
7.315000000000000000e+03 4.537229999999999925e-05
7.316000000000000000e+03 4.441439999999999950e-05
7.317000000000000000e+03 4.345690000000000062e-05
7.318000000000000000e+03 4.249970000000000240e-05
7.319000000000000000e+03 4.154279999999999806e-05
7.320000000000000000e+03 4.058610000000000093e-05
7.321000000000000000e+03 3.963180000000000229e-05
7.322000000000000000e+03 3.867759999999999710e-05
7.323000000000000000e+03 3.772359999999999911e-05
7.324000000000000000e+03 3.676980000000000157e-05
7.325000000000000000e+03 3.581629999999999791e-05
7.326000000000000000e+03 3.486300000000000146e-05
7.327000000000000000e+03 3.390989999999999868e-05
7.328000000000000000e+03 3.295690000000000289e-05
7.329000000000000000e+03 3.200430000000000120e-05
7.330000000000000000e+03 3.105179999999999974e-05
7.331000000000000000e+03 3.093429999999999959e-05
7.332000000000000000e+03 3.081679999999999944e-05
7.333000000000000000e+03 3.069929999999999930e-05
7.334000000000000000e+03 3.058169999999999893e-05
7.335000000000000000e+03 3.046439999999999923e-05
7.336000000000000000e+03 3.034699999999999930e-05
7.337000000000000000e+03 3.022969999999999959e-05
7.338000000000000000e+03 3.011239999999999989e-05
7.339000000000000000e+03 2.999520000000000040e-05
7.340000000000000000e+03 2.987800000000000091e-05
7.341000000000000000e+03 2.976009999999999989e-05
7.342000000000000000e+03 2.964239999999999930e-05
7.343000000000000000e+03 2.952450000000000167e-05
7.344000000000000000e+03 2.940690000000000131e-05
7.345000000000000000e+03 2.928920000000000072e-05
7.346000000000000000e+03 2.917170000000000058e-05
7.347000000000000000e+03 2.905410000000000021e-05
7.348000000000000000e+03 2.893649999999999985e-05
7.349000000000000000e+03 2.881909999999999992e-05
7.350000000000000000e+03 2.870169999999999999e-05
7.351000000000000000e+03 2.858590000000000019e-05
7.352000000000000000e+03 2.847010000000000038e-05
7.353000000000000000e+03 2.835450000000000101e-05
7.354000000000000000e+03 2.823890000000000165e-05
7.355000000000000000e+03 2.812319999999999867e-05
7.356000000000000000e+03 2.800759999999999930e-05
7.357000000000000000e+03 2.789199999999999994e-05
7.358000000000000000e+03 2.777650000000000079e-05
7.359000000000000000e+03 2.766100000000000164e-05
7.360000000000000000e+03 2.754549999999999910e-05
7.361000000000000000e+03 2.743030000000000061e-05
7.362000000000000000e+03 2.731499999999999852e-05
7.363000000000000000e+03 2.719980000000000002e-05
7.364000000000000000e+03 2.708460000000000153e-05
7.365000000000000000e+03 2.696939999999999966e-05
7.366000000000000000e+03 2.685430000000000138e-05
7.367000000000000000e+03 2.673919999999999973e-05
7.368000000000000000e+03 2.662410000000000145e-05
7.369000000000000000e+03 2.650910000000000001e-05
7.370000000000000000e+03 2.639409999999999857e-05
7.371000000000000000e+03 2.620820000000000091e-05
7.372000000000000000e+03 2.602229999999999986e-05
7.373000000000000000e+03 2.583649999999999903e-05
7.374000000000000000e+03 2.565070000000000159e-05
7.375000000000000000e+03 2.546490000000000076e-05
7.376000000000000000e+03 2.527920000000000015e-05
7.377000000000000000e+03 2.509349999999999954e-05
7.378000000000000000e+03 2.490789999999999915e-05
7.379000000000000000e+03 2.472229999999999876e-05
7.380000000000000000e+03 2.453679999999999859e-05
7.381000000000000000e+03 2.434740000000000003e-05
7.382000000000000000e+03 2.415810000000000169e-05
7.383000000000000000e+03 2.396900000000000040e-05
7.384000000000000000e+03 2.377989999999999911e-05
7.385000000000000000e+03 2.359100000000000164e-05
7.386000000000000000e+03 2.340210000000000079e-05
7.387000000000000000e+03 2.321330000000000016e-05
7.388000000000000000e+03 2.302459999999999975e-05
7.389000000000000000e+03 2.283609999999999977e-05
7.390000000000000000e+03 2.264759999999999980e-05
7.391000000000000000e+03 2.246489999999999899e-05
7.392000000000000000e+03 2.228210000000000135e-05
7.393000000000000000e+03 2.209940000000000054e-05
7.394000000000000000e+03 2.191659999999999951e-05
7.395000000000000000e+03 2.173389999999999871e-05
7.396000000000000000e+03 2.155120000000000129e-05
7.397000000000000000e+03 2.136840000000000026e-05
7.398000000000000000e+03 2.118569999999999945e-05
7.399000000000000000e+03 2.100299999999999864e-05
7.400000000000000000e+03 2.082040000000000144e-05
7.401000000000000000e+03 2.063010000000000091e-05
7.402000000000000000e+03 2.044000000000000081e-05
7.403000000000000000e+03 2.025010000000000116e-05
7.404000000000000000e+03 2.006029999999999833e-05
7.405000000000000000e+03 1.987059999999999911e-05
7.406000000000000000e+03 1.968110000000000034e-05
7.407000000000000000e+03 1.949179999999999861e-05
7.408000000000000000e+03 1.930260000000000049e-05
7.409000000000000000e+03 1.911349999999999920e-05
7.410000000000000000e+03 1.892459999999999835e-05
7.411000000000000000e+03 1.862310000000000132e-05
7.412000000000000000e+03 1.832160000000000090e-05
7.413000000000000000e+03 1.802020000000000070e-05
7.414000000000000000e+03 1.771890000000000072e-05
7.415000000000000000e+03 1.741770000000000097e-05
7.416000000000000000e+03 1.711650000000000121e-05
7.417000000000000000e+03 1.681530000000000145e-05
7.418000000000000000e+03 1.651419999999999852e-05
7.419000000000000000e+03 1.621319999999999920e-05
7.420000000000000000e+03 1.591219999999999988e-05
7.421000000000000000e+03 1.560830000000000098e-05
7.422000000000000000e+03 1.530459999999999912e-05
7.423000000000000000e+03 1.500099999999999918e-05
7.424000000000000000e+03 1.469759999999999968e-05
7.425000000000000000e+03 1.439430000000000040e-05
7.426000000000000000e+03 1.409130000000000008e-05
7.427000000000000000e+03 1.378839999999999999e-05
7.428000000000000000e+03 1.348570000000000033e-05
7.429000000000000000e+03 1.318319999999999941e-05
7.430000000000000000e+03 1.288090000000000063e-05
7.431000000000000000e+03 1.257940000000000021e-05
7.432000000000000000e+03 1.227800000000000001e-05
7.433000000000000000e+03 1.197680000000000026e-05
7.434000000000000000e+03 1.167560000000000050e-05
7.435000000000000000e+03 1.137469999999999970e-05
7.436000000000000000e+03 1.107390000000000082e-05
7.437000000000000000e+03 1.077320000000000046e-05
7.438000000000000000e+03 1.047270000000000054e-05
7.439000000000000000e+03 1.017230000000000085e-05
7.440000000000000000e+03 9.872040000000000776e-06
7.441000000000000000e+03 9.571889999999999931e-06
7.442000000000000000e+03 9.271880000000000410e-06
7.443000000000000000e+03 8.971999999999999818e-06
7.444000000000000000e+03 8.672269999999999556e-06
7.445000000000000000e+03 8.372700000000000322e-06
7.446000000000000000e+03 8.073270000000000717e-06
7.447000000000000000e+03 7.773939999999999637e-06
7.448000000000000000e+03 7.474790000000000138e-06
7.449000000000000000e+03 7.175780000000000269e-06
7.450000000000000000e+03 6.876919999999999881e-06
7.451000000000000000e+03 6.836619999999999606e-06
7.452000000000000000e+03 6.796320000000000178e-06
7.453000000000000000e+03 6.756050000000000308e-06
7.454000000000000000e+03 6.715800000000000143e-06
7.455000000000000000e+03 6.675590000000000235e-06
7.456000000000000000e+03 6.635369999999999627e-06
7.457000000000000000e+03 6.595190000000000123e-06
7.458000000000000000e+03 6.555019999999999625e-06
7.459000000000000000e+03 6.514859999999999827e-06
7.460000000000000000e+03 6.474709999999999881e-06
7.461000000000000000e+03 6.434739999999999822e-06
7.462000000000000000e+03 6.394790000000000314e-06
7.463000000000000000e+03 6.354859999999999665e-06
7.464000000000000000e+03 6.314939999999999715e-06
7.465000000000000000e+03 6.275029999999999618e-06
7.466000000000000000e+03 6.235149999999999925e-06
7.467000000000000000e+03 6.195270000000000232e-06
7.468000000000000000e+03 6.155429999999999950e-06
7.469000000000000000e+03 6.115569999999999962e-06
7.470000000000000000e+03 6.075769999999999936e-06
7.471000000000000000e+03 6.035859999999999839e-06
7.472000000000000000e+03 5.995970000000000294e-06
7.473000000000000000e+03 5.956110000000000306e-06
7.474000000000000000e+03 5.916250000000000319e-06
7.475000000000000000e+03 5.876419999999999888e-06
7.476000000000000000e+03 5.836600000000000158e-06
7.477000000000000000e+03 5.796800000000000132e-06
7.478000000000000000e+03 5.757009999999999959e-06
7.479000000000000000e+03 5.717260000000000044e-06
7.480000000000000000e+03 5.677510000000000128e-06
7.481000000000000000e+03 5.638040000000000318e-06
7.482000000000000000e+03 5.598609999999999917e-06
7.483000000000000000e+03 5.559169999999999665e-06
7.484000000000000000e+03 5.519759999999999817e-06
7.485000000000000000e+03 5.480359999999999821e-06
7.486000000000000000e+03 5.440980000000000378e-06
7.487000000000000000e+03 5.401590000000000235e-06
7.488000000000000000e+03 5.362229999999999650e-06
7.489000000000000000e+03 5.322879999999999764e-06
7.490000000000000000e+03 5.283549999999999583e-06
7.491000000000000000e+03 5.236120000000000276e-06
7.492000000000000000e+03 5.188719999999999680e-06
7.493000000000000000e+03 5.141339999999999635e-06
7.494000000000000000e+03 5.093989999999999995e-06
7.495000000000000000e+03 5.046650000000000208e-06
7.496000000000000000e+03 4.999330000000000126e-06
7.497000000000000000e+03 4.952039999999999601e-06
7.498000000000000000e+03 4.904780000000000328e-06
7.499000000000000000e+03 4.857530000000000060e-06
7.500000000000000000e+03 4.810310000000000197e-06
7.501000000000000000e+03 4.763359999999999741e-06
