6.750000000000000000e+03 2.579109999999999859e-07
6.750500000000000000e+03 1.495460000000000078e-05
6.751000000000000000e+03 2.965270000000000156e-05
6.751500000000000000e+03 4.435209999999999842e-05
6.752000000000000000e+03 5.905279999999999812e-05
6.752500000000000000e+03 7.375469999999999368e-05
6.753000000000000000e+03 8.845799999999999909e-05
6.753500000000000000e+03 1.031630000000000014e-04
6.754000000000000000e+03 1.178690000000000060e-04
6.754500000000000000e+03 1.325759999999999992e-04
6.755000000000000000e+03 1.472839999999999946e-04
6.755500000000000000e+03 1.619939999999999943e-04
6.756000000000000000e+03 1.767059999999999985e-04
6.756500000000000000e+03 1.914180000000000026e-04
6.757000000000000000e+03 2.061320000000000112e-04
6.757500000000000000e+03 2.208470000000000084e-04
6.758000000000000000e+03 2.355640000000000099e-04
6.758500000000000000e+03 2.502820000000000001e-04
6.759000000000000000e+03 2.650010000000000061e-04
6.759500000000000000e+03 2.797209999999999736e-04
6.760000000000000000e+03 2.944430000000000268e-04
6.760500000000000000e+03 3.091340000000000255e-04
6.761000000000000000e+03 3.238229999999999928e-04
6.761500000000000000e+03 3.385099999999999828e-04
6.762000000000000000e+03 3.531939999999999798e-04
6.762500000000000000e+03 3.678770000000000152e-04
6.763000000000000000e+03 3.825589999999999807e-04
6.763500000000000000e+03 3.972390000000000231e-04
6.764000000000000000e+03 4.119160000000000182e-04
6.764500000000000000e+03 4.265919999999999977e-04
6.765000000000000000e+03 4.412659999999999998e-04
6.765500000000000000e+03 4.559389999999999862e-04
6.766000000000000000e+03 4.706099999999999953e-04
6.766500000000000000e+03 4.852789999999999730e-04
6.767000000000000000e+03 4.999460000000000275e-04
6.767500000000000000e+03 5.146109999999999964e-04
6.768000000000000000e+03 5.292740000000000422e-04
6.768500000000000000e+03 5.439349999999999481e-04
6.769000000000000000e+03 5.585949999999999466e-04
6.769500000000000000e+03 5.732530000000000221e-04
6.770000000000000000e+03 5.879089999999999577e-04
6.770500000000000000e+03 6.026109999999999670e-04
6.771000000000000000e+03 6.173119999999999606e-04
6.771500000000000000e+03 6.320149999999999857e-04
6.772000000000000000e+03 6.467190000000000265e-04
6.772500000000000000e+03 6.614229999999999589e-04
6.773000000000000000e+03 6.761269999999999997e-04
6.773500000000000000e+03 6.908310000000000405e-04
6.774000000000000000e+03 7.055359999999999887e-04
6.774500000000000000e+03 7.202419999999999526e-04
6.775000000000000000e+03 7.349490000000000406e-04
6.775500000000000000e+03 7.496550000000000045e-04
6.776000000000000000e+03 7.643619999999999842e-04
6.776500000000000000e+03 7.790699999999999795e-04
6.777000000000000000e+03 7.937789999999999907e-04
6.777500000000000000e+03 8.084869999999999860e-04
6.778000000000000000e+03 8.231949999999999814e-04
6.778500000000000000e+03 8.379050000000000083e-04
6.779000000000000000e+03 8.526150000000000352e-04
6.779500000000000000e+03 8.673259999999999694e-04
6.780000000000000000e+03 8.820370000000000120e-04
6.780500000000000000e+03 8.967429999999999759e-04
6.781000000000000000e+03 9.114480000000000325e-04
6.781500000000000000e+03 9.261560000000000278e-04
6.782000000000000000e+03 9.408630000000000075e-04
6.782500000000000000e+03 9.555699999999999871e-04
6.783000000000000000e+03 9.702769999999999668e-04
6.783500000000000000e+03 9.849839999999999464e-04
6.784000000000000000e+03 9.996919999999999418e-04
6.784500000000000000e+03 1.014399999999999937e-03
6.785000000000000000e+03 1.029109999999999964e-03
6.785500000000000000e+03 1.043819999999999991e-03
6.786000000000000000e+03 1.058530000000000018e-03
6.786500000000000000e+03 1.073240000000000045e-03
6.787000000000000000e+03 1.087950000000000072e-03
6.787500000000000000e+03 1.102660000000000098e-03
6.788000000000000000e+03 1.117369999999999908e-03
6.788500000000000000e+03 1.132079999999999935e-03
6.789000000000000000e+03 1.146789999999999962e-03
6.789500000000000000e+03 1.161499999999999989e-03
6.790000000000000000e+03 1.176210000000000016e-03
6.790500000000000000e+03 1.190890000000000004e-03
6.791000000000000000e+03 1.205569999999999992e-03
6.791500000000000000e+03 1.220249999999999981e-03
6.792000000000000000e+03 1.234929999999999969e-03
6.792500000000000000e+03 1.249609999999999957e-03
6.793000000000000000e+03 1.264280000000000004e-03
6.793500000000000000e+03 1.278959999999999993e-03
6.794000000000000000e+03 1.293639999999999981e-03
6.794500000000000000e+03 1.308319999999999969e-03
6.795000000000000000e+03 1.322990000000000017e-03
6.795500000000000000e+03 1.337670000000000005e-03
6.796000000000000000e+03 1.352340000000000052e-03
6.796500000000000000e+03 1.367020000000000041e-03
6.797000000000000000e+03 1.381690000000000088e-03
6.797500000000000000e+03 1.396359999999999919e-03
6.798000000000000000e+03 1.411039999999999907e-03
6.798500000000000000e+03 1.425709999999999955e-03
6.799000000000000000e+03 1.440380000000000002e-03
6.799500000000000000e+03 1.455050000000000050e-03
6.800000000000000000e+03 1.469720000000000098e-03
6.800500000000000000e+03 1.484389999999999928e-03
6.801000000000000000e+03 1.499050000000000035e-03
6.801500000000000000e+03 1.513720000000000083e-03
6.802000000000000000e+03 1.528379999999999973e-03
6.802500000000000000e+03 1.543040000000000080e-03
6.803000000000000000e+03 1.557699999999999970e-03
6.803500000000000000e+03 1.572370000000000018e-03
6.804000000000000000e+03 1.587029999999999908e-03
6.804500000000000000e+03 1.601690000000000015e-03
6.805000000000000000e+03 1.616349999999999905e-03
6.805500000000000000e+03 1.631010000000000012e-03
6.806000000000000000e+03 1.645669999999999902e-03
6.806500000000000000e+03 1.660330000000000009e-03
6.807000000000000000e+03 1.674979999999999958e-03
6.807500000000000000e+03 1.689640000000000065e-03
6.808000000000000000e+03 1.704299999999999956e-03
6.808500000000000000e+03 1.718949999999999905e-03
6.809000000000000000e+03 1.733610000000000012e-03
6.809500000000000000e+03 1.748259999999999962e-03
6.810000000000000000e+03 1.762920000000000069e-03
6.810500000000000000e+03 1.777539999999999979e-03
6.811000000000000000e+03 1.792170000000000048e-03
6.811500000000000000e+03 1.806789999999999959e-03
6.812000000000000000e+03 1.821410000000000086e-03
6.812500000000000000e+03 1.836029999999999997e-03
6.813000000000000000e+03 1.850649999999999908e-03
6.813500000000000000e+03 1.865270000000000036e-03
6.814000000000000000e+03 1.879889999999999946e-03
6.814500000000000000e+03 1.894510000000000074e-03
6.815000000000000000e+03 1.909129999999999985e-03
6.815500000000000000e+03 1.923739999999999955e-03
6.816000000000000000e+03 1.938349999999999925e-03
6.816500000000000000e+03 1.952970000000000053e-03
6.817000000000000000e+03 1.967580000000000023e-03
6.817500000000000000e+03 1.982189999999999994e-03
6.818000000000000000e+03 1.996790000000000023e-03
6.818500000000000000e+03 2.011399999999999993e-03
6.819000000000000000e+03 2.026009999999999964e-03
6.819500000000000000e+03 2.040619999999999934e-03
6.820000000000000000e+03 2.055229999999999904e-03
6.820500000000000000e+03 2.069919999999999833e-03
6.821000000000000000e+03 2.084610000000000195e-03
6.821500000000000000e+03 2.099300000000000124e-03
6.822000000000000000e+03 2.113999999999999994e-03
6.822500000000000000e+03 2.128689999999999923e-03
6.823000000000000000e+03 2.143379999999999851e-03
6.823500000000000000e+03 2.158080000000000154e-03
6.824000000000000000e+03 2.172770000000000083e-03
6.824500000000000000e+03 2.187460000000000012e-03
6.825000000000000000e+03 2.202159999999999881e-03
6.825500000000000000e+03 2.216849999999999810e-03
6.826000000000000000e+03 2.231550000000000113e-03
6.826500000000000000e+03 2.246240000000000042e-03
6.827000000000000000e+03 2.260929999999999971e-03
6.827500000000000000e+03 2.275629999999999840e-03
6.828000000000000000e+03 2.290330000000000144e-03
6.828500000000000000e+03 2.305020000000000072e-03
6.829000000000000000e+03 2.319719999999999942e-03
6.829500000000000000e+03 2.334409999999999871e-03
6.830000000000000000e+03 2.349110000000000174e-03
6.830500000000000000e+03 2.363779999999999788e-03
6.831000000000000000e+03 2.378439999999999895e-03
6.831500000000000000e+03 2.393109999999999942e-03
6.832000000000000000e+03 2.407779999999999990e-03
6.832500000000000000e+03 2.422450000000000037e-03
6.833000000000000000e+03 2.437120000000000085e-03
6.833500000000000000e+03 2.451790000000000132e-03
6.834000000000000000e+03 2.466460000000000180e-03
6.834500000000000000e+03 2.481129999999999794e-03
6.835000000000000000e+03 2.495789999999999901e-03
6.835500000000000000e+03 2.510459999999999949e-03
6.836000000000000000e+03 2.525129999999999996e-03
6.836500000000000000e+03 2.539800000000000044e-03
6.837000000000000000e+03 2.554470000000000091e-03
6.837500000000000000e+03 2.569140000000000139e-03
6.838000000000000000e+03 2.583799999999999812e-03
6.838500000000000000e+03 2.598469999999999860e-03
6.839000000000000000e+03 2.613129999999999967e-03
6.839500000000000000e+03 2.627800000000000014e-03
6.840000000000000000e+03 2.642470000000000062e-03
6.840500000000000000e+03 2.657019999999999955e-03
6.841000000000000000e+03 2.671559999999999907e-03
6.841500000000000000e+03 2.686109999999999800e-03
6.842000000000000000e+03 2.700650000000000186e-03
6.842500000000000000e+03 2.715190000000000138e-03
6.843000000000000000e+03 2.729730000000000090e-03
6.843500000000000000e+03 2.744260000000000102e-03
6.844000000000000000e+03 2.758800000000000054e-03
6.844500000000000000e+03 2.773330000000000066e-03
6.845000000000000000e+03 2.787870000000000018e-03
6.845500000000000000e+03 2.802400000000000030e-03
6.846000000000000000e+03 2.816930000000000042e-03
6.846500000000000000e+03 2.831460000000000053e-03
6.847000000000000000e+03 2.845980000000000124e-03
6.847500000000000000e+03 2.860510000000000136e-03
6.848000000000000000e+03 2.875040000000000148e-03
6.848500000000000000e+03 2.889570000000000159e-03
6.849000000000000000e+03 2.904089999999999797e-03
6.849500000000000000e+03 2.918609999999999868e-03
6.850000000000000000e+03 2.933119999999999998e-03
6.850500000000000000e+03 2.947749999999999850e-03
6.851000000000000000e+03 2.962390000000000075e-03
6.851500000000000000e+03 2.977019999999999927e-03
6.852000000000000000e+03 2.991650000000000212e-03
6.852500000000000000e+03 3.006280000000000063e-03
6.853000000000000000e+03 3.020909999999999915e-03
6.853500000000000000e+03 3.035540000000000200e-03
6.854000000000000000e+03 3.050170000000000051e-03
6.854500000000000000e+03 3.064799999999999903e-03
6.855000000000000000e+03 3.079430000000000188e-03
6.855500000000000000e+03 3.094050000000000099e-03
6.856000000000000000e+03 3.108679999999999950e-03
6.856500000000000000e+03 3.123309999999999802e-03
6.857000000000000000e+03 3.137940000000000087e-03
6.857500000000000000e+03 3.152569999999999938e-03
6.858000000000000000e+03 3.167189999999999849e-03
6.858500000000000000e+03 3.181820000000000134e-03
6.859000000000000000e+03 3.196449999999999986e-03
6.859500000000000000e+03 3.211069999999999897e-03
6.860000000000000000e+03 3.225700000000000182e-03
6.860500000000000000e+03 3.240429999999999873e-03
6.861000000000000000e+03 3.255159999999999998e-03
6.861500000000000000e+03 3.269890000000000123e-03
6.862000000000000000e+03 3.284619999999999814e-03
6.862500000000000000e+03 3.299349999999999939e-03
6.863000000000000000e+03 3.314080000000000064e-03
6.863500000000000000e+03 3.328810000000000189e-03
6.864000000000000000e+03 3.343539999999999880e-03
6.864500000000000000e+03 3.358279999999999946e-03
6.865000000000000000e+03 3.373010000000000071e-03
6.865500000000000000e+03 3.387740000000000196e-03
6.866000000000000000e+03 3.402469999999999887e-03
6.866500000000000000e+03 3.417209999999999952e-03
6.867000000000000000e+03 3.431950000000000018e-03
6.867500000000000000e+03 3.446680000000000143e-03
6.868000000000000000e+03 3.461420000000000208e-03
6.868500000000000000e+03 3.476159999999999840e-03
6.869000000000000000e+03 3.490899999999999906e-03
6.869500000000000000e+03 3.505639999999999971e-03
6.870000000000000000e+03 3.520370000000000096e-03
6.870500000000000000e+03 3.534980000000000067e-03
6.871000000000000000e+03 3.549590000000000037e-03
6.871500000000000000e+03 3.564190000000000066e-03
6.872000000000000000e+03 3.578790000000000096e-03
6.872500000000000000e+03 3.593400000000000066e-03
6.873000000000000000e+03 3.608000000000000096e-03
6.873500000000000000e+03 3.622610000000000066e-03
6.874000000000000000e+03 3.637220000000000036e-03
6.874500000000000000e+03 3.651810000000000125e-03
6.875000000000000000e+03 3.666410000000000155e-03
6.875500000000000000e+03 3.681020000000000125e-03
6.876000000000000000e+03 3.695620000000000155e-03
6.876500000000000000e+03 3.710220000000000184e-03
6.877000000000000000e+03 3.724820000000000214e-03
6.877500000000000000e+03 3.739419999999999810e-03
6.878000000000000000e+03 3.754019999999999840e-03
6.878500000000000000e+03 3.768619999999999869e-03
6.879000000000000000e+03 3.783209999999999958e-03
6.879500000000000000e+03 3.797809999999999988e-03
6.880000000000000000e+03 3.812410000000000018e-03
6.880500000000000000e+03 3.827060000000000184e-03
6.881000000000000000e+03 3.932940000000000220e-03
6.881500000000000000e+03 4.038820000000000257e-03
6.882000000000000000e+03 4.144690000000000353e-03
6.882500000000000000e+03 4.250570000000000390e-03
6.883000000000000000e+03 4.356450000000000426e-03
6.883500000000000000e+03 4.462319999999999655e-03
6.884000000000000000e+03 4.568199999999999691e-03
6.884500000000000000e+03 4.674069999999999787e-03
6.885000000000000000e+03 4.779949999999999824e-03
6.885500000000000000e+03 4.885819999999999920e-03
6.886000000000000000e+03 4.991690000000000016e-03
6.886500000000000000e+03 5.097560000000000112e-03
6.887000000000000000e+03 5.203430000000000208e-03
6.887500000000000000e+03 5.309290000000000363e-03
6.888000000000000000e+03 5.415159999999999592e-03
6.888500000000000000e+03 5.521019999999999747e-03
6.889000000000000000e+03 5.626879999999999903e-03
6.889500000000000000e+03 5.732759999999999939e-03
6.890000000000000000e+03 5.838630000000000035e-03
6.890500000000000000e+03 5.967079999999999607e-03
6.891000000000000000e+03 6.095530000000000045e-03
6.891500000000000000e+03 6.223959999999999736e-03
6.892000000000000000e+03 6.352390000000000293e-03
6.892500000000000000e+03 6.480810000000000043e-03
6.893000000000000000e+03 6.609229999999999793e-03
6.893500000000000000e+03 6.737629999999999661e-03
6.894000000000000000e+03 6.866019999999999589e-03
6.894500000000000000e+03 6.994399999999999576e-03
6.895000000000000000e+03 7.122780000000000430e-03
6.895500000000000000e+03 7.251149999999999610e-03
6.896000000000000000e+03 7.379509999999999716e-03
6.896500000000000000e+03 7.507869999999999822e-03
6.897000000000000000e+03 7.636219999999999987e-03
6.897500000000000000e+03 7.764550000000000271e-03
6.898000000000000000e+03 7.892869999999999747e-03
6.898500000000000000e+03 8.021189999999999223e-03
6.899000000000000000e+03 8.149500000000000494e-03
6.899500000000000000e+03 8.277810000000000029e-03
6.900000000000000000e+03 8.406099999999999683e-03
6.900500000000000000e+03 8.608670000000000558e-03
6.901000000000000000e+03 8.811219999999999816e-03
6.901500000000000000e+03 9.013759999999999134e-03
6.902000000000000000e+03 9.216290000000000246e-03
6.902500000000000000e+03 9.418819999999999623e-03
6.903000000000000000e+03 9.621340000000000794e-03
6.903500000000000000e+03 9.823840000000000350e-03
6.904000000000000000e+03 1.002630000000000014e-02
6.904500000000000000e+03 1.022879999999999970e-02
6.905000000000000000e+03 1.043129999999999925e-02
6.905500000000000000e+03 1.063380000000000054e-02
6.906000000000000000e+03 1.083630000000000010e-02
6.906500000000000000e+03 1.103870000000000025e-02
6.907000000000000000e+03 1.124119999999999980e-02
6.907500000000000000e+03 1.144359999999999995e-02
6.908000000000000000e+03 1.164609999999999951e-02
6.908500000000000000e+03 1.184849999999999966e-02
6.909000000000000000e+03 1.205089999999999981e-02
6.909500000000000000e+03 1.225329999999999996e-02
6.910000000000000000e+03 1.245570000000000010e-02
6.910500000000000000e+03 1.270849999999999931e-02
6.911000000000000000e+03 1.296130000000000025e-02
6.911500000000000000e+03 1.321409999999999946e-02
6.912000000000000000e+03 1.346690000000000040e-02
6.912500000000000000e+03 1.371980000000000074e-02
6.913000000000000000e+03 1.397269999999999936e-02
6.913500000000000000e+03 1.422559999999999970e-02
6.914000000000000000e+03 1.447850000000000005e-02
6.914500000000000000e+03 1.473149999999999980e-02
6.915000000000000000e+03 1.498449999999999956e-02
6.915500000000000000e+03 1.523749999999999931e-02
6.916000000000000000e+03 1.549050000000000080e-02
6.916500000000000000e+03 1.574359999999999996e-02
6.917000000000000000e+03 1.599669999999999911e-02
6.917500000000000000e+03 1.624979999999999827e-02
6.918000000000000000e+03 1.650300000000000031e-02
6.918500000000000000e+03 1.675619999999999887e-02
6.919000000000000000e+03 1.700930000000000150e-02
6.919500000000000000e+03 1.726259999999999947e-02
6.920000000000000000e+03 1.751580000000000151e-02
6.920500000000000000e+03 1.784430000000000044e-02
6.921000000000000000e+03 1.817289999999999878e-02
6.921500000000000000e+03 1.850140000000000118e-02
6.922000000000000000e+03 1.882980000000000070e-02
6.922500000000000000e+03 1.915829999999999964e-02
6.923000000000000000e+03 1.948669999999999916e-02
6.923500000000000000e+03 1.981509999999999869e-02
6.924000000000000000e+03 2.014350000000000168e-02
6.924500000000000000e+03 2.047190000000000121e-02
6.925000000000000000e+03 2.080020000000000133e-02
6.925500000000000000e+03 2.112850000000000145e-02
6.926000000000000000e+03 2.145690000000000097e-02
6.926500000000000000e+03 2.178510000000000169e-02
6.927000000000000000e+03 2.211339999999999834e-02
6.927500000000000000e+03 2.244159999999999905e-02
6.928000000000000000e+03 2.276989999999999917e-02
6.928500000000000000e+03 2.309809999999999988e-02
6.929000000000000000e+03 2.342630000000000060e-02
6.929500000000000000e+03 2.375439999999999843e-02
6.930000000000000000e+03 2.408249999999999974e-02
6.930500000000000000e+03 2.449919999999999876e-02
6.931000000000000000e+03 2.491579999999999837e-02
6.931500000000000000e+03 2.533240000000000144e-02
6.932000000000000000e+03 2.574900000000000105e-02
6.932500000000000000e+03 2.616550000000000126e-02
6.933000000000000000e+03 2.658189999999999859e-02
6.933500000000000000e+03 2.699829999999999938e-02
6.934000000000000000e+03 2.741470000000000018e-02
6.934500000000000000e+03 2.783100000000000157e-02
6.935000000000000000e+03 2.824729999999999949e-02
6.935500000000000000e+03 2.866350000000000148e-02
6.936000000000000000e+03 2.907969999999999999e-02
6.936500000000000000e+03 2.949589999999999851e-02
6.937000000000000000e+03 2.991200000000000109e-02
6.937500000000000000e+03 3.032800000000000079e-02
6.938000000000000000e+03 3.074400000000000049e-02
6.938500000000000000e+03 3.116000000000000020e-02
6.939000000000000000e+03 3.157589999999999703e-02
6.939500000000000000e+03 3.199180000000000079e-02
6.940000000000000000e+03 3.240769999999999762e-02
6.940500000000000000e+03 3.289709999999999857e-02
6.941000000000000000e+03 3.338649999999999951e-02
6.941500000000000000e+03 3.387590000000000046e-02
6.942000000000000000e+03 3.436539999999999734e-02
6.942500000000000000e+03 3.485479999999999828e-02
6.943000000000000000e+03 3.534430000000000210e-02
6.943500000000000000e+03 3.583370000000000305e-02
6.944000000000000000e+03 3.632319999999999993e-02
6.944500000000000000e+03 3.681260000000000088e-02
6.945000000000000000e+03 3.730209999999999776e-02
6.945500000000000000e+03 3.779160000000000158e-02
6.946000000000000000e+03 3.828100000000000253e-02
6.946500000000000000e+03 3.877060000000000228e-02
6.947000000000000000e+03 3.926009999999999917e-02
6.947500000000000000e+03 3.974960000000000299e-02
6.948000000000000000e+03 4.023899999999999699e-02
6.948500000000000000e+03 4.072859999999999675e-02
6.949000000000000000e+03 4.121820000000000345e-02
6.949500000000000000e+03 4.170759999999999745e-02
6.950000000000000000e+03 4.219710000000000127e-02
6.950500000000000000e+03 4.280169999999999808e-02
6.951000000000000000e+03 4.340619999999999895e-02
6.951500000000000000e+03 4.401059999999999695e-02
6.952000000000000000e+03 4.461480000000000307e-02
6.952500000000000000e+03 4.521900000000000225e-02
6.953000000000000000e+03 4.582309999999999856e-02
6.953500000000000000e+03 4.642709999999999892e-02
6.954000000000000000e+03 4.703100000000000336e-02
6.954500000000000000e+03 4.763479999999999798e-02
6.955000000000000000e+03 4.823859999999999953e-02
6.955500000000000000e+03 4.884220000000000228e-02
6.956000000000000000e+03 4.944559999999999927e-02
6.956500000000000000e+03 5.004909999999999914e-02
6.957000000000000000e+03 5.065240000000000020e-02
6.957500000000000000e+03 5.125570000000000126e-02
6.958000000000000000e+03 5.185889999999999944e-02
6.958500000000000000e+03 5.246200000000000169e-02
6.959000000000000000e+03 5.306500000000000106e-02
6.959500000000000000e+03 5.366780000000000161e-02
6.960000000000000000e+03 5.427060000000000217e-02
6.960500000000000000e+03 5.490840000000000304e-02
6.961000000000000000e+03 5.554619999999999697e-02
6.961500000000000000e+03 5.618390000000000190e-02
6.962000000000000000e+03 5.682149999999999701e-02
6.962500000000000000e+03 5.745909999999999906e-02
6.963000000000000000e+03 5.809659999999999824e-02
6.963500000000000000e+03 5.873400000000000148e-02
6.964000000000000000e+03 5.937130000000000185e-02
6.964500000000000000e+03 6.000840000000000340e-02
6.965000000000000000e+03 6.064549999999999802e-02
6.965500000000000000e+03 6.128259999999999957e-02
6.966000000000000000e+03 6.191950000000000232e-02
6.966500000000000000e+03 6.255639999999999812e-02
6.967000000000000000e+03 6.319320000000000492e-02
6.967500000000000000e+03 6.382980000000000598e-02
6.968000000000000000e+03 6.446639999999999315e-02
6.968500000000000000e+03 6.510299999999999421e-02
6.969000000000000000e+03 6.573940000000000339e-02
6.969500000000000000e+03 6.637579999999999869e-02
6.970000000000000000e+03 6.701210000000000500e-02
6.970500000000000000e+03 6.774950000000000416e-02
6.971000000000000000e+03 6.848690000000000333e-02
6.971500000000000000e+03 6.922430000000000250e-02
6.972000000000000000e+03 6.996170000000000166e-02
6.972500000000000000e+03 7.069899999999999796e-02
6.973000000000000000e+03 7.143639999999999712e-02
6.973500000000000000e+03 7.217360000000000442e-02
6.974000000000000000e+03 7.291079999999999783e-02
6.974500000000000000e+03 7.364800000000000513e-02
6.975000000000000000e+03 7.438500000000000667e-02
6.975500000000000000e+03 7.512220000000000009e-02
6.976000000000000000e+03 7.585939999999999350e-02
6.976500000000000000e+03 7.659630000000000605e-02
6.977000000000000000e+03 7.733310000000000184e-02
6.977500000000000000e+03 7.807010000000000338e-02
6.978000000000000000e+03 7.880710000000000492e-02
6.978500000000000000e+03 7.954390000000000072e-02
6.979000000000000000e+03 8.028059999999999363e-02
6.979500000000000000e+03 8.101730000000000043e-02
6.980000000000000000e+03 8.175399999999999334e-02
6.980500000000000000e+03 8.259350000000000025e-02
6.981000000000000000e+03 8.343309999999999615e-02
6.981500000000000000e+03 8.427270000000000594e-02
6.982000000000000000e+03 8.511230000000000184e-02
6.982500000000000000e+03 8.595189999999999775e-02
6.983000000000000000e+03 8.679159999999999653e-02
6.983500000000000000e+03 8.763139999999999818e-02
6.984000000000000000e+03 8.847119999999999984e-02
6.984500000000000000e+03 8.931100000000000150e-02
6.985000000000000000e+03 9.015080000000000315e-02
6.985500000000000000e+03 9.099060000000000481e-02
6.986000000000000000e+03 9.183049999999999546e-02
6.986500000000000000e+03 9.267050000000000287e-02
6.987000000000000000e+03 9.351039999999999353e-02
6.987500000000000000e+03 9.435050000000000381e-02
6.988000000000000000e+03 9.519070000000000309e-02
6.988500000000000000e+03 9.603069999999999662e-02
6.989000000000000000e+03 9.687080000000000690e-02
6.989500000000000000e+03 9.771100000000000618e-02
6.990000000000000000e+03 9.855129999999999446e-02
6.990500000000000000e+03 9.869780000000000220e-02
6.991000000000000000e+03 9.884419999999999318e-02
6.991500000000000000e+03 9.899059999999999804e-02
6.992000000000000000e+03 9.913700000000000290e-02
6.992500000000000000e+03 9.928330000000000488e-02
6.993000000000000000e+03 9.942960000000000687e-02
6.993500000000000000e+03 9.957599999999999785e-02
6.994000000000000000e+03 9.972240000000000271e-02
6.994500000000000000e+03 9.986870000000000469e-02
6.995000000000000000e+03 1.000150000000000067e-01
6.995500000000000000e+03 1.001610000000000000e-01
6.996000000000000000e+03 1.003079999999999944e-01
6.996500000000000000e+03 1.004540000000000016e-01
6.997000000000000000e+03 1.005999999999999950e-01
6.997500000000000000e+03 1.007460000000000022e-01
6.998000000000000000e+03 1.008929999999999966e-01
6.998500000000000000e+03 1.010390000000000038e-01
6.999000000000000000e+03 1.011849999999999972e-01
6.999500000000000000e+03 1.013320000000000054e-01
7.000000000000000000e+03 1.014779999999999988e-01
7.000500000000000000e+03 1.025289999999999951e-01
7.001000000000000000e+03 1.035810000000000064e-01
7.001500000000000000e+03 1.046320000000000028e-01
7.002000000000000000e+03 1.056840000000000002e-01
7.002500000000000000e+03 1.067349999999999965e-01
7.003000000000000000e+03 1.077860000000000068e-01
7.003500000000000000e+03 1.088370000000000032e-01
7.004000000000000000e+03 1.098869999999999986e-01
7.004500000000000000e+03 1.109369999999999939e-01
7.005000000000000000e+03 1.119880000000000042e-01
7.005500000000000000e+03 1.130379999999999996e-01
7.006000000000000000e+03 1.140879999999999950e-01
7.006500000000000000e+03 1.151380000000000042e-01
7.007000000000000000e+03 1.161869999999999986e-01
7.007500000000000000e+03 1.172369999999999940e-01
7.008000000000000000e+03 1.182860000000000023e-01
7.008500000000000000e+03 1.193349999999999966e-01
7.009000000000000000e+03 1.203840000000000049e-01
7.009500000000000000e+03 1.214329999999999993e-01
7.010000000000000000e+03 1.224810000000000065e-01
7.010500000000000000e+03 1.233120000000000049e-01
7.011000000000000000e+03 1.241420000000000023e-01
7.011500000000000000e+03 1.249719999999999998e-01
7.012000000000000000e+03 1.258019999999999972e-01
7.012500000000000000e+03 1.266319999999999946e-01
7.013000000000000000e+03 1.274609999999999910e-01
7.013500000000000000e+03 1.282909999999999884e-01
7.014000000000000000e+03 1.291200000000000125e-01
7.014500000000000000e+03 1.299500000000000099e-01
7.015000000000000000e+03 1.307790000000000064e-01
7.015500000000000000e+03 1.316080000000000028e-01
7.016000000000000000e+03 1.324369999999999992e-01
7.016500000000000000e+03 1.332659999999999956e-01
7.017000000000000000e+03 1.340949999999999920e-01
7.017500000000000000e+03 1.349239999999999884e-01
7.018000000000000000e+03 1.357530000000000125e-01
7.018500000000000000e+03 1.365820000000000090e-01
7.019000000000000000e+03 1.374100000000000044e-01
7.019500000000000000e+03 1.382390000000000008e-01
7.020000000000000000e+03 1.390669999999999962e-01
7.020500000000000000e+03 1.401930000000000121e-01
7.021000000000000000e+03 1.413200000000000012e-01
7.021500000000000000e+03 1.424459999999999893e-01
7.022000000000000000e+03 1.435720000000000052e-01
7.022500000000000000e+03 1.446979999999999933e-01
7.023000000000000000e+03 1.458240000000000092e-01
7.023500000000000000e+03 1.469509999999999983e-01
7.024000000000000000e+03 1.480760000000000132e-01
7.024500000000000000e+03 1.492020000000000013e-01
7.025000000000000000e+03 1.503279999999999894e-01
7.025500000000000000e+03 1.514540000000000053e-01
7.026000000000000000e+03 1.525789999999999924e-01
7.026500000000000000e+03 1.537050000000000083e-01
7.027000000000000000e+03 1.548299999999999954e-01
7.027500000000000000e+03 1.559560000000000113e-01
7.028000000000000000e+03 1.570809999999999984e-01
7.028500000000000000e+03 1.582060000000000133e-01
7.029000000000000000e+03 1.593320000000000014e-01
7.029500000000000000e+03 1.604569999999999885e-01
7.030000000000000000e+03 1.615820000000000034e-01
7.030500000000000000e+03 1.625590000000000090e-01
7.031000000000000000e+03 1.635369999999999879e-01
7.031500000000000000e+03 1.645139999999999936e-01
7.032000000000000000e+03 1.654909999999999992e-01
7.032500000000000000e+03 1.664680000000000049e-01
7.033000000000000000e+03 1.674460000000000115e-01
7.033500000000000000e+03 1.684229999999999894e-01
7.034000000000000000e+03 1.693999999999999950e-01
7.034500000000000000e+03 1.703759999999999997e-01
7.035000000000000000e+03 1.713530000000000053e-01
7.035500000000000000e+03 1.723300000000000110e-01
7.036000000000000000e+03 1.733069999999999888e-01
7.036500000000000000e+03 1.742839999999999945e-01
7.037000000000000000e+03 1.752599999999999991e-01
7.037500000000000000e+03 1.762360000000000038e-01
7.038000000000000000e+03 1.772130000000000094e-01
7.038500000000000000e+03 1.781889999999999863e-01
7.039000000000000000e+03 1.791659999999999919e-01
7.039500000000000000e+03 1.801419999999999966e-01
7.040000000000000000e+03 1.811180000000000012e-01
7.040500000000000000e+03 1.820879999999999999e-01
7.041000000000000000e+03 1.830579999999999985e-01
7.041500000000000000e+03 1.840279999999999971e-01
7.042000000000000000e+03 1.849969999999999948e-01
7.042500000000000000e+03 1.859669999999999934e-01
7.043000000000000000e+03 1.869369999999999921e-01
7.043500000000000000e+03 1.879059999999999897e-01
7.044000000000000000e+03 1.888749999999999873e-01
7.044500000000000000e+03 1.898440000000000127e-01
7.045000000000000000e+03 1.908130000000000104e-01
7.045500000000000000e+03 1.917810000000000070e-01
7.046000000000000000e+03 1.927500000000000047e-01
7.046500000000000000e+03 1.937180000000000013e-01
7.047000000000000000e+03 1.946869999999999989e-01
7.047500000000000000e+03 1.956549999999999956e-01
7.048000000000000000e+03 1.966229999999999922e-01
7.048500000000000000e+03 1.975909999999999889e-01
7.049000000000000000e+03 1.985580000000000123e-01
7.049500000000000000e+03 1.995260000000000089e-01
7.050000000000000000e+03 2.004930000000000045e-01
7.050500000000000000e+03 2.013900000000000134e-01
7.051000000000000000e+03 2.022869999999999946e-01
7.051500000000000000e+03 2.031830000000000025e-01
7.052000000000000000e+03 2.040800000000000114e-01
7.052500000000000000e+03 2.049769999999999925e-01
7.053000000000000000e+03 2.058730000000000004e-01
7.053500000000000000e+03 2.067690000000000083e-01
7.054000000000000000e+03 2.076649999999999885e-01
7.054500000000000000e+03 2.085609999999999964e-01
7.055000000000000000e+03 2.094570000000000043e-01
7.055500000000000000e+03 2.103530000000000122e-01
7.056000000000000000e+03 2.112489999999999923e-01
7.056500000000000000e+03 2.121439999999999992e-01
7.057000000000000000e+03 2.130400000000000071e-01
7.057500000000000000e+03 2.139349999999999863e-01
7.058000000000000000e+03 2.148299999999999932e-01
7.058500000000000000e+03 2.157260000000000011e-01
7.059000000000000000e+03 2.166210000000000080e-01
7.059500000000000000e+03 2.175159999999999871e-01
7.060000000000000000e+03 2.184109999999999940e-01
7.060500000000000000e+03 2.194190000000000029e-01
7.061000000000000000e+03 2.204270000000000118e-01
7.061500000000000000e+03 2.214349999999999929e-01
7.062000000000000000e+03 2.224420000000000008e-01
7.062500000000000000e+03 2.234500000000000097e-01
7.063000000000000000e+03 2.244579999999999909e-01
7.063500000000000000e+03 2.254649999999999987e-01
7.064000000000000000e+03 2.264710000000000056e-01
7.064500000000000000e+03 2.274780000000000135e-01
7.065000000000000000e+03 2.284849999999999937e-01
7.065500000000000000e+03 2.294910000000000005e-01
7.066000000000000000e+03 2.304970000000000074e-01
7.066500000000000000e+03 2.315039999999999876e-01
7.067000000000000000e+03 2.325089999999999935e-01
7.067500000000000000e+03 2.335150000000000003e-01
7.068000000000000000e+03 2.345200000000000062e-01
7.068500000000000000e+03 2.355250000000000121e-01
7.069000000000000000e+03 2.365299999999999903e-01
7.069500000000000000e+03 2.375349999999999961e-01
7.070000000000000000e+03 2.385390000000000010e-01
7.070500000000000000e+03 2.394850000000000034e-01
7.071000000000000000e+03 2.404300000000000048e-01
7.071500000000000000e+03 2.413750000000000062e-01
7.072000000000000000e+03 2.423200000000000076e-01
7.072500000000000000e+03 2.432650000000000090e-01
7.073000000000000000e+03 2.442100000000000104e-01
7.073500000000000000e+03 2.451550000000000118e-01
7.074000000000000000e+03 2.460990000000000122e-01
7.074500000000000000e+03 2.470440000000000136e-01
7.075000000000000000e+03 2.479889999999999872e-01
7.075500000000000000e+03 2.489329999999999876e-01
7.076000000000000000e+03 2.498779999999999890e-01
7.076500000000000000e+03 2.508219999999999894e-01
7.077000000000000000e+03 2.517659999999999898e-01
7.077500000000000000e+03 2.527099999999999902e-01
7.078000000000000000e+03 2.536550000000000193e-01
7.078500000000000000e+03 2.545990000000000197e-01
7.079000000000000000e+03 2.555419999999999914e-01
7.079500000000000000e+03 2.564859999999999918e-01
7.080000000000000000e+03 2.574299999999999922e-01
7.080500000000000000e+03 2.582760000000000056e-01
7.081000000000000000e+03 2.591220000000000190e-01
7.081500000000000000e+03 2.599679999999999769e-01
7.082000000000000000e+03 2.608130000000000170e-01
7.082500000000000000e+03 2.616589999999999749e-01
7.083000000000000000e+03 2.625040000000000151e-01
7.083500000000000000e+03 2.633499999999999730e-01
7.084000000000000000e+03 2.641950000000000132e-01
7.084500000000000000e+03 2.650399999999999978e-01
7.085000000000000000e+03 2.658849999999999825e-01
7.085500000000000000e+03 2.667300000000000226e-01
7.086000000000000000e+03 2.675750000000000073e-01
7.086500000000000000e+03 2.684199999999999919e-01
7.087000000000000000e+03 2.692649999999999766e-01
7.087500000000000000e+03 2.701100000000000168e-01
7.088000000000000000e+03 2.709550000000000014e-01
7.088500000000000000e+03 2.717990000000000128e-01
7.089000000000000000e+03 2.726439999999999975e-01
7.089500000000000000e+03 2.734889999999999821e-01
7.090000000000000000e+03 2.743329999999999935e-01
7.090500000000000000e+03 2.749170000000000225e-01
7.091000000000000000e+03 2.755000000000000226e-01
7.091500000000000000e+03 2.760839999999999961e-01
7.092000000000000000e+03 2.766669999999999963e-01
7.092500000000000000e+03 2.772499999999999964e-01
7.093000000000000000e+03 2.778329999999999966e-01
7.093500000000000000e+03 2.784159999999999968e-01
7.094000000000000000e+03 2.789989999999999970e-01
7.094500000000000000e+03 2.795819999999999972e-01
7.095000000000000000e+03 2.801640000000000241e-01
7.095500000000000000e+03 2.807470000000000243e-01
7.096000000000000000e+03 2.813300000000000245e-01
7.096500000000000000e+03 2.819119999999999959e-01
7.097000000000000000e+03 2.824940000000000229e-01
7.097500000000000000e+03 2.830750000000000210e-01
7.098000000000000000e+03 2.836569999999999925e-01
7.098500000000000000e+03 2.842390000000000194e-01
7.099000000000000000e+03 2.848200000000000176e-01
7.099500000000000000e+03 2.854019999999999890e-01
7.100000000000000000e+03 2.859829999999999872e-01
7.100500000000000000e+03 2.868140000000000134e-01
7.101000000000000000e+03 2.876440000000000108e-01
7.101500000000000000e+03 2.884749999999999814e-01
7.102000000000000000e+03 2.893049999999999788e-01
7.102500000000000000e+03 2.901349999999999763e-01
7.103000000000000000e+03 2.909660000000000024e-01
7.103500000000000000e+03 2.917950000000000266e-01
7.104000000000000000e+03 2.926250000000000240e-01
7.104500000000000000e+03 2.934550000000000214e-01
7.105000000000000000e+03 2.942839999999999900e-01
7.105500000000000000e+03 2.951130000000000142e-01
7.106000000000000000e+03 2.959430000000000116e-01
7.106500000000000000e+03 2.967710000000000070e-01
7.107000000000000000e+03 2.975999999999999757e-01
7.107500000000000000e+03 2.984289999999999998e-01
7.108000000000000000e+03 2.992569999999999952e-01
7.108500000000000000e+03 3.000860000000000194e-01
7.109000000000000000e+03 3.009140000000000148e-01
7.109500000000000000e+03 3.017420000000000102e-01
7.110000000000000000e+03 3.025700000000000056e-01
7.110500000000000000e+03 3.029950000000000143e-01
7.111000000000000000e+03 3.034209999999999963e-01
7.111500000000000000e+03 3.038460000000000050e-01
7.112000000000000000e+03 3.042719999999999869e-01
7.112500000000000000e+03 3.046969999999999956e-01
7.113000000000000000e+03 3.051220000000000043e-01
7.113500000000000000e+03 3.055470000000000130e-01
7.114000000000000000e+03 3.059720000000000217e-01
7.114500000000000000e+03 3.063969999999999749e-01
7.115000000000000000e+03 3.068230000000000124e-01
7.115500000000000000e+03 3.072480000000000211e-01
7.116000000000000000e+03 3.076729999999999743e-01
7.116500000000000000e+03 3.080979999999999830e-01
7.117000000000000000e+03 3.085229999999999917e-01
7.117500000000000000e+03 3.089470000000000272e-01
7.118000000000000000e+03 3.093719999999999803e-01
7.118500000000000000e+03 3.097969999999999891e-01
7.119000000000000000e+03 3.102210000000000245e-01
7.119500000000000000e+03 3.106459999999999777e-01
7.120000000000000000e+03 3.110700000000000132e-01
7.120500000000000000e+03 3.117690000000000183e-01
7.121000000000000000e+03 3.124669999999999948e-01
7.121500000000000000e+03 3.131650000000000267e-01
7.122000000000000000e+03 3.138630000000000031e-01
7.122500000000000000e+03 3.145609999999999795e-01
7.123000000000000000e+03 3.152599999999999847e-01
7.123500000000000000e+03 3.159580000000000166e-01
7.124000000000000000e+03 3.166559999999999930e-01
7.124500000000000000e+03 3.173540000000000250e-01
7.125000000000000000e+03 3.180520000000000014e-01
7.125500000000000000e+03 3.187499999999999778e-01
7.126000000000000000e+03 3.194480000000000097e-01
7.126500000000000000e+03 3.201450000000000129e-01
7.127000000000000000e+03 3.208429999999999893e-01
7.127500000000000000e+03 3.215410000000000212e-01
7.128000000000000000e+03 3.222389999999999977e-01
7.128500000000000000e+03 3.229360000000000008e-01
7.129000000000000000e+03 3.236330000000000040e-01
7.129500000000000000e+03 3.243309999999999804e-01
7.130000000000000000e+03 3.250279999999999836e-01
7.130500000000000000e+03 3.253980000000000206e-01
7.131000000000000000e+03 3.257669999999999733e-01
7.131500000000000000e+03 3.261359999999999815e-01
7.132000000000000000e+03 3.265049999999999897e-01
7.132500000000000000e+03 3.268739999999999979e-01
7.133000000000000000e+03 3.272430000000000061e-01
7.133500000000000000e+03 3.276109999999999856e-01
7.134000000000000000e+03 3.279799999999999938e-01
7.134500000000000000e+03 3.283490000000000020e-01
7.135000000000000000e+03 3.287169999999999814e-01
7.135500000000000000e+03 3.290859999999999896e-01
7.136000000000000000e+03 3.294540000000000246e-01
7.136500000000000000e+03 3.298220000000000041e-01
7.137000000000000000e+03 3.301899999999999835e-01
7.137500000000000000e+03 3.305589999999999917e-01
7.138000000000000000e+03 3.309270000000000267e-01
7.138500000000000000e+03 3.312950000000000061e-01
7.139000000000000000e+03 3.316629999999999856e-01
7.139500000000000000e+03 3.320310000000000206e-01
7.140000000000000000e+03 3.323990000000000000e-01
7.140500000000000000e+03 3.331529999999999769e-01
7.141000000000000000e+03 3.339079999999999826e-01
7.141500000000000000e+03 3.346620000000000150e-01
7.142000000000000000e+03 3.354159999999999919e-01
7.142500000000000000e+03 3.361700000000000244e-01
7.143000000000000000e+03 3.369240000000000013e-01
7.143500000000000000e+03 3.376779999999999782e-01
7.144000000000000000e+03 3.384329999999999838e-01
7.144500000000000000e+03 3.391859999999999875e-01
7.145000000000000000e+03 3.399389999999999912e-01
7.145500000000000000e+03 3.406930000000000236e-01
7.146000000000000000e+03 3.414460000000000273e-01
7.146500000000000000e+03 3.421989999999999754e-01
7.147000000000000000e+03 3.429519999999999791e-01
7.147500000000000000e+03 3.437049999999999828e-01
7.148000000000000000e+03 3.444579999999999864e-01
7.148500000000000000e+03 3.452109999999999901e-01
7.149000000000000000e+03 3.459630000000000205e-01
7.149500000000000000e+03 3.467160000000000242e-01
7.150000000000000000e+03 3.474679999999999991e-01
7.150500000000000000e+03 3.475820000000000021e-01
7.151000000000000000e+03 3.476960000000000051e-01
7.151500000000000000e+03 3.478100000000000080e-01
7.152000000000000000e+03 3.479240000000000110e-01
7.152500000000000000e+03 3.480380000000000140e-01
7.153000000000000000e+03 3.481520000000000170e-01
7.153500000000000000e+03 3.482649999999999912e-01
7.154000000000000000e+03 3.483789999999999942e-01
7.154500000000000000e+03 3.484929999999999972e-01
7.155000000000000000e+03 3.486070000000000002e-01
7.155500000000000000e+03 3.487199999999999744e-01
7.156000000000000000e+03 3.488339999999999774e-01
7.156500000000000000e+03 3.489479999999999804e-01
7.157000000000000000e+03 3.490619999999999834e-01
7.157500000000000000e+03 3.491750000000000131e-01
7.158000000000000000e+03 3.492879999999999874e-01
7.158500000000000000e+03 3.494010000000000171e-01
7.159000000000000000e+03 3.495139999999999914e-01
7.159500000000000000e+03 3.496279999999999943e-01
7.160000000000000000e+03 3.497419999999999973e-01
7.160500000000000000e+03 3.501469999999999860e-01
7.161000000000000000e+03 3.505510000000000015e-01
7.161500000000000000e+03 3.509570000000000189e-01
7.162000000000000000e+03 3.513620000000000076e-01
7.162500000000000000e+03 3.517669999999999964e-01
7.163000000000000000e+03 3.521710000000000118e-01
7.163500000000000000e+03 3.525769999999999738e-01
7.164000000000000000e+03 3.529820000000000180e-01
7.164500000000000000e+03 3.533870000000000067e-01
7.165000000000000000e+03 3.537919999999999954e-01
7.165500000000000000e+03 3.541969999999999841e-01
7.166000000000000000e+03 3.546019999999999728e-01
7.166500000000000000e+03 3.550059999999999882e-01
7.167000000000000000e+03 3.554109999999999769e-01
7.167500000000000000e+03 3.558149999999999924e-01
7.168000000000000000e+03 3.562199999999999811e-01
7.168500000000000000e+03 3.566250000000000253e-01
7.169000000000000000e+03 3.570289999999999853e-01
7.169500000000000000e+03 3.574339999999999740e-01
7.170000000000000000e+03 3.578390000000000182e-01
7.170500000000000000e+03 3.584470000000000156e-01
7.171000000000000000e+03 3.590550000000000130e-01
7.171500000000000000e+03 3.596619999999999817e-01
7.172000000000000000e+03 3.602690000000000059e-01
7.172500000000000000e+03 3.608770000000000033e-01
7.173000000000000000e+03 3.614850000000000008e-01
7.173500000000000000e+03 3.620920000000000250e-01
7.174000000000000000e+03 3.627000000000000224e-01
7.174500000000000000e+03 3.633069999999999911e-01
7.175000000000000000e+03 3.639140000000000152e-01
7.175500000000000000e+03 3.645209999999999839e-01
7.176000000000000000e+03 3.651269999999999794e-01
7.176500000000000000e+03 3.657349999999999768e-01
7.177000000000000000e+03 3.663420000000000010e-01
7.177500000000000000e+03 3.669479999999999964e-01
7.178000000000000000e+03 3.675550000000000206e-01
7.178500000000000000e+03 3.681610000000000160e-01
7.179000000000000000e+03 3.687679999999999847e-01
7.179500000000000000e+03 3.693739999999999801e-01
7.180000000000000000e+03 3.699799999999999756e-01
7.180500000000000000e+03 3.703480000000000105e-01
7.181000000000000000e+03 3.707150000000000167e-01
7.181500000000000000e+03 3.710829999999999962e-01
7.182000000000000000e+03 3.714500000000000024e-01
7.182500000000000000e+03 3.718179999999999819e-01
7.183000000000000000e+03 3.721849999999999881e-01
7.183500000000000000e+03 3.725519999999999943e-01
7.184000000000000000e+03 3.729180000000000272e-01
7.184500000000000000e+03 3.732860000000000067e-01
7.185000000000000000e+03 3.736530000000000129e-01
7.185500000000000000e+03 3.740209999999999924e-01
7.186000000000000000e+03 3.743879999999999986e-01
7.186500000000000000e+03 3.747550000000000048e-01
7.187000000000000000e+03 3.751220000000000110e-01
7.187500000000000000e+03 3.754890000000000172e-01
7.188000000000000000e+03 3.758560000000000234e-01
7.188500000000000000e+03 3.762229999999999741e-01
7.189000000000000000e+03 3.765890000000000071e-01
7.189500000000000000e+03 3.769569999999999865e-01
7.190000000000000000e+03 3.773239999999999927e-01
7.190500000000000000e+03 3.780000000000000027e-01
7.191000000000000000e+03 3.786760000000000126e-01
7.191500000000000000e+03 3.793520000000000225e-01
7.192000000000000000e+03 3.800279999999999769e-01
7.192500000000000000e+03 3.807039999999999869e-01
7.193000000000000000e+03 3.813790000000000235e-01
7.193500000000000000e+03 3.820549999999999780e-01
7.194000000000000000e+03 3.827309999999999879e-01
7.194500000000000000e+03 3.834060000000000246e-01
7.195000000000000000e+03 3.840819999999999790e-01
7.195500000000000000e+03 3.847570000000000157e-01
7.196000000000000000e+03 3.854330000000000256e-01
7.196500000000000000e+03 3.861080000000000068e-01
7.197000000000000000e+03 3.867829999999999879e-01
7.197500000000000000e+03 3.874580000000000246e-01
7.198000000000000000e+03 3.881330000000000058e-01
7.198500000000000000e+03 3.888079999999999870e-01
7.199000000000000000e+03 3.894830000000000236e-01
7.199500000000000000e+03 3.901580000000000048e-01
7.200000000000000000e+03 3.908320000000000127e-01
7.200500000000000000e+03 3.910680000000000267e-01
7.201000000000000000e+03 3.913050000000000139e-01
7.201500000000000000e+03 3.915399999999999991e-01
7.202000000000000000e+03 3.917760000000000131e-01
7.202500000000000000e+03 3.920120000000000271e-01
7.203000000000000000e+03 3.922479999999999856e-01
7.203500000000000000e+03 3.924830000000000263e-01
7.204000000000000000e+03 3.927180000000000115e-01
7.204500000000000000e+03 3.929540000000000255e-01
7.205000000000000000e+03 3.931899999999999840e-01
7.205500000000000000e+03 3.934250000000000247e-01
7.206000000000000000e+03 3.936609999999999832e-01
7.206500000000000000e+03 3.938969999999999971e-01
7.207000000000000000e+03 3.941319999999999824e-01
7.207500000000000000e+03 3.943679999999999963e-01
7.208000000000000000e+03 3.946029999999999816e-01
7.208500000000000000e+03 3.948389999999999955e-01
7.209000000000000000e+03 3.950739999999999807e-01
7.209500000000000000e+03 3.953090000000000215e-01
7.210000000000000000e+03 3.955440000000000067e-01
7.210500000000000000e+03 3.958380000000000232e-01
7.211000000000000000e+03 3.961319999999999841e-01
7.211500000000000000e+03 3.964250000000000274e-01
7.212000000000000000e+03 3.967180000000000151e-01
7.212500000000000000e+03 3.970119999999999760e-01
7.213000000000000000e+03 3.973050000000000193e-01
7.213500000000000000e+03 3.975980000000000070e-01
7.214000000000000000e+03 3.978909999999999947e-01
7.214500000000000000e+03 3.981839999999999824e-01
7.215000000000000000e+03 3.984770000000000256e-01
7.215500000000000000e+03 3.987700000000000133e-01
7.216000000000000000e+03 3.990630000000000011e-01
7.216500000000000000e+03 3.993550000000000155e-01
7.217000000000000000e+03 3.996480000000000032e-01
7.217500000000000000e+03 3.999400000000000177e-01
7.218000000000000000e+03 4.002330000000000054e-01
7.218500000000000000e+03 4.005250000000000199e-01
7.219000000000000000e+03 4.008180000000000076e-01
7.219500000000000000e+03 4.011100000000000221e-01
7.220000000000000000e+03 4.014019999999999810e-01
7.220500000000000000e+03 4.016219999999999790e-01
7.221000000000000000e+03 4.018419999999999770e-01
7.221500000000000000e+03 4.020619999999999750e-01
7.222000000000000000e+03 4.022819999999999729e-01
7.222500000000000000e+03 4.025009999999999977e-01
7.223000000000000000e+03 4.027209999999999956e-01
7.223500000000000000e+03 4.029400000000000204e-01
7.224000000000000000e+03 4.031600000000000183e-01
7.224500000000000000e+03 4.033789999999999876e-01
7.225000000000000000e+03 4.035980000000000123e-01
7.225500000000000000e+03 4.038180000000000103e-01
7.226000000000000000e+03 4.040369999999999795e-01
7.226500000000000000e+03 4.042569999999999775e-01
7.227000000000000000e+03 4.044760000000000022e-01
7.227500000000000000e+03 4.046950000000000269e-01
7.228000000000000000e+03 4.049130000000000229e-01
7.228500000000000000e+03 4.051319999999999921e-01
7.229000000000000000e+03 4.053510000000000169e-01
7.229500000000000000e+03 4.055710000000000148e-01
7.230000000000000000e+03 4.057899999999999840e-01
7.230500000000000000e+03 4.062629999999999852e-01
7.231000000000000000e+03 4.067370000000000152e-01
7.231500000000000000e+03 4.072120000000000184e-01
7.232000000000000000e+03 4.076859999999999928e-01
7.232500000000000000e+03 4.081600000000000228e-01
7.233000000000000000e+03 4.086350000000000260e-01
7.233500000000000000e+03 4.091080000000000272e-01
7.234000000000000000e+03 4.095820000000000016e-01
7.234500000000000000e+03 4.100559999999999761e-01
7.235000000000000000e+03 4.105289999999999773e-01
7.235500000000000000e+03 4.110030000000000072e-01
7.236000000000000000e+03 4.114769999999999817e-01
7.236500000000000000e+03 4.119510000000000116e-01
7.237000000000000000e+03 4.124240000000000128e-01
7.237500000000000000e+03 4.128970000000000140e-01
7.238000000000000000e+03 4.133700000000000152e-01
7.238500000000000000e+03 4.138439999999999896e-01
7.239000000000000000e+03 4.143169999999999908e-01
7.239500000000000000e+03 4.147910000000000208e-01
7.240000000000000000e+03 4.152640000000000220e-01
7.240500000000000000e+03 4.153040000000000065e-01
7.241000000000000000e+03 4.153450000000000197e-01
7.241500000000000000e+03 4.153870000000000062e-01
7.242000000000000000e+03 4.154280000000000195e-01
7.242500000000000000e+03 4.154689999999999772e-01
7.243000000000000000e+03 4.155110000000000192e-01
7.243500000000000000e+03 4.155519999999999770e-01
7.244000000000000000e+03 4.155929999999999902e-01
7.244500000000000000e+03 4.156340000000000034e-01
7.245000000000000000e+03 4.156750000000000167e-01
7.245500000000000000e+03 4.157170000000000032e-01
7.246000000000000000e+03 4.157580000000000164e-01
7.246500000000000000e+03 4.157989999999999742e-01
7.247000000000000000e+03 4.158410000000000162e-01
7.247500000000000000e+03 4.158819999999999739e-01
7.248000000000000000e+03 4.159229999999999872e-01
7.248500000000000000e+03 4.159640000000000004e-01
7.249000000000000000e+03 4.160050000000000137e-01
7.249500000000000000e+03 4.160460000000000269e-01
7.250000000000000000e+03 4.160880000000000134e-01
7.250500000000000000e+03 4.167589999999999906e-01
7.251000000000000000e+03 4.174309999999999965e-01
7.251500000000000000e+03 4.181019999999999737e-01
7.252000000000000000e+03 4.187730000000000063e-01
7.252500000000000000e+03 4.194439999999999835e-01
7.253000000000000000e+03 4.201150000000000162e-01
7.253500000000000000e+03 4.207859999999999934e-01
7.254000000000000000e+03 4.214570000000000261e-01
7.254500000000000000e+03 4.221269999999999745e-01
7.255000000000000000e+03 4.227969999999999784e-01
7.255500000000000000e+03 4.234680000000000111e-01
7.256000000000000000e+03 4.241380000000000150e-01
7.256500000000000000e+03 4.248080000000000189e-01
7.257000000000000000e+03 4.254780000000000229e-01
7.257500000000000000e+03 4.261480000000000268e-01
7.258000000000000000e+03 4.268170000000000019e-01
7.258500000000000000e+03 4.274870000000000059e-01
7.259000000000000000e+03 4.281559999999999810e-01
7.259500000000000000e+03 4.288250000000000117e-01
7.260000000000000000e+03 4.294939999999999869e-01
7.260500000000000000e+03 4.293440000000000034e-01
7.261000000000000000e+03 4.291940000000000199e-01
7.261500000000000000e+03 4.290439999999999809e-01
7.262000000000000000e+03 4.288950000000000262e-01
7.262500000000000000e+03 4.287460000000000160e-01
7.263000000000000000e+03 4.285959999999999770e-01
7.263500000000000000e+03 4.284470000000000223e-01
7.264000000000000000e+03 4.282980000000000120e-01
7.264500000000000000e+03 4.281479999999999730e-01
7.265000000000000000e+03 4.279990000000000183e-01
7.265500000000000000e+03 4.278500000000000081e-01
7.266000000000000000e+03 4.277009999999999978e-01
7.266500000000000000e+03 4.275510000000000144e-01
7.267000000000000000e+03 4.274009999999999754e-01
7.267500000000000000e+03 4.272520000000000207e-01
7.268000000000000000e+03 4.271030000000000104e-01
7.268500000000000000e+03 4.269540000000000002e-01
7.269000000000000000e+03 4.268060000000000187e-01
7.269500000000000000e+03 4.266559999999999797e-01
7.270000000000000000e+03 4.265059999999999962e-01
7.270500000000000000e+03 4.265120000000000022e-01
7.271000000000000000e+03 4.265169999999999795e-01
7.271500000000000000e+03 4.265229999999999855e-01
7.272000000000000000e+03 4.265280000000000182e-01
7.272500000000000000e+03 4.265340000000000242e-01
7.273000000000000000e+03 4.265390000000000015e-01
7.273500000000000000e+03 4.265439999999999787e-01
7.274000000000000000e+03 4.265490000000000115e-01
7.274500000000000000e+03 4.265550000000000175e-01
7.275000000000000000e+03 4.265599999999999947e-01
7.275500000000000000e+03 4.265650000000000275e-01
7.276000000000000000e+03 4.265700000000000047e-01
7.276500000000000000e+03 4.265749999999999820e-01
7.277000000000000000e+03 4.265800000000000147e-01
7.277500000000000000e+03 4.265860000000000207e-01
7.278000000000000000e+03 4.265909999999999980e-01
7.278500000000000000e+03 4.265970000000000040e-01
7.279000000000000000e+03 4.266030000000000100e-01
7.279500000000000000e+03 4.266079999999999872e-01
7.280000000000000000e+03 4.266130000000000200e-01
7.280500000000000000e+03 4.266869999999999830e-01
7.281000000000000000e+03 4.267610000000000015e-01
7.281500000000000000e+03 4.268350000000000199e-01
7.282000000000000000e+03 4.269080000000000097e-01
7.282500000000000000e+03 4.269819999999999727e-01
7.283000000000000000e+03 4.270570000000000199e-01
7.283500000000000000e+03 4.271309999999999829e-01
7.284000000000000000e+03 4.272039999999999726e-01
7.284500000000000000e+03 4.272779999999999911e-01
7.285000000000000000e+03 4.273520000000000096e-01
7.285500000000000000e+03 4.274259999999999726e-01
7.286000000000000000e+03 4.274999999999999911e-01
7.286500000000000000e+03 4.275740000000000096e-01
7.287000000000000000e+03 4.276469999999999994e-01
7.287500000000000000e+03 4.277210000000000178e-01
7.288000000000000000e+03 4.277949999999999808e-01
7.288500000000000000e+03 4.278689999999999993e-01
7.289000000000000000e+03 4.279419999999999891e-01
7.289500000000000000e+03 4.280160000000000076e-01
7.290000000000000000e+03 4.280900000000000261e-01
7.290500000000000000e+03 4.281179999999999986e-01
7.291000000000000000e+03 4.281460000000000266e-01
7.291500000000000000e+03 4.281749999999999723e-01
7.292000000000000000e+03 4.282030000000000003e-01
7.292500000000000000e+03 4.282309999999999728e-01
7.293000000000000000e+03 4.282590000000000008e-01
7.293500000000000000e+03 4.282880000000000020e-01
7.294000000000000000e+03 4.283159999999999745e-01
7.294500000000000000e+03 4.283449999999999758e-01
7.295000000000000000e+03 4.283730000000000038e-01
7.295500000000000000e+03 4.284009999999999763e-01
7.296000000000000000e+03 4.284279999999999755e-01
7.296500000000000000e+03 4.284569999999999768e-01
7.297000000000000000e+03 4.284850000000000048e-01
7.297500000000000000e+03 4.285129999999999773e-01
7.298000000000000000e+03 4.285410000000000053e-01
7.298500000000000000e+03 4.285689999999999777e-01
7.299000000000000000e+03 4.285979999999999790e-01
7.299500000000000000e+03 4.286260000000000070e-01
7.300000000000000000e+03 4.286539999999999795e-01
7.300500000000000000e+03 4.285709999999999797e-01
7.301000000000000000e+03 4.284870000000000068e-01
7.301500000000000000e+03 4.284029999999999783e-01
7.302000000000000000e+03 4.283190000000000053e-01
7.302500000000000000e+03 4.282360000000000055e-01
7.303000000000000000e+03 4.281519999999999770e-01
7.303500000000000000e+03 4.280689999999999773e-01
7.304000000000000000e+03 4.279850000000000043e-01
7.304500000000000000e+03 4.279009999999999758e-01
7.305000000000000000e+03 4.278179999999999761e-01
7.305500000000000000e+03 4.277340000000000031e-01
7.306000000000000000e+03 4.276510000000000034e-01
7.306500000000000000e+03 4.275669999999999749e-01
7.307000000000000000e+03 4.274839999999999751e-01
7.307500000000000000e+03 4.274000000000000021e-01
7.308000000000000000e+03 4.273159999999999736e-01
7.308500000000000000e+03 4.272329999999999739e-01
7.309000000000000000e+03 4.271490000000000009e-01
7.309500000000000000e+03 4.270660000000000012e-01
7.310000000000000000e+03 4.269830000000000014e-01
7.310500000000000000e+03 4.272790000000000199e-01
7.311000000000000000e+03 4.275749999999999829e-01
7.311500000000000000e+03 4.278710000000000013e-01
7.312000000000000000e+03 4.281670000000000198e-01
7.312500000000000000e+03 4.284629999999999828e-01
7.313000000000000000e+03 4.287579999999999725e-01
7.313500000000000000e+03 4.290539999999999909e-01
7.314000000000000000e+03 4.293500000000000094e-01
7.314500000000000000e+03 4.296459999999999724e-01
7.315000000000000000e+03 4.299419999999999908e-01
7.315500000000000000e+03 4.302380000000000093e-01
7.316000000000000000e+03 4.305329999999999990e-01
7.316500000000000000e+03 4.308290000000000175e-01
7.317000000000000000e+03 4.311240000000000072e-01
7.317500000000000000e+03 4.314200000000000257e-01
7.318000000000000000e+03 4.317150000000000154e-01
7.318500000000000000e+03 4.320109999999999784e-01
7.319000000000000000e+03 4.323060000000000236e-01
7.319500000000000000e+03 4.326010000000000133e-01
7.320000000000000000e+03 4.328949999999999743e-01
7.320500000000000000e+03 4.326349999999999918e-01
7.321000000000000000e+03 4.323750000000000093e-01
7.321500000000000000e+03 4.321150000000000269e-01
7.322000000000000000e+03 4.318540000000000156e-01
7.322500000000000000e+03 4.315939999999999777e-01
7.323000000000000000e+03 4.313339999999999952e-01
7.323500000000000000e+03 4.310729999999999840e-01
7.324000000000000000e+03 4.308130000000000015e-01
7.324500000000000000e+03 4.305530000000000190e-01
7.325000000000000000e+03 4.302929999999999811e-01
7.325500000000000000e+03 4.300320000000000253e-01
7.326000000000000000e+03 4.297719999999999874e-01
7.326500000000000000e+03 4.295120000000000049e-01
7.327000000000000000e+03 4.292520000000000224e-01
7.327500000000000000e+03 4.289919999999999844e-01
7.328000000000000000e+03 4.287309999999999732e-01
7.328500000000000000e+03 4.284720000000000195e-01
7.329000000000000000e+03 4.282119999999999815e-01
7.329500000000000000e+03 4.279519999999999991e-01
7.330000000000000000e+03 4.276920000000000166e-01
7.330500000000000000e+03 4.280999999999999805e-01
7.331000000000000000e+03 4.285080000000000000e-01
7.331500000000000000e+03 4.289160000000000195e-01
7.332000000000000000e+03 4.293250000000000122e-01
7.332500000000000000e+03 4.297320000000000029e-01
7.333000000000000000e+03 4.301400000000000223e-01
7.333500000000000000e+03 4.305470000000000130e-01
7.334000000000000000e+03 4.309549999999999770e-01
7.334500000000000000e+03 4.313620000000000232e-01
7.335000000000000000e+03 4.317699999999999871e-01
7.335500000000000000e+03 4.321769999999999778e-01
7.336000000000000000e+03 4.325840000000000241e-01
7.336500000000000000e+03 4.329919999999999880e-01
7.337000000000000000e+03 4.334000000000000075e-01
7.337500000000000000e+03 4.338069999999999982e-01
7.338000000000000000e+03 4.342130000000000156e-01
7.338500000000000000e+03 4.346200000000000063e-01
7.339000000000000000e+03 4.350269999999999970e-01
7.339500000000000000e+03 4.354339999999999877e-01
7.340000000000000000e+03 4.358409999999999784e-01
7.340500000000000000e+03 4.357010000000000050e-01
7.341000000000000000e+03 4.355620000000000047e-01
7.341500000000000000e+03 4.354239999999999777e-01
7.342000000000000000e+03 4.352849999999999775e-01
7.342500000000000000e+03 4.351459999999999773e-01
7.343000000000000000e+03 4.350060000000000038e-01
7.343500000000000000e+03 4.348679999999999768e-01
7.344000000000000000e+03 4.347289999999999766e-01
7.344500000000000000e+03 4.345899999999999763e-01
7.345000000000000000e+03 4.344509999999999761e-01
7.345500000000000000e+03 4.343119999999999759e-01
7.346000000000000000e+03 4.341740000000000044e-01
7.346500000000000000e+03 4.340350000000000041e-01
7.347000000000000000e+03 4.338969999999999771e-01
7.347500000000000000e+03 4.337579999999999769e-01
7.348000000000000000e+03 4.336189999999999767e-01
7.348500000000000000e+03 4.334799999999999764e-01
7.349000000000000000e+03 4.333409999999999762e-01
7.349500000000000000e+03 4.332030000000000047e-01
7.350000000000000000e+03 4.330649999999999777e-01
7.350500000000000000e+03 4.329620000000000135e-01
7.351000000000000000e+03 4.328589999999999938e-01
7.351500000000000000e+03 4.327559999999999740e-01
7.352000000000000000e+03 4.326519999999999810e-01
7.352500000000000000e+03 4.325499999999999901e-01
7.353000000000000000e+03 4.324470000000000258e-01
7.353500000000000000e+03 4.323440000000000061e-01
7.354000000000000000e+03 4.322420000000000151e-01
7.354500000000000000e+03 4.321380000000000221e-01
7.355000000000000000e+03 4.320350000000000024e-01
7.355500000000000000e+03 4.319330000000000114e-01
7.356000000000000000e+03 4.318299999999999916e-01
7.356500000000000000e+03 4.317270000000000274e-01
7.357000000000000000e+03 4.316240000000000077e-01
7.357500000000000000e+03 4.315220000000000167e-01
7.358000000000000000e+03 4.314189999999999969e-01
7.358500000000000000e+03 4.313159999999999772e-01
7.359000000000000000e+03 4.312130000000000130e-01
7.359500000000000000e+03 4.311099999999999932e-01
7.360000000000000000e+03 4.310069999999999735e-01
7.360500000000000000e+03 4.312810000000000255e-01
7.361000000000000000e+03 4.315539999999999932e-01
7.361500000000000000e+03 4.318270000000000164e-01
7.362000000000000000e+03 4.320999999999999841e-01
7.362500000000000000e+03 4.323730000000000073e-01
7.363000000000000000e+03 4.326459999999999750e-01
7.363500000000000000e+03 4.329189999999999983e-01
7.364000000000000000e+03 4.331920000000000215e-01
7.364500000000000000e+03 4.334640000000000160e-01
7.365000000000000000e+03 4.337360000000000104e-01
7.365500000000000000e+03 4.340089999999999781e-01
7.366000000000000000e+03 4.342820000000000014e-01
7.366500000000000000e+03 4.345550000000000246e-01
7.367000000000000000e+03 4.348270000000000191e-01
7.367500000000000000e+03 4.350990000000000135e-01
7.368000000000000000e+03 4.353719999999999812e-01
7.368500000000000000e+03 4.356439999999999757e-01
7.369000000000000000e+03 4.359160000000000257e-01
7.369500000000000000e+03 4.361889999999999934e-01
7.370000000000000000e+03 4.364609999999999879e-01
7.370500000000000000e+03 4.359680000000000222e-01
7.371000000000000000e+03 4.354750000000000010e-01
7.371500000000000000e+03 4.349819999999999798e-01
7.372000000000000000e+03 4.344899999999999873e-01
7.372500000000000000e+03 4.339979999999999949e-01
7.373000000000000000e+03 4.335049999999999737e-01
7.373500000000000000e+03 4.330120000000000080e-01
7.374000000000000000e+03 4.325200000000000156e-01
7.374500000000000000e+03 4.320269999999999944e-01
7.375000000000000000e+03 4.315350000000000019e-01
7.375500000000000000e+03 4.310430000000000095e-01
7.376000000000000000e+03 4.305499999999999883e-01
7.376500000000000000e+03 4.300579999999999958e-01
7.377000000000000000e+03 4.295660000000000034e-01
7.377500000000000000e+03 4.290740000000000109e-01
7.378000000000000000e+03 4.285820000000000185e-01
7.378500000000000000e+03 4.280900000000000261e-01
7.379000000000000000e+03 4.275979999999999781e-01
7.379500000000000000e+03 4.271059999999999857e-01
7.380000000000000000e+03 4.266139999999999932e-01
7.380500000000000000e+03 4.275140000000000051e-01
7.381000000000000000e+03 4.284129999999999883e-01
7.381500000000000000e+03 4.293109999999999982e-01
7.382000000000000000e+03 4.302099999999999813e-01
7.382500000000000000e+03 4.311079999999999912e-01
7.383000000000000000e+03 4.320060000000000011e-01
7.383500000000000000e+03 4.329040000000000110e-01
7.384000000000000000e+03 4.338009999999999922e-01
7.384500000000000000e+03 4.346990000000000021e-01
7.385000000000000000e+03 4.355959999999999832e-01
7.385500000000000000e+03 4.364930000000000199e-01
7.386000000000000000e+03 4.373889999999999723e-01
7.386500000000000000e+03 4.382849999999999802e-01
7.387000000000000000e+03 4.391809999999999881e-01
7.387500000000000000e+03 4.400760000000000227e-01
7.388000000000000000e+03 4.409719999999999751e-01
7.388500000000000000e+03 4.418670000000000098e-01
7.389000000000000000e+03 4.427619999999999889e-01
7.389500000000000000e+03 4.436570000000000236e-01
7.390000000000000000e+03 4.445509999999999740e-01
7.390500000000000000e+03 4.441959999999999797e-01
7.391000000000000000e+03 4.438409999999999855e-01
7.391500000000000000e+03 4.434859999999999913e-01
7.392000000000000000e+03 4.431309999999999971e-01
7.392500000000000000e+03 4.427760000000000029e-01
7.393000000000000000e+03 4.424210000000000087e-01
7.393500000000000000e+03 4.420649999999999857e-01
7.394000000000000000e+03 4.417099999999999915e-01
7.394500000000000000e+03 4.413549999999999973e-01
7.395000000000000000e+03 4.410000000000000031e-01
7.395500000000000000e+03 4.406450000000000089e-01
7.396000000000000000e+03 4.402900000000000147e-01
7.396500000000000000e+03 4.399350000000000205e-01
7.397000000000000000e+03 4.395800000000000263e-01
7.397500000000000000e+03 4.392249999999999766e-01
7.398000000000000000e+03 4.388699999999999823e-01
7.398500000000000000e+03 4.385140000000000149e-01
7.399000000000000000e+03 4.381590000000000207e-01
7.399500000000000000e+03 4.378040000000000265e-01
7.400000000000000000e+03 4.374489999999999768e-01
7.400500000000000000e+03 4.373400000000000065e-01
7.401000000000000000e+03 4.372309999999999808e-01
7.401500000000000000e+03 4.371220000000000105e-01
7.402000000000000000e+03 4.370129999999999848e-01
7.402500000000000000e+03 4.369040000000000146e-01
7.403000000000000000e+03 4.367960000000000176e-01
7.403500000000000000e+03 4.366869999999999918e-01
7.404000000000000000e+03 4.365780000000000216e-01
7.404500000000000000e+03 4.364700000000000246e-01
7.405000000000000000e+03 4.363609999999999989e-01
7.405500000000000000e+03 4.362519999999999731e-01
7.406000000000000000e+03 4.361430000000000029e-01
7.406500000000000000e+03 4.360350000000000059e-01
7.407000000000000000e+03 4.359270000000000089e-01
7.407500000000000000e+03 4.358179999999999832e-01
7.408000000000000000e+03 4.357090000000000130e-01
7.408500000000000000e+03 4.355999999999999872e-01
7.409000000000000000e+03 4.354919999999999902e-01
7.409500000000000000e+03 4.353830000000000200e-01
7.410000000000000000e+03 4.352750000000000230e-01
7.410500000000000000e+03 4.352309999999999790e-01
7.411000000000000000e+03 4.351869999999999905e-01
7.411500000000000000e+03 4.351430000000000020e-01
7.412000000000000000e+03 4.350990000000000135e-01
7.412500000000000000e+03 4.350550000000000250e-01
7.413000000000000000e+03 4.350109999999999810e-01
7.413500000000000000e+03 4.349669999999999925e-01
7.414000000000000000e+03 4.349230000000000040e-01
7.414500000000000000e+03 4.348790000000000155e-01
7.415000000000000000e+03 4.348350000000000271e-01
7.415500000000000000e+03 4.347909999999999831e-01
7.416000000000000000e+03 4.347480000000000233e-01
7.416500000000000000e+03 4.347039999999999793e-01
7.417000000000000000e+03 4.346599999999999908e-01
7.417500000000000000e+03 4.346149999999999736e-01
7.418000000000000000e+03 4.345709999999999851e-01
7.418500000000000000e+03 4.345269999999999966e-01
7.419000000000000000e+03 4.344839999999999813e-01
7.419500000000000000e+03 4.344399999999999928e-01
7.420000000000000000e+03 4.343960000000000043e-01
7.420500000000000000e+03 4.345649999999999791e-01
7.421000000000000000e+03 4.347340000000000093e-01
7.421500000000000000e+03 4.349040000000000128e-01
7.422000000000000000e+03 4.350729999999999875e-01
7.422500000000000000e+03 4.352420000000000178e-01
7.423000000000000000e+03 4.354109999999999925e-01
7.423500000000000000e+03 4.355800000000000227e-01
7.424000000000000000e+03 4.357500000000000262e-01
7.424500000000000000e+03 4.359180000000000277e-01
7.425000000000000000e+03 4.360859999999999737e-01
7.425500000000000000e+03 4.362559999999999771e-01
7.426000000000000000e+03 4.364250000000000074e-01
7.426500000000000000e+03 4.365930000000000089e-01
7.427000000000000000e+03 4.367610000000000103e-01
7.427500000000000000e+03 4.369299999999999851e-01
7.428000000000000000e+03 4.370979999999999865e-01
7.428500000000000000e+03 4.372670000000000168e-01
7.429000000000000000e+03 4.374359999999999915e-01
7.429500000000000000e+03 4.376039999999999930e-01
7.430000000000000000e+03 4.377719999999999945e-01
7.430500000000000000e+03 4.379990000000000272e-01
7.431000000000000000e+03 4.382249999999999757e-01
7.431500000000000000e+03 4.384509999999999796e-01
7.432000000000000000e+03 4.386769999999999836e-01
7.432500000000000000e+03 4.389029999999999876e-01
7.433000000000000000e+03 4.391289999999999916e-01
7.433500000000000000e+03 4.393540000000000223e-01
7.434000000000000000e+03 4.395800000000000263e-01
7.434500000000000000e+03 4.398050000000000015e-01
7.435000000000000000e+03 4.400310000000000055e-01
7.435500000000000000e+03 4.402570000000000094e-01
7.436000000000000000e+03 4.404830000000000134e-01
7.436500000000000000e+03 4.407079999999999886e-01
7.437000000000000000e+03 4.409330000000000194e-01
7.437500000000000000e+03 4.411590000000000233e-01
7.438000000000000000e+03 4.413839999999999986e-01
7.438500000000000000e+03 4.416089999999999738e-01
7.439000000000000000e+03 4.418340000000000045e-01
7.439500000000000000e+03 4.420589999999999797e-01
7.440000000000000000e+03 4.422849999999999837e-01
7.440500000000000000e+03 4.421169999999999822e-01
7.441000000000000000e+03 4.419489999999999807e-01
7.441500000000000000e+03 4.417809999999999793e-01
7.442000000000000000e+03 4.416129999999999778e-01
7.442500000000000000e+03 4.414449999999999763e-01
7.443000000000000000e+03 4.412769999999999748e-01
7.443500000000000000e+03 4.411089999999999733e-01
7.444000000000000000e+03 4.409410000000000274e-01
7.444500000000000000e+03 4.407739999999999991e-01
7.445000000000000000e+03 4.406059999999999977e-01
7.445500000000000000e+03 4.404390000000000249e-01
7.446000000000000000e+03 4.402710000000000234e-01
7.446500000000000000e+03 4.401030000000000220e-01
7.447000000000000000e+03 4.399350000000000205e-01
7.447500000000000000e+03 4.397679999999999922e-01
7.448000000000000000e+03 4.396010000000000195e-01
7.448500000000000000e+03 4.394330000000000180e-01
7.449000000000000000e+03 4.392659999999999898e-01
7.449500000000000000e+03 4.390990000000000171e-01
7.450000000000000000e+03 4.389319999999999888e-01
7.450500000000000000e+03 4.395020000000000038e-01
7.451000000000000000e+03 4.400720000000000187e-01
7.451500000000000000e+03 4.406419999999999781e-01
7.452000000000000000e+03 4.412110000000000198e-01
7.452500000000000000e+03 4.417800000000000060e-01
7.453000000000000000e+03 4.423489999999999922e-01
7.453500000000000000e+03 4.429179999999999784e-01
7.454000000000000000e+03 4.434870000000000201e-01
7.454500000000000000e+03 4.440569999999999795e-01
7.455000000000000000e+03 4.446260000000000212e-01
7.455500000000000000e+03 4.451939999999999786e-01
7.456000000000000000e+03 4.457630000000000203e-01
7.456500000000000000e+03 4.463309999999999778e-01
7.457000000000000000e+03 4.469000000000000195e-01
7.457500000000000000e+03 4.474679999999999769e-01
7.458000000000000000e+03 4.480350000000000166e-01
7.458500000000000000e+03 4.486029999999999740e-01
7.459000000000000000e+03 4.491709999999999869e-01
7.459500000000000000e+03 4.497380000000000266e-01
7.460000000000000000e+03 4.503050000000000108e-01
7.460500000000000000e+03 4.491789999999999949e-01
7.461000000000000000e+03 4.480540000000000078e-01
7.461500000000000000e+03 4.469279999999999919e-01
7.462000000000000000e+03 4.458030000000000048e-01
7.462500000000000000e+03 4.446789999999999909e-01
7.463000000000000000e+03 4.435540000000000038e-01
7.463500000000000000e+03 4.424299999999999899e-01
7.464000000000000000e+03 4.413059999999999761e-01
7.464500000000000000e+03 4.401820000000000177e-01
7.465000000000000000e+03 4.390569999999999751e-01
7.465500000000000000e+03 4.379339999999999899e-01
7.466000000000000000e+03 4.368119999999999781e-01
7.466500000000000000e+03 4.356880000000000197e-01
7.467000000000000000e+03 4.345649999999999791e-01
7.467500000000000000e+03 4.334430000000000227e-01
7.468000000000000000e+03 4.323210000000000108e-01
7.468500000000000000e+03 4.311980000000000257e-01
7.469000000000000000e+03 4.300760000000000138e-01
7.469500000000000000e+03 4.289549999999999752e-01
7.470000000000000000e+03 4.278339999999999921e-01
7.470500000000000000e+03 4.280149999999999788e-01
7.471000000000000000e+03 4.281949999999999923e-01
7.471500000000000000e+03 4.283759999999999790e-01
7.472000000000000000e+03 4.285559999999999925e-01
7.472500000000000000e+03 4.287369999999999792e-01
7.473000000000000000e+03 4.289169999999999927e-01
7.473500000000000000e+03 4.290970000000000062e-01
7.474000000000000000e+03 4.292770000000000197e-01
7.474500000000000000e+03 4.294580000000000064e-01
7.475000000000000000e+03 4.296380000000000199e-01
7.475500000000000000e+03 4.298179999999999779e-01
7.476000000000000000e+03 4.299979999999999913e-01
7.476500000000000000e+03 4.301789999999999781e-01
7.477000000000000000e+03 4.303589999999999915e-01
7.477500000000000000e+03 4.305379999999999763e-01
7.478000000000000000e+03 4.307179999999999898e-01
7.478500000000000000e+03 4.308980000000000032e-01
7.479000000000000000e+03 4.310789999999999900e-01
7.479500000000000000e+03 4.312579999999999747e-01
7.480000000000000000e+03 4.314379999999999882e-01
7.480500000000000000e+03 4.320620000000000016e-01
7.481000000000000000e+03 4.326849999999999863e-01
7.481500000000000000e+03 4.333099999999999730e-01
7.482000000000000000e+03 4.339339999999999864e-01
7.482500000000000000e+03 4.345579999999999998e-01
7.483000000000000000e+03 4.351809999999999845e-01
7.483500000000000000e+03 4.358040000000000247e-01
7.484000000000000000e+03 4.364279999999999826e-01
7.484500000000000000e+03 4.370510000000000228e-01
7.485000000000000000e+03 4.376749999999999807e-01
7.485500000000000000e+03 4.382980000000000209e-01
7.486000000000000000e+03 4.389210000000000056e-01
7.486500000000000000e+03 4.395430000000000170e-01
7.487000000000000000e+03 4.401660000000000017e-01
7.487500000000000000e+03 4.407880000000000131e-01
7.488000000000000000e+03 4.414109999999999978e-01
7.488500000000000000e+03 4.420330000000000092e-01
7.489000000000000000e+03 4.426550000000000207e-01
7.489500000000000000e+03 4.432769999999999766e-01
7.490000000000000000e+03 4.439000000000000168e-01
7.490500000000000000e+03 4.433670000000000111e-01
7.491000000000000000e+03 4.428349999999999786e-01
7.491500000000000000e+03 4.423039999999999750e-01
7.492000000000000000e+03 4.417719999999999980e-01
7.492500000000000000e+03 4.412409999999999943e-01
7.493000000000000000e+03 4.407090000000000174e-01
7.493500000000000000e+03 4.401780000000000137e-01
7.494000000000000000e+03 4.396479999999999833e-01
7.494500000000000000e+03 4.391160000000000063e-01
7.495000000000000000e+03 4.385850000000000026e-01
7.495500000000000000e+03 4.380550000000000277e-01
7.496000000000000000e+03 4.375240000000000240e-01
7.496500000000000000e+03 4.369930000000000203e-01
7.497000000000000000e+03 4.364629999999999899e-01
7.497500000000000000e+03 4.359330000000000149e-01
7.498000000000000000e+03 4.354029999999999845e-01
7.498500000000000000e+03 4.348730000000000095e-01
7.499000000000000000e+03 4.343429999999999791e-01
7.499500000000000000e+03 4.338139999999999774e-01
7.500000000000000000e+03 4.332840000000000025e-01
7.500500000000000000e+03 4.327210000000000223e-01
7.501000000000000000e+03 4.321570000000000134e-01
7.501500000000000000e+03 4.315930000000000044e-01
7.502000000000000000e+03 4.310300000000000242e-01
7.502500000000000000e+03 4.304669999999999885e-01
7.503000000000000000e+03 4.299049999999999816e-01
7.503500000000000000e+03 4.293409999999999727e-01
7.504000000000000000e+03 4.287790000000000212e-01
7.504500000000000000e+03 4.282159999999999855e-01
7.505000000000000000e+03 4.276530000000000054e-01
7.505500000000000000e+03 4.270909999999999984e-01
7.506000000000000000e+03 4.265300000000000202e-01
7.506500000000000000e+03 4.259669999999999845e-01
7.507000000000000000e+03 4.254040000000000044e-01
7.507500000000000000e+03 4.248419999999999974e-01
7.508000000000000000e+03 4.242810000000000192e-01
7.508500000000000000e+03 4.237179999999999835e-01
7.509000000000000000e+03 4.231559999999999766e-01
7.509500000000000000e+03 4.225940000000000252e-01
7.510000000000000000e+03 4.220340000000000202e-01
7.510500000000000000e+03 4.226539999999999742e-01
7.511000000000000000e+03 4.232759999999999856e-01
7.511500000000000000e+03 4.238979999999999970e-01
7.512000000000000000e+03 4.245189999999999797e-01
7.512500000000000000e+03 4.251409999999999911e-01
7.513000000000000000e+03 4.257619999999999738e-01
7.513500000000000000e+03 4.263819999999999832e-01
7.514000000000000000e+03 4.270030000000000214e-01
7.514500000000000000e+03 4.276229999999999754e-01
7.515000000000000000e+03 4.282429999999999848e-01
7.515500000000000000e+03 4.288629999999999942e-01
7.516000000000000000e+03 4.294830000000000036e-01
7.516500000000000000e+03 4.301030000000000131e-01
7.517000000000000000e+03 4.307219999999999938e-01
7.517500000000000000e+03 4.313420000000000032e-01
7.518000000000000000e+03 4.319600000000000106e-01
7.518500000000000000e+03 4.325800000000000201e-01
7.519000000000000000e+03 4.331980000000000275e-01
7.519500000000000000e+03 4.338170000000000082e-01
7.520000000000000000e+03 4.344339999999999868e-01
7.520500000000000000e+03 4.339480000000000004e-01
7.521000000000000000e+03 4.334620000000000140e-01
7.521500000000000000e+03 4.329760000000000275e-01
7.522000000000000000e+03 4.324899999999999856e-01
7.522500000000000000e+03 4.320030000000000259e-01
7.523000000000000000e+03 4.315160000000000107e-01
7.523500000000000000e+03 4.310289999999999955e-01
7.524000000000000000e+03 4.305439999999999823e-01
7.524500000000000000e+03 4.300579999999999958e-01
7.525000000000000000e+03 4.295720000000000094e-01
7.525500000000000000e+03 4.290860000000000229e-01
7.526000000000000000e+03 4.285999999999999810e-01
7.526500000000000000e+03 4.281130000000000213e-01
7.527000000000000000e+03 4.276260000000000061e-01
7.527500000000000000e+03 4.271400000000000197e-01
7.528000000000000000e+03 4.266539999999999777e-01
7.528500000000000000e+03 4.261679999999999913e-01
7.529000000000000000e+03 4.256820000000000048e-01
7.529500000000000000e+03 4.251960000000000184e-01
7.530000000000000000e+03 4.247099999999999764e-01
7.530500000000000000e+03 4.245459999999999789e-01
7.531000000000000000e+03 4.243830000000000102e-01
7.531500000000000000e+03 4.242199999999999860e-01
7.532000000000000000e+03 4.240570000000000173e-01
7.532500000000000000e+03 4.238950000000000218e-01
7.533000000000000000e+03 4.237310000000000243e-01
7.533500000000000000e+03 4.235689999999999733e-01
7.534000000000000000e+03 4.234060000000000046e-01
7.534500000000000000e+03 4.232429999999999803e-01
7.535000000000000000e+03 4.230800000000000116e-01
7.535500000000000000e+03 4.229180000000000161e-01
7.536000000000000000e+03 4.227560000000000207e-01
7.536500000000000000e+03 4.225929999999999964e-01
7.537000000000000000e+03 4.224289999999999989e-01
7.537500000000000000e+03 4.222670000000000035e-01
7.538000000000000000e+03 4.221050000000000080e-01
7.538500000000000000e+03 4.219430000000000125e-01
7.539000000000000000e+03 4.217810000000000170e-01
7.539500000000000000e+03 4.216190000000000215e-01
7.540000000000000000e+03 4.214559999999999973e-01
7.540500000000000000e+03 4.213500000000000023e-01
7.541000000000000000e+03 4.212429999999999786e-01
7.541500000000000000e+03 4.211369999999999836e-01
7.542000000000000000e+03 4.210300000000000153e-01
7.542500000000000000e+03 4.209240000000000204e-01
7.543000000000000000e+03 4.208180000000000254e-01
7.543500000000000000e+03 4.207119999999999749e-01
7.544000000000000000e+03 4.206050000000000066e-01
7.544500000000000000e+03 4.204979999999999829e-01
7.545000000000000000e+03 4.203910000000000147e-01
7.545500000000000000e+03 4.202859999999999929e-01
7.546000000000000000e+03 4.201799999999999979e-01
7.546500000000000000e+03 4.200729999999999742e-01
7.547000000000000000e+03 4.199660000000000060e-01
7.547500000000000000e+03 4.198600000000000110e-01
7.548000000000000000e+03 4.197540000000000160e-01
7.548500000000000000e+03 4.196480000000000210e-01
7.549000000000000000e+03 4.195420000000000260e-01
7.549500000000000000e+03 4.194350000000000023e-01
7.550000000000000000e+03 4.193279999999999785e-01
7.550500000000000000e+03 4.188129999999999908e-01
7.551000000000000000e+03 4.182980000000000032e-01
7.551500000000000000e+03 4.177830000000000155e-01
7.552000000000000000e+03 4.172679999999999723e-01
7.552500000000000000e+03 4.167529999999999846e-01
7.553000000000000000e+03 4.162390000000000256e-01
7.553500000000000000e+03 4.157230000000000092e-01
7.554000000000000000e+03 4.152089999999999947e-01
7.554500000000000000e+03 4.146940000000000071e-01
7.555000000000000000e+03 4.141799999999999926e-01
7.555500000000000000e+03 4.136659999999999782e-01
7.556000000000000000e+03 4.131520000000000192e-01
7.556500000000000000e+03 4.126380000000000048e-01
7.557000000000000000e+03 4.121230000000000171e-01
7.557500000000000000e+03 4.116099999999999759e-01
7.558000000000000000e+03 4.110960000000000170e-01
7.558500000000000000e+03 4.105820000000000025e-01
7.559000000000000000e+03 4.100690000000000168e-01
7.559500000000000000e+03 4.095550000000000024e-01
7.560000000000000000e+03 4.090409999999999879e-01
7.560500000000000000e+03 4.092299999999999827e-01
7.561000000000000000e+03 4.094189999999999774e-01
7.561500000000000000e+03 4.096090000000000009e-01
7.562000000000000000e+03 4.097979999999999956e-01
7.562500000000000000e+03 4.099869999999999903e-01
7.563000000000000000e+03 4.101759999999999851e-01
7.563500000000000000e+03 4.103649999999999798e-01
7.564000000000000000e+03 4.105539999999999745e-01
7.564500000000000000e+03 4.107430000000000248e-01
7.565000000000000000e+03 4.109320000000000195e-01
7.565500000000000000e+03 4.111210000000000142e-01
7.566000000000000000e+03 4.113089999999999802e-01
7.566500000000000000e+03 4.114979999999999749e-01
7.567000000000000000e+03 4.116850000000000231e-01
7.567500000000000000e+03 4.118740000000000179e-01
7.568000000000000000e+03 4.120619999999999838e-01
7.568500000000000000e+03 4.122509999999999786e-01
7.569000000000000000e+03 4.124390000000000001e-01
7.569500000000000000e+03 4.126270000000000215e-01
7.570000000000000000e+03 4.128149999999999875e-01
7.570500000000000000e+03 4.131830000000000225e-01
7.571000000000000000e+03 4.135499999999999732e-01
7.571500000000000000e+03 4.139180000000000081e-01
7.572000000000000000e+03 4.142859999999999876e-01
7.572500000000000000e+03 4.146529999999999938e-01
7.573000000000000000e+03 4.150200000000000000e-01
7.573500000000000000e+03 4.153870000000000062e-01
7.574000000000000000e+03 4.157540000000000124e-01
7.574500000000000000e+03 4.161219999999999919e-01
7.575000000000000000e+03 4.164889999999999981e-01
7.575500000000000000e+03 4.168549999999999756e-01
7.576000000000000000e+03 4.172210000000000085e-01
7.576500000000000000e+03 4.175869999999999860e-01
7.577000000000000000e+03 4.179539999999999922e-01
7.577500000000000000e+03 4.183200000000000252e-01
7.578000000000000000e+03 4.186869999999999759e-01
7.578500000000000000e+03 4.190519999999999801e-01
7.579000000000000000e+03 4.194180000000000130e-01
7.579500000000000000e+03 4.197830000000000172e-01
7.580000000000000000e+03 4.201480000000000214e-01
7.580500000000000000e+03 4.197949999999999737e-01
7.581000000000000000e+03 4.194410000000000083e-01
7.581500000000000000e+03 4.190869999999999873e-01
7.582000000000000000e+03 4.187330000000000219e-01
7.582500000000000000e+03 4.183780000000000276e-01
7.583000000000000000e+03 4.180240000000000067e-01
7.583500000000000000e+03 4.176699999999999857e-01
7.584000000000000000e+03 4.173160000000000203e-01
7.584500000000000000e+03 4.169629999999999725e-01
7.585000000000000000e+03 4.166090000000000071e-01
7.585500000000000000e+03 4.162549999999999861e-01
7.586000000000000000e+03 4.159010000000000207e-01
7.586500000000000000e+03 4.155479999999999730e-01
7.587000000000000000e+03 4.151949999999999807e-01
7.587500000000000000e+03 4.148410000000000153e-01
7.588000000000000000e+03 4.144869999999999943e-01
7.588500000000000000e+03 4.141340000000000021e-01
7.589000000000000000e+03 4.137799999999999812e-01
7.589500000000000000e+03 4.134269999999999889e-01
7.590000000000000000e+03 4.130750000000000255e-01
7.590500000000000000e+03 4.127730000000000010e-01
7.591000000000000000e+03 4.124700000000000033e-01
7.591500000000000000e+03 4.121690000000000076e-01
7.592000000000000000e+03 4.118669999999999831e-01
7.592500000000000000e+03 4.115650000000000142e-01
7.593000000000000000e+03 4.112629999999999897e-01
7.593500000000000000e+03 4.109610000000000207e-01
7.594000000000000000e+03 4.106589999999999963e-01
7.594500000000000000e+03 4.103589999999999738e-01
7.595000000000000000e+03 4.100579999999999781e-01
7.595500000000000000e+03 4.097560000000000091e-01
7.596000000000000000e+03 4.094539999999999846e-01
7.596500000000000000e+03 4.091520000000000157e-01
7.597000000000000000e+03 4.088510000000000200e-01
7.597500000000000000e+03 4.085500000000000242e-01
7.598000000000000000e+03 4.082489999999999730e-01
7.598500000000000000e+03 4.079479999999999773e-01
7.599000000000000000e+03 4.076469999999999816e-01
7.599500000000000000e+03 4.073459999999999859e-01
7.600000000000000000e+03 4.070449999999999902e-01
7.600500000000000000e+03 4.077279999999999793e-01
7.601000000000000000e+03 4.084099999999999953e-01
7.601500000000000000e+03 4.090929999999999844e-01
7.602000000000000000e+03 4.097750000000000004e-01
7.602500000000000000e+03 4.104559999999999875e-01
7.603000000000000000e+03 4.111389999999999767e-01
7.603500000000000000e+03 4.118209999999999926e-01
7.604000000000000000e+03 4.125019999999999798e-01
7.604500000000000000e+03 4.131839999999999957e-01
7.605000000000000000e+03 4.138649999999999829e-01
7.605500000000000000e+03 4.145469999999999988e-01
7.606000000000000000e+03 4.152279999999999860e-01
7.606500000000000000e+03 4.159089999999999732e-01
7.607000000000000000e+03 4.165900000000000158e-01
7.607500000000000000e+03 4.172710000000000030e-01
7.608000000000000000e+03 4.179519999999999902e-01
7.608500000000000000e+03 4.186329999999999774e-01
7.609000000000000000e+03 4.193140000000000200e-01
7.609500000000000000e+03 4.199950000000000072e-01
7.610000000000000000e+03 4.206739999999999924e-01
7.610500000000000000e+03 4.196309999999999762e-01
7.611000000000000000e+03 4.185880000000000156e-01
7.611500000000000000e+03 4.175449999999999995e-01
7.612000000000000000e+03 4.165030000000000121e-01
7.612500000000000000e+03 4.154610000000000247e-01
7.613000000000000000e+03 4.144200000000000106e-01
7.613500000000000000e+03 4.133780000000000232e-01
7.614000000000000000e+03 4.123379999999999823e-01
7.614500000000000000e+03 4.112970000000000237e-01
7.615000000000000000e+03 4.102569999999999828e-01
7.615500000000000000e+03 4.092169999999999974e-01
7.616000000000000000e+03 4.081779999999999853e-01
7.616500000000000000e+03 4.071370000000000267e-01
7.617000000000000000e+03 4.060980000000000145e-01
7.617500000000000000e+03 4.050579999999999736e-01
7.618000000000000000e+03 4.040210000000000190e-01
7.618500000000000000e+03 4.029829999999999801e-01
7.619000000000000000e+03 4.019460000000000255e-01
7.619500000000000000e+03 4.009070000000000134e-01
7.620000000000000000e+03 3.998709999999999765e-01
7.620500000000000000e+03 4.009079999999999866e-01
7.621000000000000000e+03 4.019460000000000255e-01
7.621500000000000000e+03 4.029840000000000089e-01
7.622000000000000000e+03 4.040199999999999902e-01
7.622500000000000000e+03 4.050570000000000004e-01
7.623000000000000000e+03 4.060929999999999818e-01
7.623500000000000000e+03 4.071299999999999919e-01
7.624000000000000000e+03 4.081659999999999733e-01
7.624500000000000000e+03 4.092020000000000102e-01
7.625000000000000000e+03 4.102370000000000183e-01
7.625500000000000000e+03 4.112739999999999729e-01
7.626000000000000000e+03 4.123080000000000078e-01
7.626500000000000000e+03 4.133430000000000160e-01
7.627000000000000000e+03 4.143769999999999953e-01
7.627500000000000000e+03 4.154109999999999747e-01
7.628000000000000000e+03 4.164439999999999809e-01
7.628500000000000000e+03 4.174789999999999890e-01
7.629000000000000000e+03 4.185130000000000239e-01
7.629500000000000000e+03 4.195450000000000013e-01
7.630000000000000000e+03 4.205780000000000074e-01
7.630500000000000000e+03 4.206679999999999864e-01
7.631000000000000000e+03 4.207569999999999921e-01
7.631500000000000000e+03 4.208459999999999979e-01
7.632000000000000000e+03 4.209350000000000036e-01
7.632500000000000000e+03 4.210249999999999826e-01
7.633000000000000000e+03 4.211130000000000151e-01
7.633500000000000000e+03 4.212029999999999941e-01
7.634000000000000000e+03 4.212919999999999998e-01
7.634500000000000000e+03 4.213799999999999768e-01
7.635000000000000000e+03 4.214689999999999825e-01
7.635500000000000000e+03 4.215579999999999883e-01
7.636000000000000000e+03 4.216469999999999940e-01
7.636500000000000000e+03 4.217359999999999998e-01
7.637000000000000000e+03 4.218250000000000055e-01
7.637500000000000000e+03 4.219129999999999825e-01
7.638000000000000000e+03 4.220019999999999882e-01
7.638500000000000000e+03 4.220900000000000207e-01
7.639000000000000000e+03 4.221790000000000265e-01
7.639500000000000000e+03 4.222679999999999767e-01
7.640000000000000000e+03 4.223569999999999824e-01
7.640500000000000000e+03 4.224339999999999762e-01
7.641000000000000000e+03 4.225119999999999987e-01
7.641500000000000000e+03 4.225889999999999924e-01
7.642000000000000000e+03 4.226670000000000149e-01
7.642500000000000000e+03 4.227440000000000087e-01
7.643000000000000000e+03 4.228219999999999756e-01
7.643500000000000000e+03 4.228979999999999961e-01
7.644000000000000000e+03 4.229749999999999899e-01
7.644500000000000000e+03 4.230519999999999836e-01
7.645000000000000000e+03 4.231289999999999774e-01
7.645500000000000000e+03 4.232060000000000266e-01
7.646000000000000000e+03 4.232830000000000203e-01
7.646500000000000000e+03 4.233600000000000141e-01
7.647000000000000000e+03 4.234370000000000078e-01
7.647500000000000000e+03 4.235140000000000016e-01
7.648000000000000000e+03 4.235900000000000221e-01
7.648500000000000000e+03 4.236670000000000158e-01
7.649000000000000000e+03 4.237429999999999808e-01
7.649500000000000000e+03 4.238199999999999745e-01
7.650000000000000000e+03 4.238970000000000238e-01
7.650500000000000000e+03 4.242589999999999972e-01
7.651000000000000000e+03 4.246210000000000262e-01
7.651500000000000000e+03 4.249839999999999729e-01
7.652000000000000000e+03 4.253469999999999751e-01
7.652500000000000000e+03 4.257090000000000041e-01
7.653000000000000000e+03 4.260709999999999775e-01
7.653500000000000000e+03 4.264319999999999777e-01
7.654000000000000000e+03 4.267940000000000067e-01
7.654500000000000000e+03 4.271559999999999802e-01
7.655000000000000000e+03 4.275180000000000091e-01
7.655500000000000000e+03 4.278790000000000093e-01
7.656000000000000000e+03 4.282400000000000095e-01
7.656500000000000000e+03 4.286019999999999830e-01
7.657000000000000000e+03 4.289629999999999832e-01
7.657500000000000000e+03 4.293239999999999834e-01
7.658000000000000000e+03 4.296849999999999836e-01
7.658500000000000000e+03 4.300459999999999838e-01
7.659000000000000000e+03 4.304060000000000108e-01
7.659500000000000000e+03 4.307670000000000110e-01
7.660000000000000000e+03 4.311280000000000112e-01
7.660500000000000000e+03 4.308690000000000020e-01
7.661000000000000000e+03 4.306099999999999928e-01
7.661500000000000000e+03 4.303500000000000103e-01
7.662000000000000000e+03 4.300910000000000011e-01
7.662500000000000000e+03 4.298319999999999919e-01
7.663000000000000000e+03 4.295729999999999826e-01
7.663500000000000000e+03 4.293130000000000002e-01
7.664000000000000000e+03 4.290539999999999909e-01
7.664500000000000000e+03 4.287949999999999817e-01
7.665000000000000000e+03 4.285370000000000013e-01
7.665500000000000000e+03 4.282779999999999920e-01
7.666000000000000000e+03 4.280200000000000116e-01
7.666500000000000000e+03 4.277610000000000023e-01
7.667000000000000000e+03 4.275019999999999931e-01
7.667500000000000000e+03 4.272440000000000127e-01
7.668000000000000000e+03 4.269850000000000034e-01
7.668500000000000000e+03 4.267259999999999942e-01
7.669000000000000000e+03 4.264680000000000137e-01
7.669500000000000000e+03 4.262099999999999778e-01
7.670000000000000000e+03 4.259519999999999973e-01
7.670500000000000000e+03 4.258170000000000011e-01
7.671000000000000000e+03 4.256820000000000048e-01
7.671500000000000000e+03 4.255459999999999798e-01
7.672000000000000000e+03 4.254109999999999836e-01
7.672500000000000000e+03 4.252750000000000141e-01
7.673000000000000000e+03 4.251400000000000179e-01
7.673500000000000000e+03 4.250039999999999929e-01
7.674000000000000000e+03 4.248689999999999967e-01
7.674500000000000000e+03 4.247340000000000004e-01
7.675000000000000000e+03 4.245990000000000042e-01
7.675500000000000000e+03 4.244629999999999792e-01
7.676000000000000000e+03 4.243270000000000097e-01
7.676500000000000000e+03 4.241920000000000135e-01
7.677000000000000000e+03 4.240570000000000173e-01
7.677500000000000000e+03 4.239220000000000210e-01
7.678000000000000000e+03 4.237870000000000248e-01
7.678500000000000000e+03 4.236519999999999730e-01
7.679000000000000000e+03 4.235169999999999768e-01
7.679500000000000000e+03 4.233819999999999806e-01
7.680000000000000000e+03 4.232469999999999843e-01
7.680500000000000000e+03 4.232210000000000139e-01
7.681000000000000000e+03 4.231940000000000146e-01
7.681500000000000000e+03 4.231690000000000174e-01
7.682000000000000000e+03 4.231440000000000201e-01
7.682500000000000000e+03 4.231179999999999941e-01
7.683000000000000000e+03 4.230920000000000236e-01
7.683500000000000000e+03 4.230659999999999976e-01
7.684000000000000000e+03 4.230410000000000004e-01
7.684500000000000000e+03 4.230140000000000011e-01
7.685000000000000000e+03 4.229879999999999751e-01
7.685500000000000000e+03 4.229620000000000046e-01
7.686000000000000000e+03 4.229370000000000074e-01
7.686500000000000000e+03 4.229109999999999814e-01
7.687000000000000000e+03 4.228850000000000109e-01
7.687500000000000000e+03 4.228589999999999849e-01
7.688000000000000000e+03 4.228330000000000144e-01
7.688500000000000000e+03 4.228069999999999884e-01
7.689000000000000000e+03 4.227810000000000179e-01
7.689500000000000000e+03 4.227549999999999919e-01
7.690000000000000000e+03 4.227279999999999927e-01
7.690500000000000000e+03 4.221480000000000232e-01
7.691000000000000000e+03 4.215659999999999963e-01
7.691500000000000000e+03 4.209849999999999981e-01
7.692000000000000000e+03 4.204030000000000267e-01
7.692500000000000000e+03 4.198230000000000017e-01
7.693000000000000000e+03 4.192420000000000035e-01
7.693500000000000000e+03 4.186610000000000054e-01
7.694000000000000000e+03 4.180800000000000072e-01
7.694500000000000000e+03 4.174999999999999822e-01
7.695000000000000000e+03 4.169200000000000128e-01
7.695500000000000000e+03 4.163390000000000146e-01
7.696000000000000000e+03 4.157589999999999897e-01
7.696500000000000000e+03 4.151790000000000203e-01
7.697000000000000000e+03 4.145989999999999953e-01
7.697500000000000000e+03 4.140199999999999991e-01
7.698000000000000000e+03 4.134399999999999742e-01
7.698500000000000000e+03 4.128609999999999780e-01
7.699000000000000000e+03 4.122819999999999818e-01
7.699500000000000000e+03 4.117029999999999856e-01
7.700000000000000000e+03 4.111250000000000182e-01
7.700500000000000000e+03 4.113280000000000269e-01
7.701000000000000000e+03 4.115309999999999802e-01
7.701500000000000000e+03 4.117339999999999889e-01
7.702000000000000000e+03 4.119369999999999976e-01
7.702500000000000000e+03 4.121389999999999776e-01
7.703000000000000000e+03 4.123410000000000131e-01
7.703500000000000000e+03 4.125440000000000218e-01
7.704000000000000000e+03 4.127469999999999750e-01
7.704500000000000000e+03 4.129499999999999837e-01
7.705000000000000000e+03 4.131520000000000192e-01
7.705500000000000000e+03 4.133539999999999992e-01
7.706000000000000000e+03 4.135559999999999792e-01
7.706500000000000000e+03 4.137580000000000147e-01
7.707000000000000000e+03 4.139599999999999946e-01
7.707500000000000000e+03 4.141619999999999746e-01
7.708000000000000000e+03 4.143640000000000101e-01
7.708500000000000000e+03 4.145659999999999901e-01
7.709000000000000000e+03 4.147680000000000256e-01
7.709500000000000000e+03 4.149700000000000055e-01
7.710000000000000000e+03 4.151699999999999835e-01
7.710500000000000000e+03 4.146889999999999743e-01
7.711000000000000000e+03 4.142060000000000186e-01
7.711500000000000000e+03 4.137230000000000074e-01
7.712000000000000000e+03 4.132410000000000250e-01
7.712500000000000000e+03 4.127589999999999870e-01
7.713000000000000000e+03 4.122770000000000046e-01
7.713500000000000000e+03 4.117950000000000221e-01
7.714000000000000000e+03 4.113120000000000109e-01
7.714500000000000000e+03 4.108310000000000017e-01
7.715000000000000000e+03 4.103499999999999925e-01
7.715500000000000000e+03 4.098680000000000101e-01
7.716000000000000000e+03 4.093879999999999741e-01
7.716500000000000000e+03 4.089070000000000205e-01
7.717000000000000000e+03 4.084260000000000113e-01
7.717500000000000000e+03 4.079450000000000021e-01
7.718000000000000000e+03 4.074639999999999929e-01
7.718500000000000000e+03 4.069840000000000124e-01
7.719000000000000000e+03 4.065039999999999765e-01
7.719500000000000000e+03 4.060230000000000228e-01
7.720000000000000000e+03 4.055440000000000156e-01
7.720500000000000000e+03 4.057549999999999768e-01
7.721000000000000000e+03 4.059670000000000223e-01
7.721500000000000000e+03 4.061790000000000123e-01
7.722000000000000000e+03 4.063899999999999735e-01
7.722500000000000000e+03 4.066009999999999902e-01
7.723000000000000000e+03 4.068120000000000069e-01
7.723500000000000000e+03 4.070239999999999969e-01
7.724000000000000000e+03 4.072350000000000136e-01
7.724500000000000000e+03 4.074450000000000016e-01
7.725000000000000000e+03 4.076549999999999896e-01
7.725500000000000000e+03 4.078660000000000063e-01
7.726000000000000000e+03 4.080770000000000231e-01
7.726500000000000000e+03 4.082879999999999843e-01
7.727000000000000000e+03 4.084980000000000278e-01
7.727500000000000000e+03 4.087089999999999890e-01
7.728000000000000000e+03 4.089189999999999769e-01
7.728500000000000000e+03 4.091290000000000204e-01
7.729000000000000000e+03 4.093390000000000084e-01
7.729500000000000000e+03 4.095489999999999964e-01
7.730000000000000000e+03 4.097580000000000111e-01
7.730500000000000000e+03 4.091359999999999997e-01
7.731000000000000000e+03 4.085130000000000150e-01
7.731500000000000000e+03 4.078899999999999748e-01
7.732000000000000000e+03 4.072680000000000189e-01
7.732500000000000000e+03 4.066449999999999787e-01
7.733000000000000000e+03 4.060219999999999940e-01
7.733500000000000000e+03 4.054010000000000113e-01
7.734000000000000000e+03 4.047789999999999999e-01
7.734500000000000000e+03 4.041580000000000172e-01
7.735000000000000000e+03 4.035369999999999790e-01
7.735500000000000000e+03 4.029159999999999964e-01
7.736000000000000000e+03 4.022939999999999849e-01
7.736500000000000000e+03 4.016730000000000023e-01
7.737000000000000000e+03 4.010520000000000196e-01
7.737500000000000000e+03 4.004320000000000102e-01
7.738000000000000000e+03 3.998110000000000275e-01
7.738500000000000000e+03 3.991910000000000180e-01
7.739000000000000000e+03 3.985710000000000086e-01
7.739500000000000000e+03 3.979519999999999724e-01
7.740000000000000000e+03 3.973320000000000185e-01
7.740500000000000000e+03 3.974260000000000015e-01
7.741000000000000000e+03 3.975199999999999845e-01
7.741500000000000000e+03 3.976129999999999942e-01
7.742000000000000000e+03 3.977069999999999772e-01
7.742500000000000000e+03 3.978010000000000157e-01
7.743000000000000000e+03 3.978949999999999987e-01
7.743500000000000000e+03 3.979880000000000084e-01
7.744000000000000000e+03 3.980819999999999914e-01
7.744500000000000000e+03 3.981759999999999744e-01
7.745000000000000000e+03 3.982689999999999841e-01
7.745500000000000000e+03 3.983630000000000226e-01
7.746000000000000000e+03 3.984559999999999769e-01
7.746500000000000000e+03 3.985500000000000154e-01
7.747000000000000000e+03 3.986430000000000251e-01
7.747500000000000000e+03 3.987359999999999793e-01
7.748000000000000000e+03 3.988300000000000178e-01
7.748500000000000000e+03 3.989240000000000008e-01
7.749000000000000000e+03 3.990170000000000106e-01
7.749500000000000000e+03 3.991100000000000203e-01
7.750000000000000000e+03 3.992029999999999745e-01
7.750500000000000000e+03 3.993160000000000043e-01
7.751000000000000000e+03 3.994280000000000053e-01
7.751500000000000000e+03 3.995409999999999795e-01
7.752000000000000000e+03 3.996549999999999825e-01
7.752500000000000000e+03 3.997669999999999835e-01
7.753000000000000000e+03 3.998789999999999845e-01
7.753500000000000000e+03 3.999920000000000142e-01
7.754000000000000000e+03 4.001040000000000152e-01
7.754500000000000000e+03 4.002160000000000162e-01
7.755000000000000000e+03 4.003280000000000172e-01
7.755500000000000000e+03 4.004409999999999914e-01
7.756000000000000000e+03 4.005540000000000211e-01
7.756500000000000000e+03 4.006660000000000221e-01
7.757000000000000000e+03 4.007780000000000231e-01
7.757500000000000000e+03 4.008900000000000241e-01
7.758000000000000000e+03 4.010009999999999963e-01
7.758500000000000000e+03 4.011140000000000261e-01
7.759000000000000000e+03 4.012260000000000271e-01
7.759500000000000000e+03 4.013369999999999993e-01
7.760000000000000000e+03 4.014490000000000003e-01
7.760500000000000000e+03 4.009449999999999958e-01
7.761000000000000000e+03 4.004420000000000202e-01
7.761500000000000000e+03 3.999389999999999890e-01
7.762000000000000000e+03 3.994360000000000133e-01
7.762500000000000000e+03 3.989320000000000088e-01
7.763000000000000000e+03 3.984300000000000064e-01
7.763500000000000000e+03 3.979280000000000039e-01
7.764000000000000000e+03 3.974260000000000015e-01
7.764500000000000000e+03 3.969239999999999990e-01
7.765000000000000000e+03 3.964219999999999966e-01
7.765500000000000000e+03 3.959210000000000229e-01
7.766000000000000000e+03 3.954210000000000225e-01
7.766500000000000000e+03 3.949190000000000200e-01
7.767000000000000000e+03 3.944190000000000196e-01
7.767500000000000000e+03 3.939190000000000191e-01
7.768000000000000000e+03 3.934190000000000187e-01
7.768500000000000000e+03 3.929190000000000182e-01
7.769000000000000000e+03 3.924199999999999910e-01
7.769500000000000000e+03 3.919210000000000194e-01
7.770000000000000000e+03 3.914219999999999922e-01
7.770500000000000000e+03 3.912390000000000034e-01
7.771000000000000000e+03 3.910569999999999879e-01
7.771500000000000000e+03 3.908739999999999992e-01
7.772000000000000000e+03 3.906919999999999837e-01
7.772500000000000000e+03 3.905089999999999950e-01
7.773000000000000000e+03 3.903260000000000063e-01
7.773500000000000000e+03 3.901439999999999908e-01
7.774000000000000000e+03 3.899610000000000021e-01
7.774500000000000000e+03 3.897780000000000133e-01
7.775000000000000000e+03 3.895959999999999979e-01
7.775500000000000000e+03 3.894139999999999824e-01
7.776000000000000000e+03 3.892309999999999937e-01
7.776500000000000000e+03 3.890489999999999782e-01
7.777000000000000000e+03 3.888659999999999894e-01
7.777500000000000000e+03 3.886839999999999740e-01
7.778000000000000000e+03 3.885020000000000140e-01
7.778500000000000000e+03 3.883190000000000253e-01
7.779000000000000000e+03 3.881370000000000098e-01
7.779500000000000000e+03 3.879549999999999943e-01
7.780000000000000000e+03 3.877720000000000056e-01
7.780500000000000000e+03 3.874790000000000179e-01
7.781000000000000000e+03 3.871859999999999746e-01
7.781500000000000000e+03 3.868929999999999869e-01
7.782000000000000000e+03 3.866009999999999724e-01
7.782500000000000000e+03 3.863079999999999847e-01
7.783000000000000000e+03 3.860149999999999970e-01
7.783500000000000000e+03 3.857220000000000093e-01
7.784000000000000000e+03 3.854279999999999928e-01
7.784500000000000000e+03 3.851359999999999784e-01
7.785000000000000000e+03 3.848429999999999906e-01
7.785500000000000000e+03 3.845500000000000029e-01
7.786000000000000000e+03 3.842570000000000152e-01
7.786500000000000000e+03 3.839650000000000007e-01
7.787000000000000000e+03 3.836729999999999863e-01
7.787500000000000000e+03 3.833799999999999986e-01
7.788000000000000000e+03 3.830870000000000108e-01
7.788500000000000000e+03 3.827949999999999964e-01
7.789000000000000000e+03 3.825029999999999819e-01
7.789500000000000000e+03 3.822110000000000229e-01
7.790000000000000000e+03 3.819179999999999797e-01
7.790500000000000000e+03 3.822019999999999862e-01
7.791000000000000000e+03 3.824870000000000214e-01
7.791500000000000000e+03 3.827699999999999991e-01
7.792000000000000000e+03 3.830540000000000056e-01
7.792500000000000000e+03 3.833380000000000121e-01
7.793000000000000000e+03 3.836209999999999898e-01
7.793500000000000000e+03 3.839049999999999963e-01
7.794000000000000000e+03 3.841879999999999740e-01
7.794500000000000000e+03 3.844710000000000072e-01
7.795000000000000000e+03 3.847539999999999849e-01
7.795500000000000000e+03 3.850379999999999914e-01
7.796000000000000000e+03 3.853210000000000246e-01
7.796500000000000000e+03 3.856040000000000023e-01
7.797000000000000000e+03 3.858869999999999800e-01
7.797500000000000000e+03 3.861689999999999845e-01
7.798000000000000000e+03 3.864520000000000177e-01
7.798500000000000000e+03 3.867340000000000222e-01
7.799000000000000000e+03 3.870169999999999999e-01
7.799500000000000000e+03 3.872990000000000044e-01
7.800000000000000000e+03 3.875819999999999821e-01
7.800500000000000000e+03 3.875279999999999836e-01
7.801000000000000000e+03 3.874739999999999851e-01
7.801500000000000000e+03 3.874210000000000154e-01
7.802000000000000000e+03 3.873670000000000169e-01
7.802500000000000000e+03 3.873130000000000184e-01
7.803000000000000000e+03 3.872599999999999931e-01
7.803500000000000000e+03 3.872059999999999946e-01
7.804000000000000000e+03 3.871530000000000249e-01
7.804500000000000000e+03 3.870990000000000264e-01
7.805000000000000000e+03 3.870460000000000012e-01
7.805500000000000000e+03 3.869920000000000027e-01
7.806000000000000000e+03 3.869380000000000042e-01
7.806500000000000000e+03 3.868849999999999789e-01
7.807000000000000000e+03 3.868309999999999804e-01
7.807500000000000000e+03 3.867769999999999819e-01
7.808000000000000000e+03 3.867240000000000122e-01
7.808500000000000000e+03 3.866700000000000137e-01
7.809000000000000000e+03 3.866169999999999884e-01
7.809500000000000000e+03 3.865629999999999900e-01
7.810000000000000000e+03 3.865089999999999915e-01
7.810500000000000000e+03 3.865040000000000142e-01
7.811000000000000000e+03 3.864989999999999815e-01
7.811500000000000000e+03 3.864949999999999775e-01
7.812000000000000000e+03 3.864900000000000002e-01
7.812500000000000000e+03 3.864850000000000230e-01
7.813000000000000000e+03 3.864799999999999902e-01
7.813500000000000000e+03 3.864750000000000130e-01
7.814000000000000000e+03 3.864699999999999802e-01
7.814500000000000000e+03 3.864659999999999762e-01
7.815000000000000000e+03 3.864609999999999990e-01
7.815500000000000000e+03 3.864560000000000217e-01
7.816000000000000000e+03 3.864509999999999890e-01
7.816500000000000000e+03 3.864460000000000117e-01
7.817000000000000000e+03 3.864400000000000057e-01
7.817500000000000000e+03 3.864349999999999730e-01
7.818000000000000000e+03 3.864310000000000245e-01
7.818500000000000000e+03 3.864250000000000185e-01
7.819000000000000000e+03 3.864199999999999857e-01
7.819500000000000000e+03 3.864150000000000085e-01
7.820000000000000000e+03 3.864090000000000025e-01
7.820500000000000000e+03 3.864839999999999942e-01
7.821000000000000000e+03 3.865580000000000127e-01
7.821500000000000000e+03 3.866330000000000044e-01
7.822000000000000000e+03 3.867070000000000229e-01
7.822500000000000000e+03 3.867820000000000147e-01
7.823000000000000000e+03 3.868559999999999777e-01
7.823500000000000000e+03 3.869299999999999962e-01
7.824000000000000000e+03 3.870040000000000147e-01
7.824500000000000000e+03 3.870790000000000064e-01
7.825000000000000000e+03 3.871539999999999981e-01
7.825500000000000000e+03 3.872280000000000166e-01
7.826000000000000000e+03 3.873010000000000064e-01
7.826500000000000000e+03 3.873750000000000249e-01
7.827000000000000000e+03 3.874500000000000166e-01
7.827500000000000000e+03 3.875230000000000063e-01
7.828000000000000000e+03 3.875970000000000248e-01
7.828500000000000000e+03 3.876709999999999878e-01
7.829000000000000000e+03 3.877439999999999776e-01
7.829500000000000000e+03 3.878179999999999961e-01
7.830000000000000000e+03 3.878920000000000146e-01
7.830500000000000000e+03 3.879250000000000198e-01
7.831000000000000000e+03 3.879569999999999963e-01
7.831500000000000000e+03 3.879900000000000015e-01
7.832000000000000000e+03 3.880230000000000068e-01
7.832500000000000000e+03 3.880549999999999833e-01
7.833000000000000000e+03 3.880870000000000153e-01
7.833500000000000000e+03 3.881200000000000205e-01
7.834000000000000000e+03 3.881530000000000258e-01
7.834500000000000000e+03 3.881839999999999735e-01
7.835000000000000000e+03 3.882160000000000055e-01
7.835500000000000000e+03 3.882479999999999820e-01
7.836000000000000000e+03 3.882809999999999873e-01
7.836500000000000000e+03 3.883130000000000193e-01
7.837000000000000000e+03 3.883440000000000225e-01
7.837500000000000000e+03 3.883759999999999990e-01
7.838000000000000000e+03 3.884079999999999755e-01
7.838500000000000000e+03 3.884409999999999807e-01
7.839000000000000000e+03 3.884730000000000127e-01
7.839500000000000000e+03 3.885040000000000160e-01
7.840000000000000000e+03 3.885359999999999925e-01
7.840500000000000000e+03 3.886390000000000122e-01
7.841000000000000000e+03 3.887419999999999765e-01
7.841500000000000000e+03 3.888449999999999962e-01
7.842000000000000000e+03 3.889480000000000159e-01
7.842500000000000000e+03 3.890509999999999802e-01
7.843000000000000000e+03 3.891549999999999732e-01
7.843500000000000000e+03 3.892570000000000197e-01
7.844000000000000000e+03 3.893599999999999839e-01
7.844500000000000000e+03 3.894639999999999769e-01
7.845000000000000000e+03 3.895669999999999966e-01
7.845500000000000000e+03 3.896689999999999876e-01
7.846000000000000000e+03 3.897720000000000073e-01
7.846500000000000000e+03 3.898750000000000271e-01
7.847000000000000000e+03 3.899770000000000181e-01
7.847500000000000000e+03 3.900799999999999823e-01
7.848000000000000000e+03 3.901819999999999733e-01
7.848500000000000000e+03 3.902849999999999930e-01
7.849000000000000000e+03 3.903880000000000128e-01
7.849500000000000000e+03 3.904900000000000038e-01
7.850000000000000000e+03 3.905919999999999948e-01
7.850500000000000000e+03 3.905279999999999863e-01
7.851000000000000000e+03 3.904630000000000045e-01
7.851500000000000000e+03 3.903980000000000228e-01
7.852000000000000000e+03 3.903329999999999855e-01
7.852500000000000000e+03 3.902689999999999770e-01
7.853000000000000000e+03 3.902050000000000241e-01
7.853500000000000000e+03 3.901399999999999868e-01
7.854000000000000000e+03 3.900759999999999783e-01
7.854500000000000000e+03 3.900109999999999966e-01
7.855000000000000000e+03 3.899460000000000148e-01
7.855500000000000000e+03 3.898809999999999776e-01
7.856000000000000000e+03 3.898170000000000246e-01
7.856500000000000000e+03 3.897519999999999873e-01
7.857000000000000000e+03 3.896870000000000056e-01
7.857500000000000000e+03 3.896220000000000239e-01
7.858000000000000000e+03 3.895569999999999866e-01
7.858500000000000000e+03 3.894920000000000049e-01
7.859000000000000000e+03 3.894270000000000231e-01
7.859500000000000000e+03 3.893619999999999859e-01
7.860000000000000000e+03 3.892979999999999774e-01
7.860500000000000000e+03 3.896519999999999984e-01
7.861000000000000000e+03 3.900060000000000193e-01
7.861500000000000000e+03 3.903599999999999848e-01
7.862000000000000000e+03 3.907129999999999770e-01
7.862500000000000000e+03 3.910669999999999980e-01
7.863000000000000000e+03 3.914210000000000189e-01
7.863500000000000000e+03 3.917740000000000111e-01
7.864000000000000000e+03 3.921259999999999746e-01
7.864500000000000000e+03 3.924799999999999955e-01
7.865000000000000000e+03 3.928329999999999878e-01
7.865500000000000000e+03 3.931850000000000067e-01
7.866000000000000000e+03 3.935370000000000257e-01
7.866500000000000000e+03 3.938900000000000179e-01
7.867000000000000000e+03 3.942419999999999813e-01
7.867500000000000000e+03 3.945949999999999736e-01
7.868000000000000000e+03 3.949469999999999925e-01
7.868500000000000000e+03 3.952990000000000115e-01
7.869000000000000000e+03 3.956509999999999749e-01
7.869500000000000000e+03 3.960020000000000207e-01
7.870000000000000000e+03 3.963539999999999841e-01
7.870500000000000000e+03 3.961109999999999909e-01
7.871000000000000000e+03 3.958690000000000264e-01
7.871500000000000000e+03 3.956259999999999777e-01
7.872000000000000000e+03 3.953829999999999845e-01
7.872500000000000000e+03 3.951410000000000200e-01
7.873000000000000000e+03 3.948980000000000268e-01
7.873500000000000000e+03 3.946560000000000068e-01
7.874000000000000000e+03 3.944150000000000156e-01
7.874500000000000000e+03 3.941720000000000224e-01
7.875000000000000000e+03 3.939300000000000024e-01
7.875500000000000000e+03 3.936879999999999824e-01
7.876000000000000000e+03 3.934460000000000179e-01
7.876500000000000000e+03 3.932039999999999980e-01
7.877000000000000000e+03 3.929619999999999780e-01
7.877500000000000000e+03 3.927209999999999868e-01
7.878000000000000000e+03 3.924790000000000223e-01
7.878500000000000000e+03 3.922379999999999756e-01
7.879000000000000000e+03 3.919960000000000111e-01
7.879500000000000000e+03 3.917539999999999911e-01
7.880000000000000000e+03 3.915129999999999999e-01
7.880500000000000000e+03 3.914839999999999987e-01
7.881000000000000000e+03 3.914549999999999974e-01
7.881500000000000000e+03 3.914259999999999962e-01
7.882000000000000000e+03 3.913969999999999949e-01
7.882500000000000000e+03 3.913670000000000204e-01
7.883000000000000000e+03 3.913369999999999904e-01
7.883500000000000000e+03 3.913079999999999892e-01
7.884000000000000000e+03 3.912789999999999879e-01
7.884500000000000000e+03 3.912499999999999867e-01
7.885000000000000000e+03 3.912200000000000122e-01
7.885500000000000000e+03 3.911910000000000109e-01
7.886000000000000000e+03 3.911620000000000097e-01
7.886500000000000000e+03 3.911330000000000084e-01
7.887000000000000000e+03 3.911029999999999784e-01
7.887500000000000000e+03 3.910739999999999772e-01
7.888000000000000000e+03 3.910440000000000027e-01
7.888500000000000000e+03 3.910150000000000015e-01
7.889000000000000000e+03 3.909850000000000270e-01
7.889500000000000000e+03 3.909560000000000257e-01
7.890000000000000000e+03 3.909270000000000245e-01
7.890500000000000000e+03 3.909730000000000150e-01
7.891000000000000000e+03 3.910199999999999787e-01
7.891500000000000000e+03 3.910660000000000247e-01
7.892000000000000000e+03 3.911120000000000152e-01
7.892500000000000000e+03 3.911580000000000057e-01
7.893000000000000000e+03 3.912050000000000249e-01
7.893500000000000000e+03 3.912510000000000154e-01
7.894000000000000000e+03 3.912970000000000059e-01
7.894500000000000000e+03 3.913440000000000252e-01
7.895000000000000000e+03 3.913900000000000157e-01
7.895500000000000000e+03 3.914360000000000062e-01
7.896000000000000000e+03 3.914810000000000234e-01
7.896500000000000000e+03 3.915270000000000139e-01
7.897000000000000000e+03 3.915730000000000044e-01
7.897500000000000000e+03 3.916200000000000236e-01
7.898000000000000000e+03 3.916660000000000141e-01
7.898500000000000000e+03 3.917109999999999759e-01
7.899000000000000000e+03 3.917570000000000219e-01
7.899500000000000000e+03 3.918030000000000124e-01
7.900000000000000000e+03 3.918479999999999741e-01
7.900500000000000000e+03 3.917669999999999764e-01
7.901000000000000000e+03 3.916859999999999786e-01
7.901500000000000000e+03 3.916060000000000096e-01
7.902000000000000000e+03 3.915250000000000119e-01
7.902500000000000000e+03 3.914440000000000142e-01
7.903000000000000000e+03 3.913630000000000164e-01
7.903500000000000000e+03 3.912820000000000187e-01
7.904000000000000000e+03 3.912010000000000209e-01
7.904500000000000000e+03 3.911200000000000232e-01
7.905000000000000000e+03 3.910399999999999987e-01
7.905500000000000000e+03 3.909590000000000010e-01
7.906000000000000000e+03 3.908789999999999765e-01
7.906500000000000000e+03 3.907979999999999787e-01
7.907000000000000000e+03 3.907169999999999810e-01
7.907500000000000000e+03 3.906359999999999832e-01
7.908000000000000000e+03 3.905549999999999855e-01
7.908500000000000000e+03 3.904750000000000165e-01
7.909000000000000000e+03 3.903940000000000188e-01
7.909500000000000000e+03 3.903130000000000210e-01
7.910000000000000000e+03 3.902320000000000233e-01
7.910500000000000000e+03 3.903650000000000175e-01
7.911000000000000000e+03 3.904980000000000118e-01
7.911500000000000000e+03 3.906299999999999772e-01
7.912000000000000000e+03 3.907619999999999982e-01
7.912500000000000000e+03 3.908940000000000192e-01
7.913000000000000000e+03 3.910259999999999847e-01
7.913500000000000000e+03 3.911589999999999789e-01
7.914000000000000000e+03 3.912909999999999999e-01
7.914500000000000000e+03 3.914230000000000209e-01
7.915000000000000000e+03 3.915549999999999864e-01
7.915500000000000000e+03 3.916870000000000074e-01
7.916000000000000000e+03 3.918179999999999996e-01
7.916500000000000000e+03 3.919500000000000206e-01
7.917000000000000000e+03 3.920810000000000128e-01
7.917500000000000000e+03 3.922129999999999783e-01
7.918000000000000000e+03 3.923440000000000261e-01
7.918500000000000000e+03 3.924750000000000183e-01
7.919000000000000000e+03 3.926049999999999818e-01
7.919500000000000000e+03 3.927359999999999740e-01
7.920000000000000000e+03 3.928670000000000218e-01
7.920500000000000000e+03 3.924739999999999895e-01
7.921000000000000000e+03 3.920810000000000128e-01
7.921500000000000000e+03 3.916890000000000094e-01
7.922000000000000000e+03 3.912959999999999772e-01
7.922500000000000000e+03 3.909030000000000005e-01
7.923000000000000000e+03 3.905100000000000238e-01
7.923500000000000000e+03 3.901180000000000203e-01
7.924000000000000000e+03 3.897260000000000169e-01
7.924500000000000000e+03 3.893329999999999846e-01
7.925000000000000000e+03 3.889409999999999812e-01
7.925500000000000000e+03 3.885489999999999777e-01
7.926000000000000000e+03 3.881569999999999743e-01
7.926500000000000000e+03 3.877650000000000263e-01
7.927000000000000000e+03 3.873730000000000229e-01
7.927500000000000000e+03 3.869810000000000194e-01
7.928000000000000000e+03 3.865910000000000180e-01
7.928500000000000000e+03 3.861990000000000145e-01
7.929000000000000000e+03 3.858070000000000110e-01
7.929500000000000000e+03 3.854159999999999808e-01
7.930000000000000000e+03 3.850259999999999794e-01
7.930500000000000000e+03 3.849629999999999996e-01
7.931000000000000000e+03 3.849009999999999931e-01
7.931500000000000000e+03 3.848389999999999866e-01
7.932000000000000000e+03 3.847769999999999802e-01
7.932500000000000000e+03 3.847140000000000004e-01
7.933000000000000000e+03 3.846519999999999939e-01
7.933500000000000000e+03 3.845890000000000142e-01
7.934000000000000000e+03 3.845270000000000077e-01
7.934500000000000000e+03 3.844650000000000012e-01
7.935000000000000000e+03 3.844029999999999947e-01
7.935500000000000000e+03 3.843409999999999882e-01
7.936000000000000000e+03 3.842789999999999817e-01
7.936500000000000000e+03 3.842160000000000020e-01
7.937000000000000000e+03 3.841530000000000222e-01
7.937500000000000000e+03 3.840910000000000157e-01
7.938000000000000000e+03 3.840290000000000092e-01
7.938500000000000000e+03 3.839670000000000027e-01
7.939000000000000000e+03 3.839049999999999963e-01
7.939500000000000000e+03 3.838420000000000165e-01
7.940000000000000000e+03 3.837789999999999813e-01
7.940500000000000000e+03 3.839609999999999967e-01
7.941000000000000000e+03 3.841419999999999835e-01
7.941500000000000000e+03 3.843219999999999970e-01
7.942000000000000000e+03 3.845029999999999837e-01
7.942500000000000000e+03 3.846820000000000239e-01
7.943000000000000000e+03 3.848619999999999819e-01
7.943500000000000000e+03 3.850419999999999954e-01
7.944000000000000000e+03 3.852229999999999821e-01
7.944500000000000000e+03 3.854029999999999956e-01
7.945000000000000000e+03 3.855819999999999803e-01
7.945500000000000000e+03 3.857610000000000205e-01
7.946000000000000000e+03 3.859409999999999785e-01
7.946500000000000000e+03 3.861200000000000188e-01
7.947000000000000000e+03 3.862999999999999767e-01
7.947500000000000000e+03 3.864779999999999882e-01
7.948000000000000000e+03 3.866569999999999729e-01
7.948500000000000000e+03 3.868349999999999844e-01
7.949000000000000000e+03 3.870140000000000247e-01
7.949500000000000000e+03 3.871919999999999806e-01
7.950000000000000000e+03 3.873710000000000209e-01
7.950500000000000000e+03 3.866009999999999724e-01
7.951000000000000000e+03 3.858329999999999815e-01
7.951500000000000000e+03 3.850640000000000174e-01
7.952000000000000000e+03 3.842940000000000245e-01
7.952500000000000000e+03 3.835259999999999780e-01
7.953000000000000000e+03 3.827579999999999871e-01
7.953500000000000000e+03 3.819910000000000250e-01
7.954000000000000000e+03 3.812240000000000073e-01
7.954500000000000000e+03 3.804569999999999896e-01
7.955000000000000000e+03 3.796900000000000275e-01
7.955500000000000000e+03 3.789250000000000118e-01
7.956000000000000000e+03 3.781590000000000229e-01
7.956500000000000000e+03 3.773940000000000072e-01
7.957000000000000000e+03 3.766280000000000183e-01
7.957500000000000000e+03 3.758639999999999759e-01
7.958000000000000000e+03 3.750990000000000157e-01
7.958500000000000000e+03 3.743349999999999733e-01
7.959000000000000000e+03 3.735709999999999864e-01
7.959500000000000000e+03 3.728090000000000015e-01
7.960000000000000000e+03 3.720450000000000146e-01
7.960500000000000000e+03 3.724169999999999980e-01
7.961000000000000000e+03 3.727880000000000082e-01
7.961500000000000000e+03 3.731590000000000185e-01
7.962000000000000000e+03 3.735289999999999999e-01
7.962500000000000000e+03 3.739000000000000101e-01
7.963000000000000000e+03 3.742699999999999916e-01
7.963500000000000000e+03 3.746399999999999730e-01
7.964000000000000000e+03 3.750109999999999832e-01
7.964500000000000000e+03 3.753810000000000202e-01
7.965000000000000000e+03 3.757499999999999729e-01
7.965500000000000000e+03 3.761200000000000099e-01
7.966000000000000000e+03 3.764890000000000181e-01
7.966500000000000000e+03 3.768589999999999995e-01
7.967000000000000000e+03 3.772280000000000078e-01
7.967500000000000000e+03 3.775970000000000160e-01
7.968000000000000000e+03 3.779649999999999954e-01
7.968500000000000000e+03 3.783329999999999749e-01
7.969000000000000000e+03 3.787010000000000098e-01
7.969500000000000000e+03 3.790689999999999893e-01
7.970000000000000000e+03 3.794370000000000243e-01
7.970500000000000000e+03 3.792409999999999948e-01
7.971000000000000000e+03 3.790459999999999940e-01
7.971500000000000000e+03 3.788500000000000201e-01
7.972000000000000000e+03 3.786530000000000173e-01
7.972500000000000000e+03 3.784569999999999879e-01
7.973000000000000000e+03 3.782610000000000139e-01
7.973500000000000000e+03 3.780660000000000132e-01
7.974000000000000000e+03 3.778699999999999837e-01
7.974500000000000000e+03 3.776749999999999829e-01
7.975000000000000000e+03 3.774790000000000090e-01
7.975500000000000000e+03 3.772829999999999795e-01
7.976000000000000000e+03 3.770879999999999788e-01
7.976500000000000000e+03 3.768920000000000048e-01
7.977000000000000000e+03 3.766970000000000041e-01
7.977500000000000000e+03 3.765020000000000033e-01
7.978000000000000000e+03 3.763070000000000026e-01
7.978500000000000000e+03 3.761109999999999731e-01
7.979000000000000000e+03 3.759149999999999991e-01
7.979500000000000000e+03 3.757199999999999984e-01
7.980000000000000000e+03 3.755249999999999977e-01
7.980500000000000000e+03 3.758650000000000047e-01
7.981000000000000000e+03 3.762039999999999829e-01
7.981500000000000000e+03 3.765439999999999898e-01
7.982000000000000000e+03 3.768830000000000235e-01
7.982500000000000000e+03 3.772240000000000038e-01
7.983000000000000000e+03 3.775629999999999820e-01
7.983500000000000000e+03 3.779029999999999889e-01
7.984000000000000000e+03 3.782420000000000226e-01
7.984500000000000000e+03 3.785819999999999741e-01
7.985000000000000000e+03 3.789219999999999811e-01
7.985500000000000000e+03 3.792610000000000148e-01
7.986000000000000000e+03 3.796010000000000217e-01
7.986500000000000000e+03 3.799399999999999999e-01
7.987000000000000000e+03 3.802789999999999782e-01
7.987500000000000000e+03 3.806189999999999851e-01
7.988000000000000000e+03 3.809580000000000188e-01
7.988500000000000000e+03 3.812980000000000258e-01
7.989000000000000000e+03 3.816379999999999773e-01
7.989500000000000000e+03 3.819759999999999822e-01
7.990000000000000000e+03 3.823150000000000159e-01
7.990500000000000000e+03 3.818849999999999745e-01
7.991000000000000000e+03 3.814549999999999885e-01
7.991500000000000000e+03 3.810239999999999738e-01
7.992000000000000000e+03 3.805939999999999879e-01
7.992500000000000000e+03 3.801640000000000019e-01
7.993000000000000000e+03 3.797329999999999872e-01
7.993500000000000000e+03 3.793030000000000013e-01
7.994000000000000000e+03 3.788730000000000153e-01
7.994500000000000000e+03 3.784429999999999739e-01
7.995000000000000000e+03 3.780129999999999879e-01
7.995500000000000000e+03 3.775839999999999752e-01
7.996000000000000000e+03 3.771539999999999893e-01
7.996500000000000000e+03 3.767240000000000033e-01
7.997000000000000000e+03 3.762940000000000174e-01
7.997500000000000000e+03 3.758639999999999759e-01
7.998000000000000000e+03 3.754350000000000187e-01
7.998500000000000000e+03 3.750060000000000060e-01
7.999000000000000000e+03 3.745760000000000201e-01
7.999500000000000000e+03 3.741470000000000073e-01
8.000000000000000000e+03 3.737170000000000214e-01
8.000500000000000000e+03 3.737320000000000086e-01
8.001000000000000000e+03 3.737460000000000226e-01
8.001500000000000000e+03 3.737599999999999811e-01
8.002000000000000000e+03 3.737750000000000239e-01
8.002500000000000000e+03 3.737889999999999824e-01
8.003000000000000000e+03 3.738029999999999964e-01
8.003500000000000000e+03 3.738159999999999816e-01
8.004000000000000000e+03 3.738299999999999956e-01
8.004500000000000000e+03 3.738440000000000096e-01
8.005000000000000000e+03 3.738580000000000236e-01
8.005500000000000000e+03 3.738719999999999821e-01
8.006000000000000000e+03 3.738859999999999961e-01
8.006500000000000000e+03 3.738989999999999814e-01
8.007000000000000000e+03 3.739129999999999954e-01
8.007500000000000000e+03 3.739259999999999806e-01
8.008000000000000000e+03 3.739390000000000214e-01
8.008500000000000000e+03 3.739529999999999799e-01
8.009000000000000000e+03 3.739660000000000206e-01
8.009500000000000000e+03 3.739799999999999791e-01
8.010000000000000000e+03 3.739930000000000199e-01
8.010500000000000000e+03 3.738239999999999896e-01
8.011000000000000000e+03 3.736550000000000149e-01
8.011500000000000000e+03 3.734850000000000114e-01
8.012000000000000000e+03 3.733159999999999812e-01
8.012500000000000000e+03 3.731459999999999777e-01
8.013000000000000000e+03 3.729770000000000030e-01
8.013500000000000000e+03 3.728079999999999727e-01
8.014000000000000000e+03 3.726389999999999980e-01
8.014500000000000000e+03 3.724700000000000233e-01
8.015000000000000000e+03 3.723009999999999931e-01
8.015500000000000000e+03 3.721320000000000183e-01
8.016000000000000000e+03 3.719640000000000168e-01
8.016500000000000000e+03 3.717949999999999866e-01
8.017000000000000000e+03 3.716260000000000119e-01
8.017500000000000000e+03 3.714569999999999816e-01
8.018000000000000000e+03 3.712880000000000069e-01
8.018500000000000000e+03 3.711200000000000054e-01
8.019000000000000000e+03 3.709509999999999752e-01
8.019500000000000000e+03 3.707820000000000005e-01
8.020000000000000000e+03 3.706130000000000257e-01
8.020500000000000000e+03 3.702929999999999833e-01
8.021000000000000000e+03 3.699720000000000231e-01
8.021500000000000000e+03 3.696510000000000074e-01
8.022000000000000000e+03 3.693310000000000204e-01
8.022500000000000000e+03 3.690109999999999779e-01
8.023000000000000000e+03 3.686900000000000177e-01
8.023500000000000000e+03 3.683699999999999752e-01
8.024000000000000000e+03 3.680499999999999883e-01
8.024500000000000000e+03 3.677300000000000013e-01
8.025000000000000000e+03 3.674089999999999856e-01
8.025500000000000000e+03 3.670889999999999986e-01
8.026000000000000000e+03 3.667690000000000117e-01
8.026500000000000000e+03 3.664490000000000247e-01
8.027000000000000000e+03 3.661289999999999822e-01
8.027500000000000000e+03 3.658100000000000240e-01
8.028000000000000000e+03 3.654910000000000103e-01
8.028500000000000000e+03 3.651710000000000234e-01
8.029000000000000000e+03 3.648509999999999809e-01
8.029500000000000000e+03 3.645309999999999939e-01
8.030000000000000000e+03 3.642119999999999802e-01
8.030500000000000000e+03 3.646420000000000217e-01
8.031000000000000000e+03 3.650709999999999789e-01
8.031500000000000000e+03 3.654990000000000183e-01
8.032000000000000000e+03 3.659270000000000023e-01
8.032500000000000000e+03 3.663560000000000150e-01
8.033000000000000000e+03 3.667850000000000277e-01
8.033500000000000000e+03 3.672139999999999849e-01
8.034000000000000000e+03 3.676409999999999956e-01
8.034500000000000000e+03 3.680689999999999795e-01
8.035000000000000000e+03 3.684959999999999902e-01
8.035500000000000000e+03 3.689230000000000009e-01
8.036000000000000000e+03 3.693509999999999849e-01
8.036500000000000000e+03 3.697779999999999956e-01
8.037000000000000000e+03 3.702050000000000063e-01
8.037500000000000000e+03 3.706309999999999882e-01
8.038000000000000000e+03 3.710570000000000257e-01
8.038500000000000000e+03 3.714830000000000076e-01
8.039000000000000000e+03 3.719089999999999896e-01
8.039500000000000000e+03 3.723350000000000271e-01
8.040000000000000000e+03 3.727599999999999802e-01
8.040500000000000000e+03 3.723980000000000068e-01
8.041000000000000000e+03 3.720350000000000046e-01
8.041500000000000000e+03 3.716729999999999756e-01
8.042000000000000000e+03 3.713110000000000022e-01
8.042500000000000000e+03 3.709489999999999732e-01
8.043000000000000000e+03 3.705869999999999997e-01
8.043500000000000000e+03 3.702259999999999995e-01
8.044000000000000000e+03 3.698640000000000261e-01
8.044500000000000000e+03 3.695019999999999971e-01
8.045000000000000000e+03 3.691409999999999969e-01
8.045500000000000000e+03 3.687799999999999967e-01
8.046000000000000000e+03 3.684189999999999965e-01
8.046500000000000000e+03 3.680579999999999963e-01
8.047000000000000000e+03 3.676960000000000228e-01
8.047500000000000000e+03 3.673359999999999959e-01
8.048000000000000000e+03 3.669749999999999956e-01
8.048500000000000000e+03 3.666139999999999954e-01
8.049000000000000000e+03 3.662529999999999952e-01
8.049500000000000000e+03 3.658930000000000238e-01
8.050000000000000000e+03 3.655329999999999968e-01
8.050500000000000000e+03 3.657199999999999895e-01
8.051000000000000000e+03 3.659069999999999823e-01
8.051500000000000000e+03 3.660930000000000017e-01
8.052000000000000000e+03 3.662790000000000212e-01
8.052500000000000000e+03 3.664660000000000140e-01
8.053000000000000000e+03 3.666530000000000067e-01
8.053500000000000000e+03 3.668390000000000262e-01
8.054000000000000000e+03 3.670249999999999901e-01
8.054500000000000000e+03 3.672119999999999829e-01
8.055000000000000000e+03 3.673989999999999756e-01
8.055500000000000000e+03 3.675849999999999951e-01
8.056000000000000000e+03 3.677710000000000146e-01
8.056500000000000000e+03 3.679569999999999785e-01
8.057000000000000000e+03 3.681429999999999980e-01
8.057500000000000000e+03 3.683290000000000175e-01
8.058000000000000000e+03 3.685149999999999815e-01
8.058500000000000000e+03 3.687010000000000010e-01
8.059000000000000000e+03 3.688879999999999937e-01
8.059500000000000000e+03 3.690729999999999844e-01
8.060000000000000000e+03 3.692590000000000039e-01
8.060500000000000000e+03 3.689080000000000137e-01
8.061000000000000000e+03 3.685570000000000235e-01
8.061500000000000000e+03 3.682059999999999778e-01
8.062000000000000000e+03 3.678560000000000163e-01
8.062500000000000000e+03 3.675050000000000261e-01
8.063000000000000000e+03 3.671539999999999804e-01
8.063500000000000000e+03 3.668049999999999922e-01
8.064000000000000000e+03 3.664560000000000040e-01
8.064500000000000000e+03 3.661050000000000137e-01
8.065000000000000000e+03 3.657549999999999968e-01
8.065500000000000000e+03 3.654060000000000086e-01
8.066000000000000000e+03 3.650570000000000204e-01
8.066500000000000000e+03 3.647079999999999766e-01
8.067000000000000000e+03 3.643600000000000172e-01
8.067500000000000000e+03 3.640109999999999735e-01
8.068000000000000000e+03 3.636619999999999853e-01
8.068500000000000000e+03 3.633129999999999971e-01
8.069000000000000000e+03 3.629660000000000108e-01
8.069500000000000000e+03 3.626179999999999959e-01
8.070000000000000000e+03 3.622699999999999809e-01
8.070500000000000000e+03 3.622650000000000037e-01
8.071000000000000000e+03 3.622589999999999977e-01
8.071500000000000000e+03 3.622540000000000204e-01
8.072000000000000000e+03 3.622489999999999877e-01
8.072500000000000000e+03 3.622429999999999817e-01
8.073000000000000000e+03 3.622369999999999757e-01
8.073500000000000000e+03 3.622319999999999984e-01
8.074000000000000000e+03 3.622270000000000212e-01
8.074500000000000000e+03 3.622210000000000152e-01
8.075000000000000000e+03 3.622159999999999824e-01
8.075500000000000000e+03 3.622099999999999764e-01
8.076000000000000000e+03 3.622040000000000259e-01
8.076500000000000000e+03 3.621989999999999932e-01
8.077000000000000000e+03 3.621929999999999872e-01
8.077500000000000000e+03 3.621869999999999812e-01
8.078000000000000000e+03 3.621809999999999752e-01
8.078500000000000000e+03 3.621770000000000267e-01
8.079000000000000000e+03 3.621710000000000207e-01
8.079500000000000000e+03 3.621650000000000147e-01
8.080000000000000000e+03 3.621599999999999819e-01
8.080500000000000000e+03 3.623120000000000229e-01
8.081000000000000000e+03 3.624640000000000084e-01
8.081500000000000000e+03 3.626159999999999939e-01
8.082000000000000000e+03 3.627679999999999794e-01
8.082500000000000000e+03 3.629200000000000204e-01
8.083000000000000000e+03 3.630720000000000058e-01
8.083500000000000000e+03 3.632239999999999913e-01
8.084000000000000000e+03 3.633759999999999768e-01
8.084500000000000000e+03 3.635280000000000178e-01
8.085000000000000000e+03 3.636789999999999745e-01
8.085500000000000000e+03 3.638310000000000155e-01
8.086000000000000000e+03 3.639820000000000277e-01
8.086500000000000000e+03 3.641340000000000132e-01
8.087000000000000000e+03 3.642850000000000255e-01
8.087500000000000000e+03 3.644359999999999822e-01
8.088000000000000000e+03 3.645869999999999944e-01
8.088500000000000000e+03 3.647389999999999799e-01
8.089000000000000000e+03 3.648899999999999921e-01
8.089500000000000000e+03 3.650410000000000044e-01
8.090000000000000000e+03 3.651929999999999898e-01
8.090500000000000000e+03 3.647659999999999791e-01
8.091000000000000000e+03 3.643399999999999972e-01
8.091500000000000000e+03 3.639140000000000152e-01
8.092000000000000000e+03 3.634890000000000065e-01
8.092500000000000000e+03 3.630639999999999978e-01
8.093000000000000000e+03 3.626389999999999891e-01
8.093500000000000000e+03 3.622139999999999804e-01
8.094000000000000000e+03 3.617890000000000272e-01
8.094500000000000000e+03 3.613660000000000205e-01
8.095000000000000000e+03 3.609419999999999851e-01
8.095500000000000000e+03 3.605169999999999764e-01
8.096000000000000000e+03 3.600929999999999964e-01
8.096500000000000000e+03 3.596710000000000185e-01
8.097000000000000000e+03 3.592469999999999830e-01
8.097500000000000000e+03 3.588239999999999763e-01
8.098000000000000000e+03 3.583999999999999964e-01
8.098500000000000000e+03 3.579780000000000184e-01
8.099000000000000000e+03 3.575550000000000117e-01
8.099500000000000000e+03 3.571329999999999782e-01
8.100000000000000000e+03 3.567110000000000003e-01
8.100500000000000000e+03 3.570059999999999900e-01
8.101000000000000000e+03 3.573020000000000085e-01
8.101500000000000000e+03 3.575969999999999982e-01
8.102000000000000000e+03 3.578919999999999879e-01
8.102500000000000000e+03 3.581869999999999776e-01
8.103000000000000000e+03 3.584820000000000229e-01
8.103500000000000000e+03 3.587770000000000126e-01
8.104000000000000000e+03 3.590720000000000023e-01
8.104500000000000000e+03 3.593669999999999920e-01
8.105000000000000000e+03 3.596619999999999817e-01
8.105500000000000000e+03 3.599570000000000269e-01
8.106000000000000000e+03 3.602520000000000167e-01
8.106500000000000000e+03 3.605459999999999776e-01
8.107000000000000000e+03 3.608399999999999941e-01
8.107500000000000000e+03 3.611349999999999838e-01
8.108000000000000000e+03 3.614290000000000003e-01
8.108500000000000000e+03 3.617239999999999900e-01
8.109000000000000000e+03 3.620189999999999797e-01
8.109500000000000000e+03 3.623129999999999962e-01
8.110000000000000000e+03 3.626070000000000126e-01
8.110500000000000000e+03 3.626179999999999959e-01
8.111000000000000000e+03 3.626300000000000079e-01
8.111500000000000000e+03 3.626400000000000179e-01
8.112000000000000000e+03 3.626499999999999724e-01
8.112500000000000000e+03 3.626610000000000111e-01
8.113000000000000000e+03 3.626719999999999944e-01
8.113500000000000000e+03 3.626829999999999776e-01
8.114000000000000000e+03 3.626940000000000164e-01
8.114500000000000000e+03 3.627049999999999996e-01
8.115000000000000000e+03 3.627150000000000096e-01
8.115500000000000000e+03 3.627259999999999929e-01
8.116000000000000000e+03 3.627369999999999761e-01
8.116500000000000000e+03 3.627480000000000149e-01
8.117000000000000000e+03 3.627580000000000249e-01
8.117500000000000000e+03 3.627679999999999794e-01
8.118000000000000000e+03 3.627790000000000181e-01
8.118500000000000000e+03 3.627900000000000014e-01
8.119000000000000000e+03 3.628000000000000114e-01
8.119500000000000000e+03 3.628109999999999946e-01
8.120000000000000000e+03 3.628210000000000046e-01
8.120500000000000000e+03 3.630209999999999826e-01
8.121000000000000000e+03 3.632219999999999893e-01
8.121500000000000000e+03 3.634220000000000228e-01
8.122000000000000000e+03 3.636229999999999740e-01
8.122500000000000000e+03 3.638230000000000075e-01
8.123000000000000000e+03 3.640229999999999855e-01
8.123500000000000000e+03 3.642230000000000190e-01
8.124000000000000000e+03 3.644229999999999969e-01
8.124500000000000000e+03 3.646220000000000017e-01
8.125000000000000000e+03 3.648210000000000064e-01
8.125500000000000000e+03 3.650209999999999844e-01
8.126000000000000000e+03 3.652210000000000178e-01
8.126500000000000000e+03 3.654200000000000226e-01
8.127000000000000000e+03 3.656190000000000273e-01
8.127500000000000000e+03 3.658179999999999765e-01
8.128000000000000000e+03 3.660169999999999813e-01
8.128500000000000000e+03 3.662159999999999860e-01
8.129000000000000000e+03 3.664140000000000175e-01
8.129500000000000000e+03 3.666119999999999934e-01
8.130000000000000000e+03 3.668100000000000249e-01
8.130500000000000000e+03 3.662529999999999952e-01
8.131000000000000000e+03 3.656960000000000210e-01
8.131500000000000000e+03 3.651389999999999914e-01
8.132000000000000000e+03 3.645829999999999904e-01
8.132500000000000000e+03 3.640260000000000162e-01
8.133000000000000000e+03 3.634700000000000153e-01
8.133500000000000000e+03 3.629129999999999856e-01
8.134000000000000000e+03 3.623569999999999847e-01
8.134500000000000000e+03 3.618009999999999837e-01
8.135000000000000000e+03 3.612460000000000115e-01
8.135500000000000000e+03 3.606889999999999818e-01
8.136000000000000000e+03 3.601340000000000097e-01
8.136500000000000000e+03 3.595800000000000107e-01
8.137000000000000000e+03 3.590249999999999830e-01
8.137500000000000000e+03 3.584700000000000109e-01
8.138000000000000000e+03 3.579160000000000119e-01
8.138500000000000000e+03 3.573609999999999842e-01
8.139000000000000000e+03 3.568080000000000140e-01
8.139500000000000000e+03 3.562529999999999863e-01
8.140000000000000000e+03 3.557000000000000162e-01
8.140500000000000000e+03 3.553580000000000072e-01
8.141000000000000000e+03 3.550170000000000270e-01
8.141500000000000000e+03 3.546750000000000180e-01
8.142000000000000000e+03 3.543339999999999823e-01
8.142500000000000000e+03 3.539919999999999733e-01
8.143000000000000000e+03 3.536500000000000199e-01
8.143500000000000000e+03 3.533100000000000129e-01
8.144000000000000000e+03 3.529689999999999772e-01
8.144500000000000000e+03 3.526279999999999970e-01
8.145000000000000000e+03 3.522859999999999880e-01
8.145500000000000000e+03 3.519459999999999811e-01
8.146000000000000000e+03 3.516059999999999741e-01
8.146500000000000000e+03 3.512660000000000227e-01
8.147000000000000000e+03 3.509260000000000157e-01
8.147500000000000000e+03 3.505860000000000087e-01
8.148000000000000000e+03 3.502460000000000018e-01
8.148500000000000000e+03 3.499059999999999948e-01
8.149000000000000000e+03 3.495670000000000166e-01
8.149500000000000000e+03 3.492259999999999809e-01
8.150000000000000000e+03 3.488859999999999739e-01
8.150500000000000000e+03 3.492879999999999874e-01
8.151000000000000000e+03 3.496900000000000008e-01
8.151500000000000000e+03 3.500900000000000123e-01
8.152000000000000000e+03 3.504909999999999970e-01
8.152500000000000000e+03 3.508930000000000105e-01
8.153000000000000000e+03 3.512939999999999952e-01
8.153500000000000000e+03 3.516940000000000066e-01
8.154000000000000000e+03 3.520949999999999913e-01
8.154500000000000000e+03 3.524950000000000028e-01
8.155000000000000000e+03 3.528959999999999875e-01
8.155500000000000000e+03 3.532959999999999989e-01
8.156000000000000000e+03 3.536960000000000104e-01
8.156500000000000000e+03 3.540960000000000218e-01
8.157000000000000000e+03 3.544959999999999778e-01
8.157500000000000000e+03 3.548950000000000160e-01
8.158000000000000000e+03 3.552950000000000275e-01
8.158500000000000000e+03 3.556949999999999834e-01
8.159000000000000000e+03 3.560940000000000216e-01
8.159500000000000000e+03 3.564930000000000043e-01
8.160000000000000000e+03 3.568930000000000158e-01
8.160500000000000000e+03 3.566099999999999826e-01
8.161000000000000000e+03 3.563279999999999781e-01
8.161500000000000000e+03 3.560459999999999736e-01
8.162000000000000000e+03 3.557640000000000247e-01
8.162500000000000000e+03 3.554820000000000202e-01
8.163000000000000000e+03 3.552000000000000157e-01
8.163500000000000000e+03 3.549180000000000113e-01
8.164000000000000000e+03 3.546369999999999800e-01
8.164500000000000000e+03 3.543549999999999756e-01
8.165000000000000000e+03 3.540739999999999998e-01
8.165500000000000000e+03 3.537930000000000241e-01
8.166000000000000000e+03 3.535119999999999929e-01
8.166500000000000000e+03 3.532310000000000172e-01
8.167000000000000000e+03 3.529510000000000147e-01
8.167500000000000000e+03 3.526699999999999835e-01
8.168000000000000000e+03 3.523890000000000078e-01
8.168500000000000000e+03 3.521090000000000053e-01
8.169000000000000000e+03 3.518290000000000028e-01
8.169500000000000000e+03 3.515490000000000004e-01
8.170000000000000000e+03 3.512689999999999979e-01
8.170500000000000000e+03 3.509999999999999787e-01
8.171000000000000000e+03 3.507319999999999882e-01
8.171500000000000000e+03 3.504630000000000245e-01
8.172000000000000000e+03 3.501949999999999785e-01
8.172500000000000000e+03 3.499269999999999881e-01
8.173000000000000000e+03 3.496589999999999976e-01
8.173500000000000000e+03 3.493899999999999784e-01
8.174000000000000000e+03 3.491219999999999879e-01
8.174500000000000000e+03 3.488530000000000242e-01
8.175000000000000000e+03 3.485849999999999782e-01
8.175500000000000000e+03 3.483169999999999877e-01
8.176000000000000000e+03 3.480489999999999973e-01
8.176500000000000000e+03 3.477799999999999780e-01
8.177000000000000000e+03 3.475119999999999876e-01
8.177500000000000000e+03 3.472439999999999971e-01
8.178000000000000000e+03 3.469760000000000066e-01
8.178500000000000000e+03 3.467080000000000162e-01
8.179000000000000000e+03 3.464400000000000257e-01
8.179500000000000000e+03 3.461719999999999797e-01
8.180000000000000000e+03 3.459030000000000160e-01
8.180500000000000000e+03 3.460520000000000262e-01
8.181000000000000000e+03 3.462000000000000077e-01
8.181500000000000000e+03 3.463479999999999892e-01
8.182000000000000000e+03 3.464949999999999974e-01
8.182500000000000000e+03 3.466440000000000077e-01
8.183000000000000000e+03 3.467919999999999892e-01
8.183500000000000000e+03 3.469389999999999974e-01
8.184000000000000000e+03 3.470869999999999789e-01
8.184500000000000000e+03 3.472350000000000159e-01
8.185000000000000000e+03 3.473829999999999973e-01
8.185500000000000000e+03 3.475300000000000056e-01
8.186000000000000000e+03 3.476770000000000138e-01
8.186500000000000000e+03 3.478249999999999953e-01
8.187000000000000000e+03 3.479729999999999768e-01
8.187500000000000000e+03 3.481199999999999850e-01
8.188000000000000000e+03 3.482680000000000220e-01
8.188500000000000000e+03 3.484149999999999747e-01
8.189000000000000000e+03 3.485619999999999830e-01
8.189500000000000000e+03 3.487089999999999912e-01
8.190000000000000000e+03 3.488559999999999994e-01
8.190500000000000000e+03 3.485989999999999922e-01
8.191000000000000000e+03 3.483419999999999850e-01
8.191500000000000000e+03 3.480860000000000065e-01
8.192000000000000000e+03 3.478289999999999993e-01
8.192500000000000000e+03 3.475719999999999921e-01
8.193000000000000000e+03 3.473160000000000136e-01
8.193500000000000000e+03 3.470599999999999796e-01
8.194000000000000000e+03 3.468040000000000012e-01
8.194500000000000000e+03 3.465469999999999939e-01
8.195000000000000000e+03 3.462899999999999867e-01
8.195500000000000000e+03 3.460349999999999815e-01
8.196000000000000000e+03 3.457790000000000030e-01
8.196500000000000000e+03 3.455230000000000246e-01
8.197000000000000000e+03 3.452669999999999906e-01
8.197500000000000000e+03 3.450119999999999854e-01
8.198000000000000000e+03 3.447569999999999801e-01
8.198500000000000000e+03 3.445010000000000017e-01
8.199000000000000000e+03 3.442450000000000232e-01
8.199500000000000000e+03 3.439900000000000180e-01
8.200000000000000000e+03 3.437359999999999860e-01
8.200500000000000000e+03 3.440119999999999845e-01
8.201000000000000000e+03 3.442879999999999829e-01
8.201500000000000000e+03 3.445650000000000102e-01
8.202000000000000000e+03 3.448410000000000086e-01
8.202500000000000000e+03 3.451179999999999803e-01
8.203000000000000000e+03 3.453939999999999788e-01
8.203500000000000000e+03 3.456690000000000040e-01
8.204000000000000000e+03 3.459450000000000025e-01
8.204500000000000000e+03 3.462210000000000010e-01
8.205000000000000000e+03 3.464969999999999994e-01
8.205500000000000000e+03 3.467720000000000247e-01
8.206000000000000000e+03 3.470469999999999944e-01
8.206500000000000000e+03 3.473220000000000196e-01
8.207000000000000000e+03 3.475980000000000181e-01
8.207500000000000000e+03 3.478720000000000145e-01
8.208000000000000000e+03 3.481469999999999843e-01
8.208500000000000000e+03 3.484220000000000095e-01
8.209000000000000000e+03 3.486969999999999792e-01
8.209500000000000000e+03 3.489709999999999757e-01
8.210000000000000000e+03 3.492450000000000276e-01
8.210500000000000000e+03 3.489519999999999844e-01
8.211000000000000000e+03 3.486589999999999967e-01
8.211500000000000000e+03 3.483649999999999802e-01
8.212000000000000000e+03 3.480719999999999925e-01
8.212500000000000000e+03 3.477790000000000048e-01
8.213000000000000000e+03 3.474849999999999883e-01
8.213500000000000000e+03 3.471920000000000006e-01
8.214000000000000000e+03 3.468999999999999861e-01
8.214500000000000000e+03 3.466069999999999984e-01
8.215000000000000000e+03 3.463140000000000107e-01
8.215500000000000000e+03 3.460210000000000230e-01
8.216000000000000000e+03 3.457279999999999798e-01
8.216500000000000000e+03 3.454349999999999921e-01
8.217000000000000000e+03 3.451429999999999776e-01
8.217500000000000000e+03 3.448499999999999899e-01
8.218000000000000000e+03 3.445579999999999754e-01
8.218500000000000000e+03 3.442649999999999877e-01
8.219000000000000000e+03 3.439720000000000000e-01
8.219500000000000000e+03 3.436799999999999855e-01
8.220000000000000000e+03 3.433880000000000265e-01
8.220500000000000000e+03 3.431370000000000253e-01
8.221000000000000000e+03 3.428869999999999973e-01
8.221500000000000000e+03 3.426370000000000249e-01
8.222000000000000000e+03 3.423869999999999969e-01
8.222500000000000000e+03 3.421370000000000244e-01
8.223000000000000000e+03 3.418869999999999965e-01
8.223500000000000000e+03 3.416370000000000240e-01
8.224000000000000000e+03 3.413880000000000248e-01
8.224500000000000000e+03 3.411390000000000255e-01
8.225000000000000000e+03 3.408900000000000263e-01
8.225500000000000000e+03 3.406410000000000271e-01
8.226000000000000000e+03 3.403919999999999724e-01
8.226500000000000000e+03 3.401429999999999731e-01
8.227000000000000000e+03 3.398939999999999739e-01
8.227500000000000000e+03 3.396460000000000035e-01
8.228000000000000000e+03 3.393979999999999775e-01
8.228500000000000000e+03 3.391489999999999783e-01
8.229000000000000000e+03 3.388999999999999790e-01
8.229500000000000000e+03 3.386529999999999818e-01
8.230000000000000000e+03 3.384050000000000114e-01
8.230500000000000000e+03 3.384780000000000011e-01
8.231000000000000000e+03 3.385509999999999908e-01
8.231500000000000000e+03 3.386250000000000093e-01
8.232000000000000000e+03 3.386989999999999723e-01
8.232500000000000000e+03 3.387729999999999908e-01
8.233000000000000000e+03 3.388470000000000093e-01
8.233500000000000000e+03 3.389199999999999990e-01
8.234000000000000000e+03 3.389929999999999888e-01
8.234500000000000000e+03 3.390659999999999785e-01
8.235000000000000000e+03 3.391399999999999970e-01
8.235500000000000000e+03 3.392140000000000155e-01
8.236000000000000000e+03 3.392870000000000053e-01
8.236500000000000000e+03 3.393599999999999950e-01
8.237000000000000000e+03 3.394320000000000115e-01
8.237500000000000000e+03 3.395059999999999745e-01
8.238000000000000000e+03 3.395799999999999930e-01
8.238500000000000000e+03 3.396529999999999827e-01
8.239000000000000000e+03 3.397259999999999724e-01
8.239500000000000000e+03 3.397979999999999889e-01
8.240000000000000000e+03 3.398709999999999787e-01
8.240500000000000000e+03 3.398260000000000169e-01
8.241000000000000000e+03 3.397800000000000264e-01
8.241500000000000000e+03 3.397339999999999804e-01
8.242000000000000000e+03 3.396879999999999900e-01
8.242500000000000000e+03 3.396419999999999995e-01
8.243000000000000000e+03 3.395969999999999822e-01
8.243500000000000000e+03 3.395509999999999917e-01
8.244000000000000000e+03 3.395050000000000012e-01
8.244500000000000000e+03 3.394579999999999820e-01
8.245000000000000000e+03 3.394119999999999915e-01
8.245500000000000000e+03 3.393669999999999742e-01
8.246000000000000000e+03 3.393209999999999837e-01
8.246500000000000000e+03 3.392740000000000200e-01
8.247000000000000000e+03 3.392279999999999740e-01
8.247500000000000000e+03 3.391819999999999835e-01
8.248000000000000000e+03 3.391370000000000218e-01
8.248500000000000000e+03 3.390909999999999758e-01
8.249000000000000000e+03 3.390440000000000120e-01
8.249500000000000000e+03 3.389980000000000215e-01
8.250000000000000000e+03 3.389530000000000043e-01
8.250500000000000000e+03 3.389650000000000163e-01
8.251000000000000000e+03 3.389759999999999995e-01
8.251500000000000000e+03 3.389880000000000115e-01
8.252000000000000000e+03 3.389989999999999948e-01
8.252500000000000000e+03 3.390119999999999800e-01
8.253000000000000000e+03 3.390239999999999920e-01
8.253500000000000000e+03 3.390349999999999753e-01
8.254000000000000000e+03 3.390469999999999873e-01
8.254500000000000000e+03 3.390589999999999993e-01
8.255000000000000000e+03 3.390699999999999825e-01
8.255500000000000000e+03 3.390819999999999945e-01
8.256000000000000000e+03 3.390929999999999778e-01
8.256500000000000000e+03 3.391049999999999898e-01
8.257000000000000000e+03 3.391170000000000018e-01
8.257500000000000000e+03 3.391279999999999850e-01
8.258000000000000000e+03 3.391399999999999970e-01
8.258500000000000000e+03 3.391509999999999803e-01
8.259000000000000000e+03 3.391620000000000190e-01
8.259500000000000000e+03 3.391730000000000023e-01
8.260000000000000000e+03 3.391839999999999855e-01
8.260500000000000000e+03 3.389300000000000090e-01
8.261000000000000000e+03 3.386759999999999771e-01
8.261500000000000000e+03 3.384220000000000006e-01
8.262000000000000000e+03 3.381680000000000241e-01
8.262500000000000000e+03 3.379139999999999922e-01
8.263000000000000000e+03 3.376609999999999889e-01
8.263500000000000000e+03 3.374070000000000125e-01
8.264000000000000000e+03 3.371540000000000092e-01
8.264500000000000000e+03 3.368999999999999773e-01
8.265000000000000000e+03 3.366469999999999740e-01
8.265500000000000000e+03 3.363929999999999976e-01
8.266000000000000000e+03 3.361399999999999944e-01
8.266500000000000000e+03 3.358869999999999911e-01
8.267000000000000000e+03 3.356339999999999879e-01
8.267500000000000000e+03 3.353809999999999847e-01
8.268000000000000000e+03 3.351270000000000082e-01
8.268500000000000000e+03 3.348749999999999782e-01
8.269000000000000000e+03 3.346230000000000038e-01
8.269500000000000000e+03 3.343700000000000006e-01
8.270000000000000000e+03 3.341169999999999973e-01
8.270500000000000000e+03 3.343169999999999753e-01
8.271000000000000000e+03 3.345159999999999800e-01
8.271500000000000000e+03 3.347160000000000135e-01
8.272000000000000000e+03 3.349170000000000202e-01
8.272500000000000000e+03 3.351160000000000250e-01
8.273000000000000000e+03 3.353160000000000029e-01
8.273500000000000000e+03 3.355150000000000077e-01
8.274000000000000000e+03 3.357140000000000124e-01
8.274500000000000000e+03 3.359130000000000171e-01
8.275000000000000000e+03 3.361129999999999951e-01
8.275500000000000000e+03 3.363119999999999998e-01
8.276000000000000000e+03 3.365110000000000046e-01
8.276500000000000000e+03 3.367089999999999805e-01
8.277000000000000000e+03 3.369079999999999853e-01
8.277500000000000000e+03 3.371069999999999900e-01
8.278000000000000000e+03 3.373059999999999947e-01
8.278500000000000000e+03 3.375029999999999974e-01
8.279000000000000000e+03 3.377009999999999734e-01
8.279500000000000000e+03 3.378999999999999782e-01
8.280000000000000000e+03 3.380980000000000096e-01
8.280500000000000000e+03 3.379440000000000222e-01
8.281000000000000000e+03 3.377899999999999792e-01
8.281500000000000000e+03 3.376350000000000184e-01
8.282000000000000000e+03 3.374800000000000022e-01
8.282500000000000000e+03 3.373260000000000147e-01
8.283000000000000000e+03 3.371720000000000272e-01
8.283500000000000000e+03 3.370179999999999843e-01
8.284000000000000000e+03 3.368639999999999968e-01
8.284500000000000000e+03 3.367089999999999805e-01
8.285000000000000000e+03 3.365549999999999931e-01
8.285500000000000000e+03 3.364010000000000056e-01
8.286000000000000000e+03 3.362470000000000181e-01
8.286500000000000000e+03 3.360929999999999751e-01
8.287000000000000000e+03 3.359389999999999876e-01
8.287500000000000000e+03 3.357850000000000001e-01
8.288000000000000000e+03 3.356310000000000127e-01
8.288500000000000000e+03 3.354770000000000252e-01
8.289000000000000000e+03 3.353229999999999822e-01
8.289500000000000000e+03 3.351689999999999947e-01
8.290000000000000000e+03 3.350159999999999805e-01
8.290500000000000000e+03 3.347780000000000200e-01
8.291000000000000000e+03 3.345400000000000040e-01
8.291500000000000000e+03 3.343030000000000168e-01
8.292000000000000000e+03 3.340659999999999741e-01
8.292500000000000000e+03 3.338289999999999869e-01
8.293000000000000000e+03 3.335919999999999996e-01
8.293500000000000000e+03 3.333559999999999857e-01
8.294000000000000000e+03 3.331189999999999984e-01
8.294500000000000000e+03 3.328829999999999845e-01
8.295000000000000000e+03 3.326470000000000260e-01
8.295500000000000000e+03 3.324099999999999833e-01
8.296000000000000000e+03 3.321729999999999960e-01
8.296500000000000000e+03 3.319369999999999821e-01
8.297000000000000000e+03 3.317019999999999968e-01
8.297500000000000000e+03 3.314659999999999829e-01
8.298000000000000000e+03 3.312289999999999957e-01
8.298500000000000000e+03 3.309929999999999817e-01
8.299000000000000000e+03 3.307570000000000232e-01
8.299500000000000000e+03 3.305219999999999825e-01
8.300000000000000000e+03 3.302869999999999973e-01
8.300500000000000000e+03 3.300509999999999833e-01
8.301000000000000000e+03 3.298139999999999961e-01
8.301500000000000000e+03 3.295790000000000108e-01
8.302000000000000000e+03 3.293429999999999969e-01
8.302500000000000000e+03 3.291069999999999829e-01
8.303000000000000000e+03 3.288719999999999977e-01
8.303500000000000000e+03 3.286370000000000124e-01
8.304000000000000000e+03 3.284020000000000272e-01
8.304500000000000000e+03 3.281660000000000132e-01
8.305000000000000000e+03 3.279299999999999993e-01
8.305500000000000000e+03 3.276950000000000141e-01
8.306000000000000000e+03 3.274599999999999733e-01
8.306500000000000000e+03 3.272249999999999881e-01
8.307000000000000000e+03 3.269900000000000029e-01
8.307500000000000000e+03 3.267550000000000177e-01
8.308000000000000000e+03 3.265210000000000057e-01
8.308500000000000000e+03 3.262860000000000205e-01
8.309000000000000000e+03 3.260520000000000085e-01
8.309500000000000000e+03 3.258170000000000233e-01
8.310000000000000000e+03 3.255819999999999825e-01
8.310500000000000000e+03 3.256390000000000118e-01
8.311000000000000000e+03 3.256959999999999855e-01
8.311500000000000000e+03 3.257519999999999860e-01
8.312000000000000000e+03 3.258079999999999865e-01
8.312500000000000000e+03 3.258650000000000158e-01
8.313000000000000000e+03 3.259219999999999895e-01
8.313500000000000000e+03 3.259779999999999900e-01
8.314000000000000000e+03 3.260330000000000172e-01
8.314500000000000000e+03 3.260890000000000177e-01
8.315000000000000000e+03 3.261450000000000182e-01
8.315500000000000000e+03 3.262019999999999920e-01
8.316000000000000000e+03 3.262579999999999925e-01
8.316500000000000000e+03 3.263139999999999930e-01
8.317000000000000000e+03 3.263699999999999934e-01
8.317500000000000000e+03 3.264250000000000207e-01
8.318000000000000000e+03 3.264799999999999924e-01
8.318500000000000000e+03 3.265350000000000197e-01
8.319000000000000000e+03 3.265910000000000202e-01
8.319500000000000000e+03 3.266470000000000207e-01
8.320000000000000000e+03 3.267019999999999924e-01
8.320500000000000000e+03 3.266689999999999872e-01
8.321000000000000000e+03 3.266359999999999819e-01
8.321500000000000000e+03 3.266029999999999767e-01
8.322000000000000000e+03 3.265700000000000269e-01
8.322500000000000000e+03 3.265370000000000217e-01
8.323000000000000000e+03 3.265029999999999877e-01
8.323500000000000000e+03 3.264690000000000092e-01
8.324000000000000000e+03 3.264349999999999752e-01
8.324500000000000000e+03 3.264029999999999987e-01
8.325000000000000000e+03 3.263699999999999934e-01
8.325500000000000000e+03 3.263369999999999882e-01
8.326000000000000000e+03 3.263030000000000097e-01
8.326500000000000000e+03 3.262700000000000045e-01
8.327000000000000000e+03 3.262369999999999992e-01
8.327500000000000000e+03 3.262030000000000207e-01
8.328000000000000000e+03 3.261700000000000155e-01
8.328500000000000000e+03 3.261370000000000102e-01
8.329000000000000000e+03 3.261029999999999762e-01
8.329500000000000000e+03 3.260700000000000265e-01
8.330000000000000000e+03 3.260359999999999925e-01
8.330500000000000000e+03 3.258750000000000258e-01
8.331000000000000000e+03 3.257140000000000035e-01
8.331500000000000000e+03 3.255529999999999813e-01
8.332000000000000000e+03 3.253929999999999878e-01
8.332500000000000000e+03 3.252320000000000211e-01
8.333000000000000000e+03 3.250709999999999988e-01
8.333500000000000000e+03 3.249099999999999766e-01
8.334000000000000000e+03 3.247490000000000099e-01
8.334500000000000000e+03 3.245890000000000164e-01
8.335000000000000000e+03 3.244290000000000229e-01
8.335500000000000000e+03 3.242689999999999739e-01
8.336000000000000000e+03 3.241080000000000072e-01
8.336500000000000000e+03 3.239469999999999850e-01
8.337000000000000000e+03 3.237869999999999915e-01
8.337500000000000000e+03 3.236269999999999980e-01
8.338000000000000000e+03 3.234659999999999758e-01
8.338500000000000000e+03 3.233059999999999823e-01
8.339000000000000000e+03 3.231459999999999888e-01
8.339500000000000000e+03 3.229859999999999953e-01
8.340000000000000000e+03 3.228249999999999731e-01
8.340500000000000000e+03 3.228059999999999818e-01
8.341000000000000000e+03 3.227869999999999906e-01
8.341500000000000000e+03 3.227679999999999993e-01
8.342000000000000000e+03 3.227479999999999793e-01
8.342500000000000000e+03 3.227289999999999881e-01
8.343000000000000000e+03 3.227099999999999969e-01
8.343500000000000000e+03 3.226899999999999769e-01
8.344000000000000000e+03 3.226709999999999856e-01
8.344500000000000000e+03 3.226510000000000211e-01
8.345000000000000000e+03 3.226319999999999744e-01
8.345500000000000000e+03 3.226120000000000099e-01
8.346000000000000000e+03 3.225919999999999899e-01
8.346500000000000000e+03 3.225720000000000254e-01
8.347000000000000000e+03 3.225529999999999786e-01
8.347500000000000000e+03 3.225330000000000141e-01
8.348000000000000000e+03 3.225129999999999941e-01
8.348500000000000000e+03 3.224940000000000029e-01
8.349000000000000000e+03 3.224739999999999829e-01
8.349500000000000000e+03 3.224540000000000184e-01
8.350000000000000000e+03 3.224339999999999984e-01
8.350500000000000000e+03 3.223670000000000146e-01
8.351000000000000000e+03 3.222979999999999734e-01
8.351500000000000000e+03 3.222300000000000164e-01
8.352000000000000000e+03 3.221609999999999752e-01
8.352500000000000000e+03 3.220919999999999894e-01
8.353000000000000000e+03 3.220239999999999769e-01
8.353500000000000000e+03 3.219549999999999912e-01
8.354000000000000000e+03 3.218860000000000054e-01
8.354500000000000000e+03 3.218170000000000197e-01
8.355000000000000000e+03 3.217479999999999785e-01
8.355500000000000000e+03 3.216800000000000215e-01
8.356000000000000000e+03 3.216109999999999802e-01
8.356500000000000000e+03 3.215430000000000232e-01
8.357000000000000000e+03 3.214739999999999820e-01
8.357500000000000000e+03 3.214060000000000250e-01
8.358000000000000000e+03 3.213369999999999838e-01
8.358500000000000000e+03 3.212690000000000268e-01
8.359000000000000000e+03 3.211999999999999855e-01
8.359500000000000000e+03 3.211309999999999998e-01
8.360000000000000000e+03 3.210620000000000140e-01
8.360500000000000000e+03 3.209600000000000231e-01
8.361000000000000000e+03 3.208570000000000033e-01
8.361500000000000000e+03 3.207539999999999836e-01
8.362000000000000000e+03 3.206510000000000193e-01
8.362500000000000000e+03 3.205489999999999728e-01
8.363000000000000000e+03 3.204469999999999819e-01
8.363500000000000000e+03 3.203440000000000176e-01
8.364000000000000000e+03 3.202409999999999979e-01
8.364500000000000000e+03 3.201390000000000069e-01
8.365000000000000000e+03 3.200359999999999872e-01
8.365500000000000000e+03 3.199330000000000229e-01
8.366000000000000000e+03 3.198309999999999764e-01
8.366500000000000000e+03 3.197280000000000122e-01
8.367000000000000000e+03 3.196249999999999925e-01
8.367500000000000000e+03 3.195230000000000015e-01
8.368000000000000000e+03 3.194199999999999817e-01
8.368500000000000000e+03 3.193179999999999907e-01
8.369000000000000000e+03 3.192150000000000265e-01
8.369500000000000000e+03 3.191120000000000068e-01
8.370000000000000000e+03 3.190100000000000158e-01
8.370500000000000000e+03 3.189890000000000225e-01
8.371000000000000000e+03 3.189690000000000025e-01
8.371500000000000000e+03 3.189480000000000093e-01
8.372000000000000000e+03 3.189270000000000160e-01
8.372500000000000000e+03 3.189060000000000228e-01
8.373000000000000000e+03 3.188849999999999740e-01
8.373500000000000000e+03 3.188639999999999808e-01
8.374000000000000000e+03 3.188429999999999875e-01
8.374500000000000000e+03 3.188219999999999943e-01
8.375000000000000000e+03 3.187999999999999723e-01
8.375500000000000000e+03 3.187789999999999790e-01
8.376000000000000000e+03 3.187579999999999858e-01
8.376500000000000000e+03 3.187369999999999925e-01
8.377000000000000000e+03 3.187150000000000261e-01
8.377500000000000000e+03 3.186939999999999773e-01
8.378000000000000000e+03 3.186729999999999841e-01
8.378500000000000000e+03 3.186510000000000176e-01
8.379000000000000000e+03 3.186289999999999956e-01
8.379500000000000000e+03 3.186080000000000023e-01
8.380000000000000000e+03 3.185870000000000091e-01
8.380500000000000000e+03 3.183239999999999958e-01
8.381000000000000000e+03 3.180609999999999826e-01
8.381500000000000000e+03 3.177989999999999982e-01
8.382000000000000000e+03 3.175370000000000137e-01
8.382500000000000000e+03 3.172749999999999737e-01
8.383000000000000000e+03 3.170120000000000160e-01
8.383500000000000000e+03 3.167510000000000048e-01
8.384000000000000000e+03 3.164890000000000203e-01
8.384500000000000000e+03 3.162269999999999803e-01
8.385000000000000000e+03 3.159640000000000226e-01
8.385500000000000000e+03 3.157019999999999826e-01
8.386000000000000000e+03 3.154410000000000269e-01
8.386500000000000000e+03 3.151789999999999869e-01
8.387000000000000000e+03 3.149170000000000025e-01
8.387500000000000000e+03 3.146550000000000180e-01
8.388000000000000000e+03 3.143940000000000068e-01
8.388500000000000000e+03 3.141320000000000223e-01
8.389000000000000000e+03 3.138699999999999823e-01
8.389500000000000000e+03 3.136090000000000266e-01
8.390000000000000000e+03 3.133469999999999867e-01
8.390500000000000000e+03 3.136240000000000139e-01
8.391000000000000000e+03 3.139009999999999856e-01
8.391500000000000000e+03 3.141769999999999841e-01
8.392000000000000000e+03 3.144529999999999825e-01
8.392500000000000000e+03 3.147289999999999810e-01
8.393000000000000000e+03 3.150049999999999795e-01
8.393500000000000000e+03 3.152809999999999779e-01
8.394000000000000000e+03 3.155569999999999764e-01
8.394500000000000000e+03 3.158329999999999749e-01
8.395000000000000000e+03 3.161089999999999733e-01
8.395500000000000000e+03 3.163839999999999986e-01
8.396000000000000000e+03 3.166590000000000238e-01
8.396500000000000000e+03 3.169350000000000223e-01
8.397000000000000000e+03 3.172110000000000207e-01
8.397500000000000000e+03 3.174859999999999904e-01
8.398000000000000000e+03 3.177619999999999889e-01
8.398500000000000000e+03 3.180370000000000141e-01
8.399000000000000000e+03 3.183119999999999838e-01
8.399500000000000000e+03 3.185870000000000091e-01
8.400000000000000000e+03 3.188619999999999788e-01
8.400500000000000000e+03 3.185160000000000213e-01
8.401000000000000000e+03 3.181709999999999816e-01
8.401500000000000000e+03 3.178239999999999954e-01
8.402000000000000000e+03 3.174779999999999824e-01
8.402500000000000000e+03 3.171320000000000250e-01
8.403000000000000000e+03 3.167869999999999853e-01
8.403500000000000000e+03 3.164409999999999723e-01
8.404000000000000000e+03 3.160950000000000149e-01
8.404500000000000000e+03 3.157510000000000039e-01
8.405000000000000000e+03 3.154060000000000197e-01
8.405500000000000000e+03 3.150609999999999800e-01
8.406000000000000000e+03 3.147170000000000245e-01
8.406500000000000000e+03 3.143730000000000135e-01
8.407000000000000000e+03 3.140290000000000026e-01
8.407500000000000000e+03 3.136860000000000204e-01
8.408000000000000000e+03 3.133429999999999827e-01
8.408500000000000000e+03 3.129990000000000272e-01
8.409000000000000000e+03 3.126559999999999895e-01
8.409500000000000000e+03 3.123130000000000073e-01
8.410000000000000000e+03 3.119700000000000251e-01
8.410500000000000000e+03 3.120120000000000116e-01
8.411000000000000000e+03 3.120539999999999980e-01
8.411500000000000000e+03 3.120959999999999845e-01
8.412000000000000000e+03 3.121380000000000265e-01
8.412500000000000000e+03 3.121800000000000130e-01
8.413000000000000000e+03 3.122219999999999995e-01
8.413500000000000000e+03 3.122639999999999860e-01
8.414000000000000000e+03 3.123059999999999725e-01
8.414500000000000000e+03 3.123480000000000145e-01
8.415000000000000000e+03 3.123889999999999723e-01
8.415500000000000000e+03 3.124310000000000143e-01
8.416000000000000000e+03 3.124720000000000275e-01
8.416500000000000000e+03 3.125140000000000140e-01
8.417000000000000000e+03 3.125550000000000272e-01
8.417500000000000000e+03 3.125959999999999850e-01
8.418000000000000000e+03 3.126369999999999982e-01
8.418500000000000000e+03 3.126780000000000115e-01
8.419000000000000000e+03 3.127190000000000247e-01
8.419500000000000000e+03 3.127599999999999825e-01
8.420000000000000000e+03 3.128000000000000225e-01
8.420500000000000000e+03 3.128190000000000137e-01
8.421000000000000000e+03 3.128380000000000050e-01
8.421500000000000000e+03 3.128560000000000230e-01
8.422000000000000000e+03 3.128739999999999855e-01
8.422500000000000000e+03 3.128909999999999747e-01
8.423000000000000000e+03 3.129089999999999927e-01
8.423500000000000000e+03 3.129270000000000107e-01
8.424000000000000000e+03 3.129449999999999732e-01
8.424500000000000000e+03 3.129629999999999912e-01
8.425000000000000000e+03 3.129799999999999804e-01
8.425500000000000000e+03 3.129979999999999984e-01
8.426000000000000000e+03 3.130160000000000164e-01
8.426500000000000000e+03 3.130339999999999789e-01
8.427000000000000000e+03 3.130510000000000237e-01
8.427500000000000000e+03 3.130689999999999862e-01
8.428000000000000000e+03 3.130859999999999754e-01
8.428500000000000000e+03 3.131030000000000202e-01
8.429000000000000000e+03 3.131200000000000094e-01
8.429500000000000000e+03 3.131380000000000274e-01
8.430000000000000000e+03 3.131550000000000167e-01
8.430500000000000000e+03 3.130330000000000057e-01
8.431000000000000000e+03 3.129100000000000215e-01
8.431500000000000000e+03 3.127869999999999817e-01
8.432000000000000000e+03 3.126639999999999975e-01
8.432500000000000000e+03 3.125410000000000132e-01
8.433000000000000000e+03 3.124179999999999735e-01
8.433500000000000000e+03 3.122960000000000180e-01
8.434000000000000000e+03 3.121729999999999783e-01
8.434500000000000000e+03 3.120499999999999940e-01
8.435000000000000000e+03 3.119270000000000098e-01
8.435500000000000000e+03 3.118049999999999988e-01
8.436000000000000000e+03 3.116820000000000146e-01
8.436500000000000000e+03 3.115600000000000036e-01
8.437000000000000000e+03 3.114370000000000194e-01
8.437500000000000000e+03 3.113139999999999796e-01
8.438000000000000000e+03 3.111920000000000242e-01
8.438500000000000000e+03 3.110689999999999844e-01
8.439000000000000000e+03 3.109469999999999734e-01
8.439500000000000000e+03 3.108239999999999892e-01
8.440000000000000000e+03 3.107019999999999782e-01
8.440500000000000000e+03 3.106749999999999790e-01
8.441000000000000000e+03 3.106479999999999797e-01
8.441500000000000000e+03 3.106220000000000092e-01
8.442000000000000000e+03 3.105950000000000100e-01
8.442500000000000000e+03 3.105689999999999840e-01
8.443000000000000000e+03 3.105419999999999847e-01
8.443500000000000000e+03 3.105149999999999855e-01
8.444000000000000000e+03 3.104890000000000150e-01
8.444500000000000000e+03 3.104620000000000157e-01
8.445000000000000000e+03 3.104339999999999877e-01
8.445500000000000000e+03 3.104069999999999885e-01
8.446000000000000000e+03 3.103799999999999892e-01
8.446500000000000000e+03 3.103540000000000187e-01
8.447000000000000000e+03 3.103270000000000195e-01
8.447500000000000000e+03 3.103000000000000203e-01
8.448000000000000000e+03 3.102719999999999922e-01
8.448500000000000000e+03 3.102449999999999930e-01
8.449000000000000000e+03 3.102190000000000225e-01
8.449500000000000000e+03 3.101920000000000233e-01
8.450000000000000000e+03 3.101650000000000240e-01
8.450500000000000000e+03 3.097079999999999833e-01
8.451000000000000000e+03 3.092509999999999981e-01
8.451500000000000000e+03 3.087949999999999862e-01
8.452000000000000000e+03 3.083389999999999742e-01
8.452500000000000000e+03 3.078830000000000178e-01
8.453000000000000000e+03 3.074270000000000058e-01
8.453500000000000000e+03 3.069720000000000226e-01
8.454000000000000000e+03 3.065169999999999839e-01
8.454500000000000000e+03 3.060620000000000007e-01
8.455000000000000000e+03 3.056070000000000175e-01
8.455500000000000000e+03 3.051519999999999788e-01
8.456000000000000000e+03 3.046980000000000244e-01
8.456500000000000000e+03 3.042440000000000144e-01
8.457000000000000000e+03 3.037900000000000045e-01
8.457500000000000000e+03 3.033359999999999945e-01
8.458000000000000000e+03 3.028819999999999846e-01
8.458500000000000000e+03 3.024290000000000034e-01
8.459000000000000000e+03 3.019760000000000222e-01
8.459500000000000000e+03 3.015229999999999855e-01
8.460000000000000000e+03 3.010700000000000043e-01
8.460500000000000000e+03 3.012469999999999870e-01
8.461000000000000000e+03 3.014249999999999985e-01
8.461500000000000000e+03 3.016010000000000080e-01
8.462000000000000000e+03 3.017779999999999907e-01
8.462500000000000000e+03 3.019540000000000002e-01
8.463000000000000000e+03 3.021309999999999829e-01
8.463500000000000000e+03 3.023069999999999924e-01
8.464000000000000000e+03 3.024839999999999751e-01
8.464500000000000000e+03 3.026599999999999846e-01
8.465000000000000000e+03 3.028359999999999941e-01
8.465500000000000000e+03 3.030120000000000036e-01
8.466000000000000000e+03 3.031869999999999843e-01
8.466500000000000000e+03 3.033620000000000205e-01
8.467000000000000000e+03 3.035379999999999745e-01
8.467500000000000000e+03 3.037130000000000107e-01
8.468000000000000000e+03 3.038870000000000182e-01
8.468500000000000000e+03 3.040619999999999989e-01
8.469000000000000000e+03 3.042369999999999797e-01
8.469500000000000000e+03 3.044109999999999872e-01
8.470000000000000000e+03 3.045849999999999946e-01
8.470500000000000000e+03 3.045510000000000161e-01
8.471000000000000000e+03 3.045160000000000089e-01
8.471500000000000000e+03 3.044819999999999749e-01
8.472000000000000000e+03 3.044479999999999964e-01
8.472500000000000000e+03 3.044129999999999892e-01
8.473000000000000000e+03 3.043770000000000087e-01
8.473500000000000000e+03 3.043429999999999747e-01
8.474000000000000000e+03 3.043080000000000229e-01
8.474500000000000000e+03 3.042739999999999889e-01
8.475000000000000000e+03 3.042400000000000104e-01
8.475500000000000000e+03 3.042039999999999744e-01
8.476000000000000000e+03 3.041690000000000227e-01
8.476500000000000000e+03 3.041340000000000154e-01
8.477000000000000000e+03 3.040999999999999814e-01
8.477500000000000000e+03 3.040649999999999742e-01
8.478000000000000000e+03 3.040300000000000225e-01
8.478500000000000000e+03 3.039950000000000152e-01
8.479000000000000000e+03 3.039589999999999792e-01
8.479500000000000000e+03 3.039240000000000275e-01
8.480000000000000000e+03 3.038890000000000202e-01
8.480500000000000000e+03 3.038000000000000145e-01
8.481000000000000000e+03 3.037110000000000087e-01
8.481500000000000000e+03 3.036220000000000030e-01
8.482000000000000000e+03 3.035329999999999973e-01
8.482500000000000000e+03 3.034430000000000183e-01
8.483000000000000000e+03 3.033540000000000125e-01
8.483500000000000000e+03 3.032639999999999780e-01
8.484000000000000000e+03 3.031739999999999990e-01
8.484500000000000000e+03 3.030849999999999933e-01
8.485000000000000000e+03 3.029959999999999876e-01
8.485500000000000000e+03 3.029060000000000086e-01
8.486000000000000000e+03 3.028170000000000028e-01
8.486500000000000000e+03 3.027270000000000238e-01
8.487000000000000000e+03 3.026369999999999894e-01
8.487500000000000000e+03 3.025470000000000104e-01
8.488000000000000000e+03 3.024569999999999759e-01
8.488500000000000000e+03 3.023680000000000256e-01
8.489000000000000000e+03 3.022779999999999911e-01
8.489500000000000000e+03 3.021880000000000122e-01
8.490000000000000000e+03 3.020979999999999777e-01
8.490500000000000000e+03 3.018009999999999859e-01
8.491000000000000000e+03 3.015030000000000210e-01
8.491500000000000000e+03 3.012050000000000005e-01
8.492000000000000000e+03 3.009080000000000088e-01
8.492500000000000000e+03 3.006110000000000171e-01
8.493000000000000000e+03 3.003129999999999966e-01
8.493500000000000000e+03 3.000169999999999781e-01
8.494000000000000000e+03 2.997199999999999864e-01
8.494500000000000000e+03 2.994240000000000235e-01
8.495000000000000000e+03 2.991280000000000050e-01
8.495500000000000000e+03 2.988310000000000133e-01
8.496000000000000000e+03 2.985349999999999948e-01
8.496500000000000000e+03 2.982389999999999763e-01
8.497000000000000000e+03 2.979439999999999866e-01
8.497500000000000000e+03 2.976480000000000237e-01
8.498000000000000000e+03 2.973520000000000052e-01
8.498500000000000000e+03 2.970570000000000155e-01
8.499000000000000000e+03 2.967609999999999970e-01
8.499500000000000000e+03 2.964660000000000073e-01
8.500000000000000000e+03 2.961710000000000176e-01
8.500500000000000000e+03 2.962299999999999933e-01
8.501000000000000000e+03 2.962879999999999958e-01
8.501500000000000000e+03 2.963450000000000251e-01
8.502000000000000000e+03 2.964030000000000276e-01
8.502500000000000000e+03 2.964600000000000013e-01
8.503000000000000000e+03 2.965180000000000038e-01
8.503500000000000000e+03 2.965749999999999775e-01
8.504000000000000000e+03 2.966329999999999800e-01
8.504500000000000000e+03 2.966900000000000093e-01
8.505000000000000000e+03 2.967480000000000118e-01
8.505500000000000000e+03 2.968049999999999855e-01
8.506000000000000000e+03 2.968620000000000148e-01
8.506500000000000000e+03 2.969180000000000152e-01
8.507000000000000000e+03 2.969740000000000157e-01
8.507500000000000000e+03 2.970309999999999895e-01
8.508000000000000000e+03 2.970880000000000187e-01
8.508500000000000000e+03 2.971440000000000192e-01
8.509000000000000000e+03 2.972009999999999930e-01
8.509500000000000000e+03 2.972569999999999935e-01
8.510000000000000000e+03 2.973140000000000227e-01
8.510500000000000000e+03 2.971710000000000185e-01
8.511000000000000000e+03 2.970280000000000142e-01
8.511500000000000000e+03 2.968850000000000100e-01
8.512000000000000000e+03 2.967429999999999790e-01
8.512500000000000000e+03 2.965999999999999748e-01
8.513000000000000000e+03 2.964579999999999993e-01
8.513500000000000000e+03 2.963149999999999951e-01
8.514000000000000000e+03 2.961730000000000196e-01
8.514500000000000000e+03 2.960300000000000153e-01
8.515000000000000000e+03 2.958870000000000111e-01
8.515500000000000000e+03 2.957449999999999801e-01
8.516000000000000000e+03 2.956030000000000046e-01
8.516500000000000000e+03 2.954600000000000004e-01
8.517000000000000000e+03 2.953180000000000249e-01
8.517500000000000000e+03 2.951759999999999939e-01
8.518000000000000000e+03 2.950340000000000185e-01
8.518500000000000000e+03 2.948910000000000142e-01
8.519000000000000000e+03 2.947480000000000100e-01
8.519500000000000000e+03 2.946059999999999790e-01
8.520000000000000000e+03 2.944629999999999748e-01
8.520500000000000000e+03 2.948520000000000030e-01
8.521000000000000000e+03 2.952409999999999757e-01
8.521500000000000000e+03 2.956300000000000039e-01
8.522000000000000000e+03 2.960180000000000033e-01
8.522500000000000000e+03 2.964060000000000028e-01
8.523000000000000000e+03 2.967929999999999735e-01
8.523500000000000000e+03 2.971809999999999730e-01
8.524000000000000000e+03 2.975689999999999724e-01
8.524500000000000000e+03 2.979550000000000254e-01
8.525000000000000000e+03 2.983419999999999961e-01
8.525500000000000000e+03 2.987290000000000223e-01
8.526000000000000000e+03 2.991150000000000198e-01
8.526500000000000000e+03 2.995010000000000172e-01
8.527000000000000000e+03 2.998859999999999859e-01
8.527500000000000000e+03 3.002719999999999834e-01
8.528000000000000000e+03 3.006559999999999788e-01
8.528500000000000000e+03 3.010419999999999763e-01
8.529000000000000000e+03 3.014260000000000272e-01
8.529500000000000000e+03 3.018109999999999959e-01
8.530000000000000000e+03 3.021949999999999914e-01
8.530500000000000000e+03 3.015530000000000155e-01
8.531000000000000000e+03 3.009109999999999840e-01
8.531500000000000000e+03 3.002699999999999814e-01
8.532000000000000000e+03 2.996300000000000074e-01
8.532500000000000000e+03 2.989890000000000048e-01
8.533000000000000000e+03 2.983480000000000021e-01
8.533500000000000000e+03 2.977079999999999727e-01
8.534000000000000000e+03 2.970690000000000275e-01
8.534500000000000000e+03 2.964300000000000268e-01
8.535000000000000000e+03 2.957910000000000261e-01
8.535500000000000000e+03 2.951540000000000274e-01
8.536000000000000000e+03 2.945160000000000000e-01
8.536500000000000000e+03 2.938790000000000013e-01
8.537000000000000000e+03 2.932420000000000027e-01
8.537500000000000000e+03 2.926059999999999772e-01
8.538000000000000000e+03 2.919700000000000073e-01
8.538500000000000000e+03 2.913350000000000106e-01
8.539000000000000000e+03 2.907000000000000139e-01
8.539500000000000000e+03 2.900650000000000173e-01
8.540000000000000000e+03 2.894300000000000206e-01
8.540500000000000000e+03 2.896070000000000033e-01
8.541000000000000000e+03 2.897830000000000128e-01
8.541500000000000000e+03 2.899579999999999935e-01
8.542000000000000000e+03 2.901329999999999742e-01
8.542500000000000000e+03 2.903080000000000105e-01
8.543000000000000000e+03 2.904840000000000200e-01
8.543500000000000000e+03 2.906590000000000007e-01
8.544000000000000000e+03 2.908339999999999814e-01
8.544500000000000000e+03 2.910079999999999889e-01
8.545000000000000000e+03 2.911830000000000251e-01
8.545500000000000000e+03 2.913569999999999771e-01
8.546000000000000000e+03 2.915320000000000134e-01
8.546500000000000000e+03 2.917060000000000208e-01
8.547000000000000000e+03 2.918799999999999728e-01
8.547500000000000000e+03 2.920539999999999803e-01
8.548000000000000000e+03 2.922270000000000145e-01
8.548500000000000000e+03 2.924010000000000220e-01
8.549000000000000000e+03 2.925749999999999740e-01
8.549500000000000000e+03 2.927489999999999815e-01
8.550000000000000000e+03 2.929220000000000157e-01
8.550500000000000000e+03 2.931110000000000104e-01
8.551000000000000000e+03 2.933000000000000052e-01
8.551500000000000000e+03 2.934880000000000266e-01
8.552000000000000000e+03 2.936750000000000194e-01
8.552500000000000000e+03 2.938640000000000141e-01
8.553000000000000000e+03 2.940519999999999801e-01
8.553500000000000000e+03 2.942400000000000015e-01
8.554000000000000000e+03 2.944269999999999943e-01
8.554500000000000000e+03 2.946150000000000158e-01
8.555000000000000000e+03 2.948029999999999817e-01
8.555500000000000000e+03 2.949899999999999745e-01
8.556000000000000000e+03 2.951770000000000227e-01
8.556500000000000000e+03 2.953640000000000154e-01
8.557000000000000000e+03 2.955499999999999794e-01
8.557500000000000000e+03 2.957370000000000276e-01
8.558000000000000000e+03 2.959229999999999916e-01
8.558500000000000000e+03 2.961090000000000111e-01
8.559000000000000000e+03 2.962949999999999751e-01
8.559500000000000000e+03 2.964809999999999945e-01
8.560000000000000000e+03 2.966670000000000140e-01
8.560500000000000000e+03 2.967389999999999750e-01
8.561000000000000000e+03 2.968109999999999915e-01
8.561500000000000000e+03 2.968830000000000080e-01
8.562000000000000000e+03 2.969550000000000245e-01
8.562500000000000000e+03 2.970269999999999855e-01
8.563000000000000000e+03 2.970979999999999732e-01
8.563500000000000000e+03 2.971699999999999897e-01
8.564000000000000000e+03 2.972409999999999775e-01
8.564500000000000000e+03 2.973129999999999939e-01
8.565000000000000000e+03 2.973850000000000104e-01
8.565500000000000000e+03 2.974559999999999982e-01
8.566000000000000000e+03 2.975269999999999859e-01
8.566500000000000000e+03 2.975979999999999737e-01
8.567000000000000000e+03 2.976699999999999902e-01
8.567500000000000000e+03 2.977400000000000047e-01
8.568000000000000000e+03 2.978109999999999924e-01
8.568500000000000000e+03 2.978819999999999801e-01
8.569000000000000000e+03 2.979530000000000234e-01
8.569500000000000000e+03 2.980229999999999824e-01
8.570000000000000000e+03 2.980940000000000256e-01
8.570500000000000000e+03 2.974019999999999997e-01
8.571000000000000000e+03 2.967099999999999738e-01
8.571500000000000000e+03 2.960180000000000033e-01
8.572000000000000000e+03 2.953270000000000062e-01
8.572500000000000000e+03 2.946360000000000090e-01
8.573000000000000000e+03 2.939459999999999851e-01
8.573500000000000000e+03 2.932560000000000167e-01
8.574000000000000000e+03 2.925670000000000215e-01
8.574500000000000000e+03 2.918769999999999976e-01
8.575000000000000000e+03 2.911869999999999736e-01
8.575500000000000000e+03 2.904990000000000072e-01
8.576000000000000000e+03 2.898109999999999853e-01
8.576500000000000000e+03 2.891230000000000189e-01
8.577000000000000000e+03 2.884349999999999969e-01
8.577500000000000000e+03 2.877489999999999770e-01
8.578000000000000000e+03 2.870619999999999838e-01
8.578500000000000000e+03 2.863749999999999907e-01
8.579000000000000000e+03 2.856890000000000263e-01
8.579500000000000000e+03 2.850039999999999796e-01
8.580000000000000000e+03 2.843180000000000152e-01
8.580500000000000000e+03 2.847049999999999859e-01
8.581000000000000000e+03 2.850900000000000101e-01
8.581500000000000000e+03 2.854760000000000075e-01
8.582000000000000000e+03 2.858609999999999762e-01
8.582500000000000000e+03 2.862460000000000004e-01
8.583000000000000000e+03 2.866310000000000247e-01
8.583500000000000000e+03 2.870150000000000201e-01
8.584000000000000000e+03 2.873979999999999868e-01
8.584500000000000000e+03 2.877819999999999823e-01
8.585000000000000000e+03 2.881659999999999777e-01
8.585500000000000000e+03 2.885489999999999999e-01
8.586000000000000000e+03 2.889320000000000221e-01
8.586500000000000000e+03 2.893140000000000156e-01
8.587000000000000000e+03 2.896960000000000091e-01
8.587500000000000000e+03 2.900780000000000025e-01
8.588000000000000000e+03 2.904590000000000227e-01
8.588500000000000000e+03 2.908399999999999874e-01
8.589000000000000000e+03 2.912210000000000076e-01
8.589500000000000000e+03 2.916019999999999723e-01
8.590000000000000000e+03 2.919820000000000193e-01
8.590500000000000000e+03 2.915679999999999938e-01
8.591000000000000000e+03 2.911540000000000239e-01
8.591500000000000000e+03 2.907390000000000252e-01
8.592000000000000000e+03 2.903240000000000265e-01
8.592500000000000000e+03 2.899100000000000010e-01
8.593000000000000000e+03 2.894959999999999756e-01
8.593500000000000000e+03 2.890829999999999789e-01
8.594000000000000000e+03 2.886699999999999822e-01
8.594500000000000000e+03 2.882569999999999855e-01
8.595000000000000000e+03 2.878439999999999888e-01
8.595500000000000000e+03 2.874300000000000188e-01
8.596000000000000000e+03 2.870170000000000221e-01
8.596500000000000000e+03 2.866040000000000254e-01
8.597000000000000000e+03 2.861929999999999752e-01
8.597500000000000000e+03 2.857799999999999785e-01
8.598000000000000000e+03 2.853689999999999838e-01
8.598500000000000000e+03 2.849570000000000158e-01
8.599000000000000000e+03 2.845460000000000211e-01
8.599500000000000000e+03 2.841339999999999977e-01
8.600000000000000000e+03 2.837230000000000030e-01
8.600500000000000000e+03 2.836719999999999797e-01
8.601000000000000000e+03 2.836199999999999832e-01
8.601500000000000000e+03 2.835679999999999867e-01
8.602000000000000000e+03 2.835159999999999902e-01
8.602500000000000000e+03 2.834650000000000225e-01
8.603000000000000000e+03 2.834119999999999973e-01
8.603500000000000000e+03 2.833609999999999740e-01
8.604000000000000000e+03 2.833089999999999775e-01
8.604500000000000000e+03 2.832580000000000098e-01
8.605000000000000000e+03 2.832060000000000133e-01
8.605500000000000000e+03 2.831540000000000168e-01
8.606000000000000000e+03 2.831029999999999935e-01
8.606500000000000000e+03 2.830509999999999970e-01
8.607000000000000000e+03 2.829990000000000006e-01
8.607500000000000000e+03 2.829459999999999753e-01
8.608000000000000000e+03 2.828939999999999788e-01
8.608500000000000000e+03 2.828419999999999823e-01
8.609000000000000000e+03 2.827899999999999858e-01
8.609500000000000000e+03 2.827379999999999893e-01
8.610000000000000000e+03 2.826859999999999928e-01
8.610500000000000000e+03 2.825779999999999959e-01
8.611000000000000000e+03 2.824710000000000276e-01
8.611500000000000000e+03 2.823629999999999751e-01
8.612000000000000000e+03 2.822549999999999781e-01
8.612500000000000000e+03 2.821469999999999811e-01
8.613000000000000000e+03 2.820389999999999842e-01
8.613500000000000000e+03 2.819320000000000159e-01
8.614000000000000000e+03 2.818240000000000189e-01
8.614500000000000000e+03 2.817169999999999952e-01
8.615000000000000000e+03 2.816100000000000270e-01
8.615500000000000000e+03 2.815019999999999745e-01
8.616000000000000000e+03 2.813939999999999775e-01
8.616500000000000000e+03 2.812859999999999805e-01
8.617000000000000000e+03 2.811790000000000123e-01
8.617500000000000000e+03 2.810710000000000153e-01
8.618000000000000000e+03 2.809630000000000183e-01
8.618500000000000000e+03 2.808550000000000213e-01
8.619000000000000000e+03 2.807479999999999976e-01
8.619500000000000000e+03 2.806400000000000006e-01
8.620000000000000000e+03 2.805329999999999768e-01
8.620500000000000000e+03 2.806199999999999806e-01
8.621000000000000000e+03 2.807069999999999843e-01
8.621500000000000000e+03 2.807939999999999880e-01
8.622000000000000000e+03 2.808809999999999918e-01
8.622500000000000000e+03 2.809670000000000223e-01
8.623000000000000000e+03 2.810540000000000260e-01
8.623500000000000000e+03 2.811400000000000010e-01
8.624000000000000000e+03 2.812259999999999760e-01
8.624500000000000000e+03 2.813120000000000065e-01
8.625000000000000000e+03 2.813979999999999815e-01
8.625500000000000000e+03 2.814829999999999832e-01
8.626000000000000000e+03 2.815690000000000137e-01
8.626500000000000000e+03 2.816549999999999887e-01
8.627000000000000000e+03 2.817410000000000192e-01
8.627500000000000000e+03 2.818260000000000209e-01
8.628000000000000000e+03 2.819110000000000227e-01
8.628500000000000000e+03 2.819969999999999977e-01
8.629000000000000000e+03 2.820819999999999994e-01
8.629500000000000000e+03 2.821659999999999724e-01
8.630000000000000000e+03 2.822500000000000009e-01
8.630500000000000000e+03 2.821699999999999764e-01
8.631000000000000000e+03 2.820900000000000074e-01
8.631500000000000000e+03 2.820099999999999829e-01
8.632000000000000000e+03 2.819289999999999852e-01
8.632500000000000000e+03 2.818490000000000162e-01
8.633000000000000000e+03 2.817680000000000184e-01
8.633500000000000000e+03 2.816879999999999939e-01
8.634000000000000000e+03 2.816069999999999962e-01
8.634500000000000000e+03 2.815270000000000272e-01
8.635000000000000000e+03 2.814470000000000027e-01
8.635500000000000000e+03 2.813660000000000050e-01
8.636000000000000000e+03 2.812859999999999805e-01
8.636500000000000000e+03 2.812049999999999828e-01
8.637000000000000000e+03 2.811250000000000138e-01
8.637500000000000000e+03 2.810449999999999893e-01
8.638000000000000000e+03 2.809639999999999915e-01
8.638500000000000000e+03 2.808840000000000225e-01
8.639000000000000000e+03 2.808030000000000248e-01
8.639500000000000000e+03 2.807230000000000003e-01
8.640000000000000000e+03 2.806420000000000026e-01
8.640500000000000000e+03 2.803370000000000029e-01
8.641000000000000000e+03 2.800309999999999744e-01
8.641500000000000000e+03 2.797259999999999747e-01
8.642000000000000000e+03 2.794220000000000037e-01
8.642500000000000000e+03 2.791170000000000040e-01
8.643000000000000000e+03 2.788120000000000043e-01
8.643500000000000000e+03 2.785070000000000046e-01
8.644000000000000000e+03 2.782029999999999781e-01
8.644500000000000000e+03 2.778979999999999784e-01
8.645000000000000000e+03 2.775929999999999787e-01
8.645500000000000000e+03 2.772890000000000077e-01
8.646000000000000000e+03 2.769849999999999812e-01
8.646500000000000000e+03 2.766810000000000103e-01
8.647000000000000000e+03 2.763769999999999838e-01
8.647500000000000000e+03 2.760739999999999861e-01
8.648000000000000000e+03 2.757700000000000151e-01
8.648500000000000000e+03 2.754659999999999886e-01
8.649000000000000000e+03 2.751620000000000177e-01
8.649500000000000000e+03 2.748590000000000200e-01
8.650000000000000000e+03 2.745560000000000223e-01
8.650500000000000000e+03 2.746319999999999872e-01
8.651000000000000000e+03 2.747069999999999790e-01
8.651500000000000000e+03 2.747820000000000262e-01
8.652000000000000000e+03 2.748570000000000180e-01
8.652500000000000000e+03 2.749320000000000097e-01
8.653000000000000000e+03 2.750070000000000014e-01
8.653500000000000000e+03 2.750810000000000199e-01
8.654000000000000000e+03 2.751560000000000117e-01
8.654500000000000000e+03 2.752299999999999747e-01
8.655000000000000000e+03 2.753039999999999932e-01
8.655500000000000000e+03 2.753789999999999849e-01
8.656000000000000000e+03 2.754530000000000034e-01
8.656500000000000000e+03 2.755270000000000219e-01
8.657000000000000000e+03 2.756020000000000136e-01
8.657500000000000000e+03 2.756759999999999766e-01
8.658000000000000000e+03 2.757499999999999951e-01
8.658500000000000000e+03 2.758229999999999849e-01
8.659000000000000000e+03 2.758959999999999746e-01
8.659500000000000000e+03 2.759699999999999931e-01
8.660000000000000000e+03 2.760440000000000116e-01
8.660500000000000000e+03 2.759650000000000158e-01
8.661000000000000000e+03 2.758849999999999913e-01
8.661500000000000000e+03 2.758050000000000224e-01
8.662000000000000000e+03 2.757249999999999979e-01
8.662500000000000000e+03 2.756449999999999734e-01
8.663000000000000000e+03 2.755650000000000044e-01
8.663500000000000000e+03 2.754849999999999799e-01
8.664000000000000000e+03 2.754059999999999842e-01
8.664500000000000000e+03 2.753260000000000152e-01
8.665000000000000000e+03 2.752459999999999907e-01
8.665500000000000000e+03 2.751660000000000217e-01
8.666000000000000000e+03 2.750859999999999972e-01
8.666500000000000000e+03 2.750070000000000014e-01
8.667000000000000000e+03 2.749269999999999770e-01
8.667500000000000000e+03 2.748479999999999812e-01
8.668000000000000000e+03 2.747680000000000122e-01
8.668500000000000000e+03 2.746879999999999877e-01
8.669000000000000000e+03 2.746080000000000187e-01
8.669500000000000000e+03 2.745279999999999943e-01
8.670000000000000000e+03 2.744489999999999985e-01
8.670500000000000000e+03 2.741589999999999860e-01
8.671000000000000000e+03 2.738700000000000023e-01
8.671500000000000000e+03 2.735799999999999899e-01
8.672000000000000000e+03 2.732899999999999774e-01
8.672500000000000000e+03 2.730000000000000204e-01
8.673000000000000000e+03 2.727109999999999812e-01
8.673500000000000000e+03 2.724219999999999975e-01
8.674000000000000000e+03 2.721330000000000138e-01
8.674500000000000000e+03 2.718450000000000033e-01
8.675000000000000000e+03 2.715560000000000196e-01
8.675500000000000000e+03 2.712669999999999804e-01
8.676000000000000000e+03 2.709779999999999966e-01
8.676500000000000000e+03 2.706899999999999862e-01
8.677000000000000000e+03 2.704019999999999757e-01
8.677500000000000000e+03 2.701140000000000208e-01
8.678000000000000000e+03 2.698269999999999835e-01
8.678500000000000000e+03 2.695389999999999731e-01
8.679000000000000000e+03 2.692519999999999913e-01
8.679500000000000000e+03 2.689650000000000096e-01
8.680000000000000000e+03 2.686769999999999992e-01
8.680500000000000000e+03 2.686999999999999944e-01
8.681000000000000000e+03 2.687220000000000164e-01
8.681500000000000000e+03 2.687450000000000117e-01
8.682000000000000000e+03 2.687680000000000069e-01
8.682500000000000000e+03 2.687899999999999734e-01
8.683000000000000000e+03 2.688130000000000241e-01
8.683500000000000000e+03 2.688349999999999906e-01
8.684000000000000000e+03 2.688570000000000126e-01
8.684500000000000000e+03 2.688800000000000079e-01
8.685000000000000000e+03 2.689019999999999744e-01
8.685500000000000000e+03 2.689239999999999964e-01
8.686000000000000000e+03 2.689460000000000184e-01
8.686500000000000000e+03 2.689679999999999849e-01
8.687000000000000000e+03 2.689900000000000069e-01
8.687500000000000000e+03 2.690119999999999734e-01
8.688000000000000000e+03 2.690339999999999954e-01
8.688500000000000000e+03 2.690560000000000174e-01
8.689000000000000000e+03 2.690770000000000106e-01
8.689500000000000000e+03 2.690980000000000039e-01
8.690000000000000000e+03 2.691200000000000259e-01
8.690500000000000000e+03 2.689909999999999801e-01
8.691000000000000000e+03 2.688610000000000166e-01
8.691500000000000000e+03 2.687309999999999977e-01
8.692000000000000000e+03 2.686009999999999787e-01
8.692500000000000000e+03 2.684710000000000152e-01
8.693000000000000000e+03 2.683420000000000250e-01
8.693500000000000000e+03 2.682129999999999792e-01
8.694000000000000000e+03 2.680830000000000157e-01
8.694500000000000000e+03 2.679540000000000255e-01
8.695000000000000000e+03 2.678240000000000065e-01
8.695500000000000000e+03 2.676950000000000163e-01
8.696000000000000000e+03 2.675660000000000260e-01
8.696500000000000000e+03 2.674349999999999783e-01
8.697000000000000000e+03 2.673050000000000148e-01
8.697500000000000000e+03 2.671760000000000246e-01
8.698000000000000000e+03 2.670469999999999788e-01
8.698500000000000000e+03 2.669170000000000154e-01
8.699000000000000000e+03 2.667880000000000251e-01
8.699500000000000000e+03 2.666589999999999794e-01
8.700000000000000000e+03 2.665299999999999891e-01
8.700500000000000000e+03 2.662999999999999812e-01
8.701000000000000000e+03 2.660699999999999732e-01
8.701500000000000000e+03 2.658400000000000207e-01
8.702000000000000000e+03 2.656100000000000128e-01
8.702500000000000000e+03 2.653800000000000048e-01
8.703000000000000000e+03 2.651510000000000256e-01
8.703500000000000000e+03 2.649210000000000176e-01
8.704000000000000000e+03 2.646910000000000096e-01
8.704500000000000000e+03 2.644619999999999749e-01
8.705000000000000000e+03 2.642329999999999957e-01
8.705500000000000000e+03 2.640040000000000164e-01
8.706000000000000000e+03 2.637749999999999817e-01
8.706500000000000000e+03 2.635460000000000025e-01
8.707000000000000000e+03 2.633179999999999965e-01
8.707500000000000000e+03 2.630890000000000173e-01
8.708000000000000000e+03 2.628599999999999826e-01
8.708500000000000000e+03 2.626319999999999766e-01
8.709000000000000000e+03 2.624029999999999974e-01
8.709500000000000000e+03 2.621749999999999914e-01
8.710000000000000000e+03 2.619469999999999854e-01
8.710500000000000000e+03 2.620859999999999856e-01
8.711000000000000000e+03 2.622229999999999839e-01
8.711500000000000000e+03 2.623610000000000109e-01
8.712000000000000000e+03 2.624989999999999823e-01
8.712500000000000000e+03 2.626359999999999806e-01
8.713000000000000000e+03 2.627729999999999788e-01
8.713500000000000000e+03 2.629110000000000058e-01
8.714000000000000000e+03 2.630480000000000040e-01
8.714500000000000000e+03 2.631859999999999755e-01
8.715000000000000000e+03 2.633229999999999738e-01
8.715500000000000000e+03 2.634589999999999987e-01
8.716000000000000000e+03 2.635959999999999970e-01
8.716500000000000000e+03 2.637320000000000220e-01
8.717000000000000000e+03 2.638690000000000202e-01
8.717500000000000000e+03 2.640040000000000164e-01
8.718000000000000000e+03 2.641399999999999859e-01
8.718500000000000000e+03 2.642769999999999841e-01
8.719000000000000000e+03 2.644130000000000091e-01
8.719500000000000000e+03 2.645480000000000054e-01
8.720000000000000000e+03 2.646830000000000016e-01
8.720500000000000000e+03 2.644029999999999991e-01
8.721000000000000000e+03 2.641229999999999967e-01
8.721500000000000000e+03 2.638429999999999942e-01
8.722000000000000000e+03 2.635629999999999917e-01
8.722500000000000000e+03 2.632829999999999893e-01
8.723000000000000000e+03 2.630040000000000155e-01
8.723500000000000000e+03 2.627240000000000131e-01
8.724000000000000000e+03 2.624449999999999839e-01
8.724500000000000000e+03 2.621660000000000101e-01
8.725000000000000000e+03 2.618869999999999809e-01
8.725500000000000000e+03 2.616080000000000072e-01
8.726000000000000000e+03 2.613289999999999780e-01
8.726500000000000000e+03 2.610500000000000043e-01
8.727000000000000000e+03 2.607709999999999750e-01
8.727500000000000000e+03 2.604929999999999746e-01
8.728000000000000000e+03 2.602149999999999741e-01
8.728500000000000000e+03 2.599360000000000004e-01
8.729000000000000000e+03 2.596579999999999999e-01
8.729500000000000000e+03 2.593809999999999727e-01
8.730000000000000000e+03 2.591030000000000277e-01
8.730500000000000000e+03 2.590390000000000192e-01
8.731000000000000000e+03 2.589739999999999820e-01
8.731500000000000000e+03 2.589099999999999735e-01
8.732000000000000000e+03 2.588460000000000205e-01
8.732500000000000000e+03 2.587820000000000120e-01
8.733000000000000000e+03 2.587180000000000035e-01
8.733500000000000000e+03 2.586539999999999950e-01
8.734000000000000000e+03 2.585890000000000133e-01
8.734500000000000000e+03 2.585250000000000048e-01
8.735000000000000000e+03 2.584609999999999963e-01
8.735500000000000000e+03 2.583969999999999878e-01
8.736000000000000000e+03 2.583320000000000061e-01
8.736500000000000000e+03 2.582679999999999976e-01
8.737000000000000000e+03 2.582039999999999891e-01
8.737500000000000000e+03 2.581399999999999806e-01
8.738000000000000000e+03 2.580760000000000276e-01
8.738500000000000000e+03 2.580109999999999904e-01
8.739000000000000000e+03 2.579469999999999819e-01
8.739500000000000000e+03 2.578829999999999734e-01
8.740000000000000000e+03 2.578190000000000204e-01
8.740500000000000000e+03 2.577670000000000239e-01
8.741000000000000000e+03 2.577139999999999986e-01
8.741500000000000000e+03 2.576620000000000021e-01
8.742000000000000000e+03 2.576089999999999769e-01
8.742500000000000000e+03 2.575569999999999804e-01
8.743000000000000000e+03 2.575049999999999839e-01
8.743500000000000000e+03 2.574529999999999874e-01
8.744000000000000000e+03 2.574009999999999909e-01
8.744500000000000000e+03 2.573489999999999944e-01
8.745000000000000000e+03 2.572960000000000247e-01
8.745500000000000000e+03 2.572439999999999727e-01
8.746000000000000000e+03 2.571919999999999762e-01
8.746500000000000000e+03 2.571399999999999797e-01
8.747000000000000000e+03 2.570870000000000100e-01
8.747500000000000000e+03 2.570339999999999847e-01
8.748000000000000000e+03 2.569819999999999882e-01
8.748500000000000000e+03 2.569290000000000185e-01
8.749000000000000000e+03 2.568770000000000220e-01
8.749500000000000000e+03 2.568250000000000255e-01
8.750000000000000000e+03 2.567729999999999735e-01
8.750500000000000000e+03 2.565109999999999890e-01
8.751000000000000000e+03 2.562499999999999778e-01
8.751500000000000000e+03 2.559890000000000221e-01
8.752000000000000000e+03 2.557280000000000109e-01
8.752500000000000000e+03 2.554669999999999996e-01
8.753000000000000000e+03 2.552059999999999884e-01
8.753500000000000000e+03 2.549449999999999772e-01
8.754000000000000000e+03 2.546849999999999947e-01
8.754500000000000000e+03 2.544250000000000123e-01
8.755000000000000000e+03 2.541649999999999743e-01
8.755500000000000000e+03 2.539049999999999918e-01
8.756000000000000000e+03 2.536439999999999806e-01
8.756500000000000000e+03 2.533850000000000269e-01
8.757000000000000000e+03 2.531260000000000177e-01
8.757500000000000000e+03 2.528659999999999797e-01
8.758000000000000000e+03 2.526070000000000260e-01
8.758500000000000000e+03 2.523469999999999880e-01
8.759000000000000000e+03 2.520879999999999788e-01
8.759500000000000000e+03 2.518290000000000251e-01
8.760000000000000000e+03 2.515700000000000158e-01
8.760500000000000000e+03 2.516950000000000021e-01
8.761000000000000000e+03 2.518190000000000150e-01
8.761500000000000000e+03 2.519429999999999725e-01
8.762000000000000000e+03 2.520669999999999855e-01
8.762500000000000000e+03 2.521909999999999985e-01
8.763000000000000000e+03 2.523139999999999827e-01
8.763500000000000000e+03 2.524379999999999957e-01
8.764000000000000000e+03 2.525609999999999800e-01
8.764500000000000000e+03 2.526840000000000197e-01
8.765000000000000000e+03 2.528059999999999752e-01
8.765500000000000000e+03 2.529290000000000149e-01
8.766000000000000000e+03 2.530519999999999992e-01
8.766500000000000000e+03 2.531749999999999834e-01
8.767000000000000000e+03 2.532980000000000231e-01
8.767500000000000000e+03 2.534199999999999786e-01
8.768000000000000000e+03 2.535430000000000184e-01
8.768500000000000000e+03 2.536649999999999738e-01
8.769000000000000000e+03 2.537860000000000116e-01
8.769500000000000000e+03 2.539080000000000226e-01
8.770000000000000000e+03 2.540310000000000068e-01
8.770500000000000000e+03 2.539529999999999843e-01
8.771000000000000000e+03 2.538770000000000193e-01
8.771500000000000000e+03 2.537989999999999968e-01
8.772000000000000000e+03 2.537209999999999743e-01
8.772500000000000000e+03 2.536439999999999806e-01
8.773000000000000000e+03 2.535660000000000136e-01
8.773500000000000000e+03 2.534890000000000199e-01
8.774000000000000000e+03 2.534120000000000261e-01
8.774500000000000000e+03 2.533349999999999769e-01
8.775000000000000000e+03 2.532570000000000099e-01
8.775500000000000000e+03 2.531800000000000161e-01
8.776000000000000000e+03 2.531030000000000224e-01
8.776500000000000000e+03 2.530259999999999732e-01
8.777000000000000000e+03 2.529480000000000062e-01
8.777500000000000000e+03 2.528710000000000124e-01
8.778000000000000000e+03 2.527929999999999899e-01
8.778500000000000000e+03 2.527159999999999962e-01
8.779000000000000000e+03 2.526390000000000025e-01
8.779500000000000000e+03 2.525609999999999800e-01
8.780000000000000000e+03 2.524839999999999862e-01
8.780500000000000000e+03 2.523850000000000260e-01
8.781000000000000000e+03 2.522869999999999835e-01
8.781500000000000000e+03 2.521880000000000233e-01
8.782000000000000000e+03 2.520890000000000075e-01
8.782500000000000000e+03 2.519899999999999918e-01
8.783000000000000000e+03 2.518909999999999760e-01
8.783500000000000000e+03 2.517920000000000158e-01
8.784000000000000000e+03 2.516930000000000001e-01
8.784500000000000000e+03 2.515939999999999843e-01
8.785000000000000000e+03 2.514950000000000241e-01
8.785500000000000000e+03 2.513969999999999816e-01
8.786000000000000000e+03 2.512980000000000214e-01
8.786500000000000000e+03 2.511990000000000056e-01
8.787000000000000000e+03 2.511010000000000186e-01
8.787500000000000000e+03 2.510020000000000029e-01
8.788000000000000000e+03 2.509040000000000159e-01
8.788500000000000000e+03 2.508050000000000002e-01
8.789000000000000000e+03 2.507059999999999844e-01
8.789500000000000000e+03 2.506079999999999974e-01
8.790000000000000000e+03 2.505100000000000104e-01
8.790500000000000000e+03 2.504029999999999867e-01
8.791000000000000000e+03 2.502960000000000185e-01
8.791500000000000000e+03 2.501900000000000235e-01
8.792000000000000000e+03 2.500839999999999730e-01
8.792500000000000000e+03 2.499780000000000058e-01
8.793000000000000000e+03 2.498720000000000108e-01
8.793500000000000000e+03 2.497669999999999890e-01
8.794000000000000000e+03 2.496609999999999940e-01
8.794500000000000000e+03 2.495549999999999990e-01
8.795000000000000000e+03 2.494490000000000041e-01
8.795500000000000000e+03 2.493430000000000091e-01
8.796000000000000000e+03 2.492379999999999873e-01
8.796500000000000000e+03 2.491319999999999923e-01
8.797000000000000000e+03 2.490259999999999974e-01
8.797500000000000000e+03 2.489190000000000014e-01
8.798000000000000000e+03 2.488130000000000064e-01
8.798500000000000000e+03 2.487080000000000124e-01
8.799000000000000000e+03 2.486019999999999897e-01
8.799500000000000000e+03 2.484959999999999947e-01
8.800000000000000000e+03 2.483910000000000007e-01
8.800500000000000000e+03 2.484230000000000049e-01
8.801000000000000000e+03 2.484560000000000102e-01
8.801500000000000000e+03 2.484889999999999877e-01
8.802000000000000000e+03 2.485219999999999929e-01
8.802500000000000000e+03 2.485539999999999972e-01
8.803000000000000000e+03 2.485860000000000014e-01
8.803500000000000000e+03 2.486180000000000057e-01
8.804000000000000000e+03 2.486510000000000109e-01
8.804500000000000000e+03 2.486829999999999874e-01
8.805000000000000000e+03 2.487139999999999906e-01
8.805500000000000000e+03 2.487459999999999949e-01
8.806000000000000000e+03 2.487779999999999991e-01
8.806500000000000000e+03 2.488100000000000034e-01
8.807000000000000000e+03 2.488420000000000076e-01
8.807500000000000000e+03 2.488730000000000109e-01
8.808000000000000000e+03 2.489049999999999874e-01
8.808500000000000000e+03 2.489359999999999906e-01
8.809000000000000000e+03 2.489669999999999939e-01
8.809500000000000000e+03 2.489989999999999981e-01
8.810000000000000000e+03 2.490310000000000024e-01
8.810500000000000000e+03 2.489280000000000104e-01
8.811000000000000000e+03 2.488249999999999906e-01
8.811500000000000000e+03 2.487219999999999986e-01
8.812000000000000000e+03 2.486190000000000067e-01
8.812500000000000000e+03 2.485159999999999869e-01
8.813000000000000000e+03 2.484129999999999949e-01
8.813500000000000000e+03 2.483100000000000029e-01
8.814000000000000000e+03 2.482080000000000120e-01
8.814500000000000000e+03 2.481049999999999922e-01
8.815000000000000000e+03 2.480030000000000012e-01
8.815500000000000000e+03 2.479000000000000092e-01
8.816000000000000000e+03 2.477969999999999895e-01
8.816500000000000000e+03 2.476949999999999985e-01
8.817000000000000000e+03 2.475920000000000065e-01
8.817500000000000000e+03 2.474899999999999878e-01
8.818000000000000000e+03 2.473869999999999958e-01
8.818500000000000000e+03 2.472850000000000048e-01
8.819000000000000000e+03 2.471820000000000128e-01
8.819500000000000000e+03 2.470799999999999941e-01
8.820000000000000000e+03 2.469770000000000021e-01
8.820500000000000000e+03 2.469149999999999956e-01
8.821000000000000000e+03 2.468529999999999891e-01
8.821500000000000000e+03 2.467910000000000104e-01
8.822000000000000000e+03 2.467300000000000049e-01
8.822500000000000000e+03 2.466679999999999984e-01
8.823000000000000000e+03 2.466049999999999909e-01
8.823500000000000000e+03 2.465430000000000121e-01
8.824000000000000000e+03 2.464820000000000066e-01
8.824500000000000000e+03 2.464200000000000002e-01
8.825000000000000000e+03 2.463589999999999947e-01
8.825500000000000000e+03 2.462959999999999872e-01
8.826000000000000000e+03 2.462340000000000084e-01
8.826500000000000000e+03 2.461720000000000019e-01
8.827000000000000000e+03 2.461109999999999964e-01
8.827500000000000000e+03 2.460489999999999899e-01
8.828000000000000000e+03 2.459870000000000112e-01
8.828500000000000000e+03 2.459250000000000047e-01
8.829000000000000000e+03 2.458629999999999982e-01
8.829500000000000000e+03 2.458009999999999917e-01
8.830000000000000000e+03 2.457390000000000130e-01
8.830500000000000000e+03 2.456689999999999985e-01
8.831000000000000000e+03 2.455990000000000117e-01
8.831500000000000000e+03 2.455289999999999973e-01
8.832000000000000000e+03 2.454590000000000105e-01
8.832500000000000000e+03 2.453889999999999960e-01
8.833000000000000000e+03 2.453190000000000093e-01
8.833500000000000000e+03 2.452489999999999948e-01
8.834000000000000000e+03 2.451790000000000080e-01
8.834500000000000000e+03 2.451089999999999935e-01
8.835000000000000000e+03 2.450380000000000058e-01
8.835500000000000000e+03 2.449689999999999923e-01
8.836000000000000000e+03 2.448990000000000056e-01
8.836500000000000000e+03 2.448289999999999911e-01
8.837000000000000000e+03 2.447590000000000043e-01
8.837500000000000000e+03 2.446889999999999898e-01
8.838000000000000000e+03 2.446180000000000021e-01
8.838500000000000000e+03 2.445479999999999876e-01
8.839000000000000000e+03 2.444780000000000009e-01
8.839500000000000000e+03 2.444079999999999864e-01
8.840000000000000000e+03 2.443379999999999996e-01
8.840500000000000000e+03 2.443349999999999966e-01
8.841000000000000000e+03 2.443319999999999936e-01
8.841500000000000000e+03 2.443289999999999906e-01
8.842000000000000000e+03 2.443249999999999866e-01
8.842500000000000000e+03 2.443220000000000114e-01
8.843000000000000000e+03 2.443180000000000074e-01
8.843500000000000000e+03 2.443150000000000044e-01
8.844000000000000000e+03 2.443120000000000014e-01
8.844500000000000000e+03 2.443089999999999984e-01
8.845000000000000000e+03 2.443049999999999944e-01
8.845500000000000000e+03 2.443009999999999904e-01
8.846000000000000000e+03 2.442969999999999864e-01
8.846500000000000000e+03 2.442930000000000101e-01
8.847000000000000000e+03 2.442890000000000061e-01
8.847500000000000000e+03 2.442850000000000021e-01
8.848000000000000000e+03 2.442819999999999991e-01
8.848500000000000000e+03 2.442779999999999951e-01
8.849000000000000000e+03 2.442739999999999911e-01
8.849500000000000000e+03 2.442699999999999871e-01
8.850000000000000000e+03 2.442660000000000109e-01
8.850500000000000000e+03 2.441089999999999927e-01
8.851000000000000000e+03 2.439520000000000022e-01
8.851500000000000000e+03 2.437950000000000117e-01
8.852000000000000000e+03 2.436389999999999945e-01
8.852500000000000000e+03 2.434820000000000040e-01
8.853000000000000000e+03 2.433259999999999867e-01
8.853500000000000000e+03 2.431689999999999963e-01
8.854000000000000000e+03 2.430130000000000068e-01
8.854500000000000000e+03 2.428569999999999895e-01
8.855000000000000000e+03 2.427010000000000001e-01
8.855500000000000000e+03 2.425440000000000096e-01
8.856000000000000000e+03 2.423889999999999934e-01
8.856500000000000000e+03 2.422320000000000029e-01
8.857000000000000000e+03 2.420769999999999866e-01
8.857500000000000000e+03 2.419199999999999962e-01
8.858000000000000000e+03 2.417640000000000067e-01
8.858500000000000000e+03 2.416079999999999894e-01
8.859000000000000000e+03 2.414530000000000010e-01
8.859500000000000000e+03 2.412960000000000105e-01
8.860000000000000000e+03 2.411399999999999932e-01
8.860500000000000000e+03 2.410559999999999925e-01
8.861000000000000000e+03 2.409719999999999918e-01
8.861500000000000000e+03 2.408889999999999920e-01
8.862000000000000000e+03 2.408049999999999913e-01
8.862500000000000000e+03 2.407209999999999905e-01
8.863000000000000000e+03 2.406369999999999898e-01
8.863500000000000000e+03 2.405519999999999881e-01
8.864000000000000000e+03 2.404679999999999873e-01
8.864500000000000000e+03 2.403839999999999866e-01
8.865000000000000000e+03 2.403000000000000136e-01
8.865500000000000000e+03 2.402170000000000138e-01
8.866000000000000000e+03 2.401330000000000131e-01
8.866500000000000000e+03 2.400490000000000124e-01
8.867000000000000000e+03 2.399650000000000116e-01
8.867500000000000000e+03 2.398810000000000109e-01
8.868000000000000000e+03 2.397960000000000091e-01
8.868500000000000000e+03 2.397120000000000084e-01
8.869000000000000000e+03 2.396280000000000077e-01
8.869500000000000000e+03 2.395440000000000069e-01
8.870000000000000000e+03 2.394590000000000052e-01
8.870500000000000000e+03 2.392859999999999987e-01
8.871000000000000000e+03 2.391129999999999922e-01
8.871500000000000000e+03 2.389400000000000135e-01
8.872000000000000000e+03 2.387660000000000060e-01
8.872500000000000000e+03 2.385929999999999995e-01
8.873000000000000000e+03 2.384199999999999930e-01
8.873500000000000000e+03 2.382469999999999866e-01
8.874000000000000000e+03 2.380740000000000078e-01
8.874500000000000000e+03 2.379010000000000014e-01
8.875000000000000000e+03 2.377279999999999949e-01
8.875500000000000000e+03 2.375549999999999884e-01
8.876000000000000000e+03 2.373820000000000097e-01
8.876500000000000000e+03 2.372100000000000042e-01
8.877000000000000000e+03 2.370369999999999977e-01
8.877500000000000000e+03 2.368649999999999922e-01
8.878000000000000000e+03 2.366920000000000135e-01
8.878500000000000000e+03 2.365200000000000080e-01
8.879000000000000000e+03 2.363480000000000025e-01
8.879500000000000000e+03 2.361759999999999970e-01
8.880000000000000000e+03 2.360039999999999916e-01
8.880500000000000000e+03 2.359350000000000058e-01
8.881000000000000000e+03 2.358659999999999923e-01
8.881500000000000000e+03 2.357970000000000066e-01
8.882000000000000000e+03 2.357279999999999931e-01
8.882500000000000000e+03 2.356580000000000064e-01
8.883000000000000000e+03 2.355889999999999929e-01
8.883500000000000000e+03 2.355210000000000081e-01
8.884000000000000000e+03 2.354519999999999946e-01
8.884500000000000000e+03 2.353820000000000079e-01
8.885000000000000000e+03 2.353129999999999944e-01
8.885500000000000000e+03 2.352440000000000087e-01
8.886000000000000000e+03 2.351739999999999942e-01
8.886500000000000000e+03 2.351050000000000084e-01
8.887000000000000000e+03 2.350359999999999949e-01
8.887500000000000000e+03 2.349670000000000092e-01
8.888000000000000000e+03 2.348989999999999967e-01
8.888500000000000000e+03 2.348300000000000110e-01
8.889000000000000000e+03 2.347609999999999975e-01
8.889500000000000000e+03 2.346910000000000107e-01
8.890000000000000000e+03 2.346219999999999972e-01
8.890500000000000000e+03 2.345009999999999872e-01
8.891000000000000000e+03 2.343790000000000040e-01
8.891500000000000000e+03 2.342579999999999940e-01
8.892000000000000000e+03 2.341370000000000118e-01
8.892500000000000000e+03 2.340160000000000018e-01
8.893000000000000000e+03 2.338949999999999918e-01
8.893500000000000000e+03 2.337740000000000096e-01
8.894000000000000000e+03 2.336529999999999996e-01
8.894500000000000000e+03 2.335319999999999896e-01
8.895000000000000000e+03 2.334100000000000064e-01
8.895500000000000000e+03 2.332899999999999974e-01
8.896000000000000000e+03 2.331689999999999874e-01
8.896500000000000000e+03 2.330480000000000051e-01
8.897000000000000000e+03 2.329269999999999952e-01
8.897500000000000000e+03 2.328060000000000129e-01
8.898000000000000000e+03 2.326850000000000029e-01
8.898500000000000000e+03 2.325639999999999930e-01
8.899000000000000000e+03 2.324430000000000107e-01
8.899500000000000000e+03 2.323220000000000007e-01
8.900000000000000000e+03 2.322009999999999907e-01
8.900500000000000000e+03 2.321979999999999877e-01
8.901000000000000000e+03 2.321950000000000125e-01
8.901500000000000000e+03 2.321940000000000115e-01
8.902000000000000000e+03 2.321920000000000095e-01
8.902500000000000000e+03 2.321880000000000055e-01
8.903000000000000000e+03 2.321850000000000025e-01
8.903500000000000000e+03 2.321819999999999995e-01
8.904000000000000000e+03 2.321789999999999965e-01
8.904500000000000000e+03 2.321759999999999935e-01
8.905000000000000000e+03 2.321719999999999895e-01
8.905500000000000000e+03 2.321689999999999865e-01
8.906000000000000000e+03 2.321660000000000112e-01
8.906500000000000000e+03 2.321630000000000082e-01
8.907000000000000000e+03 2.321600000000000052e-01
8.907500000000000000e+03 2.321560000000000012e-01
8.908000000000000000e+03 2.321529999999999982e-01
8.908500000000000000e+03 2.321499999999999952e-01
8.909000000000000000e+03 2.321459999999999912e-01
8.909500000000000000e+03 2.321419999999999872e-01
8.910000000000000000e+03 2.321380000000000110e-01
8.910500000000000000e+03 2.317410000000000025e-01
8.911000000000000000e+03 2.313429999999999931e-01
8.911500000000000000e+03 2.309460000000000124e-01
8.912000000000000000e+03 2.305490000000000039e-01
8.912500000000000000e+03 2.301519999999999955e-01
8.913000000000000000e+03 2.297559999999999880e-01
8.913500000000000000e+03 2.293590000000000073e-01
8.914000000000000000e+03 2.289619999999999989e-01
8.914500000000000000e+03 2.285659999999999914e-01
8.915000000000000000e+03 2.281710000000000127e-01
8.915500000000000000e+03 2.277750000000000052e-01
8.916000000000000000e+03 2.273789999999999978e-01
8.916500000000000000e+03 2.269839999999999913e-01
8.917000000000000000e+03 2.265900000000000136e-01
8.917500000000000000e+03 2.261950000000000072e-01
8.918000000000000000e+03 2.258010000000000017e-01
8.918500000000000000e+03 2.254069999999999963e-01
8.919000000000000000e+03 2.250129999999999908e-01
8.919500000000000000e+03 2.246199999999999863e-01
8.920000000000000000e+03 2.242260000000000086e-01
8.920500000000000000e+03 2.241450000000000109e-01
8.921000000000000000e+03 2.240640000000000132e-01
8.921500000000000000e+03 2.239829999999999877e-01
8.922000000000000000e+03 2.239019999999999899e-01
8.922500000000000000e+03 2.238209999999999922e-01
8.923000000000000000e+03 2.237409999999999954e-01
8.923500000000000000e+03 2.236599999999999977e-01
8.924000000000000000e+03 2.235790000000000000e-01
8.924500000000000000e+03 2.234970000000000012e-01
8.925000000000000000e+03 2.234160000000000035e-01
8.925500000000000000e+03 2.233350000000000057e-01
8.926000000000000000e+03 2.232550000000000090e-01
8.926500000000000000e+03 2.231740000000000113e-01
8.927000000000000000e+03 2.230920000000000125e-01
8.927500000000000000e+03 2.230109999999999870e-01
8.928000000000000000e+03 2.229299999999999893e-01
8.928500000000000000e+03 2.228489999999999915e-01
8.929000000000000000e+03 2.227689999999999948e-01
8.929500000000000000e+03 2.226879999999999971e-01
8.930000000000000000e+03 2.226069999999999993e-01
8.930500000000000000e+03 2.226589999999999958e-01
8.931000000000000000e+03 2.227099999999999913e-01
8.931500000000000000e+03 2.227609999999999868e-01
8.932000000000000000e+03 2.228130000000000110e-01
8.932500000000000000e+03 2.228640000000000065e-01
8.933000000000000000e+03 2.229150000000000020e-01
8.933500000000000000e+03 2.229669999999999985e-01
8.934000000000000000e+03 2.230179999999999940e-01
8.934500000000000000e+03 2.230689999999999895e-01
8.935000000000000000e+03 2.231200000000000128e-01
8.935500000000000000e+03 2.231700000000000073e-01
8.936000000000000000e+03 2.232200000000000017e-01
8.936500000000000000e+03 2.232709999999999972e-01
8.937000000000000000e+03 2.233219999999999927e-01
8.937500000000000000e+03 2.233719999999999872e-01
8.938000000000000000e+03 2.234230000000000105e-01
8.938500000000000000e+03 2.234730000000000050e-01
8.939000000000000000e+03 2.235229999999999995e-01
8.939500000000000000e+03 2.235729999999999940e-01
8.940000000000000000e+03 2.236229999999999885e-01
8.940500000000000000e+03 2.234740000000000060e-01
8.941000000000000000e+03 2.233249999999999957e-01
8.941500000000000000e+03 2.231760000000000133e-01
8.942000000000000000e+03 2.230280000000000040e-01
8.942500000000000000e+03 2.228789999999999938e-01
8.943000000000000000e+03 2.227300000000000113e-01
8.943500000000000000e+03 2.225810000000000011e-01
8.944000000000000000e+03 2.224319999999999908e-01
8.944500000000000000e+03 2.222840000000000094e-01
8.945000000000000000e+03 2.221360000000000001e-01
8.945500000000000000e+03 2.219879999999999909e-01
8.946000000000000000e+03 2.218390000000000084e-01
8.946500000000000000e+03 2.216909999999999992e-01
8.947000000000000000e+03 2.215429999999999899e-01
8.947500000000000000e+03 2.213940000000000075e-01
8.948000000000000000e+03 2.212459999999999982e-01
8.948500000000000000e+03 2.210989999999999900e-01
8.949000000000000000e+03 2.209510000000000085e-01
8.949500000000000000e+03 2.208029999999999993e-01
8.950000000000000000e+03 2.206549999999999900e-01
8.950500000000000000e+03 2.204800000000000093e-01
8.951000000000000000e+03 2.203050000000000008e-01
8.951500000000000000e+03 2.201309999999999933e-01
8.952000000000000000e+03 2.199570000000000136e-01
8.952500000000000000e+03 2.197830000000000061e-01
8.953000000000000000e+03 2.196089999999999987e-01
8.953500000000000000e+03 2.194349999999999912e-01
8.954000000000000000e+03 2.192610000000000114e-01
8.954500000000000000e+03 2.190870000000000040e-01
8.955000000000000000e+03 2.189129999999999965e-01
8.955500000000000000e+03 2.187399999999999900e-01
8.956000000000000000e+03 2.185660000000000103e-01
8.956500000000000000e+03 2.183920000000000028e-01
8.957000000000000000e+03 2.182189999999999963e-01
8.957500000000000000e+03 2.180449999999999888e-01
8.958000000000000000e+03 2.178720000000000101e-01
8.958500000000000000e+03 2.176980000000000026e-01
8.959000000000000000e+03 2.175249999999999961e-01
8.959500000000000000e+03 2.173519999999999897e-01
8.960000000000000000e+03 2.171790000000000109e-01
8.960500000000000000e+03 2.169280000000000097e-01
8.961000000000000000e+03 2.166780000000000095e-01
8.961500000000000000e+03 2.164290000000000103e-01
8.962000000000000000e+03 2.161800000000000110e-01
8.962500000000000000e+03 2.159300000000000108e-01
8.963000000000000000e+03 2.156810000000000116e-01
8.963500000000000000e+03 2.154320000000000124e-01
8.964000000000000000e+03 2.151830000000000132e-01
8.964500000000000000e+03 2.149339999999999862e-01
8.965000000000000000e+03 2.146849999999999870e-01
8.965500000000000000e+03 2.144369999999999887e-01
8.966000000000000000e+03 2.141879999999999895e-01
8.966500000000000000e+03 2.139399999999999913e-01
8.967000000000000000e+03 2.136919999999999931e-01
8.967500000000000000e+03 2.134439999999999948e-01
8.968000000000000000e+03 2.131959999999999966e-01
8.968500000000000000e+03 2.129479999999999984e-01
8.969000000000000000e+03 2.127000000000000002e-01
8.969500000000000000e+03 2.124530000000000030e-01
8.970000000000000000e+03 2.122050000000000047e-01
8.970500000000000000e+03 2.122529999999999972e-01
8.971000000000000000e+03 2.122999999999999887e-01
8.971500000000000000e+03 2.123470000000000080e-01
8.972000000000000000e+03 2.123950000000000005e-01
8.972500000000000000e+03 2.124409999999999910e-01
8.973000000000000000e+03 2.124880000000000102e-01
8.973500000000000000e+03 2.125350000000000017e-01
8.974000000000000000e+03 2.125819999999999932e-01
8.974500000000000000e+03 2.126280000000000114e-01
8.975000000000000000e+03 2.126740000000000019e-01
8.975500000000000000e+03 2.127209999999999934e-01
8.976000000000000000e+03 2.127680000000000127e-01
8.976500000000000000e+03 2.128140000000000032e-01
8.977000000000000000e+03 2.128599999999999937e-01
8.977500000000000000e+03 2.129060000000000119e-01
8.978000000000000000e+03 2.129520000000000024e-01
8.978500000000000000e+03 2.129979999999999929e-01
8.979000000000000000e+03 2.130430000000000101e-01
8.979500000000000000e+03 2.130890000000000006e-01
8.980000000000000000e+03 2.131349999999999911e-01
8.980500000000000000e+03 2.130289999999999961e-01
8.981000000000000000e+03 2.129230000000000012e-01
8.981500000000000000e+03 2.128170000000000062e-01
8.982000000000000000e+03 2.127110000000000112e-01
8.982500000000000000e+03 2.126059999999999894e-01
8.983000000000000000e+03 2.124999999999999944e-01
8.983500000000000000e+03 2.123939999999999995e-01
8.984000000000000000e+03 2.122890000000000055e-01
8.984500000000000000e+03 2.121830000000000105e-01
8.985000000000000000e+03 2.120769999999999877e-01
8.985500000000000000e+03 2.119709999999999928e-01
8.986000000000000000e+03 2.118659999999999988e-01
8.986500000000000000e+03 2.117600000000000038e-01
8.987000000000000000e+03 2.116550000000000098e-01
8.987500000000000000e+03 2.115489999999999871e-01
8.988000000000000000e+03 2.114439999999999931e-01
8.988500000000000000e+03 2.113389999999999991e-01
8.989000000000000000e+03 2.112330000000000041e-01
8.989500000000000000e+03 2.111270000000000091e-01
8.990000000000000000e+03 2.110209999999999864e-01
8.990500000000000000e+03 2.110160000000000091e-01
8.991000000000000000e+03 2.110120000000000051e-01
8.991500000000000000e+03 2.110070000000000001e-01
8.992000000000000000e+03 2.110009999999999941e-01
8.992500000000000000e+03 2.109949999999999881e-01
8.993000000000000000e+03 2.109890000000000099e-01
8.993500000000000000e+03 2.109840000000000049e-01
8.994000000000000000e+03 2.109789999999999999e-01
8.994500000000000000e+03 2.109729999999999939e-01
8.995000000000000000e+03 2.109669999999999879e-01
8.995500000000000000e+03 2.109610000000000096e-01
8.996000000000000000e+03 2.109560000000000046e-01
8.996500000000000000e+03 2.109499999999999986e-01
8.997000000000000000e+03 2.109439999999999926e-01
8.997500000000000000e+03 2.109379999999999866e-01
8.998000000000000000e+03 2.109320000000000084e-01
8.998500000000000000e+03 2.109260000000000024e-01
8.999000000000000000e+03 2.109199999999999964e-01
8.999500000000000000e+03 2.109139999999999904e-01
9.000000000000000000e+03 2.109080000000000121e-01
9.000500000000000000e+03 2.109159999999999924e-01
9.001000000000000000e+03 2.109240000000000004e-01
9.001500000000000000e+03 2.109320000000000084e-01
9.002000000000000000e+03 2.109409999999999896e-01
9.002500000000000000e+03 2.109489999999999976e-01
9.003000000000000000e+03 2.109560000000000046e-01
9.003500000000000000e+03 2.109640000000000126e-01
9.004000000000000000e+03 2.109719999999999929e-01
9.004500000000000000e+03 2.109800000000000009e-01
9.005000000000000000e+03 2.109880000000000089e-01
9.005500000000000000e+03 2.109949999999999881e-01
9.006000000000000000e+03 2.110019999999999951e-01
9.006500000000000000e+03 2.110090000000000021e-01
9.007000000000000000e+03 2.110170000000000101e-01
9.007500000000000000e+03 2.110239999999999894e-01
9.008000000000000000e+03 2.110309999999999964e-01
9.008500000000000000e+03 2.110380000000000034e-01
9.009000000000000000e+03 2.110450000000000104e-01
9.009500000000000000e+03 2.110519999999999896e-01
9.010000000000000000e+03 2.110589999999999966e-01
9.010500000000000000e+03 2.109830000000000039e-01
9.011000000000000000e+03 2.109080000000000121e-01
9.011500000000000000e+03 2.108309999999999906e-01
9.012000000000000000e+03 2.107549999999999979e-01
9.012500000000000000e+03 2.106790000000000052e-01
9.013000000000000000e+03 2.106030000000000124e-01
9.013500000000000000e+03 2.105279999999999929e-01
9.014000000000000000e+03 2.104520000000000002e-01
9.014500000000000000e+03 2.103760000000000074e-01
9.015000000000000000e+03 2.102999999999999869e-01
9.015500000000000000e+03 2.102239999999999942e-01
9.016000000000000000e+03 2.101480000000000015e-01
9.016500000000000000e+03 2.100720000000000087e-01
9.017000000000000000e+03 2.099959999999999882e-01
9.017500000000000000e+03 2.099199999999999955e-01
9.018000000000000000e+03 2.098440000000000027e-01
9.018500000000000000e+03 2.097680000000000100e-01
9.019000000000000000e+03 2.096919999999999895e-01
9.019500000000000000e+03 2.096159999999999968e-01
9.020000000000000000e+03 2.095410000000000050e-01
9.020500000000000000e+03 2.094250000000000000e-01
9.021000000000000000e+03 2.093099999999999961e-01
9.021500000000000000e+03 2.091959999999999931e-01
9.022000000000000000e+03 2.090809999999999891e-01
9.022500000000000000e+03 2.089670000000000138e-01
9.023000000000000000e+03 2.088530000000000109e-01
9.023500000000000000e+03 2.087380000000000069e-01
9.024000000000000000e+03 2.086230000000000029e-01
9.024500000000000000e+03 2.085089999999999999e-01
9.025000000000000000e+03 2.083939999999999959e-01
9.025500000000000000e+03 2.082799999999999929e-01
9.026000000000000000e+03 2.081659999999999899e-01
9.026500000000000000e+03 2.080519999999999869e-01
9.027000000000000000e+03 2.079370000000000107e-01
9.027500000000000000e+03 2.078230000000000077e-01
9.028000000000000000e+03 2.077090000000000047e-01
9.028500000000000000e+03 2.075950000000000017e-01
9.029000000000000000e+03 2.074809999999999988e-01
9.029500000000000000e+03 2.073659999999999948e-01
9.030000000000000000e+03 2.072519999999999918e-01
9.030500000000000000e+03 2.071369999999999878e-01
9.031000000000000000e+03 2.070220000000000116e-01
9.031500000000000000e+03 2.069070000000000076e-01
9.032000000000000000e+03 2.067910000000000026e-01
9.032500000000000000e+03 2.066769999999999996e-01
9.033000000000000000e+03 2.065619999999999956e-01
9.033500000000000000e+03 2.064459999999999906e-01
9.034000000000000000e+03 2.063309999999999866e-01
9.034500000000000000e+03 2.062160000000000104e-01
9.035000000000000000e+03 2.061020000000000074e-01
9.035500000000000000e+03 2.059860000000000024e-01
9.036000000000000000e+03 2.058709999999999984e-01
9.036500000000000000e+03 2.057569999999999955e-01
9.037000000000000000e+03 2.056419999999999915e-01
9.037500000000000000e+03 2.055269999999999875e-01
9.038000000000000000e+03 2.054120000000000112e-01
9.038500000000000000e+03 2.052980000000000083e-01
9.039000000000000000e+03 2.051830000000000043e-01
9.039500000000000000e+03 2.050680000000000003e-01
9.040000000000000000e+03 2.049529999999999963e-01
9.040500000000000000e+03 2.048850000000000116e-01
9.041000000000000000e+03 2.048180000000000001e-01
9.041500000000000000e+03 2.047499999999999876e-01
9.042000000000000000e+03 2.046830000000000038e-01
9.042500000000000000e+03 2.046159999999999923e-01
9.043000000000000000e+03 2.045480000000000076e-01
9.043500000000000000e+03 2.044809999999999961e-01
9.044000000000000000e+03 2.044140000000000124e-01
9.044500000000000000e+03 2.043459999999999999e-01
9.045000000000000000e+03 2.042779999999999874e-01
9.045500000000000000e+03 2.042100000000000026e-01
9.046000000000000000e+03 2.041429999999999911e-01
9.046500000000000000e+03 2.040760000000000074e-01
9.047000000000000000e+03 2.040079999999999949e-01
9.047500000000000000e+03 2.039410000000000112e-01
9.048000000000000000e+03 2.038739999999999997e-01
9.048500000000000000e+03 2.038059999999999872e-01
9.049000000000000000e+03 2.037390000000000034e-01
9.049500000000000000e+03 2.036709999999999909e-01
9.050000000000000000e+03 2.036030000000000062e-01
9.050500000000000000e+03 2.034259999999999957e-01
9.051000000000000000e+03 2.032480000000000120e-01
9.051500000000000000e+03 2.030700000000000005e-01
9.052000000000000000e+03 2.028919999999999890e-01
9.052500000000000000e+03 2.027150000000000063e-01
9.053000000000000000e+03 2.025379999999999958e-01
9.053500000000000000e+03 2.023610000000000131e-01
9.054000000000000000e+03 2.021840000000000026e-01
9.054500000000000000e+03 2.020069999999999921e-01
9.055000000000000000e+03 2.018300000000000094e-01
9.055500000000000000e+03 2.016529999999999989e-01
9.056000000000000000e+03 2.014759999999999884e-01
9.056500000000000000e+03 2.012990000000000057e-01
9.057000000000000000e+03 2.011229999999999962e-01
9.057500000000000000e+03 2.009460000000000135e-01
9.058000000000000000e+03 2.007700000000000040e-01
9.058500000000000000e+03 2.005939999999999945e-01
9.059000000000000000e+03 2.004170000000000118e-01
9.059500000000000000e+03 2.002410000000000023e-01
9.060000000000000000e+03 2.000639999999999918e-01
9.060500000000000000e+03 2.000190000000000023e-01
9.061000000000000000e+03 1.999740000000000129e-01
9.061500000000000000e+03 1.999289999999999956e-01
9.062000000000000000e+03 1.998850000000000071e-01
9.062500000000000000e+03 1.998399999999999899e-01
9.063000000000000000e+03 1.997939999999999994e-01
9.063500000000000000e+03 1.997490000000000099e-01
9.064000000000000000e+03 1.997039999999999926e-01
9.064500000000000000e+03 1.996600000000000041e-01
9.065000000000000000e+03 1.996149999999999869e-01
9.065500000000000000e+03 1.995699999999999974e-01
9.066000000000000000e+03 1.995250000000000079e-01
9.066500000000000000e+03 1.994799999999999907e-01
9.067000000000000000e+03 1.994350000000000012e-01
9.067500000000000000e+03 1.993890000000000107e-01
9.068000000000000000e+03 1.993429999999999924e-01
9.068500000000000000e+03 1.992970000000000019e-01
9.069000000000000000e+03 1.992520000000000124e-01
9.069500000000000000e+03 1.992069999999999952e-01
9.070000000000000000e+03 1.991620000000000057e-01
9.070500000000000000e+03 1.992039999999999922e-01
9.071000000000000000e+03 1.992470000000000074e-01
9.071500000000000000e+03 1.992909999999999959e-01
9.072000000000000000e+03 1.993340000000000112e-01
9.072500000000000000e+03 1.993769999999999987e-01
9.073000000000000000e+03 1.994199999999999862e-01
9.073500000000000000e+03 1.994620000000000004e-01
9.074000000000000000e+03 1.995049999999999879e-01
9.074500000000000000e+03 1.995470000000000022e-01
9.075000000000000000e+03 1.995899999999999896e-01
9.075500000000000000e+03 1.996310000000000029e-01
9.076000000000000000e+03 1.996729999999999894e-01
9.076500000000000000e+03 1.997150000000000036e-01
9.077000000000000000e+03 1.997579999999999911e-01
9.077500000000000000e+03 1.998000000000000054e-01
9.078000000000000000e+03 1.998409999999999909e-01
9.078500000000000000e+03 1.998830000000000051e-01
9.079000000000000000e+03 1.999239999999999906e-01
9.079500000000000000e+03 1.999660000000000049e-01
9.080000000000000000e+03 2.000069999999999903e-01
9.080500000000000000e+03 1.997120000000000006e-01
9.081000000000000000e+03 1.994170000000000109e-01
9.081500000000000000e+03 1.991229999999999944e-01
9.082000000000000000e+03 1.988280000000000047e-01
9.082500000000000000e+03 1.985339999999999883e-01
9.083000000000000000e+03 1.982399999999999995e-01
9.083500000000000000e+03 1.979460000000000108e-01
9.084000000000000000e+03 1.976519999999999944e-01
9.084500000000000000e+03 1.973570000000000046e-01
9.085000000000000000e+03 1.970639999999999892e-01
9.085500000000000000e+03 1.967700000000000005e-01
9.086000000000000000e+03 1.964770000000000127e-01
9.086500000000000000e+03 1.961839999999999973e-01
9.087000000000000000e+03 1.958910000000000096e-01
9.087500000000000000e+03 1.955989999999999951e-01
9.088000000000000000e+03 1.953070000000000084e-01
9.088500000000000000e+03 1.950139999999999929e-01
9.089000000000000000e+03 1.947220000000000062e-01
9.089500000000000000e+03 1.944299999999999917e-01
9.090000000000000000e+03 1.941380000000000050e-01
9.090500000000000000e+03 1.941009999999999958e-01
9.091000000000000000e+03 1.940630000000000133e-01
9.091500000000000000e+03 1.940250000000000030e-01
9.092000000000000000e+03 1.939869999999999928e-01
9.092500000000000000e+03 1.939480000000000093e-01
9.093000000000000000e+03 1.939099999999999990e-01
9.093500000000000000e+03 1.938719999999999888e-01
9.094000000000000000e+03 1.938340000000000063e-01
9.094500000000000000e+03 1.937959999999999960e-01
9.095000000000000000e+03 1.937570000000000126e-01
9.095500000000000000e+03 1.937190000000000023e-01
9.096000000000000000e+03 1.936799999999999911e-01
9.096500000000000000e+03 1.936420000000000086e-01
9.097000000000000000e+03 1.936039999999999983e-01
9.097500000000000000e+03 1.935659999999999881e-01
9.098000000000000000e+03 1.935270000000000046e-01
9.098500000000000000e+03 1.934879999999999933e-01
9.099000000000000000e+03 1.934500000000000108e-01
9.099500000000000000e+03 1.934109999999999996e-01
9.100000000000000000e+03 1.933729999999999893e-01
9.100500000000000000e+03 1.931789999999999896e-01
9.101000000000000000e+03 1.929849999999999899e-01
9.101500000000000000e+03 1.927899999999999892e-01
9.102000000000000000e+03 1.925959999999999894e-01
9.102500000000000000e+03 1.924019999999999897e-01
9.103000000000000000e+03 1.922079999999999900e-01
9.103500000000000000e+03 1.920149999999999912e-01
9.104000000000000000e+03 1.918209999999999915e-01
9.104500000000000000e+03 1.916269999999999918e-01
9.105000000000000000e+03 1.914319999999999911e-01
9.105500000000000000e+03 1.912389999999999923e-01
9.106000000000000000e+03 1.910459999999999936e-01
9.106500000000000000e+03 1.908519999999999939e-01
9.107000000000000000e+03 1.906589999999999951e-01
9.107500000000000000e+03 1.904659999999999964e-01
9.108000000000000000e+03 1.902739999999999987e-01
9.108500000000000000e+03 1.900810000000000000e-01
9.109000000000000000e+03 1.898880000000000012e-01
9.109500000000000000e+03 1.896950000000000025e-01
9.110000000000000000e+03 1.895020000000000038e-01
9.110500000000000000e+03 1.896599999999999953e-01
9.111000000000000000e+03 1.898170000000000135e-01
9.111500000000000000e+03 1.899740000000000040e-01
9.112000000000000000e+03 1.901319999999999955e-01
9.112500000000000000e+03 1.902880000000000127e-01
9.113000000000000000e+03 1.904450000000000032e-01
9.113500000000000000e+03 1.906019999999999937e-01
9.114000000000000000e+03 1.907580000000000109e-01
9.114500000000000000e+03 1.909150000000000014e-01
9.115000000000000000e+03 1.910709999999999908e-01
9.115500000000000000e+03 1.912260000000000071e-01
9.116000000000000000e+03 1.913819999999999966e-01
9.116500000000000000e+03 1.915370000000000128e-01
9.117000000000000000e+03 1.916920000000000013e-01
9.117500000000000000e+03 1.918469999999999898e-01
9.118000000000000000e+03 1.920010000000000050e-01
9.118500000000000000e+03 1.921559999999999935e-01
9.119000000000000000e+03 1.923100000000000087e-01
9.119500000000000000e+03 1.924649999999999972e-01
9.120000000000000000e+03 1.926190000000000124e-01
9.120500000000000000e+03 1.924669999999999992e-01
9.121000000000000000e+03 1.923150000000000137e-01
9.121500000000000000e+03 1.921640000000000015e-01
9.122000000000000000e+03 1.920129999999999892e-01
9.122500000000000000e+03 1.918610000000000038e-01
9.123000000000000000e+03 1.917089999999999905e-01
9.123500000000000000e+03 1.915580000000000060e-01
9.124000000000000000e+03 1.914069999999999938e-01
9.124500000000000000e+03 1.912550000000000083e-01
9.125000000000000000e+03 1.911049999999999971e-01
9.125500000000000000e+03 1.909530000000000116e-01
9.126000000000000000e+03 1.908019999999999994e-01
9.126500000000000000e+03 1.906509999999999871e-01
9.127000000000000000e+03 1.905000000000000027e-01
9.127500000000000000e+03 1.903489999999999904e-01
9.128000000000000000e+03 1.901970000000000049e-01
9.128500000000000000e+03 1.900469999999999937e-01
9.129000000000000000e+03 1.898970000000000102e-01
9.129500000000000000e+03 1.897459999999999980e-01
9.130000000000000000e+03 1.895950000000000135e-01
9.130500000000000000e+03 1.893759999999999888e-01
9.131000000000000000e+03 1.891569999999999918e-01
9.131500000000000000e+03 1.889379999999999948e-01
9.132000000000000000e+03 1.887189999999999979e-01
9.132500000000000000e+03 1.885000000000000009e-01
9.133000000000000000e+03 1.882820000000000049e-01
9.133500000000000000e+03 1.880630000000000079e-01
9.134000000000000000e+03 1.878450000000000120e-01
9.134500000000000000e+03 1.876269999999999882e-01
9.135000000000000000e+03 1.874079999999999913e-01
9.135500000000000000e+03 1.871899999999999953e-01
9.136000000000000000e+03 1.869719999999999993e-01
9.136500000000000000e+03 1.867550000000000043e-01
9.137000000000000000e+03 1.865370000000000084e-01
9.137500000000000000e+03 1.863200000000000134e-01
9.138000000000000000e+03 1.861019999999999897e-01
9.138500000000000000e+03 1.858849999999999947e-01
9.139000000000000000e+03 1.856679999999999997e-01
9.139500000000000000e+03 1.854510000000000047e-01
9.140000000000000000e+03 1.852340000000000098e-01
9.140500000000000000e+03 1.852169999999999928e-01
9.141000000000000000e+03 1.852000000000000035e-01
9.141500000000000000e+03 1.851829999999999865e-01
9.142000000000000000e+03 1.851659999999999973e-01
9.142500000000000000e+03 1.851490000000000080e-01
9.143000000000000000e+03 1.851319999999999910e-01
9.143500000000000000e+03 1.851140000000000008e-01
9.144000000000000000e+03 1.850970000000000115e-01
9.144500000000000000e+03 1.850799999999999945e-01
9.145000000000000000e+03 1.850620000000000043e-01
9.145500000000000000e+03 1.850449999999999873e-01
9.146000000000000000e+03 1.850279999999999980e-01
9.146500000000000000e+03 1.850100000000000078e-01
9.147000000000000000e+03 1.849919999999999898e-01
9.147500000000000000e+03 1.849750000000000005e-01
9.148000000000000000e+03 1.849570000000000103e-01
9.148500000000000000e+03 1.849399999999999933e-01
9.149000000000000000e+03 1.849220000000000030e-01
9.149500000000000000e+03 1.849040000000000128e-01
9.150000000000000000e+03 1.848869999999999958e-01
9.150500000000000000e+03 1.848730000000000095e-01
9.151000000000000000e+03 1.848599999999999965e-01
9.151500000000000000e+03 1.848470000000000113e-01
9.152000000000000000e+03 1.848329999999999973e-01
9.152500000000000000e+03 1.848200000000000121e-01
9.153000000000000000e+03 1.848069999999999991e-01
9.153500000000000000e+03 1.847930000000000128e-01
9.154000000000000000e+03 1.847789999999999988e-01
9.154500000000000000e+03 1.847650000000000126e-01
9.155000000000000000e+03 1.847509999999999986e-01
9.155500000000000000e+03 1.847370000000000123e-01
9.156000000000000000e+03 1.847229999999999983e-01
9.156500000000000000e+03 1.847100000000000131e-01
9.157000000000000000e+03 1.846959999999999991e-01
9.157500000000000000e+03 1.846820000000000128e-01
9.158000000000000000e+03 1.846679999999999988e-01
9.158500000000000000e+03 1.846530000000000116e-01
9.159000000000000000e+03 1.846379999999999966e-01
9.159500000000000000e+03 1.846240000000000103e-01
9.160000000000000000e+03 1.846099999999999963e-01
9.160500000000000000e+03 1.844679999999999931e-01
9.161000000000000000e+03 1.843259999999999899e-01
9.161500000000000000e+03 1.841839999999999866e-01
9.162000000000000000e+03 1.840420000000000111e-01
9.162500000000000000e+03 1.839000000000000079e-01
9.163000000000000000e+03 1.837580000000000047e-01
9.163500000000000000e+03 1.836160000000000014e-01
9.164000000000000000e+03 1.834749999999999992e-01
9.164500000000000000e+03 1.833329999999999960e-01
9.165000000000000000e+03 1.831919999999999937e-01
9.165500000000000000e+03 1.830499999999999905e-01
9.166000000000000000e+03 1.829079999999999873e-01
9.166500000000000000e+03 1.827670000000000128e-01
9.167000000000000000e+03 1.826250000000000095e-01
9.167500000000000000e+03 1.824840000000000073e-01
9.168000000000000000e+03 1.823430000000000051e-01
9.168500000000000000e+03 1.822010000000000018e-01
9.169000000000000000e+03 1.820599999999999996e-01
9.169500000000000000e+03 1.819189999999999974e-01
9.170000000000000000e+03 1.817779999999999951e-01
9.170500000000000000e+03 1.817390000000000116e-01
9.171000000000000000e+03 1.817010000000000014e-01
9.171500000000000000e+03 1.816619999999999902e-01
9.172000000000000000e+03 1.816240000000000077e-01
9.172500000000000000e+03 1.815849999999999964e-01
9.173000000000000000e+03 1.815460000000000129e-01
9.173500000000000000e+03 1.815070000000000017e-01
9.174000000000000000e+03 1.814679999999999904e-01
9.174500000000000000e+03 1.814290000000000069e-01
9.175000000000000000e+03 1.813899999999999957e-01
9.175500000000000000e+03 1.813510000000000122e-01
9.176000000000000000e+03 1.813120000000000009e-01
9.176500000000000000e+03 1.812729999999999897e-01
9.177000000000000000e+03 1.812340000000000062e-01
9.177500000000000000e+03 1.811949999999999950e-01
9.178000000000000000e+03 1.811550000000000105e-01
9.178500000000000000e+03 1.811159999999999992e-01
9.179000000000000000e+03 1.810769999999999880e-01
9.179500000000000000e+03 1.810370000000000035e-01
9.180000000000000000e+03 1.809979999999999922e-01
9.180500000000000000e+03 1.809169999999999945e-01
9.181000000000000000e+03 1.808359999999999967e-01
9.181500000000000000e+03 1.807539999999999980e-01
9.182000000000000000e+03 1.806730000000000003e-01
9.182500000000000000e+03 1.805920000000000025e-01
9.183000000000000000e+03 1.805100000000000038e-01
9.183500000000000000e+03 1.804290000000000060e-01
9.184000000000000000e+03 1.803470000000000073e-01
9.184500000000000000e+03 1.802660000000000096e-01
9.185000000000000000e+03 1.801850000000000118e-01
9.185500000000000000e+03 1.801030000000000131e-01
9.186000000000000000e+03 1.800219999999999876e-01
9.186500000000000000e+03 1.799409999999999898e-01
9.187000000000000000e+03 1.798589999999999911e-01
9.187500000000000000e+03 1.797779999999999934e-01
9.188000000000000000e+03 1.796969999999999956e-01
9.188500000000000000e+03 1.796149999999999969e-01
9.189000000000000000e+03 1.795339999999999991e-01
9.189500000000000000e+03 1.794530000000000014e-01
9.190000000000000000e+03 1.793710000000000027e-01
9.190500000000000000e+03 1.793440000000000034e-01
9.191000000000000000e+03 1.793170000000000042e-01
9.191500000000000000e+03 1.792890000000000039e-01
9.192000000000000000e+03 1.792610000000000037e-01
9.192500000000000000e+03 1.792330000000000034e-01
9.193000000000000000e+03 1.792050000000000032e-01
9.193500000000000000e+03 1.791770000000000029e-01
9.194000000000000000e+03 1.791490000000000027e-01
9.194500000000000000e+03 1.791210000000000024e-01
9.195000000000000000e+03 1.790940000000000032e-01
9.195500000000000000e+03 1.790660000000000029e-01
9.196000000000000000e+03 1.790380000000000027e-01
9.196500000000000000e+03 1.790090000000000015e-01
9.197000000000000000e+03 1.789810000000000012e-01
9.197500000000000000e+03 1.789530000000000010e-01
9.198000000000000000e+03 1.789239999999999997e-01
9.198500000000000000e+03 1.788959999999999995e-01
9.199000000000000000e+03 1.788679999999999992e-01
9.199500000000000000e+03 1.788389999999999980e-01
9.200000000000000000e+03 1.788109999999999977e-01
9.200500000000000000e+03 1.788190000000000057e-01
9.201000000000000000e+03 1.788270000000000137e-01
9.201500000000000000e+03 1.788359999999999950e-01
9.202000000000000000e+03 1.788440000000000030e-01
9.202500000000000000e+03 1.788520000000000110e-01
9.203000000000000000e+03 1.788609999999999922e-01
9.203500000000000000e+03 1.788690000000000002e-01
9.204000000000000000e+03 1.788770000000000082e-01
9.204500000000000000e+03 1.788849999999999885e-01
9.205000000000000000e+03 1.788929999999999965e-01
9.205500000000000000e+03 1.789010000000000045e-01
9.206000000000000000e+03 1.789090000000000125e-01
9.206500000000000000e+03 1.789159999999999917e-01
9.207000000000000000e+03 1.789229999999999987e-01
9.207500000000000000e+03 1.789310000000000067e-01
9.208000000000000000e+03 1.789380000000000137e-01
9.208500000000000000e+03 1.789459999999999940e-01
9.209000000000000000e+03 1.789530000000000010e-01
9.209500000000000000e+03 1.789600000000000080e-01
9.210000000000000000e+03 1.789679999999999882e-01
9.210500000000000000e+03 1.788430000000000020e-01
9.211000000000000000e+03 1.787179999999999880e-01
9.211500000000000000e+03 1.785930000000000017e-01
9.212000000000000000e+03 1.784689999999999888e-01
9.212500000000000000e+03 1.783450000000000035e-01
9.213000000000000000e+03 1.782209999999999905e-01
9.213500000000000000e+03 1.780960000000000043e-01
9.214000000000000000e+03 1.779719999999999913e-01
9.214500000000000000e+03 1.778470000000000051e-01
9.215000000000000000e+03 1.777229999999999921e-01
9.215500000000000000e+03 1.775990000000000069e-01
9.216000000000000000e+03 1.774749999999999939e-01
9.216500000000000000e+03 1.773510000000000086e-01
9.217000000000000000e+03 1.772269999999999956e-01
9.217500000000000000e+03 1.771030000000000104e-01
9.218000000000000000e+03 1.769779999999999964e-01
9.218500000000000000e+03 1.768540000000000112e-01
9.219000000000000000e+03 1.767299999999999982e-01
9.219500000000000000e+03 1.766069999999999862e-01
9.220000000000000000e+03 1.764830000000000010e-01
9.220500000000000000e+03 1.764469999999999927e-01
9.221000000000000000e+03 1.764110000000000122e-01
9.221500000000000000e+03 1.763750000000000040e-01
9.222000000000000000e+03 1.763389999999999957e-01
9.222500000000000000e+03 1.763029999999999875e-01
9.223000000000000000e+03 1.762670000000000070e-01
9.223500000000000000e+03 1.762309999999999988e-01
9.224000000000000000e+03 1.761949999999999905e-01
9.224500000000000000e+03 1.761590000000000100e-01
9.225000000000000000e+03 1.761230000000000018e-01
9.225500000000000000e+03 1.760869999999999935e-01
9.226000000000000000e+03 1.760510000000000130e-01
9.226500000000000000e+03 1.760140000000000038e-01
9.227000000000000000e+03 1.759779999999999955e-01
9.227500000000000000e+03 1.759409999999999863e-01
9.228000000000000000e+03 1.759050000000000058e-01
9.228500000000000000e+03 1.758699999999999986e-01
9.229000000000000000e+03 1.758339999999999903e-01
9.229500000000000000e+03 1.757970000000000088e-01
9.230000000000000000e+03 1.757599999999999996e-01
9.230500000000000000e+03 1.756639999999999868e-01
9.231000000000000000e+03 1.755680000000000018e-01
9.231500000000000000e+03 1.754719999999999891e-01
9.232000000000000000e+03 1.753760000000000041e-01
9.232500000000000000e+03 1.752809999999999924e-01
9.233000000000000000e+03 1.751850000000000074e-01
9.233500000000000000e+03 1.750889999999999946e-01
9.234000000000000000e+03 1.749930000000000097e-01
9.234500000000000000e+03 1.748979999999999979e-01
9.235000000000000000e+03 1.748020000000000129e-01
9.235500000000000000e+03 1.747060000000000002e-01
9.236000000000000000e+03 1.746099999999999874e-01
9.236500000000000000e+03 1.745140000000000025e-01
9.237000000000000000e+03 1.744179999999999897e-01
9.237500000000000000e+03 1.743220000000000047e-01
9.238000000000000000e+03 1.742269999999999930e-01
9.238500000000000000e+03 1.741310000000000080e-01
9.239000000000000000e+03 1.740359999999999963e-01
9.239500000000000000e+03 1.739400000000000113e-01
9.240000000000000000e+03 1.738449999999999995e-01
9.240500000000000000e+03 1.737470000000000125e-01
9.241000000000000000e+03 1.736479999999999968e-01
9.241500000000000000e+03 1.735500000000000098e-01
9.242000000000000000e+03 1.734519999999999951e-01
9.242500000000000000e+03 1.733540000000000081e-01
9.243000000000000000e+03 1.732569999999999943e-01
9.243500000000000000e+03 1.731590000000000074e-01
9.244000000000000000e+03 1.730609999999999926e-01
9.244500000000000000e+03 1.729630000000000056e-01
9.245000000000000000e+03 1.728659999999999919e-01
9.245500000000000000e+03 1.727680000000000049e-01
9.246000000000000000e+03 1.726699999999999902e-01
9.246500000000000000e+03 1.725720000000000032e-01
9.247000000000000000e+03 1.724749999999999894e-01
9.247500000000000000e+03 1.723770000000000024e-01
9.248000000000000000e+03 1.722799999999999887e-01
9.248500000000000000e+03 1.721810000000000007e-01
9.249000000000000000e+03 1.720830000000000137e-01
9.249500000000000000e+03 1.719849999999999990e-01
9.250000000000000000e+03 1.718870000000000120e-01
9.250500000000000000e+03 1.719140000000000112e-01
9.251000000000000000e+03 1.719400000000000095e-01
9.251500000000000000e+03 1.719660000000000077e-01
9.252000000000000000e+03 1.719910000000000050e-01
9.252500000000000000e+03 1.720170000000000032e-01
9.253000000000000000e+03 1.720420000000000005e-01
9.253500000000000000e+03 1.720679999999999987e-01
9.254000000000000000e+03 1.720939999999999970e-01
9.254500000000000000e+03 1.721189999999999942e-01
9.255000000000000000e+03 1.721439999999999915e-01
9.255500000000000000e+03 1.721699999999999897e-01
9.256000000000000000e+03 1.721949999999999870e-01
9.256500000000000000e+03 1.722200000000000120e-01
9.257000000000000000e+03 1.722450000000000092e-01
9.257500000000000000e+03 1.722690000000000055e-01
9.258000000000000000e+03 1.722930000000000017e-01
9.258500000000000000e+03 1.723190000000000000e-01
9.259000000000000000e+03 1.723429999999999962e-01
9.259500000000000000e+03 1.723679999999999934e-01
9.260000000000000000e+03 1.723919999999999897e-01
9.260500000000000000e+03 1.723629999999999884e-01
9.261000000000000000e+03 1.723329999999999862e-01
9.261500000000000000e+03 1.723040000000000127e-01
9.262000000000000000e+03 1.722750000000000115e-01
9.262500000000000000e+03 1.722460000000000102e-01
9.263000000000000000e+03 1.722170000000000090e-01
9.263500000000000000e+03 1.721870000000000067e-01
9.264000000000000000e+03 1.721580000000000055e-01
9.264500000000000000e+03 1.721290000000000042e-01
9.265000000000000000e+03 1.720990000000000020e-01
9.265500000000000000e+03 1.720700000000000007e-01
9.266000000000000000e+03 1.720409999999999995e-01
9.266500000000000000e+03 1.720109999999999972e-01
9.267000000000000000e+03 1.719809999999999950e-01
9.267500000000000000e+03 1.719519999999999937e-01
9.268000000000000000e+03 1.719219999999999915e-01
9.268500000000000000e+03 1.718919999999999892e-01
9.269000000000000000e+03 1.718610000000000138e-01
9.269500000000000000e+03 1.718320000000000125e-01
9.270000000000000000e+03 1.718020000000000103e-01
9.270500000000000000e+03 1.716820000000000013e-01
9.271000000000000000e+03 1.715629999999999933e-01
9.271500000000000000e+03 1.714430000000000121e-01
9.272000000000000000e+03 1.713240000000000041e-01
9.272500000000000000e+03 1.712039999999999951e-01
9.273000000000000000e+03 1.710849999999999871e-01
9.273500000000000000e+03 1.709660000000000069e-01
9.274000000000000000e+03 1.708459999999999979e-01
9.274500000000000000e+03 1.707269999999999899e-01
9.275000000000000000e+03 1.706080000000000096e-01
9.275500000000000000e+03 1.704890000000000017e-01
9.276000000000000000e+03 1.703699999999999937e-01
9.276500000000000000e+03 1.702500000000000124e-01
9.277000000000000000e+03 1.701310000000000044e-01
9.277500000000000000e+03 1.700119999999999965e-01
9.278000000000000000e+03 1.698929999999999885e-01
9.278500000000000000e+03 1.697740000000000082e-01
9.279000000000000000e+03 1.696550000000000002e-01
9.279500000000000000e+03 1.695359999999999923e-01
9.280000000000000000e+03 1.694180000000000130e-01
9.280500000000000000e+03 1.692829999999999890e-01
9.281000000000000000e+03 1.691489999999999938e-01
9.281500000000000000e+03 1.690139999999999976e-01
9.282000000000000000e+03 1.688790000000000013e-01
9.282500000000000000e+03 1.687450000000000061e-01
9.283000000000000000e+03 1.686110000000000109e-01
9.283500000000000000e+03 1.684759999999999869e-01
9.284000000000000000e+03 1.683419999999999916e-01
9.284500000000000000e+03 1.682079999999999964e-01
9.285000000000000000e+03 1.680740000000000012e-01
9.285500000000000000e+03 1.679400000000000059e-01
9.286000000000000000e+03 1.678060000000000107e-01
9.286500000000000000e+03 1.676719999999999877e-01
9.287000000000000000e+03 1.675379999999999925e-01
9.287500000000000000e+03 1.674039999999999973e-01
9.288000000000000000e+03 1.672710000000000030e-01
9.288500000000000000e+03 1.671370000000000078e-01
9.289000000000000000e+03 1.670030000000000125e-01
9.289500000000000000e+03 1.668689999999999896e-01
9.290000000000000000e+03 1.667349999999999943e-01
9.290500000000000000e+03 1.667150000000000021e-01
9.291000000000000000e+03 1.666940000000000088e-01
9.291500000000000000e+03 1.666729999999999878e-01
9.292000000000000000e+03 1.666519999999999946e-01
9.292500000000000000e+03 1.666320000000000023e-01
9.293000000000000000e+03 1.666110000000000091e-01
9.293500000000000000e+03 1.665899999999999881e-01
9.294000000000000000e+03 1.665689999999999948e-01
9.294500000000000000e+03 1.665470000000000006e-01
9.295000000000000000e+03 1.665260000000000074e-01
9.295500000000000000e+03 1.665049999999999863e-01
9.296000000000000000e+03 1.664839999999999931e-01
9.296500000000000000e+03 1.664629999999999999e-01
9.297000000000000000e+03 1.664410000000000056e-01
9.297500000000000000e+03 1.664200000000000124e-01
9.298000000000000000e+03 1.663999999999999924e-01
9.298500000000000000e+03 1.663779999999999981e-01
9.299000000000000000e+03 1.663560000000000039e-01
9.299500000000000000e+03 1.663340000000000096e-01
9.300000000000000000e+03 1.663119999999999876e-01
9.300500000000000000e+03 1.661999999999999866e-01
9.301000000000000000e+03 1.660889999999999866e-01
9.301500000000000000e+03 1.659760000000000124e-01
9.302000000000000000e+03 1.658640000000000114e-01
9.302500000000000000e+03 1.657520000000000104e-01
9.303000000000000000e+03 1.656410000000000105e-01
9.303500000000000000e+03 1.655290000000000095e-01
9.304000000000000000e+03 1.654180000000000095e-01
9.304500000000000000e+03 1.653060000000000085e-01
9.305000000000000000e+03 1.651950000000000085e-01
9.305500000000000000e+03 1.650830000000000075e-01
9.306000000000000000e+03 1.649710000000000065e-01
9.306500000000000000e+03 1.648590000000000055e-01
9.307000000000000000e+03 1.647480000000000055e-01
9.307500000000000000e+03 1.646360000000000046e-01
9.308000000000000000e+03 1.645250000000000046e-01
9.308500000000000000e+03 1.644130000000000036e-01
9.309000000000000000e+03 1.643010000000000026e-01
9.309500000000000000e+03 1.641900000000000026e-01
9.310000000000000000e+03 1.640790000000000026e-01
9.310500000000000000e+03 1.640500000000000014e-01
9.311000000000000000e+03 1.640210000000000001e-01
9.311500000000000000e+03 1.639919999999999989e-01
9.312000000000000000e+03 1.639629999999999976e-01
9.312500000000000000e+03 1.639329999999999954e-01
9.313000000000000000e+03 1.639039999999999941e-01
9.313500000000000000e+03 1.638739999999999919e-01
9.314000000000000000e+03 1.638449999999999906e-01
9.314500000000000000e+03 1.638149999999999884e-01
9.315000000000000000e+03 1.637859999999999872e-01
9.315500000000000000e+03 1.637560000000000127e-01
9.316000000000000000e+03 1.637260000000000104e-01
9.316500000000000000e+03 1.636960000000000082e-01
9.317000000000000000e+03 1.636660000000000059e-01
9.317500000000000000e+03 1.636370000000000047e-01
9.318000000000000000e+03 1.636070000000000024e-01
9.318500000000000000e+03 1.635770000000000002e-01
9.319000000000000000e+03 1.635469999999999979e-01
9.319500000000000000e+03 1.635169999999999957e-01
9.320000000000000000e+03 1.634879999999999944e-01
9.320500000000000000e+03 1.633400000000000130e-01
9.321000000000000000e+03 1.631920000000000037e-01
9.321500000000000000e+03 1.630439999999999945e-01
9.322000000000000000e+03 1.628960000000000130e-01
9.322500000000000000e+03 1.627490000000000048e-01
9.323000000000000000e+03 1.626019999999999965e-01
9.323500000000000000e+03 1.624539999999999873e-01
9.324000000000000000e+03 1.623070000000000068e-01
9.324500000000000000e+03 1.621599999999999986e-01
9.325000000000000000e+03 1.620129999999999904e-01
9.325500000000000000e+03 1.618660000000000099e-01
9.326000000000000000e+03 1.617190000000000016e-01
9.326500000000000000e+03 1.615719999999999934e-01
9.327000000000000000e+03 1.614250000000000129e-01
9.327500000000000000e+03 1.612780000000000047e-01
9.328000000000000000e+03 1.611319999999999975e-01
9.328500000000000000e+03 1.609849999999999892e-01
9.329000000000000000e+03 1.608390000000000097e-01
9.329500000000000000e+03 1.606920000000000015e-01
9.330000000000000000e+03 1.605459999999999943e-01
9.330500000000000000e+03 1.604520000000000113e-01
9.331000000000000000e+03 1.603580000000000005e-01
9.331500000000000000e+03 1.602629999999999888e-01
9.332000000000000000e+03 1.601690000000000058e-01
9.332500000000000000e+03 1.600759999999999961e-01
9.333000000000000000e+03 1.599829999999999863e-01
9.333500000000000000e+03 1.598890000000000033e-01
9.334000000000000000e+03 1.597959999999999936e-01
9.334500000000000000e+03 1.597020000000000106e-01
9.335000000000000000e+03 1.596079999999999999e-01
9.335500000000000000e+03 1.595139999999999891e-01
9.336000000000000000e+03 1.594200000000000061e-01
9.336500000000000000e+03 1.593259999999999954e-01
9.337000000000000000e+03 1.592320000000000124e-01
9.337500000000000000e+03 1.591390000000000027e-01
9.338000000000000000e+03 1.590449999999999919e-01
9.338500000000000000e+03 1.589520000000000099e-01
9.339000000000000000e+03 1.588579999999999992e-01
9.339500000000000000e+03 1.587649999999999895e-01
9.340000000000000000e+03 1.586710000000000065e-01
9.340500000000000000e+03 1.586069999999999980e-01
9.341000000000000000e+03 1.585419999999999885e-01
9.341500000000000000e+03 1.584770000000000068e-01
9.342000000000000000e+03 1.584119999999999973e-01
9.342500000000000000e+03 1.583479999999999888e-01
9.343000000000000000e+03 1.582830000000000070e-01
9.343500000000000000e+03 1.582179999999999975e-01
9.344000000000000000e+03 1.581529999999999880e-01
9.344500000000000000e+03 1.580870000000000053e-01
9.345000000000000000e+03 1.580219999999999958e-01
9.345500000000000000e+03 1.579579999999999873e-01
9.346000000000000000e+03 1.578930000000000056e-01
9.346500000000000000e+03 1.578279999999999961e-01
9.347000000000000000e+03 1.577629999999999866e-01
9.347500000000000000e+03 1.576980000000000048e-01
9.348000000000000000e+03 1.576329999999999953e-01
9.348500000000000000e+03 1.575670000000000126e-01
9.349000000000000000e+03 1.575020000000000031e-01
9.349500000000000000e+03 1.574369999999999936e-01
9.350000000000000000e+03 1.573730000000000129e-01
9.350500000000000000e+03 1.572699999999999931e-01
9.351000000000000000e+03 1.571670000000000011e-01
9.351500000000000000e+03 1.570650000000000102e-01
9.352000000000000000e+03 1.569639999999999924e-01
9.352500000000000000e+03 1.568610000000000004e-01
9.353000000000000000e+03 1.567580000000000084e-01
9.353500000000000000e+03 1.566559999999999897e-01
9.354000000000000000e+03 1.565539999999999987e-01
9.354500000000000000e+03 1.564520000000000077e-01
9.355000000000000000e+03 1.563489999999999880e-01
9.355500000000000000e+03 1.562469999999999970e-01
9.356000000000000000e+03 1.561440000000000050e-01
9.356500000000000000e+03 1.560419999999999863e-01
9.357000000000000000e+03 1.559399999999999953e-01
9.357500000000000000e+03 1.558380000000000043e-01
9.358000000000000000e+03 1.557360000000000133e-01
9.358500000000000000e+03 1.556339999999999946e-01
9.359000000000000000e+03 1.555320000000000036e-01
9.359500000000000000e+03 1.554290000000000116e-01
9.360000000000000000e+03 1.553269999999999929e-01
9.360500000000000000e+03 1.552280000000000049e-01
9.361000000000000000e+03 1.551299999999999901e-01
9.361500000000000000e+03 1.550310000000000021e-01
9.362000000000000000e+03 1.549329999999999874e-01
9.362500000000000000e+03 1.548339999999999994e-01
9.363000000000000000e+03 1.547350000000000114e-01
9.363500000000000000e+03 1.546369999999999967e-01
9.364000000000000000e+03 1.545380000000000087e-01
9.364500000000000000e+03 1.544389999999999930e-01
9.365000000000000000e+03 1.543410000000000060e-01
9.365500000000000000e+03 1.542419999999999902e-01
9.366000000000000000e+03 1.541440000000000032e-01
9.366500000000000000e+03 1.540459999999999885e-01
9.367000000000000000e+03 1.539470000000000005e-01
9.367500000000000000e+03 1.538490000000000135e-01
9.368000000000000000e+03 1.537509999999999988e-01
9.368500000000000000e+03 1.536520000000000108e-01
9.369000000000000000e+03 1.535529999999999951e-01
9.369500000000000000e+03 1.534550000000000081e-01
9.370000000000000000e+03 1.533569999999999933e-01
9.370500000000000000e+03 1.532620000000000093e-01
9.371000000000000000e+03 1.531669999999999976e-01
9.371500000000000000e+03 1.530720000000000136e-01
9.372000000000000000e+03 1.529760000000000009e-01
9.372500000000000000e+03 1.528819999999999901e-01
9.373000000000000000e+03 1.527870000000000061e-01
9.373500000000000000e+03 1.526919999999999944e-01
9.374000000000000000e+03 1.525960000000000094e-01
9.374500000000000000e+03 1.525019999999999987e-01
9.375000000000000000e+03 1.524069999999999869e-01
9.375500000000000000e+03 1.523120000000000029e-01
9.376000000000000000e+03 1.522159999999999902e-01
9.376500000000000000e+03 1.521220000000000072e-01
9.377000000000000000e+03 1.520269999999999955e-01
9.377500000000000000e+03 1.519320000000000115e-01
9.378000000000000000e+03 1.518369999999999997e-01
9.378500000000000000e+03 1.517429999999999890e-01
9.379000000000000000e+03 1.516480000000000050e-01
9.379500000000000000e+03 1.515529999999999933e-01
9.380000000000000000e+03 1.514580000000000093e-01
9.380500000000000000e+03 1.513309999999999933e-01
9.381000000000000000e+03 1.512030000000000041e-01
9.381500000000000000e+03 1.510759999999999881e-01
9.382000000000000000e+03 1.509489999999999998e-01
9.382500000000000000e+03 1.508220000000000116e-01
9.383000000000000000e+03 1.506939999999999946e-01
9.383500000000000000e+03 1.505680000000000074e-01
9.384000000000000000e+03 1.504409999999999914e-01
9.384500000000000000e+03 1.503140000000000032e-01
9.385000000000000000e+03 1.501859999999999862e-01
9.385500000000000000e+03 1.500589999999999979e-01
9.386000000000000000e+03 1.499330000000000107e-01
9.386500000000000000e+03 1.498069999999999957e-01
9.387000000000000000e+03 1.496800000000000075e-01
9.387500000000000000e+03 1.495529999999999915e-01
9.388000000000000000e+03 1.494260000000000033e-01
9.388500000000000000e+03 1.492999999999999883e-01
9.389000000000000000e+03 1.491730000000000000e-01
9.389500000000000000e+03 1.490460000000000118e-01
9.390000000000000000e+03 1.489199999999999968e-01
9.390500000000000000e+03 1.488520000000000121e-01
9.391000000000000000e+03 1.487839999999999996e-01
9.391500000000000000e+03 1.487159999999999871e-01
9.392000000000000000e+03 1.486470000000000014e-01
9.392500000000000000e+03 1.485789999999999889e-01
9.393000000000000000e+03 1.485100000000000031e-01
9.393500000000000000e+03 1.484419999999999906e-01
9.394000000000000000e+03 1.483740000000000059e-01
9.394500000000000000e+03 1.483049999999999924e-01
9.395000000000000000e+03 1.482370000000000076e-01
9.395500000000000000e+03 1.481679999999999942e-01
9.396000000000000000e+03 1.480990000000000084e-01
9.396500000000000000e+03 1.480309999999999959e-01
9.397000000000000000e+03 1.479630000000000112e-01
9.397500000000000000e+03 1.478939999999999977e-01
9.398000000000000000e+03 1.478250000000000119e-01
9.398500000000000000e+03 1.477569999999999995e-01
9.399000000000000000e+03 1.476880000000000137e-01
9.399500000000000000e+03 1.476200000000000012e-01
9.400000000000000000e+03 1.475509999999999877e-01
9.400500000000000000e+03 1.473919999999999952e-01
9.401000000000000000e+03 1.472320000000000018e-01
9.401500000000000000e+03 1.470720000000000083e-01
9.402000000000000000e+03 1.469119999999999870e-01
9.402500000000000000e+03 1.467529999999999946e-01
9.403000000000000000e+03 1.465940000000000021e-01
9.403500000000000000e+03 1.464350000000000096e-01
9.404000000000000000e+03 1.462749999999999884e-01
9.404500000000000000e+03 1.461159999999999959e-01
9.405000000000000000e+03 1.459570000000000034e-01
9.405500000000000000e+03 1.457980000000000109e-01
9.406000000000000000e+03 1.456399999999999917e-01
9.406500000000000000e+03 1.454809999999999992e-01
9.407000000000000000e+03 1.453230000000000077e-01
9.407500000000000000e+03 1.451639999999999875e-01
9.408000000000000000e+03 1.450049999999999950e-01
9.408500000000000000e+03 1.448470000000000035e-01
9.409000000000000000e+03 1.446890000000000120e-01
9.409500000000000000e+03 1.445309999999999928e-01
9.410000000000000000e+03 1.443720000000000003e-01
9.410500000000000000e+03 1.440460000000000074e-01
9.411000000000000000e+03 1.437199999999999867e-01
9.411500000000000000e+03 1.433939999999999937e-01
9.412000000000000000e+03 1.430680000000000007e-01
9.412500000000000000e+03 1.427420000000000078e-01
9.413000000000000000e+03 1.424169999999999880e-01
9.413500000000000000e+03 1.420919999999999961e-01
9.414000000000000000e+03 1.417680000000000051e-01
9.414500000000000000e+03 1.414439999999999864e-01
9.415000000000000000e+03 1.411199999999999954e-01
9.415500000000000000e+03 1.407960000000000045e-01
9.416000000000000000e+03 1.404729999999999868e-01
9.416500000000000000e+03 1.401499999999999968e-01
9.417000000000000000e+03 1.398270000000000068e-01
9.417500000000000000e+03 1.395049999999999901e-01
9.418000000000000000e+03 1.391830000000000012e-01
9.418500000000000000e+03 1.388610000000000122e-01
9.419000000000000000e+03 1.385399999999999965e-01
9.419500000000000000e+03 1.382190000000000085e-01
9.420000000000000000e+03 1.378979999999999928e-01
9.420500000000000000e+03 1.379219999999999891e-01
9.421000000000000000e+03 1.379450000000000121e-01
9.421500000000000000e+03 1.379680000000000073e-01
9.422000000000000000e+03 1.379910000000000025e-01
9.422500000000000000e+03 1.380139999999999978e-01
9.423000000000000000e+03 1.380369999999999930e-01
9.423500000000000000e+03 1.380599999999999883e-01
9.424000000000000000e+03 1.380820000000000103e-01
9.424500000000000000e+03 1.381050000000000055e-01
9.425000000000000000e+03 1.381269999999999998e-01
9.425500000000000000e+03 1.381489999999999940e-01
9.426000000000000000e+03 1.381709999999999883e-01
9.426500000000000000e+03 1.381930000000000103e-01
9.427000000000000000e+03 1.382150000000000045e-01
9.427500000000000000e+03 1.382359999999999978e-01
9.428000000000000000e+03 1.382569999999999910e-01
9.428500000000000000e+03 1.382790000000000130e-01
9.429000000000000000e+03 1.383000000000000063e-01
9.429500000000000000e+03 1.383209999999999995e-01
9.430000000000000000e+03 1.383409999999999918e-01
9.430500000000000000e+03 1.382009999999999905e-01
9.431000000000000000e+03 1.380609999999999893e-01
9.431500000000000000e+03 1.379209999999999881e-01
9.432000000000000000e+03 1.377809999999999868e-01
9.432500000000000000e+03 1.376419999999999866e-01
9.433000000000000000e+03 1.375020000000000131e-01
9.433500000000000000e+03 1.373620000000000119e-01
9.434000000000000000e+03 1.372220000000000106e-01
9.434500000000000000e+03 1.370830000000000104e-01
9.435000000000000000e+03 1.369450000000000112e-01
9.435500000000000000e+03 1.368050000000000099e-01
9.436000000000000000e+03 1.366660000000000097e-01
9.436500000000000000e+03 1.365260000000000085e-01
9.437000000000000000e+03 1.363860000000000072e-01
9.437500000000000000e+03 1.362470000000000070e-01
9.438000000000000000e+03 1.361090000000000078e-01
9.438500000000000000e+03 1.359700000000000075e-01
9.439000000000000000e+03 1.358310000000000073e-01
9.439500000000000000e+03 1.356920000000000071e-01
9.440000000000000000e+03 1.355540000000000078e-01
9.440500000000000000e+03 1.353959999999999886e-01
9.441000000000000000e+03 1.352379999999999971e-01
9.441500000000000000e+03 1.350800000000000056e-01
9.442000000000000000e+03 1.349219999999999864e-01
9.442500000000000000e+03 1.347639999999999949e-01
9.443000000000000000e+03 1.346070000000000044e-01
9.443500000000000000e+03 1.344490000000000129e-01
9.444000000000000000e+03 1.342919999999999947e-01
9.444500000000000000e+03 1.341340000000000032e-01
9.445000000000000000e+03 1.339770000000000127e-01
9.445500000000000000e+03 1.338199999999999945e-01
9.446000000000000000e+03 1.336630000000000040e-01
9.446500000000000000e+03 1.335060000000000136e-01
9.447000000000000000e+03 1.333489999999999953e-01
9.447500000000000000e+03 1.331920000000000048e-01
9.448000000000000000e+03 1.330359999999999876e-01
9.448500000000000000e+03 1.328799999999999981e-01
9.449000000000000000e+03 1.327240000000000086e-01
9.449500000000000000e+03 1.325669999999999904e-01
9.450000000000000000e+03 1.324099999999999999e-01
9.450500000000000000e+03 1.322649999999999937e-01
9.451000000000000000e+03 1.321189999999999864e-01
9.451500000000000000e+03 1.319730000000000070e-01
9.452000000000000000e+03 1.318269999999999997e-01
9.452500000000000000e+03 1.316819999999999935e-01
9.453000000000000000e+03 1.315369999999999873e-01
9.453500000000000000e+03 1.313920000000000088e-01
9.454000000000000000e+03 1.312460000000000016e-01
9.454500000000000000e+03 1.311009999999999953e-01
9.455000000000000000e+03 1.309569999999999901e-01
9.455500000000000000e+03 1.308110000000000106e-01
9.456000000000000000e+03 1.306670000000000054e-01
9.456500000000000000e+03 1.305219999999999991e-01
9.457000000000000000e+03 1.303779999999999939e-01
9.457500000000000000e+03 1.302319999999999867e-01
9.458000000000000000e+03 1.300870000000000082e-01
9.458500000000000000e+03 1.299440000000000039e-01
9.459000000000000000e+03 1.297999999999999987e-01
9.459500000000000000e+03 1.296559999999999935e-01
9.460000000000000000e+03 1.295119999999999882e-01
9.460500000000000000e+03 1.293410000000000115e-01
9.461000000000000000e+03 1.291710000000000080e-01
9.461500000000000000e+03 1.290010000000000046e-01
9.462000000000000000e+03 1.288310000000000011e-01
9.462500000000000000e+03 1.286609999999999976e-01
9.463000000000000000e+03 1.284919999999999951e-01
9.463500000000000000e+03 1.283229999999999926e-01
9.464000000000000000e+03 1.281539999999999901e-01
9.464500000000000000e+03 1.279839999999999867e-01
9.465000000000000000e+03 1.278140000000000109e-01
9.465500000000000000e+03 1.276460000000000095e-01
9.466000000000000000e+03 1.274770000000000070e-01
9.466500000000000000e+03 1.273080000000000045e-01
9.467000000000000000e+03 1.271400000000000030e-01
9.467500000000000000e+03 1.269710000000000005e-01
9.468000000000000000e+03 1.268029999999999990e-01
9.468500000000000000e+03 1.266349999999999976e-01
9.469000000000000000e+03 1.264659999999999951e-01
9.469500000000000000e+03 1.262979999999999936e-01
9.470000000000000000e+03 1.261309999999999931e-01
9.470500000000000000e+03 1.260489999999999944e-01
9.471000000000000000e+03 1.259679999999999966e-01
9.471500000000000000e+03 1.258859999999999979e-01
9.472000000000000000e+03 1.258050000000000002e-01
9.472500000000000000e+03 1.257220000000000004e-01
9.473000000000000000e+03 1.256400000000000017e-01
9.473500000000000000e+03 1.255590000000000039e-01
9.474000000000000000e+03 1.254770000000000052e-01
9.474500000000000000e+03 1.253960000000000075e-01
9.475000000000000000e+03 1.253140000000000087e-01
9.475500000000000000e+03 1.252320000000000100e-01
9.476000000000000000e+03 1.251510000000000122e-01
9.476500000000000000e+03 1.250690000000000135e-01
9.477000000000000000e+03 1.249870000000000009e-01
9.477500000000000000e+03 1.249050000000000021e-01
9.478000000000000000e+03 1.248240000000000044e-01
9.478500000000000000e+03 1.247420000000000057e-01
9.479000000000000000e+03 1.246609999999999940e-01
9.479500000000000000e+03 1.245789999999999953e-01
9.480000000000000000e+03 1.244969999999999966e-01
9.480500000000000000e+03 1.243510000000000032e-01
9.481000000000000000e+03 1.242059999999999970e-01
9.481500000000000000e+03 1.240590000000000026e-01
9.482000000000000000e+03 1.239129999999999954e-01
9.482500000000000000e+03 1.237680000000000030e-01
9.483000000000000000e+03 1.236219999999999958e-01
9.483500000000000000e+03 1.234770000000000034e-01
9.484000000000000000e+03 1.233309999999999962e-01
9.484500000000000000e+03 1.231850000000000028e-01
9.485000000000000000e+03 1.230399999999999966e-01
9.485500000000000000e+03 1.228950000000000042e-01
9.486000000000000000e+03 1.227489999999999970e-01
9.486500000000000000e+03 1.226050000000000056e-01
9.487000000000000000e+03 1.224599999999999994e-01
9.487500000000000000e+03 1.223149999999999932e-01
9.488000000000000000e+03 1.221710000000000018e-01
9.488500000000000000e+03 1.220259999999999956e-01
9.489000000000000000e+03 1.218810000000000032e-01
9.489500000000000000e+03 1.217369999999999980e-01
9.490000000000000000e+03 1.215920000000000056e-01
9.490500000000000000e+03 1.215350000000000041e-01
9.491000000000000000e+03 1.214780000000000026e-01
9.491500000000000000e+03 1.214200000000000002e-01
9.492000000000000000e+03 1.213629999999999987e-01
9.492500000000000000e+03 1.213049999999999962e-01
9.493000000000000000e+03 1.212479999999999947e-01
9.493500000000000000e+03 1.211900000000000061e-01
9.494000000000000000e+03 1.211320000000000036e-01
9.494500000000000000e+03 1.210750000000000021e-01
9.495000000000000000e+03 1.210159999999999986e-01
9.495500000000000000e+03 1.209589999999999971e-01
9.496000000000000000e+03 1.209019999999999956e-01
9.496500000000000000e+03 1.208439999999999931e-01
9.497000000000000000e+03 1.207860000000000045e-01
9.497500000000000000e+03 1.207280000000000020e-01
9.498000000000000000e+03 1.206699999999999995e-01
9.498500000000000000e+03 1.206119999999999970e-01
9.499000000000000000e+03 1.205549999999999955e-01
9.499500000000000000e+03 1.204970000000000069e-01
9.500000000000000000e+03 1.204380000000000034e-01
9.500500000000000000e+03 1.203909999999999980e-01
9.501000000000000000e+03 1.203440000000000065e-01
9.501500000000000000e+03 1.202970000000000012e-01
9.502000000000000000e+03 1.202489999999999948e-01
9.502500000000000000e+03 1.202020000000000033e-01
9.503000000000000000e+03 1.201539999999999969e-01
9.503500000000000000e+03 1.201060000000000044e-01
9.504000000000000000e+03 1.200589999999999991e-01
9.504500000000000000e+03 1.200110000000000066e-01
9.505000000000000000e+03 1.199640000000000012e-01
9.505500000000000000e+03 1.199159999999999948e-01
9.506000000000000000e+03 1.198690000000000033e-01
9.506500000000000000e+03 1.198199999999999960e-01
9.507000000000000000e+03 1.197720000000000035e-01
9.507500000000000000e+03 1.197239999999999971e-01
9.508000000000000000e+03 1.196760000000000046e-01
9.508500000000000000e+03 1.196279999999999982e-01
9.509000000000000000e+03 1.195810000000000067e-01
9.509500000000000000e+03 1.195319999999999994e-01
9.510000000000000000e+03 1.194840000000000069e-01
9.510500000000000000e+03 1.194719999999999949e-01
9.511000000000000000e+03 1.194589999999999957e-01
9.511500000000000000e+03 1.194459999999999966e-01
9.512000000000000000e+03 1.194329999999999975e-01
9.512500000000000000e+03 1.194199999999999984e-01
9.513000000000000000e+03 1.194059999999999983e-01
9.513500000000000000e+03 1.193929999999999991e-01
9.514000000000000000e+03 1.193800000000000000e-01
9.514500000000000000e+03 1.193659999999999999e-01
9.515000000000000000e+03 1.193530000000000008e-01
9.515500000000000000e+03 1.193390000000000006e-01
9.516000000000000000e+03 1.193250000000000005e-01
9.516500000000000000e+03 1.193110000000000004e-01
9.517000000000000000e+03 1.192970000000000003e-01
9.517500000000000000e+03 1.192830000000000001e-01
9.518000000000000000e+03 1.192700000000000010e-01
9.518500000000000000e+03 1.192549999999999999e-01
9.519000000000000000e+03 1.192399999999999988e-01
9.519500000000000000e+03 1.192269999999999996e-01
9.520000000000000000e+03 1.192129999999999995e-01
9.520500000000000000e+03 1.191620000000000040e-01
9.521000000000000000e+03 1.191099999999999937e-01
9.521500000000000000e+03 1.190599999999999992e-01
9.522000000000000000e+03 1.190090000000000037e-01
9.522500000000000000e+03 1.189579999999999943e-01
9.523000000000000000e+03 1.189069999999999988e-01
9.523500000000000000e+03 1.188560000000000033e-01
9.524000000000000000e+03 1.188049999999999939e-01
9.524500000000000000e+03 1.187549999999999994e-01
9.525000000000000000e+03 1.187050000000000050e-01
9.525500000000000000e+03 1.186529999999999946e-01
9.526000000000000000e+03 1.186019999999999991e-01
9.526500000000000000e+03 1.185510000000000036e-01
9.527000000000000000e+03 1.184999999999999942e-01
9.527500000000000000e+03 1.184479999999999977e-01
9.528000000000000000e+03 1.183970000000000022e-01
9.528500000000000000e+03 1.183460000000000067e-01
9.529000000000000000e+03 1.182949999999999974e-01
9.529500000000000000e+03 1.182440000000000019e-01
9.530000000000000000e+03 1.181920000000000054e-01
9.530500000000000000e+03 1.181100000000000066e-01
9.531000000000000000e+03 1.180279999999999940e-01
9.531500000000000000e+03 1.179459999999999953e-01
9.532000000000000000e+03 1.178639999999999965e-01
9.532500000000000000e+03 1.177819999999999978e-01
9.533000000000000000e+03 1.176989999999999981e-01
9.533500000000000000e+03 1.176180000000000003e-01
9.534000000000000000e+03 1.175370000000000026e-01
9.534500000000000000e+03 1.174550000000000038e-01
9.535000000000000000e+03 1.173730000000000051e-01
9.535500000000000000e+03 1.172910000000000064e-01
9.536000000000000000e+03 1.172089999999999937e-01
9.536500000000000000e+03 1.171269999999999950e-01
9.537000000000000000e+03 1.170449999999999963e-01
9.537500000000000000e+03 1.169629999999999975e-01
9.538000000000000000e+03 1.168809999999999988e-01
9.538500000000000000e+03 1.167990000000000000e-01
9.539000000000000000e+03 1.167170000000000013e-01
9.539500000000000000e+03 1.166360000000000036e-01
9.540000000000000000e+03 1.165550000000000058e-01
9.540500000000000000e+03 1.162490000000000051e-01
9.541000000000000000e+03 1.159430000000000044e-01
9.541500000000000000e+03 1.156390000000000057e-01
9.542000000000000000e+03 1.153349999999999931e-01
9.542500000000000000e+03 1.150309999999999944e-01
9.543000000000000000e+03 1.147269999999999956e-01
9.543500000000000000e+03 1.144239999999999979e-01
9.544000000000000000e+03 1.141220000000000012e-01
9.544500000000000000e+03 1.138190000000000035e-01
9.545000000000000000e+03 1.135170000000000068e-01
9.545500000000000000e+03 1.132149999999999962e-01
9.546000000000000000e+03 1.129140000000000005e-01
9.546500000000000000e+03 1.126130000000000048e-01
9.547000000000000000e+03 1.123129999999999962e-01
9.547500000000000000e+03 1.120130000000000015e-01
9.548000000000000000e+03 1.117130000000000067e-01
9.548500000000000000e+03 1.114129999999999981e-01
9.549000000000000000e+03 1.111140000000000044e-01
9.549500000000000000e+03 1.108149999999999968e-01
9.550000000000000000e+03 1.105160000000000031e-01
9.550500000000000000e+03 1.100129999999999997e-01
9.551000000000000000e+03 1.095109999999999972e-01
9.551500000000000000e+03 1.090089999999999948e-01
9.552000000000000000e+03 1.085079999999999933e-01
9.552500000000000000e+03 1.080080000000000068e-01
9.553000000000000000e+03 1.075080000000000063e-01
9.553500000000000000e+03 1.070090000000000069e-01
9.554000000000000000e+03 1.065099999999999936e-01
9.554500000000000000e+03 1.060119999999999951e-01
9.555000000000000000e+03 1.055149999999999977e-01
9.555500000000000000e+03 1.050190000000000012e-01
9.556000000000000000e+03 1.045230000000000048e-01
9.556500000000000000e+03 1.040279999999999955e-01
9.557000000000000000e+03 1.035330000000000000e-01
9.557500000000000000e+03 1.030390000000000056e-01
9.558000000000000000e+03 1.025459999999999983e-01
9.558500000000000000e+03 1.020540000000000058e-01
9.559000000000000000e+03 1.015619999999999995e-01
9.559500000000000000e+03 1.010699999999999932e-01
9.560000000000000000e+03 1.005780000000000007e-01
9.560500000000000000e+03 9.979849999999999832e-02
9.561000000000000000e+03 9.901970000000000216e-02
9.561500000000000000e+03 9.824259999999999937e-02
9.562000000000000000e+03 9.746649999999999758e-02
9.562500000000000000e+03 9.669110000000000205e-02
9.563000000000000000e+03 9.591669999999999363e-02
9.563500000000000000e+03 9.514369999999999772e-02
9.564000000000000000e+03 9.437180000000000568e-02
9.564500000000000000e+03 9.360100000000000364e-02
9.565000000000000000e+03 9.283130000000000548e-02
9.565500000000000000e+03 9.206269999999999731e-02
9.566000000000000000e+03 9.129520000000000690e-02
9.566500000000000000e+03 9.052839999999999498e-02
9.567000000000000000e+03 8.976270000000000082e-02
9.567500000000000000e+03 8.899899999999999478e-02
9.568000000000000000e+03 8.823640000000000649e-02
9.568500000000000000e+03 8.747439999999999383e-02
9.569000000000000000e+03 8.671349999999999891e-02
9.569500000000000000e+03 8.595419999999999450e-02
9.570000000000000000e+03 8.519599999999999396e-02
9.570500000000000000e+03 8.427300000000000069e-02
9.571000000000000000e+03 8.335140000000000604e-02
9.571500000000000000e+03 8.243219999999999714e-02
9.572000000000000000e+03 8.151429999999999787e-02
9.572500000000000000e+03 8.059710000000000485e-02
9.573000000000000000e+03 7.968129999999999658e-02
9.573500000000000000e+03 7.876710000000000655e-02
9.574000000000000000e+03 7.785419999999999841e-02
9.574500000000000000e+03 7.694259999999999988e-02
9.575000000000000000e+03 7.603239999999999998e-02
9.575500000000000000e+03 7.512389999999999346e-02
9.576000000000000000e+03 7.421669999999999656e-02
9.576500000000000000e+03 7.331060000000000354e-02
9.577000000000000000e+03 7.240580000000000627e-02
9.577500000000000000e+03 7.150259999999999949e-02
9.578000000000000000e+03 7.060089999999999422e-02
9.578500000000000000e+03 6.970010000000000094e-02
9.579000000000000000e+03 6.880060000000000342e-02
9.579500000000000000e+03 6.790269999999999639e-02
9.580000000000000000e+03 6.700609999999999900e-02
9.580500000000000000e+03 6.604100000000000248e-02
9.581000000000000000e+03 6.507739999999999359e-02
9.581500000000000000e+03 6.411540000000000294e-02
9.582000000000000000e+03 6.315489999999999993e-02
9.582500000000000000e+03 6.219569999999999960e-02
9.583000000000000000e+03 6.123800000000000077e-02
9.583500000000000000e+03 6.028250000000000275e-02
9.584000000000000000e+03 5.932849999999999929e-02
9.584500000000000000e+03 5.837570000000000259e-02
9.585000000000000000e+03 5.742459999999999926e-02
9.585500000000000000e+03 5.647479999999999861e-02
9.586000000000000000e+03 5.552660000000000234e-02
9.586500000000000000e+03 5.457999999999999657e-02
9.587000000000000000e+03 5.363509999999999805e-02
9.587500000000000000e+03 5.269189999999999985e-02
9.588000000000000000e+03 5.175029999999999908e-02
9.588500000000000000e+03 5.081000000000000100e-02
9.589000000000000000e+03 4.987119999999999748e-02
9.589500000000000000e+03 4.893399999999999833e-02
9.590000000000000000e+03 4.799849999999999950e-02
9.590500000000000000e+03 4.720470000000000221e-02
9.591000000000000000e+03 4.641220000000000068e-02
9.591500000000000000e+03 4.562100000000000183e-02
9.592000000000000000e+03 4.483089999999999992e-02
9.592500000000000000e+03 4.404190000000000188e-02
9.593000000000000000e+03 4.325409999999999672e-02
9.593500000000000000e+03 4.246749999999999831e-02
9.594000000000000000e+03 4.168220000000000258e-02
9.594500000000000000e+03 4.089809999999999973e-02
9.595000000000000000e+03 4.011519999999999669e-02
9.595500000000000000e+03 3.933350000000000041e-02
9.596000000000000000e+03 3.855299999999999699e-02
9.596500000000000000e+03 3.777370000000000033e-02
9.597000000000000000e+03 3.699569999999999942e-02
9.597500000000000000e+03 3.621859999999999663e-02
9.598000000000000000e+03 3.544280000000000347e-02
9.598500000000000000e+03 3.466840000000000199e-02
9.599000000000000000e+03 3.389509999999999745e-02
9.599500000000000000e+03 3.312299999999999967e-02
9.600000000000000000e+03 3.235210000000000169e-02
9.600500000000000000e+03 3.174670000000000269e-02
9.601000000000000000e+03 3.114219999999999836e-02
9.601500000000000000e+03 3.053890000000000077e-02
9.602000000000000000e+03 2.993650000000000130e-02
9.602500000000000000e+03 2.933509999999999937e-02
9.603000000000000000e+03 2.873459999999999903e-02
9.603500000000000000e+03 2.813480000000000147e-02
9.604000000000000000e+03 2.753579999999999917e-02
9.604500000000000000e+03 2.693809999999999955e-02
9.605000000000000000e+03 2.634130000000000152e-02
9.605500000000000000e+03 2.574500000000000052e-02
9.606000000000000000e+03 2.514970000000000053e-02
9.606500000000000000e+03 2.455560000000000034e-02
9.607000000000000000e+03 2.396239999999999828e-02
9.607500000000000000e+03 2.337010000000000129e-02
9.608000000000000000e+03 2.277859999999999954e-02
9.608500000000000000e+03 2.218799999999999939e-02
9.609000000000000000e+03 2.159830000000000083e-02
9.609500000000000000e+03 2.100959999999999980e-02
9.610000000000000000e+03 2.042180000000000037e-02
9.610500000000000000e+03 2.001870000000000038e-02
9.611000000000000000e+03 1.961629999999999971e-02
9.611500000000000000e+03 1.921449999999999894e-02
9.612000000000000000e+03 1.881330000000000155e-02
9.612500000000000000e+03 1.841299999999999881e-02
9.613000000000000000e+03 1.801320000000000005e-02
9.613500000000000000e+03 1.761389999999999831e-02
9.614000000000000000e+03 1.721519999999999995e-02
9.614500000000000000e+03 1.681730000000000030e-02
9.615000000000000000e+03 1.642009999999999997e-02
9.615500000000000000e+03 1.602349999999999955e-02
9.616000000000000000e+03 1.562739999999999962e-02
9.616500000000000000e+03 1.523210000000000015e-02
9.617000000000000000e+03 1.483740000000000059e-02
9.617500000000000000e+03 1.444329999999999919e-02
9.618000000000000000e+03 1.404979999999999944e-02
9.618500000000000000e+03 1.365700000000000074e-02
9.619000000000000000e+03 1.326480000000000020e-02
9.619500000000000000e+03 1.287330000000000071e-02
9.620000000000000000e+03 1.248229999999999999e-02
9.620500000000000000e+03 1.223819999999999943e-02
9.621000000000000000e+03 1.199449999999999995e-02
9.621500000000000000e+03 1.175099999999999929e-02
9.622000000000000000e+03 1.150799999999999913e-02
9.622500000000000000e+03 1.126540000000000007e-02
9.623000000000000000e+03 1.102329999999999977e-02
9.623500000000000000e+03 1.078140000000000001e-02
9.624000000000000000e+03 1.054000000000000076e-02
9.624500000000000000e+03 1.029900000000000086e-02
9.625000000000000000e+03 1.005840000000000033e-02
9.625500000000000000e+03 9.818260000000000529e-03
9.626000000000000000e+03 9.578490000000000268e-03
9.626500000000000000e+03 9.339079999999999604e-03
9.627000000000000000e+03 9.100070000000000034e-03
9.627500000000000000e+03 8.861459999999999823e-03
9.628000000000000000e+03 8.623250000000000706e-03
9.628500000000000000e+03 8.385510000000000533e-03
9.629000000000000000e+03 8.148149999999999837e-03
9.629500000000000000e+03 7.911110000000000711e-03
9.630000000000000000e+03 7.674460000000000136e-03
9.630500000000000000e+03 7.529890000000000021e-03
9.631000000000000000e+03 7.385560000000000215e-03
9.631500000000000000e+03 7.241430000000000089e-03
9.632000000000000000e+03 7.097530000000000332e-03
9.632500000000000000e+03 6.953899999999999838e-03
9.633000000000000000e+03 6.810489999999999773e-03
9.633500000000000000e+03 6.667320000000000017e-03
9.634000000000000000e+03 6.524369999999999822e-03
9.634500000000000000e+03 6.381620000000000174e-03
9.635000000000000000e+03 6.239100000000000028e-03
9.635500000000000000e+03 6.096850000000000012e-03
9.636000000000000000e+03 5.954840000000000307e-03
9.636500000000000000e+03 5.813030000000000280e-03
9.637000000000000000e+03 5.671459999999999696e-03
9.637500000000000000e+03 5.530099999999999599e-03
9.638000000000000000e+03 5.388959999999999931e-03
9.638500000000000000e+03 5.248090000000000394e-03
9.639000000000000000e+03 5.107440000000000417e-03
9.639500000000000000e+03 4.967000000000000061e-03
9.640000000000000000e+03 4.826780000000000133e-03
9.640500000000000000e+03 4.739779999999999861e-03
9.641000000000000000e+03 4.652919999999999626e-03
9.641500000000000000e+03 4.566240000000000056e-03
9.642000000000000000e+03 4.479699999999999654e-03
9.642500000000000000e+03 4.393280000000000275e-03
9.643000000000000000e+03 4.307010000000000005e-03
9.643500000000000000e+03 4.220889999999999712e-03
9.644000000000000000e+03 4.134920000000000262e-03
9.644500000000000000e+03 4.049109999999999862e-03
9.645000000000000000e+03 3.963440000000000366e-03
9.645500000000000000e+03 3.877890000000000156e-03
9.646000000000000000e+03 3.792489999999999924e-03
9.646500000000000000e+03 3.707259999999999982e-03
9.647000000000000000e+03 3.622180000000000018e-03
9.647500000000000000e+03 3.537240000000000089e-03
9.648000000000000000e+03 3.452460000000000077e-03
9.648500000000000000e+03 3.367779999999999906e-03
9.649000000000000000e+03 3.283260000000000085e-03
9.649500000000000000e+03 3.198900000000000181e-03
9.650000000000000000e+03 3.114679999999999879e-03
9.650500000000000000e+03 3.059290000000000100e-03
9.651000000000000000e+03 3.003979999999999845e-03
9.651500000000000000e+03 2.948779999999999804e-03
9.652000000000000000e+03 2.893670000000000096e-03
9.652500000000000000e+03 2.838649999999999854e-03
9.653000000000000000e+03 2.783710000000000004e-03
9.653500000000000000e+03 2.728860000000000053e-03
9.654000000000000000e+03 2.674090000000000061e-03
9.654500000000000000e+03 2.619419999999999908e-03
9.655000000000000000e+03 2.564840000000000089e-03
9.655500000000000000e+03 2.510360000000000109e-03
9.656000000000000000e+03 2.455960000000000087e-03
9.656500000000000000e+03 2.401630000000000084e-03
9.657000000000000000e+03 2.347389999999999980e-03
9.657500000000000000e+03 2.293260000000000090e-03
9.658000000000000000e+03 2.239220000000000099e-03
9.658500000000000000e+03 2.185260000000000067e-03
9.659000000000000000e+03 2.131399999999999875e-03
9.659500000000000000e+03 2.077610000000000134e-03
9.660000000000000000e+03 2.023899999999999918e-03
9.660500000000000000e+03 1.990879999999999993e-03
9.661000000000000000e+03 1.957920000000000146e-03
9.661500000000000000e+03 1.925019999999999943e-03
9.662000000000000000e+03 1.892170000000000093e-03
9.662500000000000000e+03 1.859380000000000104e-03
9.663000000000000000e+03 1.826640000000000034e-03
9.663500000000000000e+03 1.793950000000000102e-03
9.664000000000000000e+03 1.761329999999999970e-03
9.664500000000000000e+03 1.728750000000000035e-03
9.665000000000000000e+03 1.696220000000000019e-03
9.665500000000000000e+03 1.663760000000000022e-03
9.666000000000000000e+03 1.631360000000000102e-03
9.666500000000000000e+03 1.599010000000000101e-03
9.667000000000000000e+03 1.566719999999999962e-03
9.667500000000000000e+03 1.534479999999999959e-03
9.668000000000000000e+03 1.502290000000000092e-03
9.668500000000000000e+03 1.470160000000000087e-03
9.669000000000000000e+03 1.438089999999999941e-03
9.669500000000000000e+03 1.406080000000000090e-03
9.670000000000000000e+03 1.374119999999999942e-03
9.670500000000000000e+03 1.352810000000000080e-03
9.671000000000000000e+03 1.331530000000000040e-03
9.671500000000000000e+03 1.310299999999999920e-03
9.672000000000000000e+03 1.289109999999999995e-03
9.672500000000000000e+03 1.267960000000000051e-03
9.673000000000000000e+03 1.246839999999999928e-03
9.673500000000000000e+03 1.225750000000000060e-03
9.674000000000000000e+03 1.204690000000000014e-03
9.674500000000000000e+03 1.183690000000000046e-03
9.675000000000000000e+03 1.162709999999999959e-03
9.675500000000000000e+03 1.141770000000000068e-03
9.676000000000000000e+03 1.120859999999999999e-03
9.676500000000000000e+03 1.099989999999999909e-03
9.677000000000000000e+03 1.079160000000000015e-03
9.677500000000000000e+03 1.058359999999999943e-03
9.678000000000000000e+03 1.037600000000000067e-03
9.678500000000000000e+03 1.016870000000000013e-03
9.679000000000000000e+03 9.961810000000000630e-04
9.679500000000000000e+03 9.755309999999999676e-04
9.680000000000000000e+03 9.549159999999999896e-04
9.680500000000000000e+03 9.403779999999999605e-04
9.681000000000000000e+03 9.258649999999999996e-04
9.681500000000000000e+03 9.113650000000000266e-04
9.682000000000000000e+03 8.968889999999999979e-04
9.682500000000000000e+03 8.824520000000000411e-04
9.683000000000000000e+03 8.680390000000000284e-04
9.683500000000000000e+03 8.536449999999999897e-04
9.684000000000000000e+03 8.392750000000000037e-04
9.684500000000000000e+03 8.249270000000000387e-04
9.685000000000000000e+03 8.106040000000000337e-04
9.685500000000000000e+03 7.963080000000000202e-04
9.686000000000000000e+03 7.820359999999999508e-04
9.686500000000000000e+03 7.677930000000000128e-04
9.687000000000000000e+03 7.535750000000000347e-04
9.687500000000000000e+03 7.393739999999999991e-04
9.688000000000000000e+03 7.251980000000000318e-04
9.688500000000000000e+03 7.110550000000000420e-04
9.689000000000000000e+03 6.969359999999999965e-04
9.689500000000000000e+03 6.828329999999999860e-04
9.690000000000000000e+03 6.687540000000000281e-04
9.690500000000000000e+03 6.591280000000000359e-04
9.691000000000000000e+03 6.495179999999999704e-04
9.691500000000000000e+03 6.399259999999999714e-04
9.692000000000000000e+03 6.303500000000000075e-04
9.692500000000000000e+03 6.207880000000000472e-04
9.693000000000000000e+03 6.112420000000000136e-04
9.693500000000000000e+03 6.017120000000000151e-04
9.694000000000000000e+03 5.921989999999999589e-04
9.694500000000000000e+03 5.827049999999999851e-04
9.695000000000000000e+03 5.732270000000000464e-04
9.695500000000000000e+03 5.637590000000000483e-04
9.696000000000000000e+03 5.543079999999999926e-04
9.696500000000000000e+03 5.448789999999999580e-04
9.697000000000000000e+03 5.354650000000000512e-04
9.697500000000000000e+03 5.260650000000000395e-04
9.698000000000000000e+03 5.166819999999999703e-04
9.698500000000000000e+03 5.073150000000000446e-04
9.699000000000000000e+03 4.979630000000000297e-04
9.699500000000000000e+03 4.886279999999999573e-04
9.700000000000000000e+03 4.793089999999999742e-04
9.700500000000000000e+03 4.732080000000000270e-04
9.701000000000000000e+03 4.671170000000000205e-04
9.701500000000000000e+03 4.610349999999999930e-04
9.702000000000000000e+03 4.549630000000000145e-04
9.702500000000000000e+03 4.489030000000000082e-04
9.703000000000000000e+03 4.428529999999999966e-04
9.703500000000000000e+03 4.368139999999999957e-04
9.704000000000000000e+03 4.307849999999999895e-04
9.704500000000000000e+03 4.247669999999999940e-04
9.705000000000000000e+03 4.187600000000000090e-04
9.705500000000000000e+03 4.127609999999999873e-04
9.706000000000000000e+03 4.067729999999999762e-04
9.706500000000000000e+03 4.007969999999999914e-04
9.707000000000000000e+03 3.948299999999999857e-04
9.707500000000000000e+03 3.888720000000000132e-04
9.708000000000000000e+03 3.829239999999999814e-04
9.708500000000000000e+03 3.769889999999999916e-04
9.709000000000000000e+03 3.710650000000000124e-04
9.709500000000000000e+03 3.651489999999999966e-04
9.710000000000000000e+03 3.592429999999999755e-04
9.710500000000000000e+03 3.605959999999999743e-04
9.711000000000000000e+03 3.619450000000000185e-04
9.711500000000000000e+03 3.632899999999999996e-04
9.712000000000000000e+03 3.646310000000000263e-04
9.712500000000000000e+03 3.659700000000000214e-04
9.713000000000000000e+03 3.673050000000000078e-04
9.713500000000000000e+03 3.686380000000000169e-04
9.714000000000000000e+03 3.699679999999999787e-04
9.714500000000000000e+03 3.712920000000000087e-04
9.715000000000000000e+03 3.726129999999999915e-04
9.715500000000000000e+03 3.739349999999999901e-04
9.716000000000000000e+03 3.752550000000000113e-04
9.716500000000000000e+03 3.765659999999999993e-04
9.717000000000000000e+03 3.778739999999999942e-04
9.717500000000000000e+03 3.791819999999999891e-04
9.718000000000000000e+03 3.804880000000000068e-04
9.718500000000000000e+03 3.817879999999999842e-04
9.719000000000000000e+03 3.830859999999999843e-04
9.719500000000000000e+03 3.843820000000000071e-04
9.720000000000000000e+03 3.856740000000000211e-04
9.720500000000000000e+03 3.832570000000000204e-04
9.721000000000000000e+03 3.808430000000000127e-04
9.721500000000000000e+03 3.784349999999999910e-04
9.722000000000000000e+03 3.760300000000000166e-04
9.722500000000000000e+03 3.736270000000000194e-04
9.723000000000000000e+03 3.712270000000000153e-04
9.723500000000000000e+03 3.688370000000000060e-04
9.724000000000000000e+03 3.664499999999999897e-04
9.724500000000000000e+03 3.640629999999999734e-04
9.725000000000000000e+03 3.616809999999999817e-04
9.725500000000000000e+03 3.593029999999999987e-04
9.726000000000000000e+03 3.569290000000000245e-04
9.726500000000000000e+03 3.545609999999999821e-04
9.727000000000000000e+03 3.521959999999999869e-04
9.727500000000000000e+03 3.498350000000000006e-04
9.728000000000000000e+03 3.474780000000000230e-04
9.728500000000000000e+03 3.451230000000000226e-04
9.729000000000000000e+03 3.427719999999999769e-04
9.729500000000000000e+03 3.404279999999999871e-04
9.730000000000000000e+03 3.380869999999999904e-04
9.730500000000000000e+03 3.357449999999999779e-04
9.731000000000000000e+03 3.334069999999999742e-04
9.731500000000000000e+03 3.310760000000000265e-04
9.732000000000000000e+03 3.287489999999999792e-04
9.732500000000000000e+03 3.264259999999999948e-04
9.733000000000000000e+03 3.241070000000000192e-04
9.733500000000000000e+03 3.217909999999999824e-04
9.734000000000000000e+03 3.194779999999999929e-04
9.734500000000000000e+03 3.171699999999999737e-04
9.735000000000000000e+03 3.148669999999999789e-04
9.735500000000000000e+03 3.125660000000000157e-04
9.736000000000000000e+03 3.102679999999999913e-04
9.736500000000000000e+03 3.079760000000000071e-04
9.737000000000000000e+03 3.056879999999999775e-04
9.737500000000000000e+03 3.034029999999999952e-04
9.738000000000000000e+03 3.011229999999999831e-04
9.738500000000000000e+03 2.988460000000000183e-04
9.739000000000000000e+03 2.965730000000000081e-04
9.739500000000000000e+03 2.943040000000000066e-04
9.740000000000000000e+03 2.920390000000000139e-04
9.740500000000000000e+03 2.897779999999999757e-04
9.741000000000000000e+03 2.875210000000000005e-04
9.741500000000000000e+03 2.852649999999999869e-04
9.742000000000000000e+03 2.830129999999999820e-04
9.742500000000000000e+03 2.807670000000000174e-04
9.743000000000000000e+03 2.785260000000000231e-04
9.743500000000000000e+03 2.762870000000000061e-04
9.744000000000000000e+03 2.740519999999999979e-04
9.744500000000000000e+03 2.718209999999999984e-04
9.745000000000000000e+03 2.695929999999999919e-04
9.745500000000000000e+03 2.673700000000000100e-04
9.746000000000000000e+03 2.651500000000000211e-04
9.746500000000000000e+03 2.629350000000000025e-04
9.747000000000000000e+03 2.607229999999999769e-04
9.747500000000000000e+03 2.585169999999999916e-04
9.748000000000000000e+03 2.563139999999999993e-04
9.748500000000000000e+03 2.541150000000000158e-04
9.749000000000000000e+03 2.519199999999999868e-04
9.749500000000000000e+03 2.497280000000000051e-04
9.750000000000000000e+03 2.475399999999999779e-04
9.750500000000000000e+03 2.453600000000000225e-04
9.751000000000000000e+03 2.431839999999999946e-04
9.751500000000000000e+03 2.410109999999999867e-04
9.752000000000000000e+03 2.388409999999999991e-04
9.752500000000000000e+03 2.366769999999999974e-04
9.753000000000000000e+03 2.345159999999999888e-04
9.753500000000000000e+03 2.323570000000000117e-04
9.754000000000000000e+03 2.302010000000000005e-04
9.754500000000000000e+03 2.280519999999999910e-04
9.755000000000000000e+03 2.259060000000000018e-04
9.755500000000000000e+03 2.237650000000000099e-04
9.756000000000000000e+03 2.216279999999999997e-04
9.756500000000000000e+03 2.194929999999999939e-04
9.757000000000000000e+03 2.173619999999999968e-04
9.757500000000000000e+03 2.152350000000000086e-04
9.758000000000000000e+03 2.131129999999999906e-04
9.758500000000000000e+03 2.109939999999999928e-04
9.759000000000000000e+03 2.088790000000000037e-04
9.759500000000000000e+03 2.067679999999999963e-04
9.760000000000000000e+03 2.046600000000000090e-04
9.760500000000000000e+03 2.028950000000000013e-04
9.761000000000000000e+03 2.011319999999999981e-04
9.761500000000000000e+03 1.993709999999999992e-04
9.762000000000000000e+03 1.976129999999999933e-04
9.762500000000000000e+03 1.958589999999999962e-04
9.763000000000000000e+03 1.941090000000000079e-04
9.763500000000000000e+03 1.923609999999999968e-04
9.764000000000000000e+03 1.906169999999999946e-04
9.764500000000000000e+03 1.888749999999999967e-04
9.765000000000000000e+03 1.871359999999999918e-04
9.765500000000000000e+03 1.854009999999999957e-04
9.766000000000000000e+03 1.836689999999999926e-04
9.766500000000000000e+03 1.819409999999999983e-04
9.767000000000000000e+03 1.802150000000000084e-04
9.767500000000000000e+03 1.784939999999999888e-04
9.768000000000000000e+03 1.767750000000000007e-04
9.768500000000000000e+03 1.750579999999999899e-04
9.769000000000000000e+03 1.733439999999999992e-04
9.769500000000000000e+03 1.716339999999999901e-04
9.770000000000000000e+03 1.699279999999999899e-04
9.770500000000000000e+03 1.682149999999999878e-04
9.771000000000000000e+03 1.665070000000000102e-04
9.771500000000000000e+03 1.648010000000000100e-04
9.772000000000000000e+03 1.630989999999999914e-04
9.772500000000000000e+03 1.613990000000000043e-04
9.773000000000000000e+03 1.597029999999999988e-04
9.773500000000000000e+03 1.580119999999999908e-04
9.774000000000000000e+03 1.563240000000000029e-04
9.774500000000000000e+03 1.546370000000000036e-04
9.775000000000000000e+03 1.529540000000000131e-04
9.775500000000000000e+03 1.512750000000000043e-04
9.776000000000000000e+03 1.495989999999999885e-04
9.776500000000000000e+03 1.479259999999999928e-04
9.777000000000000000e+03 1.462559999999999902e-04
9.777500000000000000e+03 1.445910000000000121e-04
9.778000000000000000e+03 1.429280000000000112e-04
9.778500000000000000e+03 1.412689999999999920e-04
9.779000000000000000e+03 1.396129999999999930e-04
9.779500000000000000e+03 1.379610000000000027e-04
9.780000000000000000e+03 1.363120000000000054e-04
9.780500000000000000e+03 1.346739999999999916e-04
9.781000000000000000e+03 1.330380000000000093e-04
9.781500000000000000e+03 1.314090000000000017e-04
9.782000000000000000e+03 1.297819999999999985e-04
9.782500000000000000e+03 1.281560000000000110e-04
9.783000000000000000e+03 1.265320000000000008e-04
9.783500000000000000e+03 1.249140000000000038e-04
9.784000000000000000e+03 1.232980000000000111e-04
9.784500000000000000e+03 1.216849999999999979e-04
9.785000000000000000e+03 1.200750000000000049e-04
9.785500000000000000e+03 1.184689999999999935e-04
9.786000000000000000e+03 1.168660000000000022e-04
9.786500000000000000e+03 1.152650000000000018e-04
9.787000000000000000e+03 1.136669999999999944e-04
9.787500000000000000e+03 1.120739999999999980e-04
9.788000000000000000e+03 1.104830000000000059e-04
9.788500000000000000e+03 1.088940000000000047e-04
9.789000000000000000e+03 1.073079999999999965e-04
9.789500000000000000e+03 1.057269999999999993e-04
9.790000000000000000e+03 1.041489999999999951e-04
9.790500000000000000e+03 1.025710000000000044e-04
9.791000000000000000e+03 1.009950000000000046e-04
9.791500000000000000e+03 9.942400000000000218e-05
9.792000000000000000e+03 9.785569999999999891e-05
9.792500000000000000e+03 9.629009999999999479e-05
9.793000000000000000e+03 9.472769999999999769e-05
9.793500000000000000e+03 9.316909999999999537e-05
9.794000000000000000e+03 9.161360000000000662e-05
9.794500000000000000e+03 9.006009999999999515e-05
9.795000000000000000e+03 8.850980000000000425e-05
9.795500000000000000e+03 8.696389999999999589e-05
9.796000000000000000e+03 8.542119999999999455e-05
9.796500000000000000e+03 8.388080000000000503e-05
9.797000000000000000e+03 8.234359999999999542e-05
9.797500000000000000e+03 8.080969999999999983e-05
9.798000000000000000e+03 7.927899999999999769e-05
9.798500000000000000e+03 7.775099999999999470e-05
9.799000000000000000e+03 7.622619999999999873e-05
9.799500000000000000e+03 7.470450000000000278e-05
9.800000000000000000e+03 7.318589999999999330e-05
9.800500000000000000e+03 7.235420000000000599e-05
9.801000000000000000e+03 7.152369999999999420e-05
9.801500000000000000e+03 7.069419999999999816e-05
9.802000000000000000e+03 6.986579999999999776e-05
9.802500000000000000e+03 6.903850000000000655e-05
9.803000000000000000e+03 6.821220000000000397e-05
9.803500000000000000e+03 6.738730000000000447e-05
9.804000000000000000e+03 6.656350000000000060e-05
9.804500000000000000e+03 6.574040000000000504e-05
9.805000000000000000e+03 6.491849999999999856e-05
9.805500000000000000e+03 6.409770000000000127e-05
9.806000000000000000e+03 6.327790000000000617e-05
9.806500000000000000e+03 6.245939999999999359e-05
9.807000000000000000e+03 6.164200000000000376e-05
9.807500000000000000e+03 6.082520000000000168e-05
9.808000000000000000e+03 6.000950000000000202e-05
9.808500000000000000e+03 5.919489999999999800e-05
9.809000000000000000e+03 5.838140000000000316e-05
9.809500000000000000e+03 5.756939999999999806e-05
9.810000000000000000e+03 5.675850000000000215e-05
9.810500000000000000e+03 5.594900000000000253e-05
9.811000000000000000e+03 5.514059999999999855e-05
9.811500000000000000e+03 5.433310000000000331e-05
9.812000000000000000e+03 5.352659999999999672e-05
9.812500000000000000e+03 5.272139999999999975e-05
9.813000000000000000e+03 5.191729999999999842e-05
9.813500000000000000e+03 5.111419999999999928e-05
9.814000000000000000e+03 5.031220000000000256e-05
9.814500000000000000e+03 4.951120000000000125e-05
9.815000000000000000e+03 4.871130000000000235e-05
9.815500000000000000e+03 4.791249999999999909e-05
9.816000000000000000e+03 4.711479999999999824e-05
9.816500000000000000e+03 4.631809999999999958e-05
9.817000000000000000e+03 4.552250000000000334e-05
9.817500000000000000e+03 4.472760000000000185e-05
9.818000000000000000e+03 4.393370000000000256e-05
9.818500000000000000e+03 4.314150000000000021e-05
9.819000000000000000e+03 4.235030000000000006e-05
9.819500000000000000e+03 4.156000000000000189e-05
9.820000000000000000e+03 4.077079999999999935e-05
9.820500000000000000e+03 4.093540000000000113e-05
9.821000000000000000e+03 4.109980000000000247e-05
9.821500000000000000e+03 4.126370000000000271e-05
9.822000000000000000e+03 4.142730000000000230e-05
9.822500000000000000e+03 4.159080000000000166e-05
9.823000000000000000e+03 4.175400000000000037e-05
9.823500000000000000e+03 4.191679999999999820e-05
9.824000000000000000e+03 4.207930000000000215e-05
9.824500000000000000e+03 4.224149999999999867e-05
9.825000000000000000e+03 4.240340000000000130e-05
9.825500000000000000e+03 4.256539999999999738e-05
9.826000000000000000e+03 4.272709999999999957e-05
9.826500000000000000e+03 4.288810000000000024e-05
9.827000000000000000e+03 4.304890000000000046e-05
9.827500000000000000e+03 4.320960000000000046e-05
9.828000000000000000e+03 4.336989999999999959e-05
9.828500000000000000e+03 4.352969999999999762e-05
9.829000000000000000e+03 4.368910000000000154e-05
9.829500000000000000e+03 4.384849999999999870e-05
9.830000000000000000e+03 4.400750000000000175e-05
9.830500000000000000e+03 4.416599999999999693e-05
9.831000000000000000e+03 4.432429999999999844e-05
9.831500000000000000e+03 4.448179999999999821e-05
9.832000000000000000e+03 4.463909999999999753e-05
9.832500000000000000e+03 4.479610000000000297e-05
9.833000000000000000e+03 4.495280000000000098e-05
9.833500000000000000e+03 4.510939999999999877e-05
9.834000000000000000e+03 4.526560000000000246e-05
9.834500000000000000e+03 4.542129999999999828e-05
9.835000000000000000e+03 4.557659999999999999e-05
9.835500000000000000e+03 4.573210000000000214e-05
9.836000000000000000e+03 4.588719999999999664e-05
9.836500000000000000e+03 4.604209999999999748e-05
9.837000000000000000e+03 4.619659999999999744e-05
9.837500000000000000e+03 4.635089999999999696e-05
9.838000000000000000e+03 4.650490000000000260e-05
9.838500000000000000e+03 4.665819999999999993e-05
9.839000000000000000e+03 4.681120000000000338e-05
9.839500000000000000e+03 4.696389999999999940e-05
9.840000000000000000e+03 4.711630000000000153e-05
9.840500000000000000e+03 4.723720000000000235e-05
9.841000000000000000e+03 4.735780000000000252e-05
9.841500000000000000e+03 4.747780000000000137e-05
9.842000000000000000e+03 4.759749999999999956e-05
9.842500000000000000e+03 4.771679999999999688e-05
9.843000000000000000e+03 4.783580000000000031e-05
9.843500000000000000e+03 4.795499999999999741e-05
9.844000000000000000e+03 4.807400000000000085e-05
9.844500000000000000e+03 4.819250000000000318e-05
9.845000000000000000e+03 4.831069999999999809e-05
9.845500000000000000e+03 4.842859999999999911e-05
9.846000000000000000e+03 4.854609999999999926e-05
9.846500000000000000e+03 4.866359999999999940e-05
9.847000000000000000e+03 4.878089999999999911e-05
9.847500000000000000e+03 4.889839999999999926e-05
9.848000000000000000e+03 4.901559999999999874e-05
9.848500000000000000e+03 4.913170000000000259e-05
9.849000000000000000e+03 4.924759999999999923e-05
9.849500000000000000e+03 4.936370000000000308e-05
9.850000000000000000e+03 4.947949999999999950e-05
9.850500000000000000e+03 4.959599999999999745e-05
9.851000000000000000e+03 4.971230000000000175e-05
9.851500000000000000e+03 4.982829999999999860e-05
9.852000000000000000e+03 4.994410000000000180e-05
9.852500000000000000e+03 5.005989999999999821e-05
9.853000000000000000e+03 5.017540000000000075e-05
9.853500000000000000e+03 5.029030000000000197e-05
9.854000000000000000e+03 5.040500000000000275e-05
9.854500000000000000e+03 5.051940000000000288e-05
9.855000000000000000e+03 5.063350000000000234e-05
9.855500000000000000e+03 5.074780000000000225e-05
9.856000000000000000e+03 5.086190000000000172e-05
9.856500000000000000e+03 5.097539999999999987e-05
9.857000000000000000e+03 5.108859999999999736e-05
9.857500000000000000e+03 5.120150000000000097e-05
9.858000000000000000e+03 5.131419999999999737e-05
9.858500000000000000e+03 5.142690000000000054e-05
9.859000000000000000e+03 5.153930000000000306e-05
9.859500000000000000e+03 5.165149999999999836e-05
9.860000000000000000e+03 5.176350000000000000e-05
9.860500000000000000e+03 5.187469999999999988e-05
9.861000000000000000e+03 5.198569999999999933e-05
9.861500000000000000e+03 5.209629999999999789e-05
9.862000000000000000e+03 5.220650000000000236e-05
9.862500000000000000e+03 5.231700000000000071e-05
9.863000000000000000e+03 5.242729999999999862e-05
9.863500000000000000e+03 5.253660000000000112e-05
9.864000000000000000e+03 5.264570000000000317e-05
9.864500000000000000e+03 5.275499999999999889e-05
9.865000000000000000e+03 5.286400000000000072e-05
9.865500000000000000e+03 5.297290000000000234e-05
9.866000000000000000e+03 5.308140000000000308e-05
9.866500000000000000e+03 5.318950000000000294e-05
9.867000000000000000e+03 5.329740000000000237e-05
9.867500000000000000e+03 5.340520000000000157e-05
9.868000000000000000e+03 5.351280000000000034e-05
9.868500000000000000e+03 5.361989999999999801e-05
9.869000000000000000e+03 5.372680000000000202e-05
9.869500000000000000e+03 5.383349999999999881e-05
9.870000000000000000e+03 5.393980000000000150e-05
9.870500000000000000e+03 5.404679999999999895e-05
9.871000000000000000e+03 5.415340000000000230e-05
9.871500000000000000e+03 5.426009999999999910e-05
9.872000000000000000e+03 5.436650000000000201e-05
9.872500000000000000e+03 5.447269999999999771e-05
9.873000000000000000e+03 5.457869999999999974e-05
9.873500000000000000e+03 5.468390000000000002e-05
9.874000000000000000e+03 5.478889999999999986e-05
9.874500000000000000e+03 5.489389999999999970e-05
9.875000000000000000e+03 5.499859999999999889e-05
9.875500000000000000e+03 5.510339999999999829e-05
9.876000000000000000e+03 5.520789999999999704e-05
9.876500000000000000e+03 5.531190000000000146e-05
9.877000000000000000e+03 5.541569999999999867e-05
9.877500000000000000e+03 5.551950000000000266e-05
9.878000000000000000e+03 5.562299999999999921e-05
9.878500000000000000e+03 5.572610000000000166e-05
9.879000000000000000e+03 5.582889999999999668e-05
9.879500000000000000e+03 5.593119999999999738e-05
9.880000000000000000e+03 5.603329999999999764e-05
9.880500000000000000e+03 5.558529999999999786e-05
9.881000000000000000e+03 5.513789999999999940e-05
9.881500000000000000e+03 5.469070000000000138e-05
9.882000000000000000e+03 5.424429999999999833e-05
9.882500000000000000e+03 5.379800000000000229e-05
9.883000000000000000e+03 5.335250000000000121e-05
9.883500000000000000e+03 5.290810000000000256e-05
9.884000000000000000e+03 5.246439999999999866e-05
9.884500000000000000e+03 5.202159999999999673e-05
9.885000000000000000e+03 5.157950000000000311e-05
9.885500000000000000e+03 5.113809999999999748e-05
9.886000000000000000e+03 5.069740000000000016e-05
9.886500000000000000e+03 5.025690000000000327e-05
9.887000000000000000e+03 4.981710000000000115e-05
9.887500000000000000e+03 4.937820000000000100e-05
9.888000000000000000e+03 4.894010000000000260e-05
9.888500000000000000e+03 4.850239999999999830e-05
9.889000000000000000e+03 4.806530000000000210e-05
9.889500000000000000e+03 4.762920000000000131e-05
9.890000000000000000e+03 4.719380000000000206e-05
9.890500000000000000e+03 4.676340000000000021e-05
9.891000000000000000e+03 4.633359999999999969e-05
9.891500000000000000e+03 4.590359999999999872e-05
9.892000000000000000e+03 4.547429999999999929e-05
9.892500000000000000e+03 4.504590000000000184e-05
9.893000000000000000e+03 4.461819999999999914e-05
9.893500000000000000e+03 4.419109999999999775e-05
9.894000000000000000e+03 4.376459999999999769e-05
9.894500000000000000e+03 4.333829999999999806e-05
9.895000000000000000e+03 4.291269999999999997e-05
9.895500000000000000e+03 4.248829999999999773e-05
9.896000000000000000e+03 4.206440000000000336e-05
9.896500000000000000e+03 4.164100000000000332e-05
9.897000000000000000e+03 4.121829999999999803e-05
9.897500000000000000e+03 4.079610000000000061e-05
9.898000000000000000e+03 4.037459999999999796e-05
9.898500000000000000e+03 3.995379999999999684e-05
9.899000000000000000e+03 3.953369999999999725e-05
9.899500000000000000e+03 3.911349999999999744e-05
9.900000000000000000e+03 3.869389999999999896e-05
9.900500000000000000e+03 3.827250000000000329e-05
9.901000000000000000e+03 3.785170000000000217e-05
9.901500000000000000e+03 3.743140000000000215e-05
9.902000000000000000e+03 3.701189999999999710e-05
9.902500000000000000e+03 3.659259999999999927e-05
9.903000000000000000e+03 3.617410000000000319e-05
9.903500000000000000e+03 3.575660000000000253e-05
9.904000000000000000e+03 3.533979999999999663e-05
9.904500000000000000e+03 3.492369999999999904e-05
9.905000000000000000e+03 3.450830000000000298e-05
9.905500000000000000e+03 3.409340000000000124e-05
9.906000000000000000e+03 3.367920000000000104e-05
9.906500000000000000e+03 3.326580000000000259e-05
9.907000000000000000e+03 3.285319999999999912e-05
9.907500000000000000e+03 3.244109999999999675e-05
9.908000000000000000e+03 3.202960000000000247e-05
9.908500000000000000e+03 3.161900000000000339e-05
9.909000000000000000e+03 3.120909999999999906e-05
9.909500000000000000e+03 3.079980000000000283e-05
9.910000000000000000e+03 3.039110000000000113e-05
9.910500000000000000e+03 2.998440000000000044e-05
9.911000000000000000e+03 2.957830000000000105e-05
9.911500000000000000e+03 2.917279999999999960e-05
9.912000000000000000e+03 2.876809999999999990e-05
9.912500000000000000e+03 2.836409999999999835e-05
9.913000000000000000e+03 2.796079999999999833e-05
9.913500000000000000e+03 2.755779999999999897e-05
9.914000000000000000e+03 2.715560000000000136e-05
9.914500000000000000e+03 2.675419999999999873e-05
9.915000000000000000e+03 2.635350000000000103e-05
9.915500000000000000e+03 2.595340000000000125e-05
9.916000000000000000e+03 2.555389999999999940e-05
9.916500000000000000e+03 2.515499999999999887e-05
9.917000000000000000e+03 2.475690000000000009e-05
9.917500000000000000e+03 2.435959999999999967e-05
9.918000000000000000e+03 2.396290000000000057e-05
9.918500000000000000e+03 2.356659999999999896e-05
9.919000000000000000e+03 2.317089999999999867e-05
9.919500000000000000e+03 2.277610000000000035e-05
9.920000000000000000e+03 2.238179999999999974e-05
9.920500000000000000e+03 2.222020000000000115e-05
9.921000000000000000e+03 2.205889999999999983e-05
9.921500000000000000e+03 2.189769999999999873e-05
9.922000000000000000e+03 2.173670000000000146e-05
9.922500000000000000e+03 2.157619999999999851e-05
9.923000000000000000e+03 2.141599999999999960e-05
9.923500000000000000e+03 2.125590000000000091e-05
9.924000000000000000e+03 2.109599999999999927e-05
9.924500000000000000e+03 2.093640000000000168e-05
9.925000000000000000e+03 2.077710000000000136e-05
9.925500000000000000e+03 2.061800000000000148e-05
9.926000000000000000e+03 2.045909999999999865e-05
9.926500000000000000e+03 2.030039999999999964e-05
9.927000000000000000e+03 2.014200000000000129e-05
9.927500000000000000e+03 1.998390000000000021e-05
9.928000000000000000e+03 1.982599999999999958e-05
9.928500000000000000e+03 1.966849999999999981e-05
9.929000000000000000e+03 1.951130000000000071e-05
9.929500000000000000e+03 1.935410000000000160e-05
9.930000000000000000e+03 1.919709999999999955e-05
9.930500000000000000e+03 1.904020000000000110e-05
9.931000000000000000e+03 1.888339999999999949e-05
9.931500000000000000e+03 1.872679999999999831e-05
9.932000000000000000e+03 1.857040000000000096e-05
9.932500000000000000e+03 1.841440000000000110e-05
9.933000000000000000e+03 1.825860000000000167e-05
9.933500000000000000e+03 1.810299999999999930e-05
9.934000000000000000e+03 1.794770000000000097e-05
9.934500000000000000e+03 1.779269999999999992e-05
9.935000000000000000e+03 1.763789999999999930e-05
9.935500000000000000e+03 1.748339999999999934e-05
9.936000000000000000e+03 1.732909999999999982e-05
9.936500000000000000e+03 1.717520000000000117e-05
9.937000000000000000e+03 1.702159999999999979e-05
9.937500000000000000e+03 1.686809999999999864e-05
9.938000000000000000e+03 1.671490000000000153e-05
9.938500000000000000e+03 1.656180000000000125e-05
9.939000000000000000e+03 1.640900000000000163e-05
9.939500000000000000e+03 1.625659999999999950e-05
9.940000000000000000e+03 1.610440000000000119e-05
9.940500000000000000e+03 1.595290000000000103e-05
9.941000000000000000e+03 1.580160000000000131e-05
9.941500000000000000e+03 1.565039999999999842e-05
9.942000000000000000e+03 1.549949999999999958e-05
9.942500000000000000e+03 1.534900000000000161e-05
9.943000000000000000e+03 1.519870000000000070e-05
9.943500000000000000e+03 1.504870000000000044e-05
9.944000000000000000e+03 1.489900000000000084e-05
9.944500000000000000e+03 1.474939999999999976e-05
9.945000000000000000e+03 1.460019999999999957e-05
9.945500000000000000e+03 1.445109999999999959e-05
9.946000000000000000e+03 1.430230000000000027e-05
9.946500000000000000e+03 1.415369999999999969e-05
9.947000000000000000e+03 1.400539999999999977e-05
9.947500000000000000e+03 1.385740000000000051e-05
9.948000000000000000e+03 1.370960000000000000e-05
9.948500000000000000e+03 1.356199999999999992e-05
9.949000000000000000e+03 1.341460000000000028e-05
9.949500000000000000e+03 1.326759999999999982e-05
9.950000000000000000e+03 1.312079999999999981e-05
9.950500000000000000e+03 1.297389999999999957e-05
9.951000000000000000e+03 1.282729999999999999e-05
9.951500000000000000e+03 1.268080000000000063e-05
9.952000000000000000e+03 1.253470000000000045e-05
9.952500000000000000e+03 1.238870000000000050e-05
9.953000000000000000e+03 1.224309999999999972e-05
9.953500000000000000e+03 1.209769999999999939e-05
9.954000000000000000e+03 1.195269999999999993e-05
9.954500000000000000e+03 1.180780000000000069e-05
9.955000000000000000e+03 1.166310000000000019e-05
9.955500000000000000e+03 1.151870000000000036e-05
9.956000000000000000e+03 1.137459999999999948e-05
9.956500000000000000e+03 1.123079999999999927e-05
9.957000000000000000e+03 1.108719999999999949e-05
9.957500000000000000e+03 1.094400000000000059e-05
9.958000000000000000e+03 1.080090000000000021e-05
9.958500000000000000e+03 1.065820000000000072e-05
9.959000000000000000e+03 1.051559999999999974e-05
9.959500000000000000e+03 1.037339999999999965e-05
9.960000000000000000e+03 1.023139999999999999e-05
9.960500000000000000e+03 1.013100000000000007e-05
9.961000000000000000e+03 1.003080000000000059e-05
9.961500000000000000e+03 9.930749999999999745e-06
9.962000000000000000e+03 9.830859999999999927e-06
9.962500000000000000e+03 9.731129999999999443e-06
9.963000000000000000e+03 9.631579999999999694e-06
9.963500000000000000e+03 9.532250000000000087e-06
9.964000000000000000e+03 9.433099999999999520e-06
9.964500000000000000e+03 9.334120000000000681e-06
9.965000000000000000e+03 9.235310000000000182e-06
9.965500000000000000e+03 9.136630000000000307e-06
9.966000000000000000e+03 9.038129999999999472e-06
9.966500000000000000e+03 8.939800000000000364e-06
9.967000000000000000e+03 8.841650000000000296e-06
9.967500000000000000e+03 8.743720000000000371e-06
9.968000000000000000e+03 8.645960000000000480e-06
9.968500000000000000e+03 8.548329999999999519e-06
9.969000000000000000e+03 8.450879999999999292e-06
9.969500000000000000e+03 8.353649999999999208e-06
9.970000000000000000e+03 8.256580000000000153e-06
9.970500000000000000e+03 8.159600000000000617e-06
9.971000000000000000e+03 8.062789999999999421e-06
9.971500000000000000e+03 7.966130000000000249e-06
9.972000000000000000e+03 7.869639999999999416e-06
9.972500000000000000e+03 7.773359999999999721e-06
9.973000000000000000e+03 7.677260000000000760e-06
9.973500000000000000e+03 7.581339999999999991e-06
9.974000000000000000e+03 7.485599999999999955e-06
9.974500000000000000e+03 7.389989999999999697e-06
9.975000000000000000e+03 7.294560000000000172e-06
9.975500000000000000e+03 7.199320000000000385e-06
9.976000000000000000e+03 7.104249999999999786e-06
9.976500000000000000e+03 7.009379999999999626e-06
9.977000000000000000e+03 6.914700000000000051e-06
9.977500000000000000e+03 6.820129999999999701e-06
9.978000000000000000e+03 6.725730000000000232e-06
9.978500000000000000e+03 6.631610000000000022e-06
9.979000000000000000e+03 6.537659999999999846e-06
9.979500000000000000e+03 6.443829999999999594e-06
9.980000000000000000e+03 6.350180000000000076e-06
9.980500000000000000e+03 6.256740000000000001e-06
9.981000000000000000e+03 6.163489999999999666e-06
9.981500000000000000e+03 6.070460000000000321e-06
9.982000000000000000e+03 5.977610000000000016e-06
9.982500000000000000e+03 5.884850000000000077e-06
9.983000000000000000e+03 5.792260000000000172e-06
9.983500000000000000e+03 5.699890000000000411e-06
9.984000000000000000e+03 5.607689999999999837e-06
9.984500000000000000e+03 5.515689999999999702e-06
9.985000000000000000e+03 5.423859999999999600e-06
9.985500000000000000e+03 5.332189999999999680e-06
9.986000000000000000e+03 5.240699999999999646e-06
9.986500000000000000e+03 5.149379999999999646e-06
9.987000000000000000e+03 5.058229999999999680e-06
9.987500000000000000e+03 4.967290000000000006e-06
9.988000000000000000e+03 4.876520000000000365e-06
9.988500000000000000e+03 4.785879999999999654e-06
9.989000000000000000e+03 4.695409999999999824e-06
9.989500000000000000e+03 4.605129999999999733e-06
9.990000000000000000e+03 4.515019999999999675e-06
9.990500000000000000e+03 4.425220000000000129e-06
